Seq,單位名稱,種類,區鄉鎮市名稱,消防栓位置,經度,緯度
1,新興分隊,地下,新興區,七賢一路、中山一路（東北角）,120.302384333877,22.6346580897089
2,新興分隊,地下,新興區,七賢一路、六合一路96巷,120.307912088792,22.6341233087161
3,新興分隊,地下,新興區,七賢一路、民族二路口(東南),120.313742623925,22.6337068226248
4,新興分隊,地下,新興區,七賢一路、尚仁街口(南),120.315137748348,22.6336240350651
5,新興分隊,地下,新興區,七賢一路、忠孝一路(東南角),120.306355461557,22.6342299412359
6,新興分隊,地下,新興區,七賢一路、林森一路(東北角),120.305017619212,22.6344730600677
7,新興分隊,地下,新興區,七賢一路、南華路北側,120.30324197021,22.6345912479848
8,新興分隊,地下,新興區,七賢一路、開封路口(西南),120.311887933201,22.6338323489901
9,新興分隊,地下,新興區,七賢一路、開封路口(東北),120.31193381589,22.634276539965
10,新興分隊,地下,新興區,七賢一路480號前,120.304193087631,22.6345222455947
11,新興分隊,地下,新興區,七賢一路528巷口,120.302804761954,22.6346262648605
12,新興分隊,地下,新興區,七賢一路與洛陽街口(西北),120.309276621527,22.634193133606
13,新興分隊,地下,新興區,七賢一路與錦田路口(東北),120.310595403273,22.6341129272902
14,新興分隊,地下,新興區,七賢二路、自立一路口(東北),120.297897606068,22.6339445566022
15,新興分隊,地下,新興區,八德一路、中山一路(東北角),120.302476516906,22.6359605769253
16,新興分隊,地下,新興區,八德一路、忠孝一路(東北角),120.306477401786,22.635678899222
17,新興分隊,地下,新興區,八德一路、林森一路(東南角),120.305115350697,22.6357675119189
18,新興分隊,地下,新興區,八德一路、南華路口,120.303346893731,22.6358912602382
19,新興分隊,地下,新興區,八德一路、開封路口(西南),120.312001441385,22.6353086500645
20,新興分隊,地下,新興區,八德一路、開封路口(東北側25公尺),120.312263025628,22.6352935780386
21,新興分隊,地下,新興區,八德一路148號,120.309860725694,22.6354416050377
22,新興分隊,地下,新興區,八德一路169巷2號,120.308899617725,22.6349703655123
23,新興分隊,地下,新興區,八德一路170巷18號,120.309010073993,22.6363752731564
24,新興分隊,地下,新興區,八德一路206號,120.307922416502,22.6355766352415
25,新興分隊,地下,新興區,八德一路304號前,120.305482935349,22.6357457034417
26,新興分隊,地下,新興區,八德一路384巷前,120.302925227596,22.6359428013745
27,新興分隊,地下,新興區,八德一路395號旁(巷口),120.302923299674,22.6359236663967
28,新興分隊,地下,新興區,八德一路74號前(停車格081072前),120.311088697751,22.6353707224149
29,新興分隊,地下,新興區,八德一路與復興一路口(東南),120.308535153853,22.6355253749351
30,新興分隊,地下,新興區,八德一路與錦田路(東南),120.310699154019,22.6353874328335
31,新興分隊,地下,新興區,八德二路、中山路口(西南),120.302229244298,22.6359726957979
32,新興分隊,地下,新興區,八德二路、民主橫路前(西),120.301395124422,22.6360167829274
33,新興分隊,地下,新興區,八德二路、同愛街口,120.300605276704,22.6360823134971
34,新興分隊,地下,新興區,八德二路、南台路口(西南),120.29852078712,22.635788699876
35,新興分隊,地下,新興區,八德二路14號前,120.301242191381,22.6360451069358
36,新興分隊,地下,新興區,八德二路43號前,120.299333718751,22.6360622181487
37,新興分隊,地下,新興區,八德二路89號前,120.297914755291,22.6355954204032
38,新興分隊,地下,新興區,大同一路、中山一路口(東北),120.301780945685,22.6290897713133
39,新興分隊,地下,新興區,大同一路、仁愛一街,120.307152500497,22.6286767920427
40,新興分隊,地下,新興區,大同一路、忠孝一路口(東北),120.305893012484,22.6287715143434
41,新興分隊,地下,新興區,大同一路、林森一路(東北),120.304514467014,22.6288690090055
42,新興分隊,地下,新興區,大同一路、南台路口,120.301153371418,22.6290100090957
43,新興分隊,地下,新興區,大同一路、南華路,120.302775866402,22.628997127616
44,新興分隊,地下,新興區,大同一路101號前,120.304030945685,22.6288991884264
45,新興分隊,地下,新興區,大同一路183巷內（中山一路21號後門）,120.30080404107,22.6284542227652
46,新興分隊,地下,新興區,大同一路4號前,120.307601823662,22.6286237864315
47,新興分隊,地下,新興區,中山一路101號前,120.301672527613,22.6307414563204
48,新興分隊,地下,新興區,中山一路116號前,120.30261506994,22.6315383190551
49,新興分隊,地下,新興區,中山一路170號前,120.302197417162,22.6323480306854
50,新興分隊,地下,新興區,中山一路89號前,120.301638809856,22.6306095467962
51,新興分隊,地下,新興區,中山橫路、南台路口,120.300150135002,22.6316241945671
52,新興分隊,地下,新興區,中山橫路21號旁,120.300833760101,22.6318046622743
53,新興分隊,地下,新興區,中山橫路42號前,120.300315519014,22.6316806866441
54,新興分隊,地下,新興區,中山橫路65號前,120.299339918403,22.6313603703329
55,新興分隊,地下,新興區,中山橫路70號前,120.299213402447,22.6313252080256
56,新興分隊,地下,新興區,中正二路、尚信街口,120.316873566468,22.6304257291685
57,新興分隊,地下,新興區,中正二路、尚義街口,120.315263981317,22.6305536987861
58,新興分隊,地下,新興區,中正三路、仁愛一街(西南側),120.3073430062,22.6309289714079
59,新興分隊,地下,新興區,中正三路、忠孝一路(西南),120.306085160136,22.6310332007393
60,新興分隊,地下,新興區,中正三路、林森一路口(東南),120.304726330108,22.6312308134771
61,新興分隊,地下,新興區,中正三路、南華路口,120.302996091284,22.6313818466254
62,新興分隊,地下,新興區,中正三路、復興一路口（西南）,120.30818056341,22.6310156203904
63,新興分隊,地下,新興區,中正三路、開封路口（西北）,120.31165757978,22.6307902299439
64,新興分隊,地下,新興區,中正三路、開封路口(東北),120.311588967178,22.6307961689424
65,新興分隊,地下,新興區,中正三路、開封路口(東南),120.311606116401,22.6306339666218
66,新興分隊,地下,新興區,中正三路、達仁街口（南）,120.30899887506,22.6308037746359
67,新興分隊,地下,新興區,中正三路100號前,120.306570407987,22.6311251253531
68,新興分隊,地下,新興區,中正三路10號前（下）,120.312446070684,22.6307377690165
69,新興分隊,地下,新興區,中正三路154號,120.304716086971,22.6312398764304
70,新興分隊,地下,新興區,中正三路187號前,120.302622325646,22.631271367747
71,新興分隊,地下,新興區,中正三路34號,120.309967089567,22.630912753436
72,新興分隊,地下,新興區,中正三路60號,120.30894371412,22.630977977959
73,新興分隊,地下,新興區,中正三路80巷口,120.307656138394,22.6310547156682
74,新興分隊,地下,新興區,中正四路、中山一路口(陽信銀行右前方),120.301158992304,22.6311741163173
75,新興分隊,地下,新興區,中正四路、南台路口（南）,120.30045558299,22.6308343286015
76,新興分隊,地下,新興區,中東街、民族二路口(西北),120.313244250166,22.6329835420034
77,新興分隊,地下,新興區,中東街、民族二路口(東南),120.31370267272,22.6329626576148
78,新興分隊,地下,新興區,中東街110號前,120.315582662781,22.6328387569535
79,新興分隊,地下,新興區,中東街191號前,120.313048179481,22.632997996735
80,新興分隊,地下,新興區,中東街228號前,120.311867230654,22.6330818025426
81,新興分隊,地下,新興區,中東街254號前,120.311277777778,22.6331301508882
82,新興分隊,地下,新興區,中東街278號,120.310317728836,22.6332036275077
83,新興分隊,地下,新興區,中東街314號,120.309418728836,22.6332644441665
84,新興分隊,地下,新興區,中東街62號前,120.316631428242,22.632767036334
85,新興分隊,地下,新興區,五福一街36號前,120.308721090195,22.6269635890179
86,新興分隊,地下,新興區,五福一街39號前,120.308722723296,22.6269491640166
87,新興分隊,地下,新興區,五福一街8巷口,120.308840182227,22.6261906080431
88,新興分隊,地下,新興區,五福二路、中山路口(東南),120.301050639116,22.6230519199778
89,新興分隊,地下,新興區,五福二路、民權一路口(西南),120.310746211682,22.6263093548265
90,新興分隊,地下,新興區,五福二路、復興一路口（西南）（下）,120.308274945146,22.6254809934774
91,新興分隊,地下,新興區,五福二路258號前,120.302175299274,22.6235454267546
92,新興分隊,地下,新興區,五福二路80巷3弄及2弄前,120.308357105522,22.6265107768811
93,新興分隊,地下,新興區,仁愛一街134號,120.307392743057,22.6314925299543
94,新興分隊,地下,新興區,仁愛一街179號對面,120.307457770917,22.632490968412
95,新興分隊,地下,新興區,仁愛一街25號前,120.307125393271,22.6283305607833
96,新興分隊,地下,新興區,仁愛一街291巷口,120.307636761241,22.6345905413721
97,新興分隊,地下,新興區,仁愛一街327號前,120.307738930762,22.6363719926086
98,新興分隊,地下,新興區,仁愛一街42號前,120.307156138394,22.6286567637594
99,新興分隊,地下,新興區,仁愛一街覺元寺前,120.307109870289,22.6281351752846
100,新興分隊,地下,新興區,仁愛二街138號前,120.307619978713,22.6250317260579
101,新興分隊,地下,新興區,六合一路、中山一路(東北角),120.302242821257,22.6329904154328
102,新興分隊,地下,新興區,六合一路、仁愛一街口(西北),120.307455658979,22.6326257450237
103,新興分隊,地下,新興區,六合一路、民族二路口(西北),120.31318544213,22.6322643084815
104,新興分隊,地下,新興區,六合一路、民族二路口(西南),120.313185172703,22.6322585913985
105,新興分隊,地下,新興區,六合一路、尚信街口,120.316958811177,22.6319851459992
106,新興分隊,地下,新興區,六合一路、忠孝一路(西北角),120.306219170306,22.6327052182993
107,新興分隊,地下,新興區,六合一路、林森一路(西南角),120.304861496528,22.6327888449024
108,新興分隊,地下,新興區,六合一路、林森一路(東北角),120.304869543155,22.632804097827
109,新興分隊,地下,新興區,六合一路、南華路北側,120.303122585814,22.6329303809349
110,新興分隊,地下,新興區,六合一路、復興一路口(西南),120.308298850033,22.6325658570416
111,新興分隊,地下,新興區,六合一路、開封街口(西北),120.311751055969,22.6323525931102
112,新興分隊,地下,新興區,六合一路159之5號前,120.303163175429,22.6329186393024
113,新興分隊,地下,新興區,六合一路27號前,120.312154881861,22.6323225915854
114,新興分隊,地下,新興區,六合一路43號前,120.31075,22.6324111698243
115,新興分隊,地下,新興區,六合一路49-2號,120.309695530671,22.6324789721101
116,新興分隊,地下,新興區,六合一路55巷口,120.308754011657,22.632438261673
117,新興分隊,地下,新興區,六合一路81號前,120.306903926174,22.6326559984702
118,新興分隊,地下,新興區,六合一路96巷2號前,120.307799906002,22.6328574303425
119,新興分隊,地下,新興區,六合一路與復興一路口(東北),120.308309307497,22.6325837895069
120,新興分隊,地下,新興區,六合二路、民主橫路口(西北),120.301455352935,22.6328156672168
121,新興分隊,地下,新興區,六合二路14號前,120.301462308616,22.6328204496096
122,新興分隊,地下,新興區,六合二路1號前,120.301832069364,22.6329519088464
123,新興分隊,地下,新興區,六合二路62號前,120.300517969416,22.6324993727
124,新興分隊,地下,新興區,六合路、尚義街口(東北),120.315400003141,22.6321012819049
125,新興分隊,地下,新興區,六合路183號前,120.314101,22.632089
126,新興分隊,地下,新興區,文化路、仁智街口(東北),120.302179526163,22.6226384881734
127,新興分隊,地下,新興區,文化路、忠孝一路口(東南),120.306582327505,22.6240314824136
128,新興分隊,地下,新興區,文化路、林森一路口(東南),120.305313702464,22.6236292863313
129,新興分隊,地下,新興區,文化路58號前,120.30431019928,22.6233368128212
130,新興分隊,地下,新興區,文化路72號前,120.302791658812,22.6228344797383
131,新興分隊,地下,新興區,文橫一路17號前,120.303122795635,22.6245380749982
132,新興分隊,地下,新興區,文橫一路86號前,120.302738700893,22.6266447055727
133,新興分隊,地下,新興區,文橫二路121巷口、文橫二路口(西側),120.304301817377,22.6212231438575
134,新興分隊,地下,新興區,文橫二路143巷、仁智街巷口(東側),120.302297073371,22.6222886850305
135,新興分隊,地下,新興區,文橫二路143巷24號前,120.302953011202,22.6224924892244
136,新興分隊,地下,新興區,文橫二路149號前,120.303708776746,22.6229658737852
137,新興分隊,地下,新興區,文橫二路167巷20號前,120.302874221312,22.6233584677722
138,新興分隊,地下,新興區,民主路、民主橫路口,120.301156740082,22.6335089574578
139,新興分隊,地下,新興區,民主路、自立二路口,120.298428066055,22.6325831132957
140,新興分隊,地下,新興區,民主路、南台路口,120.2996170458,22.6329735333251
141,新興分隊,地下,新興區,民主橫路9巷、南台路口,120.299742523644,22.6326884753296
142,新興分隊,地下,新興區,民生一路、五福一街口,120.308715086052,22.6273075586665
143,新興分隊,地下,新興區,民生一路、仁愛二街口(忠孝公園旁),120.307061205109,22.6272336843293
144,新興分隊,地下,新興區,民生一路、民權一路口(西南),120.310370679567,22.6274579604709
145,新興分隊,地下,新興區,民生一路、忠孝一路口,120.305762740493,22.6272308129187
146,新興分隊,地下,新興區,民生一路、南華路口,120.302656038112,22.6275447361837
147,新興分隊,地下,新興區,民生一路、福建街口,120.313050876925,22.6282164658277
148,新興分隊,地下,新興區,民生一路255巷21號,120.307583725778,22.6261244757727
149,新興分隊,地下,新興區,民生一路314巷口,120.305039948,22.6276350265697
150,新興分隊,地下,新興區,民生一路363巷9弄11號,120.303489471727,22.6267095452897
151,新興分隊,地下,新興區,民生一路363巷前,120.303164185021,22.627148568558
152,新興分隊,地下,新興區,民生二路、自立二路口,120.300465602645,22.6271822102032
153,新興分隊,地下,新興區,民生二路46巷口,120.300115830758,22.6270785320539
154,新興分隊,地下,新興區,民有街、仁愛二街口(西北),120.308162593212,22.6233570126797
155,新興分隊,地下,新興區,民有街、忠孝一路口(西北),120.307003202338,22.6229538123876
156,新興分隊,地下,新興區,民享街、仁愛二街口(西北),120.30831345176,22.6229779517244
157,新興分隊,地下,新興區,民享街、文橫二路(西南),120.304208610614,22.6216194743342
158,新興分隊,地下,新興區,民享街、忠孝一路(東南),120.307233186053,22.622610650893
159,新興分隊,地下,新興區,民享街、林森二路(西南),120.305787015087,22.6221389719829
160,新興分隊,地下,新興區,民享街175號前,120.302838431339,22.6211510481082
161,新興分隊,地下,新興區,民享街3號旁(西南),120.308215366278,22.6229309862551
162,新興分隊,地下,新興區,民享街65號前,120.306586065683,22.6223970186135
163,新興分隊,地下,新興區,民族二路24巷口,120.313531801092,22.6310666961318
164,新興分隊,地下,新興區,民族二路42巷50號,120.314102293651,22.6317544059505
165,新興分隊,地下,新興區,民族二路42巷5號,120.314891571098,22.6317018714608
166,新興分隊,地下,新興區,民族二路55巷、民族二路口,120.313076912946,22.6310965516698
167,新興分隊,地下,新興區,民族二路70巷、民族二路口,120.313666481813,22.6326081954646
168,新興分隊,地下,新興區,民權一路、金門街111巷口,120.310947085268,22.627003750757
169,新興分隊,地下,新興區,民權一路247巷、五福一街口,120.308864117617,22.6261939094572
170,新興分隊,地下,新興區,民權一路247巷口,120.310537064759,22.6267474560612
171,新興分隊,地下,新興區,民權街25號前(26巷口)(對面),120.310111194849,22.623121896216
172,新興分隊,地下,新興區,民權街26巷41號前10公尺,120.311368001487,22.6234962110784
173,新興分隊,地下,新興區,玉竹一街、中山一路口(東南),120.301434671296,22.6253254366842
174,新興分隊,地下,新興區,玉竹一街1號前,120.302813827053,22.6251950148696
175,新興分隊,地下,新興區,玉竹一街20巷口,120.301980854829,22.6252802535657
176,新興分隊,地下,新興區,玉竹二街、中山一路口(東南),120.301300191138,22.6241562195459
177,新興分隊,地下,新興區,玉竹二街、玉竹三街口,120.301898176338,22.6241119737304
178,新興分隊,地下,新興區,光華一路、福建街396巷口,120.313925072422,22.6280013803902
179,新興分隊,地下,新興區,同心路、民族二路口,120.313366390957,22.6345175834968
180,新興分隊,地下,新興區,同心路60號前,120.310977972057,22.6346888013798
181,新興分隊,地下,新興區,同心路中段(北側離民族二路約50m),120.312651914517,22.6345775443662
182,新興分隊,地下,新興區,同心路與洛陽街,120.309340424273,22.6347774861845
183,新興分隊,地下,新興區,同心路與錦田路口,120.310644168735,22.6346948091471
184,新興分隊,地下,新興區,同愛街27巷口,120.300576728093,22.6357490530955
185,新興分隊,地下,新興區,同愛街35巷口與同愛街口,120.300587,22.636434
186,新興分隊,地下,新興區,竹圍路、文橫一路口,120.302761129962,22.6261833034734
187,新興分隊,地下,新興區,自立橫路、南台路口(西南),120.300809533834,22.6298822943849
188,新興分隊,地下,新興區,和平一路199號前,120.3174647,22.6310717
189,新興分隊,地下,新興區,尚仁街5巷4號前,120.314871924519,22.6340935280958
190,新興分隊,地下,新興區,尚仁街76號前,120.31534682895,22.6349848549104
191,新興分隊,地下,新興區,尚文街43號前,120.31400975744,22.6352669656226
192,新興分隊,地下,新興區,尚文街44巷10號,120.31446876918,22.6354999642597
193,新興分隊,地下,新興區,尚信街加油站旁,120.316892526786,22.6305318152023
194,新興分隊,地下,新興區,尚智街、民族二路口,120.313800191138,22.6344799410194
195,新興分隊,地下,新興區,尚智街、尚仁街口(西側),120.315183916171,22.634389580786
196,新興分隊,地下,新興區,尚智街22之6號前,120.314273337629,22.6348462574196
197,新興分隊,地下,新興區,尚智街3號前,120.31491465501,22.6343990103738
198,新興分隊,地下,新興區,尚智街47號前,120.314001341104,22.6344581333484
199,新興分隊,地下,新興區,忠孝一路12巷15號前,120.307836870949,22.6224415004745
200,新興分隊,地下,新興區,忠孝一路259號前,120.306122125082,22.6315202771867
201,新興分隊,地下,新興區,忠孝一路340巷、仁愛一街,120.307427596067,22.6321875629404
202,新興分隊,地下,新興區,忠孝一路340巷11號,120.306581321676,22.6322567346519
203,新興分隊,地下,新興區,忠孝一路417號前,120.306396935516,22.6347907011108
204,新興分隊,地下,新興區,忠孝一路457號前,120.306505264137,22.6361855277085
205,新興分隊,地下,新興區,忠孝一路478號前,120.306431049108,22.6352475610421
206,新興分隊,地下,新興區,忠孝一路484巷25號,120.306995020999,22.6352980195881
207,新興分隊,地下,新興區,忠孝一路500巷30號,120.307288036625,22.6359990904992
208,新興分隊,地下,新興區,忠孝一路69巷口(靠忠孝一路),120.306698317336,22.6237065140483
209,新興分隊,地下,新興區,忠孝一路76巷口(靠仁愛二街),120.307916481813,22.6241131181211
210,新興分隊,地下,新興區,忠孝一路76巷口內,120.307842100654,22.6240824799844
211,新興分隊,地下,新興區,忠孝一路7巷、林森二路口(東北),120.306111261533,22.6218245850005
212,新興分隊,地下,新興區,忠孝一路7巷口,120.307288942171,22.622228796766
213,新興分隊,地下,新興區,忠孝一路96巷口(靠忠孝一路),120.306448232763,22.624503329238
214,新興分隊,地下,新興區,忠孝一路9號前,120.307287886202,22.6222405570181
215,新興分隊,地下,新興區,明星街、南台路口(西南),120.299380547245,22.6335819156159
216,新興分隊,地下,新興區,明星街14之1號前(民主橫41巷),120.300610070851,22.6343425091545
217,新興分隊,地下,新興區,明星街6號前,120.300781415675,22.6340573392248
218,新興分隊,地下,新興區,東海街、民族二路口(東),120.312846589181,22.6285742104529
219,新興分隊,地下,新興區,東海街、開封路口,120.311443123313,22.6286583851928
220,新興分隊,地下,新興區,東海街、達仁街口(東南),120.308830651733,22.6288576810628
221,新興分隊,地下,新興區,東海街、錦田路口(東),120.310115429851,22.628765460339
222,新興分隊,地下,新興區,東海街22號對面,120.312684774886,22.628565986653
223,新興分隊,地下,新興區,東海街59號前,120.311142480986,22.6286827293447
224,新興分隊,地下,新興區,林森一路、南華路207巷口前,120.304678504626,22.6361372501216
225,新興分隊,地下,新興區,林森一路126號前,120.304480083995,22.6284529611269
226,新興分隊,地下,新興區,林森一路15巷12號,120.304624105321,22.6230191123785
227,新興分隊,地下,新興區,林森一路161巷口,120.304600281994,22.6299688321044
228,新興分隊,地下,新興區,林森一路198巷30號,120.305436112682,22.6323474949793
229,新興分隊,地下,新興區,林森一路203巷1號,120.304738130623,22.6324053794349
230,新興分隊,地下,新興區,林森一路203巷51號,120.303145879547,22.6325297078894
231,新興分隊,地下,新興區,林森一路235號前,120.304967728919,22.6340763062275
232,新興分隊,地下,新興區,林森一路272巷口(統領三溫暖對面),120.305119743718,22.6361164982334
233,新興分隊,地下,新興區,林森一路43巷24號,120.30429046813,22.6238115107501
234,新興分隊,地下,新興區,林森一路43巷口(中間),120.30506559813,22.6240566251031
235,新興分隊,地下,新興區,林森一路81號前,120.304349342015,22.6271448316941
236,新興分隊,地下,新興區,林森二路135巷33號前,120.30450811549,22.6221174669279
237,新興分隊,地下,新興區,林森二路97巷24號,120.305367766493,22.6215793856561
238,新興分隊,地下,新興區,河南一路、復興一路口(西南),120.308622125083,22.6365133980641
239,新興分隊,地下,新興區,河南一路與錦田路口,120.31078669552,22.6366602940759
240,新興分隊,地下,新興區,河南二路、OK大廈前,120.29742173024,22.6360616372131
241,新興分隊,地下,新興區,河南二路26-3號,120.299531,22.636771
242,新興分隊,地下,新興區,河南路、尚仁街口(西南),120.315425098711,22.6351557084418
243,新興分隊,地下,新興區,河南路305巷口,120.316461878803,22.6344344689794
244,新興分隊,地下,新興區,金門街、五福一路口(北),120.31235238469,22.6269643821702
245,新興分隊,地下,新興區,金門街、民生一路口,120.312038566236,22.6278683401184
246,新興分隊,地下,新興區,青年一路、中山二路(東北中山路上),120.30229325062,22.620124027669
247,新興分隊,地下,新興區,青年一路、中山二路口(東北青年路上),120.302430328416,22.6200868894553
248,新興分隊,地下,新興區,青年一路、仁智街口(東北),120.303066218542,22.6203021512243
249,新興分隊,地下,新興區,青年一路、仁愛二街口（西北）,120.308618722181,22.6221515021226
250,新興分隊,地下,新興區,青年一路、仁愛二街口（東北）,120.308619963003,22.6221959163901
251,新興分隊,地下,新興區,青年一路、文橫二路口(西北),120.304526671668,22.6208003700788
252,新興分隊,地下,新興區,青年一路、忠孝一路口(路中央),120.3074704957,22.6217841940612
253,新興分隊,地下,新興區,青年一路、復興二路口(東北),120.309451955233,22.6224183806411
254,新興分隊,地下,新興區,青年一路102號旁,120.311504593584,22.6231248955737
255,新興分隊,地下,新興區,青年一路344號前,120.305616845237,22.6211699885218
256,新興分隊,地下,新興區,信守街、民族二路口(東南),120.313542630209,22.6314263921016
257,新興分隊,地下,新興區,信守街、開封路口(東北),120.311702290509,22.6315696007542
258,新興分隊,地下,新興區,信守街104號前,120.314429306878,22.6313722516626
259,新興分隊,地下,新興區,信守街129號前,120.312415209572,22.6315138369626
260,新興分隊,地下,新興區,信守街18號前,120.316564188163,22.6312158857713
261,新興分隊,地下,新興區,信守街62號前,120.315623658895,22.6312846756142
262,新興分隊,地下,新興區,南台路128號前(民主橫41巷口),120.299265422702,22.6339071296285
263,新興分隊,地下,新興區,南台路30-4號(28號旁巷口進入),120.301249854002,22.6300263913374
264,新興分隊,地下,新興區,南台路57巷、自立二路口(東北),120.299057371688,22.6309074776778
265,新興分隊,地下,新興區,南台橫路、同愛街口(西北),120.300551833087,22.6354096038217
266,新興分隊,地下,新興區,南台橫路、南台路口（西南）,120.298782627659,22.6350288801587
267,新興分隊,地下,新興區,南台橫路、南台路口(東),120.298819167163,22.6350380445908
268,新興分隊,地下,新興區,南海街、達仁街口,120.308781456852,22.6283569086575
269,新興分隊,地下,新興區,南海街、錦田路口,120.310058858896,22.6282776852005
270,新興分隊,地下,新興區,南海街155號前,120.30989878712,22.6282852998824
271,新興分隊,地下,新興區,南海街22號前,120.310807,22.6282219038516
272,新興分隊,地下,新興區,南華路、林森一路161巷口,120.302869743718,22.6300798136669
273,新興分隊,地下,新興區,南華路、興華路口(東北角),120.30305642667,22.632160078933
274,新興分隊,地下,新興區,南華路147號前,120.303207874834,22.6340565332098
275,新興分隊,地下,新興區,南華路187號前,120.30329160367,22.6352310794041
276,新興分隊,地下,新興區,南華路18之2號前,120.302807197505,22.629383318533
277,新興分隊,地下,新興區,南華路195號前,120.303311769924,22.6355142137012
278,新興分隊,地下,新興區,南華路207巷20號,120.304660346561,22.6361425296468
279,新興分隊,地下,新興區,南華路214號前,120.303388148479,22.6363872992893
280,新興分隊,地下,新興區,南華路83巷26號,120.303657194363,22.6317491731219
281,新興分隊,地下,新興區,南華橫一路、林森一路,120.304873281333,22.6335617446522
282,新興分隊,地下,新興區,南華橫一路、南華路,120.303213256784,22.6336903953261
283,新興分隊,地下,新興區,南華橫二路、仁愛一街口,120.307670320272,22.6349189236619
284,新興分隊,地下,新興區,南華橫二路、忠孝一路(東北角),120.306425399555,22.635021880228
285,新興分隊,地下,新興區,南華橫二路85號前,120.304590709407,22.6351341562031
286,新興分隊,地下,新興區,洛陽街145號,120.309466773231,22.6365421960598
287,新興分隊,地下,新興區,洛陽街15號,120.309198300017,22.6332572595722
288,新興分隊,地下,新興區,洛陽街41號,120.309261536211,22.633941879106
289,新興分隊,地下,新興區,洛陽街65號,120.309308475773,22.6344867826025
290,新興分隊,地下,新興區,洛陽街99號,120.309377690064,22.635326525415
291,新興分隊,地下,新興區,球庭路、仁愛一街口,120.307230669975,22.6300580879614
292,新興分隊,地下,新興區,球庭路、忠孝一路(東),120.30600603497,22.6301649575913
293,新興分隊,地下,新興區,球庭路、林森一路(西),120.304594162451,22.6303044938367
294,新興分隊,地下,新興區,球庭路、林森一路(東),120.304642157078,22.6302932794195
295,新興分隊,地下,新興區,球庭路103號前,120.30291686723,22.6304466702248
296,新興分隊,地下,新興區,球庭路50號前,120.305138888889,22.63025
297,新興分隊,地下,新興區,復橫一路、仁愛一街,120.307211593668,22.6293815357521
298,新興分隊,地下,新興區,復橫一路、民族二路口(東),120.312933425318,22.6290071715191
299,新興分隊,地下,新興區,復橫一路、忠孝一路口(西),120.305941191965,22.6294938107207
300,新興分隊,地下,新興區,復橫一路、忠孝一路口(東),120.305952005373,22.6294933397621
301,新興分隊,地下,新興區,復橫一路、南華路口,120.30284139567,22.6297344255393
302,新興分隊,地下,新興區,復橫一路、達仁街口,120.308873901974,22.6293104469586
303,新興分隊,地下,新興區,復橫一路、錦田路口(西北),120.310160691749,22.6292064668832
304,新興分隊,地下,新興區,復橫一路、錦田路口(東南角),120.310175443898,22.6292126561756
305,新興分隊,地下,新興區,復橫一路117號,120.309487058284,22.6292612023794
306,新興分隊,地下,新興區,復橫一路180號前(右側),120.307550761408,22.6293639304663
307,新興分隊,地下,新興區,復橫一路298號,120.303728257192,22.6296692902774
308,新興分隊,地下,新興區,復橫一路49號前,120.311286046627,22.6291305324762
309,新興分隊,地下,新興區,復興ㄧ路90號,120.3084573855,22.6346685233808
310,新興分隊,地下,新興區,復興一路、民生一路口（東南）（下）,120.307868175242,22.6272869177314
311,新興分隊,地下,新興區,復興一路148號,120.308629416585,22.6365146745839
312,新興分隊,地下,新興區,復興一路1號前,120.307909688062,22.6277088283304
313,新興分隊,地下,新興區,復興一路50號之3,120.308297182838,22.6313392499307
314,新興分隊,地下,新興區,復興一路80號,120.308393102429,22.6337313346301
315,新興分隊,地下,新興區,復興二路268號前,120.30927,22.623162
316,新興分隊,地下,新興區,復興二路300之6號,120.309474904431,22.6241696113181
317,新興分隊,地下,新興區,復興街、五福一街口,120.308730359334,22.6265206428969
318,新興分隊,地下,新興區,復興街、德順街口,120.309834088344,22.6268845799275
319,新興分隊,地下,新興區,復興街5號前,120.309754101852,22.6268542012119
320,新興分隊,地下,新興區,渤海街、錦田路口,120.310264227405,22.6301238388001
321,新興分隊,地下,新興區,渤海街21號、民族路口(左),120.312603871776,22.6299587493791
322,新興分隊,地下,新興區,渤海街54號前,120.311512527613,22.6300367212502
323,新興分隊,地下,新興區,開封路、黃海街口,120.311545929413,22.6295678957644
324,新興分隊,地下,新興區,開封路116號前,120.311719925429,22.6317715460878
325,新興分隊,地下,新興區,開封路300巷26號,120.312577968915,22.633418849611
326,新興分隊,地下,新興區,開封路301巷與錦田路口,120.310548211657,22.6335495865421
327,新興分隊,地下,新興區,黃海街、錦田路口,120.310192123717,22.6296798756946
328,新興分隊,地下,新興區,黃海街5號前,120.31267657424,22.6294804426429
329,新興分隊,地下,新興區,新田路、中山二路口(東南),120.301764702009,22.6216344734051
330,新興分隊,地下,新興區,新田路、仁愛二街口(東南),120.308051767237,22.6237028003241
331,新興分隊,地下,新興區,新田路、忠孝一路口(東北),120.306867481358,22.6233477283457
332,新興分隊,地下,新興區,新田路、林森二路口(東南),120.30564386789,22.6229321406053
333,新興分隊,地下,新興區,新田路、復興二路口(新田路1號前),120.308839904142,22.6239914007237
334,新興分隊,地下,新興區,新田路123-1號前,120.304448110336,22.6224759056777
335,新興分隊,地下,新興區,新田路138號前,120.303186733093,22.6221156778467
336,新興分隊,地下,新興區,新田路20號前,120.307929357018,22.6236754911913
337,新興分隊,地下,新興區,新田路2號右前5公尺,120.308693874174,22.6239412745777
338,新興分隊,地下,新興區,新田路中油加油站前(新田路上),120.305841044684,22.6230038726407
339,新興分隊,地下,新興區,新興路、忠孝一路口,120.305828739749,22.6280866756784
340,新興分隊,地下,新興區,新興路、林森一路口,120.304430193703,22.6281939740095
341,新興分隊,地下,新興區,新興路62號前,120.303770401703,22.6282343782065
342,新興分隊,地下,新興區,達仁街80號前(黃海街口),120.30893024785,22.6297734017966
343,新興分隊,地下,新興區,福建街(麗景飯店旁),120.313383957095,22.6272902706149
344,新興分隊,地下,新興區,德生街、仁愛一街口,120.307210062774,22.6259689246233
345,新興分隊,地下,新興區,德生街、忠孝二路口,120.305974905523,22.6255715621089
346,新興分隊,地下,新興區,德生街27號前,120.306540714121,22.6257566232661
347,新興分隊,地下,新興區,德生街與忠孝一路127巷路口,120.3050384,22.6253259
348,新興分隊,地下,新興區,德智街、忠孝一路口,120.305788306051,22.6261976138104
349,新興分隊,地下,新興區,德順街7號,120.309916577298,22.6265360857851
350,新興分隊,地下,新興區,興邦路、開封街口(西北),120.312048665179,22.6360087372457
351,新興分隊,地下,新興區,興邦路92號,120.309838697752,22.6361345566028
352,新興分隊,地下,新興區,興邦路與洛陽街口,120.309442918486,22.6361605503184
353,新興分隊,地下,新興區,興邦路與錦田路(東南),120.310748474041,22.6360790010453
354,新興分隊,地下,新興區,興華路、仁愛一街口,120.307405082424,22.6318451662732
355,新興分隊,地下,新興區,興華路、林森一路(北側),120.304791405095,22.6320121579405
356,新興分隊,地下,新興區,興華路、林森一路(西南角),120.304794071595,22.6320049513334
357,新興分隊,地下,新興區,興華路20號前,120.306188964036,22.6319026096554
358,新興分隊,地下,新興區,興華路38之2號前,120.305677126076,22.6319391992188
359,新興分隊,地下,新興區,興華路口、忠孝一路,120.306150673694,22.6319101835834
360,新興分隊,地下,新興區,錦田路111巷口,120.310595888973,22.6344044345271
361,新興分隊,地下,新興區,錦田路128巷20號,120.311286780093,22.6343655164501
362,新興分隊,地下,新興區,錦田路128巷與錦田路口,120.310617446925,22.6343917644787
363,新興分隊,地下,新興區,錦田路136巷31號,120.311160161708,22.6349733142997
364,新興分隊,地下,新興區,錦田路156巷與錦田路口,120.31077194337,22.6364122618146
365,新興分隊,地下,新興區,錦田路53-7號,120.309676833747,22.6314586756697
366,新興分隊,地下,新興區,錦田路55號,120.31035839633,22.631508259503
367,新興分隊,地下,新興區,錦田路78巷、錦田路口,120.310486341104,22.6328225621742
368,前金分隊,地下,前金區,七賢二路、自強一路口西南角,120.292646851717,22.6321013225809
369,前金分隊,地下,前金區,七賢二路322號、成功一路口,120.290879133764,22.6317025593873
370,前金分隊,地下,前金區,七賢二路健新醫院旁成功一路上,120.29101020866,22.6313570524097
371,前金分隊,地下,前金區,八德二路、八德二路169巷,120.294348953321,22.6346313703254
372,前金分隊,地下,前金區,八德二路、自強一路口,120.292028842523,22.6338670207437
373,前金分隊,地下,前金區,八德二路、瑞源路口,120.296087695315,22.6349383467746
374,前金分隊,地下,前金區,八德二路195號右側,120.293131923891,22.6342112715296
375,前金分隊,地下,前金區,大同一路、瑞源路口,120.298655069551,22.6281890991444
376,前金分隊,地下,前金區,大同二路、市中一路東北角,120.291286609012,22.6257381598157
377,前金分隊,地下,前金區,大同二路105號,120.291931038284,22.6259309873016
378,前金分隊,地下,前金區,大同二路20號、文武二街旁,120.295802148576,22.6272480539128
379,前金分隊,地下,前金區,大同二路23號,120.295528040344,22.6271226778025
380,前金分隊,地下,前金區,大同二路76號、成功一路,120.292961764641,22.626286538675
381,前金分隊,地下,前金區,大同二路98號、生旺巷,120.292238401326,22.6260526160161
382,前金分隊,地下,前金區,中山二路、五福三路(西南角),120.300975530584,22.623097976268
383,前金分隊,地下,前金區,中山二路、民生路圓環內西南角,120.301438828027,22.6270442343109
384,前金分隊,地下,前金區,中山二路、青年路(西北角),120.301985382278,22.6199350708588
385,前金分隊,地下,前金區,中山橫路96號,120.298594579758,22.6311591962473
386,前金分隊,地下,前金區,中正四路、瑞源路口西南側地下式,120.297965193137,22.6299716595376
387,前金分隊,地下,前金區,中正四路235號與成功一路東南角,120.292288830292,22.6280536276942
388,前金分隊,地下,前金區,中正四路261號疾病管制局車道,120.289768576583,22.6271927850455
389,前金分隊,地下,前金區,中華三路、六合二路加油站,120.295319066777,22.6307952696215
390,前金分隊,地下,前金區,中華三路、光復一街口,120.297924662736,22.6236476823085
391,前金分隊,地下,前金區,中華三路、光復三街口,120.297406122502,22.625003738036
392,前金分隊,地下,前金區,中華三路111巷3號,120.295698251144,22.6286549268925
393,前金分隊,地下,前金區,中華三路163號,120.295019046928,22.6315237436297
394,前金分隊,地下,前金區,中華三路214巷5號前,120.294854268105,22.6333390028771
395,前金分隊,地下,前金區,中華三路219號,120.294244935599,22.6334562262802
396,前金分隊,地下,前金區,中華三路247號,120.293841219032,22.6344611194602
397,前金分隊,地下,前金區,中華三路52號前,120.297269917809,22.6261142905501
398,前金分隊,地下,前金區,中華四路270號,120.299924993428,22.6192320438276
399,前金分隊,地下,前金區,中華四路278巷10號、新田路239巷口,120.300175495701,22.6197141383244
400,前金分隊,地下,前金區,中華四路290號,120.299681099371,22.6198564340701
401,前金分隊,地下,前金區,中華四路349號,120.298923425166,22.6211503155174
402,前金分隊,地下,前金區,五福三路、中華四路（西南角）,120.298572866726,22.6222646305029
403,前金分隊,地下,前金區,五福三路、成功一路口(東南角),120.295040397453,22.6211108832737
404,前金分隊,地下,前金區,五福三路48號,120.297697579613,22.6221172801195
405,前金分隊,地下,前金區,五福三路58號,120.297204846088,22.621924412239
406,前金分隊,地下,前金區,五福三路59號,120.297851439321,22.6220165294571
407,前金分隊,地下,前金區,五福三路圓環西側邊,120.298073477596,22.6222495464054
408,前金分隊,地下,前金區,仁義街209號,120.301234629465,22.6200762379407
409,前金分隊,地下,前金區,仁義街291號,120.300438667494,22.6221176098999
410,前金分隊,地下,前金區,仁德街235號,120.300379795718,22.6202568552699
411,前金分隊,地下,前金區,仁德街303號,120.299712148479,22.6219820018032
412,前金分隊,地下,前金區,允文街10號,120.298598620867,22.6197282893508
413,前金分隊,地下,前金區,允文街38號,120.297903076057,22.6195032955963
414,前金分隊,地下,前金區,允文街75號,120.296476836805,22.6190397980888
415,前金分隊,地下,前金區,六合二路、成功路口,120.291662636212,22.6295942486877
416,前金分隊,地下,前金區,六合二路、河東路,120.288185246032,22.6283328487325
417,前金分隊,地下,前金區,六合二路、新盛街口,120.296203274671,22.6311340376239
418,前金分隊,地下,前金區,六合二路113號,120.297371422564,22.631484627327
419,前金分隊,地下,前金區,六合二路121號前,120.296892355925,22.6313015314274
420,前金分隊,地下,前金區,六合二路140巷13號,120.295543244648,22.6315882764381
421,前金分隊,地下,前金區,六合二路140巷55號,120.295296248529,22.6322581668839
422,前金分隊,地下,前金區,六合二路166號,120.294409435886,22.6304999035866
423,前金分隊,地下,前金區,六合二路210號,120.29248012054,22.6298821581164
424,前金分隊,地下,前金區,六合二路244號,120.291696228792,22.6296212709017
425,前金分隊,地下,前金區,文武一街、六合二路口,120.294564113491,22.6304787081162
426,前金分隊,地下,前金區,文武一街、自強一路32巷口,120.294666790332,22.6301966352409
427,前金分隊,地下,前金區,文武一街116號右側、武強街口,120.293528487103,22.6332087937215
428,前金分隊,地下,前金區,文武一街39號前,120.29431729277,22.6310751391595
429,前金分隊,地下,前金區,文武一街75號前,120.294002047041,22.6318818078461
430,前金分隊,地下,前金區,文武二街、大同二路18號,120.295844860251,22.627232721716
431,前金分隊,地下,前金區,文武二街、民生二路,120.296311,22.625893
432,前金分隊,地下,前金區,文武二街40號,120.297383201026,22.6231354238801
433,前金分隊,地下,前金區,文武二街91號,120.296539888733,22.6253029161807
434,前金分隊,地下,前金區,文武三街107巷,120.298823282821,22.6194917241081
435,前金分隊,地下,前金區,文武三街135號,120.298585807375,22.6201261864508
436,前金分隊,地下,前金區,文武三街188巷口、文武三街,120.298337057603,22.6207855083244
437,前金分隊,地下,前金區,市中一路、五福三路,120.291547552687,22.6207193061939
438,前金分隊,地下,前金區,市中一路、六合二路口東南角,120.290007733048,22.6290518204795
439,前金分隊,地下,前金區,市中一路、光復二街口西南側,120.292438643261,22.6225440580876
440,前金分隊,地下,前金區,市中一路、光復二街口東南側（雄女後門）,120.292524792375,22.6225598555838
441,前金分隊,地下,前金區,市中一路、成功一路477巷口,120.290345524366,22.6283936774723
442,前金分隊,地下,前金區,市中一路、河南二路口西南角,120.288374490165,22.6329296403622
443,前金分隊,地下,前金區,市中一路.成功一路447巷口,120.290780694638,22.6270282287801
444,前金分隊,地下,前金區,市中一路171號地檢署門口,120.290933281526,22.6265792075376
445,前金分隊,地下,前金區,市中一路206號、前金二街,120.290959706723,22.6265960821369
446,前金分隊,地下,前金區,市中一路227巷38號,120.288371516693,22.6302877375307
447,前金分隊,地下,前金區,市中一路25巷14號前,120.291552752089,22.6215842423583
448,前金分隊,地下,前金區,市中一路54號、民生二路（東北角）,120.291818234211,22.6243232703252
449,前金分隊,地下,前金區,民生二路、成功一路,120.293507619869,22.6248850396503
450,前金分隊,地下,前金區,民生二路76巷40號,120.296251364858,22.627088212793
451,前金分隊,地下,前金區,民生二路76巷口、民生二路,120.296598915087,22.6261873305248
452,前金分隊,地下,前金區,永恆街2號,120.294692581922,22.6298404559674
453,前金分隊,地下,前金區,永恒街21號前5M,120.294240397673,22.6296981950073
454,前金分隊,地下,前金區,生興一巷內,120.293384871454,22.6279263011835
455,前金分隊,地下,前金區,光明街、文武三街口(東北角),120.298156278747,22.6212461504254
456,前金分隊,地下,前金區,光明街6號,120.297608469329,22.6210684827374
457,前金分隊,地下,前金區,光復一街、自強二路,120.296108547996,22.6230765533561
458,前金分隊,地下,前金區,光復一街17號,120.297233129856,22.6234140247624
459,前金分隊,地下,前金區,光復一街1巷4號前,120.297662616047,22.6234083124889
460,前金分隊,地下,前金區,光復一街43號,120.296536801961,22.6231964280885
461,前金分隊,地下,前金區,光復一街4巷30號,120.297392298894,22.6242211054343
462,前金分隊,地下,前金區,光復一街84號前,120.294820049916,22.6226418551217
463,前金分隊,地下,前金區,光復二街、成功一路加油站,120.29422281287,22.623159540455
464,前金分隊,地下,前金區,光復二街165號,120.291726166493,22.6223395644014
465,前金分隊,地下,前金區,光復二街2號前,120.296980557952,22.6240690747572
466,前金分隊,地下,前金區,光復二街96號,120.293689042453,22.6229938600302
467,前金分隊,地下,前金區,光復三街、市中一路,120.292277633437,22.6232749544873
468,前金分隊,地下,前金區,光復三街、成功一路口,120.2939112262,22.6238321055351
469,前金分隊,地下,前金區,光復三街115號,120.294173103409,22.6239041589951
470,前金分隊,地下,前金區,光復三街127號前,120.293472453559,22.6236711688472
471,前金分隊,地下,前金區,光復三街27號,120.296520793778,22.6247019520302
472,前金分隊,地下,前金區,光復三街67號前,120.295167160877,22.6242429617618
473,前金分隊,地下,前金區,成功ㄧ路270號,120.295517,22.619751
474,前金分隊,地下,前金區,成功一路、成功一路323巷口,120.294056301598,22.6234048117
475,前金分隊,地下,前金區,成功一路、旺盛街口東北角,120.291304376609,22.630911428792
476,前金分隊,地下,前金區,成功一路、長生街口,120.294735105687,22.6218898586048
477,前金分隊,地下,前金區,成功一路、前金一街東南角,120.292599466293,22.6272136445946
478,前金分隊,地下,前金區,成功一路323巷50號,120.292756619005,22.6229699813895
479,前金分隊,地下,前金區,成功一路343巷口,120.293799301081,22.6241456533765
480,前金分隊,地下,前金區,成功一路361巷、市中一路,120.291688575135,22.6246642737308
481,前金分隊,地下,前金區,成功一路361巷25號,120.292312312508,22.6248829407936
482,前金分隊,地下,前金區,成功一路363號、成功一路361巷,120.293361049367,22.625207154398
483,前金分隊,地下,前金區,成功一路373號,120.293238778241,22.6255502992529
484,前金分隊,地下,前金區,成功一路429號,120.292615716595,22.6271671979525
485,前金分隊,地下,前金區,成功一路447巷33號,120.291446265174,22.6272557449955
486,前金分隊,地下,前金區,成功一路449之1號,120.292446459298,22.6275968064589
487,前金分隊,地下,前金區,成功一路519巷36號,120.289855163195,22.6316530595341
488,前金分隊,地下,前金區,成功一路533號、武強街,120.290650233135,22.6322641725316
489,前金分隊,地下,前金區,成功一路551巷32號,120.289516434359,22.6327691573896
490,前金分隊,地下,前金區,成功一路551巷口、成功一路,120.290364,22.6330514
491,前金分隊,地下,前金區,成功一路563號前,120.290283349703,22.6332951346555
492,前金分隊,地下,前金區,自立一路、六合二路口西南側,120.298641524051,22.6319164829477
493,前金分隊,地下,前金區,自立一路、南台橫路口,120.297536,22.634561
494,前金分隊,地下,前金區,自立一路13巷20號,120.297123652779,22.6340795790094
495,前金分隊,地下,前金區,自立一路41巷與瑞源路,120.296222991315,22.6345880560165
496,前金分隊,地下,前金區,自立一路51之1號左側,120.297262770552,22.6353378322213
497,前金分隊,地下,前金區,自立一路建國國小大門前,120.298344704076,22.6326187856499
498,前金分隊,地下,前金區,自立二路、中山橫路口,120.298897817797,22.6312413228864
499,前金分隊,地下,前金區,自立二路15巷23號,120.29922362774,22.6289108073098
500,前金分隊,地下,前金區,自立二路33號,120.299581334442,22.6294925080312
501,前金分隊,地下,前金區,自立二路53巷13號,120.299109354132,22.6298351002407
502,前金分隊,地下,前金區,自立二路53巷27號,120.298441089527,22.6296175043994
503,前金分隊,地下,前金區,自立二路73巷26號,120.298105753679,22.6306098691377
504,前金分隊,地下,前金區,自強一路、永恆街口,120.293707629247,22.6295174392883
505,前金分隊,地下,前金區,自強一路139巷34號,120.291502411045,22.6322065785539
506,前金分隊,地下,前金區,自強一路142巷25號,120.293394081597,22.6328558165372
507,前金分隊,地下,前金區,自強一路147號、武強街口,120.292406620867,22.6328417283079
508,前金分隊,地下,前金區,自強一路20號旁,120.293724989559,22.6295186176293
509,前金分隊,地下,前金區,自強一路32巷、自強一路,120.293603527847,22.6298515401092
510,前金分隊,地下,前金區,自強一路32巷15號,120.294275656963,22.6300724666676
511,前金分隊,地下,前金區,自強一路47號、六合二路,120.293381464465,22.6301697174108
512,前金分隊,地下,前金區,自強一路49巷、成功一路,120.291534770197,22.6299607858541
513,前金分隊,地下,前金區,自強一路49巷2號,120.293022389206,22.6304634865924
514,前金分隊,地下,前金區,自強一路4號,120.293973858359,22.6288203139756
515,前金分隊,地下,前金區,自強一路52巷3號,120.293690277549,22.6306755081971
516,前金分隊,地下,前金區,自強一路61號、榮安街,120.293087951588,22.6308733841412
517,前金分隊,地下,前金區,自強一路65巷與成功一路口西側,120.292556696438,22.6306414329869
518,前金分隊,地下,前金區,自強一路65巷與自強一路口西側,120.292950600393,22.6311184304304
519,前金分隊,地下,前金區,自強一路69號,120.292932852517,22.6314488885002
520,前金分隊,地下,前金區,自強一路96巷24號,120.293470248353,22.6319810271998
521,前金分隊,地下,前金區,自強二路、光復二街口,120.295942879327,22.6237227666814
522,前金分隊,地下,前金區,自強二路、長生街,120.296419644883,22.622436969924
523,前金分隊,地下,前金區,自強二路106巷9號,120.295459087742,22.6265508457896
524,前金分隊,地下,前金區,自強二路10號,120.296671538642,22.6218260481375
525,前金分隊,地下,前金區,自強二路161巷26號,120.293654842932,22.6270766399119
526,前金分隊,地下,前金區,自強二路169號、前金二街,120.294370011159,22.6277427589837
527,前金分隊,地下,前金區,自強二路172號、前金一街,120.294385695088,22.6277679224336
528,前金分隊,地下,前金區,自強二路190巷24號,120.294956463789,22.6284375559425
529,前金分隊,地下,前金區,自強二路27巷口內,120.296302051044,22.6227582721286
530,前金分隊,地下,前金區,自強二路87巷、成功一路,120.293846212296,22.6241577951613
531,前金分隊,地下,前金區,自強二路87巷25號,120.294777766535,22.6244760811909
532,前金分隊,地下,前金區,自強二路88巷11號,120.296226073694,22.6250054949225
533,前金分隊,地下,前金區,自強二路前金國小東側門,120.294986369569,22.6261409974809
534,前金分隊,地下,前金區,自強二路區公所前,120.294473740078,22.6277901389044
535,前金分隊,地下,前金區,自強二路與自強二路102巷口,120.295187852996,22.6258263125819
536,前金分隊,地下,前金區,自強三路195號,120.297884261989,22.6187099111016
537,前金分隊,地下,前金區,自強三路203巷30號,120.297009457672,22.618782671674
538,前金分隊,地下,前金區,自強三路203巷口.成功一路口,120.296066661203,22.6184756591448
539,前金分隊,地下,前金區,自強三路205號,120.297763035599,22.6190256113751
540,前金分隊,地下,前金區,自強三路２３５巷１３號,120.296850323908,22.6195668537722
541,前金分隊,地下,前金區,自強三路240巷9號,120.297905761954,22.6199313376277
542,前金分隊,地下,前金區,自強三路240號旁,120.297477131283,22.6197852475344
543,前金分隊,地下,前金區,自強三路253號,120.29732443684,22.6201612027784
544,前金分隊,地下,前金區,自強三路258巷21號,120.297876011657,22.620803715494
545,前金分隊,地下,前金區,自強三路２８５巷２４號,120.296785107969,22.6211964689587
546,前金分隊,地下,前金區,自強路、五福路口(東南角),120.296741898495,22.6216667158335
547,前金分隊,地下,前金區,育才街4號,120.29685053479,22.6321033531839
548,前金分隊,地下,前金區,旺盛街162號前南側,120.289068313567,22.6301835331171
549,前金分隊,地下,前金區,旺盛街186號,120.288249850273,22.6299417132881
550,前金分隊,地下,前金區,旺盛街45號前東側,120.292736221672,22.6313776141784
551,前金分隊,地下,前金區,旺盛街98號,120.291011879635,22.6308228422937
552,前金分隊,地下,前金區,明星街137號,120.296703072513,22.6327021037655
553,前金分隊,地下,前金區,武強街、市中一路口,120.28899036047,22.6317000776816
554,前金分隊,地下,前金區,武強街2號左側,120.29384800554,22.6333367650557
555,前金分隊,地下,前金區,河東路、市中一路227巷口,120.287374894318,22.6299564864645
556,前金分隊,地下,前金區,河東路、光復二街口,120.290850228353,22.6220581893758
557,前金分隊,地下,前金區,河東路、光復三街,120.290725100323,22.6227576212282
558,前金分隊,地下,前金區,河東路、國民街靠綠地,120.290144155864,22.6245335723198
559,前金分隊,地下,前金區,河東路2號前,120.290933668737,22.621057437602
560,前金分隊,地下,前金區,河東路國賓飯店旁,120.290179727224,22.6244926943861
561,前金分隊,地下,前金區,河南二路、七賢國中大門口右側,120.287741700564,22.6325497997172
562,前金分隊,地下,前金區,河南二路108號,120.294270754596,22.6349077128564
563,前金分隊,地下,前金區,河南二路123號,120.293094449074,22.6345116039841
564,前金分隊,地下,前金區,河南二路95號,120.295134241716,22.6351878128022
565,前金分隊,地下,前金區,長生街32號,120.295683963858,22.6222102794271
566,前金分隊,地下,前金區,青年二路、成功一路口(東北角),120.296248385393,22.6179997092992
567,前金分隊,地下,前金區,青年二路42號、仁德街口,120.300682098794,22.6194919706734
568,前金分隊,地下,前金區,青年二路82號,120.299042530671,22.6189310741227
569,前金分隊,地下,前金區,前金一街、文武二街,120.295454730529,22.6281357455486
570,前金分隊,地下,前金區,前金一街20號,120.2947166674,22.6278908903882
571,前金分隊,地下,前金區,前金二街、自強二路161巷口,120.293480683139,22.6274413002357
572,前金分隊,地下,前金區,前金區中華三路232號前,120.2942633,22.6339647
573,前金分隊,地下,前金區,前金區六合二路150號,120.294949027682,22.630681731172
574,前金分隊,地下,前金區,前金區市中一路107巷6號,120.291968299749,22.6235324540055
575,前金分隊,地下,前金區,前金區成功一路286號前,120.295385,22.620097
576,前金分隊,地下,前金區,前金區成功一路436號車道前,120.291958163975,22.6289610187394
577,前金分隊,地下,前金區,前金區自強一路83巷與自強一路口巷內,120.292801000004,22.6317343913272
578,前金分隊,地下,前金區,前金區自強二路與自強二路66巷口,120.29584269675,22.6239781706752
579,前金分隊,地下,前金區,前金區自強三路285巷37號前,120.295611111111,22.6205833333333
580,前金分隊,地下,前金區,前金區前金二街66號,120.291677320426,22.6268615568465
581,前金分隊,地下,前金區,南台橫路140巷33號,120.295654566275,22.6349521949649
582,前金分隊,地下,前金區,南台橫路152巷16號,120.295496472387,22.6344710059696
583,前金分隊,地下,前金區,南台橫路152巷31號,120.295343072999,22.6348407598141
584,前金分隊,地下,前金區,南台橫路152號旁,120.295668813492,22.6340255848879
585,前金分隊,地下,前金區,南台橫路171號前,120.295440953373,22.6339022777666
586,前金分隊,地下,前金區,國民街（靠公園）、市中一路,120.291562083491,22.6250208857673
587,前金分隊,地下,前金區,國民街13號,120.292947574824,22.6254440812758
588,前金分隊,地下,前金區,國民街64號,120.290956608756,22.6248162363121
589,前金分隊,地下,前金區,新田路、中山二路（西南角）,120.301413188795,22.6215150093535
590,前金分隊,地下,前金區,新田路、中華四路（東南角）,120.29930832527,22.6208056749135
591,前金分隊,地下,前金區,新田路、仁德街(西北角),120.300055320481,22.6210811149866
592,前金分隊,地下,前金區,新田路、新田路239巷口,120.299705962757,22.6209461803681
593,前金分隊,地下,前金區,新田路178巷13號,120.300843845404,22.6219611896189
594,前金分隊,地下,前金區,新田路194巷13號,120.300243326389,22.6216205206115
595,前金分隊,地下,前金區,新田路199巷2號,120.301181099371,22.621129624137
596,前金分隊,地下,前金區,新田路207號,120.300679081597,22.6212728878781
597,前金分隊,地下,前金區,新田路215巷28號,120.300700326389,22.6204392845312
598,前金分隊,地下,前金區,新田路218巷30號,120.299440495701,22.6216493828086
599,前金分隊,地下,前金區,新田路226號,120.299073393271,22.6207427290198
600,前金分隊,地下,前金區,新盛一街、中山橫路口,120.296500713012,22.6304341715189
601,前金分隊,地下,前金區,新盛一街100號側,120.295310626984,22.6334924901091
602,前金分隊,地下,前金區,新盛一街142號右側,120.294829215939,22.6347736158927
603,前金分隊,地下,前金區,新盛一街21號,120.296420750855,22.630567390079
604,前金分隊,地下,前金區,新盛二街、大同一路口,120.297522225851,22.6277888963348
605,前金分隊,地下,前金區,新盛二街103巷3-4號對面,120.296577717756,22.6290801942471
606,前金分隊,地下,前金區,新盛二街103巷內靠中段,120.296740005067,22.6286087737797
607,前金分隊,地下,前金區,新盛二街83號,120.297143582429,22.6286962989114
608,前金分隊,地下,前金區,新盛二街88號、瑞源路47巷,120.296999733962,22.6291366847048
609,前金分隊,地下,前金區,新盛二街大同醫院中醫診所前,120.297800688935,22.6269856366479
610,前金分隊,地下,前金區,瑞源路、中山橫路120號,120.29761574853,22.6308100484478
611,前金分隊,地下,前金區,瑞源路、中山橫路口,120.29765959367,22.6308138565077
612,前金分隊,地下,前金區,瑞源路、自立二路53巷口,120.298163925688,22.6295333733268
613,前金分隊,地下,前金區,瑞源路、瑞源路47巷口,120.298137398787,22.6295189023556
614,前金分隊,地下,前金區,瑞源路123巷24號,120.296420853308,22.6322854192828
615,前金分隊,地下,前金區,瑞源路140號,120.296803057169,22.6330029516635
616,前金分隊,地下,前金區,瑞源路141巷、新盛一街口,120.295623010988,22.6327239268758
617,前金分隊,地下,前金區,瑞源路141巷18號前,120.29618047129,22.6329000247044
618,前金分隊,地下,前金區,瑞源路161號左側,120.296273848462,22.6341848847985
619,前金分隊,地下,前金區,瑞源路191號前,120.295998306134,22.6349402226831
620,前金分隊,地下,前金區,瑞源路65巷17號,120.297248308832,22.6303209088588
621,前金分隊,地下,前金區,鼎盛街125號、市中一路口,120.288879191863,22.632011149032
622,前金分隊,地下,前金區,鼎盛街27號前,120.291439848462,22.6328782723728
623,前金分隊,地下,前金區,鼎盛街68號、成功一路,120.290525993298,22.6325901454332
624,前金分隊,地下,前金區,鼎盛街88號,120.289901504299,22.6323703463434
625,前金分隊,地下,前金區,榮安街105號,120.292055703409,22.630479729297
626,前金分隊,地下,前金區,福音街5號,120.295948110112,22.6264764872666
627,苓雅分隊,地下,苓雅區,（正言路164號褔德一路、正言路口（東側））,120.332111,22.634934
628,苓雅分隊,地下,苓雅區,二聖一路42巷10弄25號,120.326231,22.612671
629,苓雅分隊,地下,苓雅區,二聖一路42巷8弄5號,120.325654,22.612336
630,苓雅分隊,地下,苓雅區,三多一路、漢昌街口,120.328838,22.621782
631,苓雅分隊,地下,苓雅區,三多一路122號前,120.332023,22.623084
632,苓雅分隊,地下,苓雅區,三多一路151巷10弄21號,120.331733,22.622087
633,苓雅分隊,地下,苓雅區,三多一路151巷50弄49號,120.332281,22.62139
634,苓雅分隊,地下,苓雅區,三多一路151巷9號前,120.332576,22.622508
635,苓雅分隊,地下,苓雅區,三多一路189號,120.331309,22.622577
636,苓雅分隊,地下,苓雅區,三多一路269號,120.329723,22.622042
637,苓雅分隊,地下,苓雅區,三多一路283巷,120.329468,22.621975
638,苓雅分隊,地下,苓雅區,三多一路68號（三多一路、輔仁路口）,120.333188,22.623583
639,苓雅分隊,地下,苓雅區,三多一路95巷10弄8號,120.333527709332,22.6227777909467
640,苓雅分隊,地下,苓雅區,三多一路95巷1弄7號,120.333722415201,22.6231920921345
641,苓雅分隊,地下,苓雅區,三多一路公車管理處前,120.343418,22.624922
642,苓雅分隊,地下,苓雅區,三多二路100號（五權國小旁）,120.323496,22.620251
643,苓雅分隊,地下,苓雅區,三多二路168號[廣東一街、三多二路口（西北側）],120.320557,22.619277
644,苓雅分隊,地下,苓雅區,三多二路210號[廣州一街、三多二路口（東北側）],120.319225,22.61882
645,苓雅分隊,地下,苓雅區,三多二路218巷19弄2號旁,120.318087,22.618915
646,苓雅分隊,地下,苓雅區,三多二路330號（福建街、三多二路口）,120.316954,22.618205
647,苓雅分隊,地下,苓雅區,三多二路358號,120.315905,22.617876
648,苓雅分隊,地下,苓雅區,三多二路87號前,120.325414,22.620747
649,苓雅分隊,地下,苓雅區,三多三路168號（忠孝二路、三多三路口）,120.309698,22.615753
650,苓雅分隊,地下,苓雅區,三多三路214號（林森二路、三多三路口（西北側路中央））,120.308436,22.615275
651,苓雅分隊,地下,苓雅區,三多三路96號（三多三路96號左側人行道）,120.311355,22.616318
652,苓雅分隊,地下,苓雅區,大順三路11巷45號,120.322709,22.631101
653,苓雅分隊,地下,苓雅區,大順三路160號前（大順三路162巷口）（肯德基旁）,120.325517,22.632399
654,苓雅分隊,地下,苓雅區,大順三路204巷27號,120.327461,22.633432
655,苓雅分隊,地下,苓雅區,大順三路263號旁（大順三路281巷口）,120.326691,22.636132
656,苓雅分隊,地下,苓雅區,大順三路282巷111弄30號,120.330692,22.63603
657,苓雅分隊,地下,苓雅區,大順三路282巷145號前,120.33014,22.635897
658,苓雅分隊,地下,苓雅區,大順三路282巷196號前,120.331887,22.635754
659,苓雅分隊,地下,苓雅區,大順三路282巷45號前,120.328072,22.636074
660,苓雅分隊,地下,苓雅區,大順三路305巷1號,120.326882,22.636805
661,苓雅分隊,地下,苓雅區,大順三路47巷27號前,120.323435,22.631294
662,苓雅分隊,地下,苓雅區,中山二路358號前【四維三路、中山二路口(東側路中)】,120.303550892607,22.6168756487433
663,苓雅分隊,地下,苓雅區,中正一路121巷5弄16號,120.3311661,22.6268669
664,苓雅分隊,地下,苓雅區,中正一路122號(中正一路122號前(MOS人行道上)),120.332350364418,22.6281017081255
665,苓雅分隊,地下,苓雅區,中正一路175巷2弄2號,120.330070973628,22.6281692060786
666,苓雅分隊,地下,苓雅區,中正一路177-3號,120.330254640545,22.6286580339628
667,苓雅分隊,地下,苓雅區,中正一路195巷5弄2號,120.329088883432,22.6275882770588
668,苓雅分隊,地下,苓雅區,中正一路232號【中正一路、正言路口（西北側）】,120.329153898148,22.6291645130782
669,苓雅分隊,地下,苓雅區,中正一路239巷5號【中正一路、褔德三路口(西南側)】,120.327589145421,22.6293073089371
670,苓雅分隊,地下,苓雅區,中正一路251巷28號,120.325984171793,22.6286312961454
671,苓雅分隊,地下,苓雅區,中正一路251巷6號(中正一路251巷與褔德三路353巷口),120.326075,22.629043
672,苓雅分隊,地下,苓雅區,中正一路288號旁【中正一路、褔德二路口(西北側)上光眼鏡對面】,120.327696257026,22.6297846573613
673,苓雅分隊,地下,苓雅區,中正一路326號前(郵局旁),120.326701269555,22.6298026917689
674,苓雅分隊,地下,苓雅區,中正一路374號前（ZETA）,120.325357675342,22.6298465242947
675,苓雅分隊,地下,苓雅區,中正一路426號前,120.324765291996,22.6298851150668
676,苓雅分隊,地下,苓雅區,中正一路478號前,120.323410260084,22.6299705856991
677,苓雅分隊,地下,苓雅區,中正一路56巷45號,120.336974,22.629368
678,苓雅分隊,地下,苓雅區,中正一路94巷1號(國際泳池大門左方人行便道20M處),120.335909573086,22.6280658431047
679,苓雅分隊,地下,苓雅區,中正一路99號(中正一路、中正技擊館前(人行道上)),120.334555756536,22.6275178415607
680,苓雅分隊,地下,苓雅區,中正一路99號(中正一路、體育場路口(092出口人行道上)),120.334019006299,22.6272461917986
681,苓雅分隊,地下,苓雅區,中正一路99號(體育場路極限運動場入口左側，水銀燈座前),120.33401260921,22.6262081649305
682,苓雅分隊,地下,苓雅區,中正二路18號旁前(中正二路、凱旋一路口),120.321667249178,22.6298780155118
683,苓雅分隊,地下,苓雅區,中正二路36號前(中正二路56巷口),120.319926706676,22.6302183453934
684,苓雅分隊,地下,苓雅區,中正二路56巷（38號及40號之間）,120.319472222222,22.6314166666667
685,苓雅分隊,地下,苓雅區,中正二路56巷31號前,120.318952835651,22.6320618100832
686,苓雅分隊,地下,苓雅區,中正二路56巷5號前,120.319345,22.630835
687,苓雅分隊,地下,苓雅區,中正高中後門右方、建軍路81巷78-2號旁,120.338554,22.627397
688,苓雅分隊,地下,苓雅區,五福一路113號(五福一路、福建街口),120.313417696347,22.627188113454
689,苓雅分隊,地下,苓雅區,五福一路12號文化中心正對面,120.316665172577,22.6284500936712
690,苓雅分隊,地下,苓雅區,五福一路151號【五褔一路、金門街口（北側）】,120.312407825726,22.6268550946992
691,苓雅分隊,地下,苓雅區,五福一路153號【五褔一路、金門街口（西側）】,120.312399585897,22.6268514069679
692,苓雅分隊,地下,苓雅區,五福一路43號(五福一路41巷口),120.319974722719,22.6293752153934
693,苓雅分隊,地下,苓雅區,五福一路59之3號(和平一路、五福一路口),120.318540975124,22.6289032144353
694,苓雅分隊,地下,苓雅區,"五權街174號(廣東一街,五權街口)",120.320081859542,22.6206056672244
695,苓雅分隊,地下,苓雅區,"五權街238號(廣州一街,五權街口)",120.318701014715,22.6201455339175
696,苓雅分隊,地下,苓雅區,五權街78號,120.323046650297,22.6215290677266
697,苓雅分隊,地下,苓雅區,仁智街100號前(仁智街、苓雅一路口),120.303641270552,22.6187702545144
698,苓雅分隊,地下,苓雅區,仁智街112號前,120.303459,22.61953
699,苓雅分隊,地下,苓雅區,仁智街15號前,120.304981,22.615103
700,苓雅分隊,地下,苓雅區,仁智街81號前,120.304507559525,22.616524336769
701,苓雅分隊,地下,苓雅區,仁愛三街225號(仁愛三街、永樂街口),120.310674381615,22.6168715399866
702,苓雅分隊,地下,苓雅區,仁愛三街265號(仁愛三街、永康街口),120.31012150984,22.6184084380134
703,苓雅分隊,地下,苓雅區,仁愛三街275巷20號,120.3092951,22.618517
704,苓雅分隊,地下,苓雅區,仁愛三街277-2號(仁愛三街、忠孝二路56巷口),120.309613560102,22.6196336687758
705,苓雅分隊,地下,苓雅區,仁愛三街277-4號(仁愛三街、永福路口),120.309496576144,22.6199507717448
706,苓雅分隊,地下,苓雅區,仁愛三街289號,120.309362547868,22.620280194624
707,苓雅分隊,地下,苓雅區,仁愛三街313號,120.309055209822,22.6210499846196
708,苓雅分隊,地下,苓雅區,仁愛三街352號(仁愛三街、中興街口),120.30891453373,22.6214155276442
709,苓雅分隊,地下,苓雅區,六合路49巷6號前,120.317885,22.631744
710,苓雅分隊,地下,苓雅區,心正路6號(建民路、心正路口),120.330753291997,22.6293132369183
711,苓雅分隊,地下,苓雅區,文山路119號前,120.339829288361,22.6286500485461
712,苓雅分隊,地下,苓雅區,文山路34巷17號前,120.337346,22.627974
713,苓雅分隊,地下,苓雅區,文山路34巷18弄9號(中正一路56巷、文山路34巷18弄9號前),120.336811341105,22.6276201385219
714,苓雅分隊,地下,苓雅區,文山路34巷7號(中正一路56巷、文山路34巷2弄口),120.336875634255,22.6272273747549
715,苓雅分隊,地下,苓雅區,文山路76巷24弄口,120.338769744879,22.6275924850874
716,苓雅分隊,地下,苓雅區,文山路78號(文山路76巷口),120.338875,22.628173
717,苓雅分隊,地下,苓雅區,文昌路125號（文昌路123巷口）,120.338471,22.633154
718,苓雅分隊,地下,苓雅區,文昌路153號(義勇路、文昌路口),120.338854882855,22.6337716356178
719,苓雅分隊,地下,苓雅區,文昌路41巷20號,120.337459,22.631642
720,苓雅分隊,地下,苓雅區,文橫二路103號前【苓雅一路、文橫二路(西南側)】,120.305149296959,22.6192622970071
721,苓雅分隊,地下,苓雅區,文橫二路107號(大同名人社區巷口),120.304845,22.619703
722,苓雅分隊,地下,苓雅區,文橫二路10號前(文橫二路、永樂街口),120.306600122684,22.6155267127537
723,苓雅分隊,地下,苓雅區,文橫二路111號前(中興街、文橫二路口),120.304775,22.619964
724,苓雅分隊,地下,苓雅區,文橫二路31巷18號,120.305888,22.615788
725,苓雅分隊,地下,苓雅區,文橫二路4號前,120.306738236193,22.6151677302899
726,苓雅分隊,地下,苓雅區,文橫二路82號,120.30610482209,22.617045294136
727,苓雅分隊,地下,苓雅區,文橫二路88-3號前【四維三路、文橫二路口(東南側)】,120.305797184027,22.6176057468321
728,苓雅分隊,地下,苓雅區,四維一路157號(四維二路、凱旋二路口),120.3242877705,22.6241070483825
729,苓雅分隊,地下,苓雅區,四維一路220號(四維一路、福德三路),120.326500366899,22.624834004147
730,苓雅分隊,地下,苓雅區,四維一路260號,120.325502460731,22.6245036857698
731,苓雅分隊,地下,苓雅區,四維一路63號(四維一路、河北路口),120.329340481563,22.6257728525152
732,苓雅分隊,地下,苓雅區,四維一路78-4號,120.331335789601,22.6264237225494
733,苓雅分隊,地下,苓雅區,四維一路78-6號,120.331239,22.626028
734,苓雅分隊,地下,苓雅區,"四維二路106-2號(廣州一街,四維二路口)",120.317945969993,22.6219971020336
735,苓雅分隊,地下,苓雅區,四維二路114號,120.317056757689,22.6216952110185
736,苓雅分隊,地下,苓雅區,四維二路118號前,120.316459763229,22.6214999675705
737,苓雅分隊,地下,苓雅區,"四維二路201號(廣州一街,四維二路口)",120.317958152115,22.6219905115579
738,苓雅分隊,地下,苓雅區,四維二路253巷底,120.316873,22.621488
739,苓雅分隊,地下,苓雅區,四維二路329號,120.313536830936,22.6201768484522
740,苓雅分隊,地下,苓雅區,四維二路329號(福建街、四維二路口),120.31585291842,22.6209703655836
741,苓雅分隊,地下,苓雅區,四維二路357號(學源街、四維二路口(東南側)),120.314804629465,22.6206384558556
742,苓雅分隊,地下,苓雅區,四維二路42號,120.313404475211,22.6205250094656
743,苓雅分隊,地下,苓雅區,四維二路51號(四維二路長青綜合服務中心旁(停車場旁單行道上)),120.322115672457,22.623367530277
744,苓雅分隊,地下,苓雅區,四維二路90號(四維二路、和平一路口),120.320850463789,22.62296582945
745,苓雅分隊,地下,苓雅區,四維二路口144號(福建街、四維二路口),120.315718453542,22.6213009261929
746,苓雅分隊,地下,苓雅區,四維三路134號(忠孝二路、四維三路口(西北側)),120.308514492065,22.6189097864042
747,苓雅分隊,地下,苓雅區,四維三路176號(林森二路、四維三路口),120.307248120377,22.6184792656495
748,苓雅分隊,地下,苓雅區,四維三路178號前【四維三路、文橫二路(西北側)】,120.305656670726,22.6179540052713
749,苓雅分隊,地下,苓雅區,四維三路2號(民權一路、苓雅一路口(西南側)市政府旁),120.312491990248,22.6217089583659
750,苓雅分隊,地下,苓雅區,四維三路47號【四維復興人行道上(西南側】,120.3106934313,22.6192211064285
751,苓雅分隊,地下,苓雅區,四維三路71號(仁愛三路、四維三路口(西南側)),120.309896306134,22.6189674428163
752,苓雅分隊,地下,苓雅區,四維三路8巷46號前,120.310612373016,22.6205535207941
753,苓雅分隊,地下,苓雅區,正大路、安溪路口(東北側)(正大路120之6號),120.3324526,22.6334729
754,苓雅分隊,地下,苓雅區,正大路、安樂路口(西北側),120.333325553408,22.6331647482506
755,苓雅分隊,地下,苓雅區,正大路、安樂路口(西南側),120.333322941139,22.6331573615151
756,苓雅分隊,地下,苓雅區,正大路39號(41巷口),120.334786379134,22.6327410636254
757,苓雅分隊,地下,苓雅區,正大路52號,120.33478857424,22.6327493606577
758,苓雅分隊,地下,苓雅區,正大路79號(輔仁路、正大路口(西南側)),120.334189544809,22.6329033238896
759,苓雅分隊,地下,苓雅區,正言路20號(正言路、建民路口),120.329625583415,22.629678675108
760,苓雅分隊,地下,苓雅區,正言路48號旁前（正言路與武廟路東北側）,120.329936107392,22.6304294374977
761,苓雅分隊,地下,苓雅區,正言路94號(正言路96巷口),120.331252828207,22.6330828424904
762,苓雅分隊,地下,苓雅區,正順街42號前,120.338884860119,22.6290038255234
763,苓雅分隊,地下,苓雅區,正順街55號前,120.338583,22.628956
764,苓雅分隊,地下,苓雅區,正義路101巷16號,120.338134,22.630719
765,苓雅分隊,地下,苓雅區,正義路110巷11號旁,120.339588,22.630238
766,苓雅分隊,地下,苓雅區,正義路130號對面(正義路、文昌路口),120.33918820734,22.6309104519171
767,苓雅分隊,地下,苓雅區,正義路13號前,120.337662,22.628025
768,苓雅分隊,地下,苓雅區,正義路142巷7號旁,120.339950923943,22.6308538752846
769,苓雅分隊,地下,苓雅區,正義路161巷28號,120.338708,22.631767
770,苓雅分隊,地下,苓雅區,正義路172巷8弄22號前,120.340408407987,22.6309016728441
771,苓雅分隊,地下,苓雅區,正義路235號前(正義路224巷口),120.340688119049,22.6325398501991
772,苓雅分隊,地下,苓雅區,正義路23號(正義路、文山路口),120.337849203705,22.6286753787309
773,苓雅分隊,地下,苓雅區,正義路302巷9號後門,120.342298,22.633911
774,苓雅分隊,地下,苓雅區,正義路307號,120.341631,22.634151
775,苓雅分隊,地下,苓雅區,正義路308巷106弄1號,120.34357,22.6338
776,苓雅分隊,地下,苓雅區,正義路309巷68號,120.338639,22.634618
777,苓雅分隊,地下,苓雅區,正義路3巷17號前,120.337640253967,22.6273953395096
778,苓雅分隊,地下,苓雅區,正義路72號前,120.338221238675,22.6294067336437
779,苓雅分隊,地下,苓雅區,正義路8號旁(正義路10巷口),120.337843482803,22.6280155842455
780,苓雅分隊,地下,苓雅區,民族二路4巷6號前,120.313599,22.629929
781,苓雅分隊,地下,苓雅區,民權一路、青年一路口（東南側）,120.312318105453,22.623366747491
782,苓雅分隊,地下,苓雅區,民權一路、苓雅一路口（東北側）,120.312900652761,22.621855951699
783,苓雅分隊,地下,苓雅區,民權一路105號（民權一路、青年一路口 西南側 加油站前）,120.311902782226,22.6232425229584
784,苓雅分隊,地下,苓雅區,民權一路11號(民權一路、永富街口(西南側)),120.313934480986,22.6179786529571
785,苓雅分隊,地下,苓雅區,民權一路19號（民權一路19號與永富街口  西北側）,120.313931920884,22.6179863514808
786,苓雅分隊,地下,苓雅區,民權一路24號,120.314334904299,22.6181182334136
787,苓雅分隊,地下,苓雅區,民權一路38號,120.31376842452,22.6195864067628
788,苓雅分隊,地下,苓雅區,民權一路53號(民權一路、興中一路口),120.313647002482,22.6187606325083
789,苓雅分隊,地下,苓雅區,民權一路5號(民權一路7巷口),120.313979,22.617563
790,苓雅分隊,地下,苓雅區,民權一路78號(民權一路、泉州街口),120.31201235582,22.6241425987777
791,苓雅分隊,地下,苓雅區,民權一路7巷25號,120.313087,22.617262
792,苓雅分隊,地下,苓雅區,民權一路90號(民權一路、廈門街口),120.311710539846,22.624930015261
793,苓雅分隊,地下,苓雅區,永定街175號(永定街、永裕街口),120.310489303076,22.6219448514947
794,苓雅分隊,地下,苓雅區,永定街25號前,120.312172,22.617392
795,苓雅分隊,地下,苓雅區,永康街162號,120.305905288361,22.6169791497119
796,苓雅分隊,地下,苓雅區,永康街171號前,120.3046359,22.6164628
797,苓雅分隊,地下,苓雅區,永富街121號前,120.312732,22.617513
798,苓雅分隊,地下,苓雅區,永富街91號前,120.313265,22.61769
799,苓雅分隊,地下,苓雅區,光華一路100巷98號,120.316961661954,22.6205558203505
800,苓雅分隊,地下,苓雅區,"光華一路148號(光華一路,林泉街口)",120.316245763281,22.6224094829236
801,苓雅分隊,地下,苓雅區,光華一路152巷24號,120.315429669975,22.6283662426808
802,苓雅分隊,地下,苓雅區,光華一路152巷7號前,120.31439602375,22.6282074718544
803,苓雅分隊,地下,苓雅區,光華一路160號(光華一路、尚志街口),120.313969761325,22.6282469856525
804,苓雅分隊,地下,苓雅區,光華一路181號(光華一路、苓雅一路口),120.315930638063,22.6228546359729
805,苓雅分隊,地下,苓雅區,光華一路1號(人行道上)(光華一路、三多二路口),120.317561860119,22.6184201096068
806,苓雅分隊,地下,苓雅區,光華一路1號(光華一路、三多二路),120.317550460731,22.6183687344388
807,苓雅分隊,地下,苓雅區,光華一路245號(光華一路、青年一路口),120.31540201662,22.6244126341358
808,苓雅分隊,地下,苓雅區,光華一路365號對面(五褔一路、光華一路口),120.314286544809,22.6274862909515
809,苓雅分隊,地下,苓雅區,光華一路62號旁,120.317311335565,22.6196580111105
810,苓雅分隊,地下,苓雅區,光華一路67號(光華一路、興中一路口),120.317079740493,22.6198818780473
811,苓雅分隊,地下,苓雅區,光華一路69號(光華一路、興中一路口),120.317077711063,22.6198920562739
812,苓雅分隊,地下,苓雅區,光華二路11弄1號(光華二路390巷10弄口),120.318698,22.616601
813,苓雅分隊,地下,苓雅區,光華二路390巷22號,120.319085,22.616022
814,苓雅分隊,地下,苓雅區,同慶路82號,120.320912411045,22.6274686907197
815,苓雅分隊,地下,苓雅區,安業路12號,120.324135961971,22.6274693026601
816,苓雅分隊,地下,苓雅區,安溪路2號前,120.332043,22.632738
817,苓雅分隊,地下,苓雅區,安樂路25號對面,120.33323100554,22.6328596245775
818,苓雅分隊,地下,苓雅區,安樂路54號右側(56巷口),120.333622367476,22.6339383693693
819,苓雅分隊,地下,苓雅區,至誠路17號前,120.341943,22.631583
820,苓雅分隊,地下,苓雅區,行信路8號前,120.325227982209,22.6341033483104
821,苓雅分隊,地下,苓雅區,身修路28號前(建國一路143巷底),120.32968079813,22.6316484174101
822,苓雅分隊,地下,苓雅區,身修路37號,120.329203,22.63163
823,苓雅分隊,地下,苓雅區,和平ㄧ路288巷口290號前,120.317003857061,22.6331648825229
824,苓雅分隊,地下,苓雅區,和平一路107號(和平一路109巷口),120.32114047424,22.6219182200212
825,苓雅分隊,地下,苓雅區,和平一路116號(和平一路、師範大學旁人行道上),120.319866361937,22.6255501097363
826,苓雅分隊,地下,苓雅區,和平一路127號(和平一路129巷口),120.320963189567,22.6223641977683
827,苓雅分隊,地下,苓雅區,和平一路130號(和平一路、同慶路口),120.319303131283,22.626951412996
828,苓雅分隊,地下,苓雅區,和平一路143-7號(和平一路145巷口),120.320586877315,22.6233488917273
829,苓雅分隊,地下,苓雅區,和平一路146號(和平一路144巷口),120.31912564418,22.6274471366272
830,苓雅分隊,地下,苓雅區,和平一路166號(和平一路、江都街口),120.319037,22.627899
831,苓雅分隊,地下,苓雅區,和平一路2巷口,120.321972966674,22.6200651456968
832,苓雅分隊,地下,苓雅區,和平一路315號對面(和平一路、河南路口),120.316769541751,22.6341932482145
833,苓雅分隊,地下,苓雅區,和平一路48號(和平一路48號、五權街口),120.321571119626,22.6211033034661
834,苓雅分隊,地下,苓雅區,和平一路87號(和平一路、五權街口),120.321468588378,22.621067281216
835,苓雅分隊,地下,苓雅區,和平二路322巷1弄37號(建華街與和平二路322巷口),120.323429,22.616436
836,苓雅分隊,地下,苓雅區,和平二路438巷2號,120.323059003058,22.6182664672296
837,苓雅分隊,地下,苓雅區,宜昌街45號,120.327237133764,22.6186333269053
838,苓雅分隊,地下,苓雅區,宜昌街67號,120.327151090196,22.6192999486964
839,苓雅分隊,地下,苓雅區,宜昌街6號,120.327350084656,22.6178673399438
840,苓雅分隊,地下,苓雅區,宜昌街9號,120.327388556466,22.61755339213
841,苓雅分隊,地下,苓雅區,尚志街4號前,120.315306774886,22.6287205630711
842,苓雅分隊,地下,苓雅區,尚武路1-2號,120.339451407987,22.6324144186185
843,苓雅分隊,地下,苓雅區,尚武路51號,120.339928,22.633999
844,苓雅分隊,地下,苓雅區,尚勇路20號旁,120.34329042022,22.6272001271425
845,苓雅分隊,地下,苓雅區,尚勇路42號左前(尚勇路、建軍路口),120.342293831265,22.6271922241283
846,苓雅分隊,地下,苓雅區,尚禮街14巷28號前,120.314586262566,22.6298936496897
847,苓雅分隊,地下,苓雅區,尚禮街2號前,120.315028,22.629263
848,苓雅分隊,地下,苓雅區,尚禮街55號前,120.314186,22.628843
849,苓雅分隊,地下,苓雅區,忠孝二路121號(忠孝二路、中興街口),120.307577,22.620995
850,苓雅分隊,地下,苓雅區,忠孝二路3號(忠孝二路3號旁巷口(倍適得電器停車場路口)),120.309577878469,22.6161176897585
851,苓雅分隊,地下,苓雅區,忠孝二路81號(忠孝二路、永福街口),120.308277626407,22.6195177762321
852,苓雅分隊,地下,苓雅區,忠孝二路84巷41號,120.309088279762,22.6202123859419
853,苓雅分隊,地下,苓雅區,忠孝二路99號(忠孝二路、苓雅一路口(西北側)),120.308014815973,22.6202116271612
854,苓雅分隊,地下,苓雅區,明德街3號,120.333748897458,22.6255227885757
855,苓雅分隊,地下,苓雅區,明德街53號(明德街、褔西街口),120.331566300594,22.6247849855572
856,苓雅分隊,地下,苓雅區,林西街107號[林西街109巷口],120.319173,22.617259
857,苓雅分隊,地下,苓雅區,林西街109巷24號,120.319458,22.616843
858,苓雅分隊,地下,苓雅區,林西街117巷19號,120.319104,22.616775
859,苓雅分隊,地下,苓雅區,林西街87號[廣州二街．林西街口],120.319694093831,22.617473762036
860,苓雅分隊,地下,苓雅區,林南街20巷31號(林南街20巷口、廣州一街155巷口),120.315177326389,22.6266328061086
861,苓雅分隊,地下,苓雅區,林南街28號(林南街、光華一路口),120.315054912862,22.6254767415049
862,苓雅分隊,地下,苓雅區,林南街9號前,120.315941155191,22.6257890470029
863,苓雅分隊,地下,苓雅區,林泉街11號前,120.319880358878,22.6235311392397
864,苓雅分隊,地下,苓雅區,林泉街157號(四維二路108巷底),120.317161017197,22.6226957434426
865,苓雅分隊,地下,苓雅區,林泉街48號前,120.317986026949,22.6229884541669
866,苓雅分隊,地下,苓雅區,林富街11號旁(林富街底),120.314692285879,22.6216679463939
867,苓雅分隊,地下,苓雅區,林森二路108號(林森二路106巷口),120.306916472387,22.6194609255778
868,苓雅分隊,地下,苓雅區,林森二路118號(林森二路、苓雅一路口),120.306782775463,22.6198228392677
869,苓雅分隊,地下,苓雅區,林森二路140號(林森二路、中興街口),120.306491046627,22.6205900252036
870,苓雅分隊,地下,苓雅區,林森二路150巷17號,120.306913763893,22.6210988070574
871,苓雅分隊,地下,苓雅區,林森二路23號(林森二路、永康街口(西北側)),120.307632830688,22.6175519367113
872,苓雅分隊,地下,苓雅區,林森二路41號(林森二路43巷口),120.30752782763,22.6178241799725
873,苓雅分隊,地下,苓雅區,林森二路50號(林森二路北極殿前),120.30777321288,22.6172058374474
874,苓雅分隊,地下,苓雅區,林森二路57巷22號,120.305802830688,22.6198017234286
875,苓雅分隊,地下,苓雅區,林森二路6號（林森二路8巷口）,120.308340323908,22.615724572121
876,苓雅分隊,地下,苓雅區,林森二路82巷27號,120.307749,22.619113
877,苓雅分隊,地下,苓雅區,"林德街3號,林泉街8巷",120.319421804842,22.624731477145
878,苓雅分隊,地下,苓雅區,林德街49號前,120.316688463789,22.6237955646679
879,苓雅分隊,地下,苓雅區,武仁街46號,120.335009279762,22.621366581167
880,苓雅分隊,地下,苓雅區,武仁街94號,120.334198198165,22.6205973445056
881,苓雅分隊,地下,苓雅區,武仁路129號(武仁路、武信街口),120.332978,22.620079
882,苓雅分隊,地下,苓雅區,武仁路192號(武仁路152巷底192號前),120.3321127,22.6200425
883,苓雅分隊,地下,苓雅區,武昌街42號,120.335424795718,22.6186249637329
884,苓雅分隊,地下,苓雅區,武昌街68號(武昌街70巷口),120.334463778521,22.6185011096815
885,苓雅分隊,地下,苓雅區,武昌路128號(武昌路、武信街口),120.333184265047,22.6183438204636
886,苓雅分隊,地下,苓雅區,武昌路290號(武昌路鐵路平交道旁),120.32673280367,22.6172917440905
887,苓雅分隊,地下,苓雅區,武昌路70巷26號,120.334367,22.619244
888,苓雅分隊,地下,苓雅區,武昌路70巷40號(武昌路70巷42弄口),120.334369,22.619549
889,苓雅分隊,地下,苓雅區,武昌路70巷41弄31號,120.333602,22.619409
890,苓雅分隊,地下,苓雅區,武昌路70巷55弄49號,120.333203320849,22.6196677059316
891,苓雅分隊,地下,苓雅區,武信街15巷1號,120.332904,22.619492
892,苓雅分隊,地下,苓雅區,武信街17巷1號,120.332899,22.619854
893,苓雅分隊,地下,苓雅區,武信街9號,120.333148839287,22.6188717635579
894,苓雅分隊,地下,苓雅區,武信街與武信街64巷交叉路口,120.333305555556,22.6198055555556
895,苓雅分隊,地下,苓雅區,武智街26號(武智街30巷口),120.335140766865,22.6229170654127
896,苓雅分隊,地下,苓雅區,武智街2號(武營路、武智街口),120.335865565065,22.6230331933761
897,苓雅分隊,地下,苓雅區,武智街80號,120.333407082174,22.6221357949875
898,苓雅分隊,地下,苓雅區,武義街18號(武義街16巷口),120.334737335565,22.616642743977
899,苓雅分隊,地下,苓雅區,武義街34巷23號,120.335527,22.617193
900,苓雅分隊,地下,苓雅區,武義街68號(武義街70巷口),120.334575732471,22.6177402014466
901,苓雅分隊,地下,苓雅區,武漢街112號(三多二路33巷、武漢街口),120.327017055872,22.6202971814956
902,苓雅分隊,地下,苓雅區,武漢街113-8號(武漢街115巷口),120.327637297536,22.6204920898638
903,苓雅分隊,地下,苓雅區,武漢街113號(褔德三路、武漢街口),120.328046349703,22.6206401796496
904,苓雅分隊,地下,苓雅區,武漢街131號,120.32676,22.620172
905,苓雅分隊,地下,苓雅區,武漢街144號,120.325721565641,22.6198655835973
906,苓雅分隊,地下,苓雅區,武漢街14號,120.33001006994,22.6213095811366
907,苓雅分隊,地下,苓雅區,武漢街26號,120.329822489584,22.6212453396958
908,苓雅分隊,地下,苓雅區,武漢街55號後巷(92巷口),120.329326358878,22.6208959739305
909,苓雅分隊,地下,苓雅區,武漢街6號,120.33039731052,22.6214390482864
910,苓雅分隊,地下,苓雅區,武廟路118-7號前(武廟、身修),120.329094597553,22.6308484075498
911,苓雅分隊,地下,苓雅區,武廟路121號前(武廟路119巷口),120.327416,22.630986
912,苓雅分隊,地下,苓雅區,武廟路134號[武廟路、褔德二路口（東北側）],120.327984819032,22.6310026455375
913,苓雅分隊,地下,苓雅區,武廟路160-2號[武廟路、家齊路口(西北側)],120.327023647273,22.6311265456153
914,苓雅分隊,地下,苓雅區,武廟路166巷21號前,120.326469,22.631973
915,苓雅分隊,地下,苓雅區,武廟路168號前(武廟路166巷口),120.326445614017,22.6312057974368
916,苓雅分隊,地下,苓雅區,武廟路188號[武廟路、國治路口(西北側)],120.325853737434,22.6313015971727
917,苓雅分隊,地下,苓雅區,武廟路21號[武廟路、意誠路口(東南側)],120.332044564891,22.6299671688417
918,苓雅分隊,地下,苓雅區,武廟路280號旁,120.321852463789,22.6322365896729
919,苓雅分隊,地下,苓雅區,武廟路55號(武廟路、心正路口),120.331133859559,22.6302861412699
920,苓雅分隊,地下,苓雅區,武廟路88巷3弄1號前,120.330770839287,22.6307773500513
921,苓雅分隊,地下,苓雅區,武慶三路107巷16號,120.331201,22.622258
922,苓雅分隊,地下,苓雅區,武慶三路107巷1號,120.331594547868,22.6222841768204
923,苓雅分隊,地下,苓雅區,武慶三路110巷34號,120.332829,22.620829
924,苓雅分隊,地下,苓雅區,武慶三路112號(武慶三路110巷口),120.331760204282,22.6207493014237
925,苓雅分隊,地下,苓雅區,武慶三路122巷40號,120.332576,22.621041
926,苓雅分隊,地下,苓雅區,武慶三路132巷25號,120.332246,22.621306
927,苓雅分隊,地下,苓雅區,武慶三路134號(武慶三路132巷口),120.33171192452,22.6211896293533
928,苓雅分隊,地下,苓雅區,武慶三路142巷6號,120.331683269259,22.6213975293907
929,苓雅分隊,地下,苓雅區,武慶三路154巷33號,120.332344,22.621984
930,苓雅分隊,地下,苓雅區,武慶三路156號,120.331654641699,22.6216163881189
931,苓雅分隊,地下,苓雅區,武慶三路26號（武慶三路、武昌路口（路中央））,120.332124,22.617994
932,苓雅分隊,地下,苓雅區,武慶三路2號（武慶三路、武昌路口（四海豆漿前））,120.332075,22.618318
933,苓雅分隊,地下,苓雅區,武慶三路32巷15號,120.33291,22.619239
934,苓雅分隊,地下,苓雅區,武慶三路33號,120.331810063824,22.6201740818381
935,苓雅分隊,地下,苓雅區,武慶三路34號(武慶三路32巷口),120.331967738011,22.6190772020075
936,苓雅分隊,地下,苓雅區,武慶三路43巷24號,120.33113,22.620399
937,苓雅分隊,地下,苓雅區,武慶三路48號,120.331928149056,22.6193893203968
938,苓雅分隊,地下,苓雅區,武嶺街28號前,120.334110169312,22.6214716707637
939,苓雅分隊,地下,苓雅區,武嶺街33巷18號,120.333655,22.621152
940,苓雅分隊,地下,苓雅區,武嶺街46號,120.333798233712,22.6217830017847
941,苓雅分隊,地下,苓雅區,武嶺街58巷24號,120.334401696924,22.6227138010694
942,苓雅分隊,地下,苓雅區,武嶺街61巷34號,120.333072725778,22.6211325793148
943,苓雅分隊,地下,苓雅區,武嶺路11號,120.334375244792,22.6212061310283
944,苓雅分隊,地下,苓雅區,武營路451號(武營路449巷口),120.336546897571,22.6177970509726
945,苓雅分隊,地下,苓雅區,武營路485號(武營路、武昌路口),120.336418187749,22.6187460141224
946,苓雅分隊,地下,苓雅區,武營路519巷43號,120.335293,22.619728
947,苓雅分隊,地下,苓雅區,武營路521號(武營路519巷口),120.336261850944,22.6198988102887
948,苓雅分隊,地下,苓雅區,武營路531巷19號,120.335600930059,22.6200589452922
949,苓雅分隊,地下,苓雅區,武營路571巷39號前,120.335125961971,22.620616945061
950,苓雅分隊,地下,苓雅區,武營路573號(武營路571巷口),120.336151874257,22.6207253412046
951,苓雅分隊,地下,苓雅區,武營路589巷42號前,120.335107,22.620995
952,苓雅分隊,地下,苓雅區,武營路601巷35號,120.335196658895,22.6212019965449
953,苓雅分隊,地下,苓雅區,武營路605號(武營路、武仁街口),120.336058498182,22.621482556677
954,苓雅分隊,地下,苓雅區,武營路635巷3號,120.335583,22.62211
955,苓雅分隊,地下,苓雅區,武營路695號(三多一路、武營路),120.335838859542,22.6238430418026
956,苓雅分隊,地下,苓雅區,河北路113巷2號,120.327844201223,22.627028623501
957,苓雅分隊,地下,苓雅區,河北路167號(福安路421巷底),120.325163431895,22.62768874713
958,苓雅分隊,地下,苓雅區,河北路17號(河北路16巷口),120.331021495701,22.6235668320112
959,苓雅分隊,地下,苓雅區,河北路1號（三多一路、河北路口）,120.331390854002,22.6227766103159
960,苓雅分隊,地下,苓雅區,河北路239號.武廟路251巷口,120.32173,22.631238
961,苓雅分隊,地下,苓雅區,河北路35號(河北路、明德街口),120.3305209,22.6244549
962,苓雅分隊,地下,苓雅區,河南路146號,120.324876501241,22.6275592747442
963,苓雅分隊,地下,苓雅區,河南路171號,120.323674183449,22.6287604732826
964,苓雅分隊,地下,苓雅區,河南路17巷11弄7號,120.329833,22.623468
965,苓雅分隊,地下,苓雅區,河南路18號旁(河南路17巷口),120.330528049109,22.6238690602849
966,苓雅分隊,地下,苓雅區,河南路224號前(河南路、泰成街口),120.320607630043,22.6313203109966
967,苓雅分隊,地下,苓雅區,河南路40號前(河南路41巷口),120.329703320272,22.6249821978354
968,苓雅分隊,地下,苓雅區,河南路81號前,120.328210570604,22.6262307335414
969,苓雅分隊,地下,苓雅區,河南路口3-1號前(河南路3巷口),120.330929931417,22.6230501097253
970,苓雅分隊,地下,苓雅區,金門街9號(金門街、泉州街口),120.31331882209,22.6245856428483
971,苓雅分隊,地下,苓雅區,青年一路123巷36號前,120.310079,22.621614
972,苓雅分隊,地下,苓雅區,青年一路167-3號,120.308179737434,22.6219913648563
973,苓雅分隊,地下,苓雅區,青年一路16號(福建街、青年一路口)(西北側),120.314538982226,22.6243166917144
974,苓雅分隊,地下,苓雅區,青年一路29號（福建街、青年一路口）,120.314683262683,22.6239523683626
975,苓雅分隊,地下,苓雅區,青年一路31號【維仁街、青年一路口(西南側)】,120.313940538636,22.6237067815685
976,苓雅分隊,地下,苓雅區,青年一路32號(金門街、青年一路口),120.313553105488,22.6239913767941
977,苓雅分隊,地下,苓雅區,青年一路6之6號前,120.315952565641,22.6245836858402
978,苓雅分隊,地下,苓雅區,青年一路98號【民權一路、青年一路口（東北側）】,120.312308635582,22.6233937566156
979,苓雅分隊,地下,苓雅區,建民路112號旁(建民路、武廟路101巷底),120.32831504051,22.6300795448858
980,苓雅分隊,地下,苓雅區,建民路121號,120.330745008021,22.6293097210637
981,苓雅分隊,地下,苓雅區,建民路171號前,120.328940144792,22.629888112125
982,苓雅分隊,地下,苓雅區,建民路188號旁(國治路、建民路口),120.325516,22.630515
983,苓雅分隊,地下,苓雅區,建民路1號(中正一路、建民路口),120.333406492704,22.6278032018349
984,苓雅分隊,地下,苓雅區,建民路247號對面,120.326908754631,22.6303182560136
985,苓雅分隊,地下,苓雅區,建民路26號(意誠路、建民路口),120.331713060765,22.6290199276142
986,苓雅分隊,地下,苓雅區,建軍路13號(建國一路．建軍路口),120.342288652779,22.6284385804823
987,苓雅分隊,地下,苓雅區,建軍路141巷36號旁巷子,120.341408,22.630959
988,苓雅分隊,地下,苓雅區,建軍路155號前,120.342402273645,22.6310891865461
989,苓雅分隊,地下,苓雅區,建軍路227號前（建軍、義勇路口）,120.342745381615,22.6327323147759
990,苓雅分隊,地下,苓雅區,建軍路255號旁,120.342907909227,22.6333198368202
991,苓雅分隊,地下,苓雅區,建軍路81巷14號前[文山路140巷口],120.341382,22.628268
992,苓雅分隊,地下,苓雅區,建軍路81巷62號前,120.3402,22.627941
993,苓雅分隊,地下,苓雅區,建軍路81巷70-12號前．中正高中後門前,120.339985457672,22.6277769608957
994,苓雅分隊,地下,苓雅區,建軍路東側慢車道3Ｍ處[公車處西側],120.342298058284,22.6257857964647
995,苓雅分隊,地下,苓雅區,建國一路101巷9弄5號前,120.334725195683,22.6306843653467
996,苓雅分隊,地下,苓雅區,建國一路113號[輔仁路、建國路口（紅磚人行道上）彩卷行],120.333607246696,22.63138870276
997,苓雅分隊,地下,苓雅區,建國一路118之1號前,120.331384831265,22.6321151626082
998,苓雅分隊,地下,苓雅區,建國一路123巷4號前,120.332066646662,22.6313846243053
999,苓雅分隊,地下,苓雅區,建國一路128號前[（建國一路、正言路口（西北側）],120.331244419643,22.6330863122564
1000,苓雅分隊,地下,苓雅區,建國一路139號前[（建國一路、正言路口（西側）],120.330855212303,22.632187464604
1001,苓雅分隊,地下,苓雅區,建國一路140巷25弄1號前,120.330875,22.634834
1002,苓雅分隊,地下,苓雅區,建國一路140巷25弄75號前,120.32949,22.635216
1003,苓雅分隊,地下,苓雅區,建國一路142號(建國一路140巷口),120.330174801258,22.6324879615995
1004,苓雅分隊,地下,苓雅區,建國一路143巷1弄2號前,120.329867288937,22.6320925592243
1005,苓雅分隊,地下,苓雅區,建國一路192號前,120.328970285879,22.632857836406
1006,苓雅分隊,地下,苓雅區,建國一路203巷5弄1號前,120.322998262566,22.6323315758007
1007,苓雅分隊,地下,苓雅區,建國一路231巷.建國一路231巷1弄與4弄之間,120.322039,22.632773
1008,苓雅分隊,地下,苓雅區,建國一路252號,120.327185,22.63297
1009,苓雅分隊,地下,苓雅區,建國一路257號對面[武廟路、建國一路口（西北側）],120.321489424606,22.6335427332834
1010,苓雅分隊,地下,苓雅區,建國一路269號前,120.320226146575,22.6337282487733
1011,苓雅分隊,地下,苓雅區,建國一路274巷15號(建國一路274巷15號、大順三路204巷口),120.326482,22.633591
1012,苓雅分隊,地下,苓雅區,建國一路348號前[樂仁路、建國一路口（東北側）],120.324217291996,22.632939630277
1013,苓雅分隊,地下,苓雅區,建國一路50巷24號,120.337890898148,22.6309880972608
1014,苓雅分隊,地下,苓雅區,建國一路62巷56號,120.337312,22.632834
1015,苓雅分隊,地下,苓雅區,建國一路62巷75號,120.337414,22.633613
1016,苓雅分隊,地下,苓雅區,建國一路62巷93號,120.3375111,22.634342
1017,苓雅分隊,地下,苓雅區,建國一路64巷12號,120.336080827018,22.6310174381962
1018,苓雅分隊,地下,苓雅區,建國一路64巷21號,120.33607,22.632215
1019,苓雅分隊,地下,苓雅區,建國一路64巷32號,120.336173,22.632998
1020,苓雅分隊,地下,苓雅區,建國一路64巷44號,120.336285,22.633629
1021,苓雅分隊,地下,苓雅區,建國一路64巷55號,120.336500025795,22.6341086235428
1022,苓雅分隊,地下,苓雅區,建國一路70號(建國一路64巷口),120.335770779762,22.6308269369087
1023,苓雅分隊,地下,苓雅區,建國一路72巷1弄14號,120.334102274222,22.631533443278
1024,苓雅分隊,地下,苓雅區,建國一路72巷21號,120.335542985458,22.6314638514437
1025,苓雅分隊,地下,苓雅區,建國一路84號,120.333022169312,22.6316282541464
1026,苓雅分隊,地下,苓雅區,建國一路91號前(人行道上),120.335618553408,22.6307414704307
1027,苓雅分隊,地下,苓雅區,建華街261號,120.32345985706,22.6172332020597
1028,苓雅分隊,地下,苓雅區,建華街56號(建華街和平二路300巷),120.3235722,22.6154482
1029,苓雅分隊,地下,苓雅區,英明路100號,120.325271898148,22.6138859519861
1030,苓雅分隊,地下,苓雅區,英明路147號（英明路138巷）（英明國中大門口）,120.325205669975,22.6152584238222
1031,苓雅分隊,地下,苓雅區,英明路198-2號,120.324426,22.6176022
1032,苓雅分隊,地下,苓雅區,英明路204巷10號,120.324912,22.618013
1033,苓雅分隊,地下,苓雅區,英明路210巷9號,120.324602192048,22.6185343284181
1034,苓雅分隊,地下,苓雅區,英明路212號（英明路210巷與建華街口）,120.324172806746,22.6180865583728
1035,苓雅分隊,地下,苓雅區,英明路240號前,120.32385614294,22.6187702017893
1036,苓雅分隊,地下,苓雅區,英明路260巷20號（車庫前）,120.324904111028,22.6196618102781
1037,苓雅分隊,地下,苓雅區,英明路284巷24號(歐閣汽車旅館前),120.324116495701,22.6198867572493
1038,苓雅分隊,地下,苓雅區,英明路287號(和平一路36巷底、英明路口),120.322945276704,22.6211991844749
1039,苓雅分隊,地下,苓雅區,英明路300號,120.322881682209,22.6219765030132
1040,苓雅分隊,地下,苓雅區,英明路315號(和平一路80巷底),120.3224903,22.6223559
1041,苓雅分隊,地下,苓雅區,英義街126號(英義街、凱旋三路505巷口),120.326264720238,22.6142273426496
1042,苓雅分隊,地下,苓雅區,英義街131巷1號,120.326077696347,22.6159264217371
1043,苓雅分隊,地下,苓雅區,英義街234號前,120.325987766865,22.6164601000647
1044,苓雅分隊,地下,苓雅區,英義街283號前,120.325718929431,22.6173961084626
1045,苓雅分隊,地下,苓雅區,英義街329號前,120.325251,22.618164
1046,苓雅分隊,地下,苓雅區,英義街370號前,120.324883309193,22.619064292269
1047,苓雅分隊,地下,苓雅區,英義街51號,120.326134760748,22.6134850460026
1048,苓雅分隊,地下,苓雅區,英義街56號(英義街54巷口),120.326148145998,22.6134882400022
1049,苓雅分隊,地下,苓雅區,苓雅一路195號(永定街、苓雅一路口),120.310812303076,22.6211496517723
1050,苓雅分隊,地下,苓雅區,苓雅一路20號(福建街、苓雅一路口),120.315210061342,22.6226149220196
1051,苓雅分隊,地下,苓雅區,苓雅一路231號(仁愛三街、苓雅一路口(西南側)),120.309225711062,22.6206236022882
1052,苓雅分隊,地下,苓雅區,泰成街1巷1號前,120.320177509839,22.6305759723421
1053,苓雅分隊,地下,苓雅區,泰成街2號前(泰成街、凱旋一路9巷口),120.320531959489,22.6305408698437
1054,苓雅分隊,地下,苓雅區,泰順街31號前(泰順街、泰豐街口),120.318501997518,22.6315140459458
1055,苓雅分隊,地下,苓雅區,泰順街66號對面,120.317860279762,22.6313161566831
1056,苓雅分隊,地下,苓雅區,泰豐街9巷18號(大統停車場),120.318223510416,22.6310775110181
1057,苓雅分隊,地下,苓雅區,國治路1巷4號前,120.325334414104,22.6306839211633
1058,苓雅分隊,地下,苓雅區,國治路9巷4號前,120.325411437417,22.6309460132665
1059,苓雅分隊,地下,苓雅區,凱旋二路103巷28號,120.321448717179,22.6282192546429
1060,苓雅分隊,地下,苓雅區,凱旋二路103巷2號,120.322168859542,22.6284544709046
1061,苓雅分隊,地下,苓雅區,凱旋二路125號(凱旋二路、江都街口),120.322015937664,22.6289160158646
1062,苓雅分隊,地下,苓雅區,凱旋二路130號(凱旋醫院前),120.323934393848,22.625025682029
1063,苓雅分隊,地下,苓雅區,凱旋二路143巷28號,120.32037435582,22.6289230282452
1064,苓雅分隊,地下,苓雅區,凱旋二路145號【中正一路、凱旋二路(鐵路管制哨前)】,120.321667440475,22.6298793672316
1065,苓雅分隊,地下,苓雅區,凱旋二路190號,120.322549886491,22.6286749053419
1066,苓雅分隊,地下,苓雅區,凱旋二路1號,120.32469225893,22.6220956244067
1067,苓雅分隊,地下,苓雅區,凱旋二路25巷1號,120.324379159156,22.6228941799559
1068,苓雅分隊,地下,苓雅區,凱旋二路25巷20號,120.323546,22.622781
1069,苓雅分隊,地下,苓雅區,凱旋二路25巷50號,120.32279,22.622444
1070,苓雅分隊,地下,苓雅區,凱旋二路31巷1號,120.324196241157,22.6233518859596
1071,苓雅分隊,地下,苓雅區,凱旋二路31巷25號,120.323431,22.623086
1072,苓雅分隊,地下,苓雅區,凱旋二路31巷46號,120.322544222056,22.6228589184415
1073,苓雅分隊,地下,苓雅區,凱旋二路55號(凱旋二路、四維二路口),120.323950541751,22.6239929212201
1074,苓雅分隊,地下,苓雅區,凱旋二路77巷21號,120.322958,22.624188
1075,苓雅分隊,地下,苓雅區,凱旋二路89之1號(凱旋二路、同慶路口),120.322394691961,22.6279838762644
1076,苓雅分隊,地下,苓雅區,凱旋二路93巷33號,120.321558,22.627994
1077,苓雅分隊,地下,苓雅區,凱旋三路、英祥路口（西北側）,120.326054,22.618087
1078,苓雅分隊,地下,苓雅區,凱旋三路346巷3號,120.326702011657,22.6182735809972
1079,苓雅分隊,地下,苓雅區,凱旋三路367巷1弄29號,120.326902,22.613236
1080,苓雅分隊,地下,苓雅區,凱旋三路507號,120.327167,22.614128
1081,苓雅分隊,地下,苓雅區,凱旋三路571號,120.326998,22.615594
1082,苓雅分隊,地下,苓雅區,凱旋三路625號,120.326895652779,22.6163490354584
1083,苓雅分隊,地下,苓雅區,凱旋三路631巷9號,120.32635,22.616227
1084,苓雅分隊,地下,苓雅區,凱旋三路869號,120.325772,22.618866
1085,苓雅分隊,地下,苓雅區,凱旋三路917號,120.325503238675,22.6198650112476
1086,苓雅分隊,地下,苓雅區,復興二路114號【復興二路114前、四維三路口(東北側】,120.310561011657,22.6195918436676
1087,苓雅分隊,地下,苓雅區,復興二路162號【復興二路、苓雅一路口(東南側)】,120.310049912863,22.6208950914368
1088,苓雅分隊,地下,苓雅區,復興二路25號前,120.310887,22.618307
1089,苓雅分隊,地下,苓雅區,復興二路89巷口,120.309600470622,22.622022154261
1090,苓雅分隊,地下,苓雅區,惠安街33號(金門街、惠安街口),120.31269399446,22.6260705198502
1091,苓雅分隊,地下,苓雅區,惠安街97號(民權一路、惠安街口),120.311428507935,22.6256615726576
1092,苓雅分隊,地下,苓雅區,廈門街1號(光華一路、廈門街口),120.314746282821,22.6259361546563
1093,苓雅分隊,地下,苓雅區,廈門街25號(福建街、廈門街口)(西南側),120.314010733625,22.6256853542007
1094,苓雅分隊,地下,苓雅區,廈門街65號(金門街、廈門街口),120.312994696156,22.6253435018327
1095,苓雅分隊,地下,苓雅區,廈門街8巷45號,120.313945329448,22.626895182603
1096,苓雅分隊,地下,苓雅區,義勇路129號(義勇路、尚武路口),120.339902,22.633285
1097,苓雅分隊,地下,苓雅區,義勇路145號(義勇路147巷口),120.339464,22.633453
1098,苓雅分隊,地下,苓雅區,義勇路147巷28號(義勇路147巷、正義路193巷口),120.3388839,22.632224
1099,苓雅分隊,地下,苓雅區,義勇路179號,120.338323,22.633857
1100,苓雅分隊,地下,苓雅區,義勇路181巷21弄2號,120.337831,22.63255
1101,苓雅分隊,地下,苓雅區,義勇路181巷4弄2號,120.338055,22.633422
1102,苓雅分隊,地下,苓雅區,義勇路206巷7弄26號,120.337969,22.634642
1103,苓雅分隊,地下,苓雅區,義勇路32號,120.341974,22.632977
1104,苓雅分隊,地下,苓雅區,義勇路37號前,120.341737,22.632823
1105,苓雅分隊,地下,苓雅區,義勇路99號(正義路、義勇路口(西南側)),120.340954311657,22.6330717484453
1106,苓雅分隊,地下,苓雅區,漢昌街12巷20號,120.329966,22.619397
1107,苓雅分隊,地下,苓雅區,漢昌街23巷27號,120.328362,22.619503
1108,苓雅分隊,地下,苓雅區,漢昌街36號（漢昌街34巷口）,120.329416,22.619778
1109,苓雅分隊,地下,苓雅區,漢昌街61巷25號,120.328617,22.620615
1110,苓雅分隊,地下,苓雅區,漢昌街68號,120.32938160367,22.6204540898754
1111,苓雅分隊,地下,苓雅區,漢昌街70巷29號,120.329982023314,22.6205271946826
1112,苓雅分隊,地下,苓雅區,漢昌街92巷27號,120.330299935599,22.6210180516975
1113,苓雅分隊,地下,苓雅區,漢昌街92巷5號,120.329710682209,22.6209444327147
1114,苓雅分隊,地下,苓雅區,漢陽街14號,120.331422411045,22.619333486789
1115,苓雅分隊,地下,苓雅區,漢陽街50巷24號,120.330595379133,22.620302342668
1116,苓雅分隊,地下,苓雅區,漢陽街52號,120.330729320272,22.6192555769538
1117,苓雅分隊,地下,苓雅區,福安路179號(四維一路、褔安路口),120.330594203705,22.6261801608082
1118,苓雅分隊,地下,苓雅區,福安路1號(明德街、褔安路口),120.331206696347,22.6246738394315
1119,苓雅分隊,地下,苓雅區,福安路231巷15-1號,120.329353,22.626295
1120,苓雅分隊,地下,苓雅區,福安路231巷1號(福安路231巷口)(巷內約5M處),120.329531157078,22.6267411752495
1121,苓雅分隊,地下,苓雅區,福安路33號(福安路35巷對面),120.330907711062,22.6254073220099
1122,苓雅分隊,地下,苓雅區,福安路462巷22號,120.325239667493,22.6288195871978
1123,苓雅分隊,地下,苓雅區,福成街2號,120.325100371689,22.6260757224275
1124,苓雅分隊,地下,苓雅區,福西街32號前,120.332004,22.623807
1125,苓雅分隊,地下,苓雅區,福西街36號前,120.331963,22.623923
1126,苓雅分隊,地下,苓雅區,福西街54號旁（輔仁路55巷）,120.331755580357,22.6242775221751
1127,苓雅分隊,地下,苓雅區,福建街223巷14號旁(維仁街),120.314552757919,22.6220123401138
1128,苓雅分隊,地下,苓雅區,福建街24號(福建街、永富街口),120.316680886491,22.6188888990894
1129,苓雅分隊,地下,苓雅區,福建街263巷261號,120.314848845404,22.623531028928
1130,苓雅分隊,地下,苓雅區,福建街300號(福建街、泉州街口),120.314307758267,22.6249186611238
1131,苓雅分隊,地下,苓雅區,福建街322號前,120.314162006117,22.6253067494263
1132,苓雅分隊,地下,苓雅區,福建街352號(福建街、惠安街口),120.313723145998,22.6264147114303
1133,苓雅分隊,地下,苓雅區,福建街78號(福建街、永靖街口),120.316104099371,22.620365376087
1134,苓雅分隊,地下,苓雅區,福壽街200號,120.326274259507,22.6264917315172
1135,苓雅分隊,地下,苓雅區,福壽街240號,120.32559897057,22.6267001512963
1136,苓雅分隊,地下,苓雅區,福德一路223號前[褔德一路、正言路口（西側）],120.332161,22.634998
1137,苓雅分隊,地下,苓雅區,福德一路27號,120.335886530094,22.6331476389501
1138,苓雅分隊,地下,苓雅區,福德一路40之2號,120.33604681655,22.6338390886976
1139,苓雅分隊,地下,苓雅區,福德一路48巷2弄1號(福德一路48巷底正道公園前),120.335349632524,22.6346714426687
1140,苓雅分隊,地下,苓雅區,福德一路61號之5(福德一路63巷口),120.335349014716,22.634062595388
1141,苓雅分隊,地下,苓雅區,福德一路6號,120.335727571758,22.6324878136527
1142,苓雅分隊,地下,苓雅區,福德一路7號,120.335792914767,22.6327759654349
1143,苓雅分隊,地下,苓雅區,福德二路227巷3號,120.327975,22.634124
1144,苓雅分隊,地下,苓雅區,福德二路272號前(褔德二路264巷口),120.328400204281,22.6351279117264
1145,苓雅分隊,地下,苓雅區,福德二路75巷9號前,120.327601,22.631957
1146,苓雅分隊,地下,苓雅區,福德三路109巷、德安街口,120.32665296863,22.6216150472361
1147,苓雅分隊,地下,苓雅區,福德三路133巷、德安街口,120.326452204824,22.6221174805857
1148,苓雅分隊,地下,苓雅區,福德三路133巷口,120.327449986578,22.6224381020984
1149,苓雅分隊,地下,苓雅區,福德三路161巷44號前,120.325817128224,22.6236928380888
1150,苓雅分隊,地下,苓雅區,福德三路163號,120.32682757978,22.6240235361868
1151,苓雅分隊,地下,苓雅區,福德三路265號(河南路、福德三路口),120.326838556466,22.6268189887159
1152,苓雅分隊,地下,苓雅區,福德三路269號前(河北路、福德三路口),120.326962288361,22.6271036788807
1153,苓雅分隊,地下,苓雅區,福德三路289 號前(褔德三路、褔安路口),120.327113008598,22.6276609702416
1154,苓雅分隊,地下,苓雅區,福德三路337號,120.327408323331,22.6285608325551
1155,苓雅分隊,地下,苓雅區,維仁街15號前,120.314270242328,22.6228322122569
1156,苓雅分隊,地下,苓雅區,輔仁路102巷口45號旁,120.3345532,22.6302601
1157,苓雅分隊,地下,苓雅區,輔仁路176巷14號,120.334491679151,22.6320600376549
1158,苓雅分隊,地下,苓雅區,輔仁路176巷23弄6號,120.335046895089,22.6323205702376
1159,苓雅分隊,地下,苓雅區,輔仁路176巷24號,120.3352888626,22.6318798862728
1160,苓雅分隊,地下,苓雅區,輔仁路176巷27號,120.33507314294,22.6319317841535
1161,苓雅分隊,地下,苓雅區,輔仁路176巷31號,120.335389492065,22.6321868915973
1162,苓雅分隊,地下,苓雅區,輔仁路177巷24號前,120.331983107796,22.6311371979915
1163,苓雅分隊,地下,苓雅區,輔仁路19號旁,120.333005492643,22.6242264173658
1164,苓雅分隊,地下,苓雅區,輔仁路205號,120.333916793883,22.632131581191
1165,苓雅分隊,地下,苓雅區,輔仁路279號(福德一路、輔仁路口(西南側)),120.334713835669,22.6342606471272
1166,苓雅分隊,地下,苓雅區,輔仁路357巷142號前,120.33272825339,22.6342463550273
1167,苓雅分隊,地下,苓雅區,輔仁路361號（輔仁路357巷口）,120.334490101852,22.6336747942482
1168,苓雅分隊,地下,苓雅區,輔仁路48巷46號(與體育場交叉),120.333941734376,22.6250495430935
1169,苓雅分隊,地下,苓雅區,輔仁路53之1號前,120.33288,22.624449
1170,苓雅分隊,地下,苓雅區,輔仁路55巷11號(輔仁路35巷口),120.332535,22.624589
1171,苓雅分隊,地下,苓雅區,輔仁路55巷31號(輔仁路55巷33弄口),120.332152,22.624463
1172,苓雅分隊,地下,苓雅區,輔仁路75號（明德街口）,120.332720078539,22.6251729811113
1173,苓雅分隊,地下,苓雅區,輔仁路7巷2弄2號,120.33322235582,22.623855620934
1174,苓雅分隊,地下,苓雅區,輔仁路89巷2號(輔仁路海巡機動單位後面),120.332433388023,22.6259157581444
1175,苓雅分隊,地下,苓雅區,輔仁路96號(輔仁路、建民路口(人行道上大宏眼科)),120.332611319626,22.6287098718141
1176,苓雅分隊,地下,苓雅區,輔仁路上四維公共停車場側門,120.331994916464,22.6270538633966
1177,苓雅分隊,地下,苓雅區,廣州一街123號,120.317774854002,22.6224589944628
1178,苓雅分隊,地下,苓雅區,廣州一街157號前,120.315983923943,22.6271490878258
1179,苓雅分隊,地下,苓雅區,廣州一街64號前,120.318359699983,22.6209989397957
1180,苓雅分隊,地下,苓雅區,廣州二街1號(廣州二街3巷口),120.3196345687,22.6158120764656
1181,苓雅分隊,地下,苓雅區,廣州二街24號、林西街117巷底,120.319709,22.616336
1182,苓雅分隊,地下,苓雅區,廣西路4巷35號東側,120.322135,22.617426
1183,苓雅分隊,地下,苓雅區,廣西路4巷9號前,120.322161,22.616126
1184,苓雅分隊,地下,苓雅區,廣西路60號(廣西路、廣東二街口),120.321079238675,22.6155952476109
1185,苓雅分隊,地下,苓雅區,廣東一街71號(廣東一街69巷口),120.319748562583,22.6214640860694
1186,苓雅分隊,地下,苓雅區,廣東一街92號前,120.319586274222,22.6219076171674
1187,苓雅分隊,地下,苓雅區,廣東二街137巷22號右前方,120.3196759,22.618516
1188,苓雅分隊,地下,苓雅區,廣東二街26巷6號前,120.321512,22.616334
1189,苓雅分隊,地下,苓雅區,廣東二街35巷17號,120.320586,22.616405
1190,苓雅分隊,地下,苓雅區,廣東二街57號前,120.321109594495,22.6168578194135
1191,苓雅分隊,地下,苓雅區,廣東二街98號(廣東二街、林西街口),120.321138507358,22.6179159193465
1192,苓雅分隊,地下,苓雅區,德安街36號(福德三路151巷、德安街),120.326290909804,22.622522663579
1193,苓雅分隊,地下,苓雅區,德安街7巷5號,120.324860596226,22.6233905502591
1194,苓雅分隊,地下,苓雅區,德安街三巷與凱旋二路,120.324725476495,22.6229905044973
1195,苓雅分隊,地下,苓雅區,樂仁路101號(樂仁路、憲政路口),120.324990119626,22.6355102269604
1196,苓雅分隊,地下,苓雅區,樂仁路125巷6弄1號(憲政路126巷6弄口),120.324812697501,22.6363457889294
1197,苓雅分隊,地下,苓雅區,樂仁路127號,120.325299950315,22.6363025072164
1198,苓雅分隊,地下,苓雅區,樂仁路146巷12號,120.325519169312,22.6369843907754
1199,苓雅分隊,地下,苓雅區,樂仁路21號前（樂仁路23巷口）,120.324800212303,22.6349382287297
1200,苓雅分隊,地下,苓雅區,樂仁路23巷11號前（憲政路203巷12號旁）,120.321597149426,22.635807436987
1201,苓雅分隊,地下,苓雅區,樂仁路23巷8號前,120.324033536212,22.6351960428508
1202,苓雅分隊,地下,苓雅區,樂仁路23巷9-6號旁後方向內水銀燈前,120.322798970466,22.6351427854408
1203,苓雅分隊,地下,苓雅區,樂仁路5號前（憲政路111巷口）,120.324571066883,22.6341713678949
1204,苓雅分隊,地下,苓雅區,樂仁路80巷7號(樂仁路80巷、建國一路328巷口),120.325409961971,22.634833396201
1205,苓雅分隊,地下,苓雅區,樂善街110號,120.32612454425,22.6362167336871
1206,苓雅分隊,地下,苓雅區,樂善街35-3號（樂善街35-3號、家樂福後方）,120.325366201136,22.6337747859113
1207,苓雅分隊,地下,苓雅區,樂善街52號前,120.325549880968,22.6344677177075
1208,苓雅分隊,地下,苓雅區,樂善街57號（憲政路、樂善路口（東南））,120.325784625743,22.6352013630151
1209,苓雅分隊,地下,苓雅區,澄清路191號(歡喜成家大樓),120.344417288361,22.6337583781758
1210,苓雅分隊,地下,苓雅區,澄清路9巷18號前,120.343551,22.62687
1211,苓雅分隊,地下,苓雅區,褔安路271號旁,120.328547323331,22.6271629423498
1212,苓雅分隊,地下,苓雅區,褔安路402號前,120.325762279762,22.6281061161528
1213,苓雅分隊,地下,苓雅區,褔安路470號,120.324264024502,22.6286087757278
1214,苓雅分隊,地下,苓雅區,褔安路496號(中正一路251巷2弄底),120.324328793237,22.6291956600456
1215,苓雅分隊,地下,苓雅區,褔海街48號,120.330549521496,22.6205937171528
1216,苓雅分隊,地下,苓雅區,褔壽街122號前,120.328055,22.6258
1217,苓雅分隊,地下,苓雅區,褔壽街178號前,120.32713682209,22.6262393987383
1218,苓雅分隊,地下,苓雅區,褔壽街34號前,120.329264,22.623525
1219,苓雅分隊,地下,苓雅區,褔壽街56號前,120.328899507358,22.6243191553109
1220,苓雅分隊,地下,苓雅區,褔壽街72號前,120.328763979745,22.6246557136986
1221,苓雅分隊,地下,苓雅區,褔德一路125-2號,120.33305,22.634682
1222,苓雅分隊,地下,苓雅區,褔德一路134巷12弄31號,120.333237329448,22.63523507061
1223,苓雅分隊,地下,苓雅區,褔德一路134巷33號前,120.333248,22.635564
1224,苓雅分隊,地下,苓雅區,褔德一路289號前,120.330454,22.635446
1225,苓雅分隊,地下,苓雅區,褔德一路327號旁(左側),120.32972,22.635607
1226,苓雅分隊,地下,苓雅區,褔德一路355號前,120.329149480986,22.6358254538479
1227,苓雅分隊,地下,苓雅區,褔德二路259號前,120.328249,22.635127
1228,苓雅分隊,地下,苓雅區,褔德三路15巷1號(褔德三路15巷口),120.328502002481,22.6181714162534
1229,苓雅分隊,地下,苓雅區,褔德三路46號(褔德三路46號與漢昌街23巷口),120.328214274222,22.6195488941563
1230,苓雅分隊,地下,苓雅區,學源街20號,120.315627676669,22.6185360889901
1231,苓雅分隊,地下,苓雅區,學源街40號,120.31505430977,22.6200110955388
1232,苓雅分隊,地下,苓雅區,憲昌路14號(憲昌路、憲政路口),120.323780204859,22.6359980754262
1233,苓雅分隊,地下,苓雅區,憲昌路37號,120.324025,22.636852
1234,苓雅分隊,地下,苓雅區,憲昌路53巷1-2號(憲昌路底、憲昌路53巷1-2號),120.324402949738,22.6371980520967
1235,苓雅分隊,地下,苓雅區,憲昌路53巷3號（憲政路138巷底）,120.323686,22.637289
1236,苓雅分隊,地下,苓雅區,憲法路8之4號,120.322962,22.636915
1237,苓雅分隊,地下,苓雅區,憲治路20號,120.327232583415,22.6337376130834
1238,苓雅分隊,地下,苓雅區,憲政路、憲法路口(西北側),120.322727679728,22.6364068523101
1239,苓雅分隊,地下,苓雅區,憲政路101號前（晶鼎101餐廳前）（憲政路123巷口）,120.324203313405,22.6358177243651
1240,苓雅分隊,地下,苓雅區,憲政路123巷6弄31號前,120.323107,22.635708
1241,苓雅分隊,地下,苓雅區,憲政路123巷6弄81號（憲政路123巷6弄底、憲政路233巷）,120.321097379133,22.6362351338611
1242,苓雅分隊,地下,苓雅區,憲政路138巷1號(憲政路138巷口),120.323330810433,22.6364646411312
1243,苓雅分隊,地下,苓雅區,憲政路1號旁(褔德二路、憲政路口),120.32833183317,22.6345261771102
1244,苓雅分隊,地下,苓雅區,憲政路205號(憲政路203巷口),120.321822476023,22.6365257729839
1245,苓雅分隊,地下,苓雅區,憲政路272號(憲政路、安康路口),120.320292574817,22.636678546796
1246,苓雅分隊,地下,苓雅區,憲政路288號,120.319731487102,22.6367254979878
1247,苓雅分隊,地下,苓雅區,憲政路46巷7號前(憲政路46巷4弄口),120.32734439633,22.6352545670632
1248,苓雅分隊,地下,苓雅區,憲政路65巷13號(大順三路216巷、憲政路65巷口),120.326885626984,22.6340700236045
1249,苓雅分隊,地下,苓雅區,憲政路67號(憲政路65巷口),120.327061060765,22.6348022197417
1250,苓雅分隊,地下,苓雅區,憲政路96號（憲政路、樂善街口（西北））,120.325764834324,22.6352219665036
1251,苓雅分隊,地下,苓雅區,興中一路110號【復興二路、興中一路口(西北側)】,120.311200282244,22.6179032436378
1252,苓雅分隊,地下,苓雅區,興中一路184號(忠孝二路、興中一路口(西北側)),120.309152661377,22.6172204840687
1253,苓雅分隊,地下,苓雅區,興中一路18號(福建街、興中一路口),120.316383947833,22.6196600142978
1254,苓雅分隊,地下,苓雅區,興中一路222號(林森二路、興中一路口),120.307914932541,22.6168156710544
1255,苓雅分隊,地下,苓雅區,興中一路227號【復興二路、興中一路口(東南側)】,120.311212117145,22.6178988512848
1256,苓雅分隊,地下,苓雅區,興中一路243巷32號(興中一路243巷32號東側),120.311094,22.616738
1257,苓雅分隊,地下,苓雅區,興中一路268號前【(文橫二路、興中一路口)(東北側)】,120.306307858284,22.616293963291
1258,苓雅分隊,地下,苓雅區,興中一路293號,120.309618,22.617337
1259,苓雅分隊,地下,苓雅區,興中一路61號,120.315332090773,22.6192998009859
1260,苓雅分隊,地下,苓雅區,興中一路66-2號,120.314036050262,22.6188903586764
1261,苓雅分隊,地下,苓雅區,興中一路98巷21號前,120.311268,22.618716
1262,旗津分隊,地下,旗津區,上竹里上竹巷119號前（聯興造船廠門口右側）,120.292301458284,22.5826297703351
1263,旗津分隊,地下,旗津區,上竹里上竹巷150之1號（昇航造船廠門口左側）,120.29162906267,22.5833202531068
1264,旗津分隊,地下,旗津區,上竹里上竹巷153之10號（新光造船廠門口）,120.291436819252,22.5835005246022
1265,旗津分隊,地下,旗津區,上竹里上竹巷164之4號（中信造船廠門口左側）,120.290955568289,22.5840776957884
1266,旗津分隊,地下,旗津區,上竹里上竹巷170之6號（新天二造船廠門口）,120.290173218056,22.5847196835153
1267,旗津分隊,地下,旗津區,上竹里上竹巷25之10號（進入慶富造船廠之巷道）,120.296927380461,22.5772737956723
1268,旗津分隊,地下,旗津區,上竹里上竹巷36之5號（進入慶富造船廠之巷道）,120.296667536211,22.5777475233571
1269,旗津分隊,地下,旗津區,上竹里上竹巷79號（三陽造船廠招牌前）,120.293133731662,22.5799513491207
1270,旗津分隊,地下,旗津區,上竹里上竹巷7之17號（進入慶富造船廠之巷道）,120.29714865526,22.5767768012947
1271,旗津分隊,地下,旗津區,大關路27號（大關路與通山路口）,120.269377543246,22.6126888258635
1272,旗津分隊,地下,旗津區,大關路53巷3號（台灣大哥大手機店旁巷道）,120.2691318,22.6134486
1273,旗津分隊,地下,旗津區,大關路6之8號（大關路與廟前路42巷三叉路口）,120.269117,22.611914
1274,旗津分隊,地下,旗津區,中洲2路460號之2（海星幼稚園）,120.283849496099,22.5929516188575
1275,旗津分隊,地下,旗津區,中洲一路867號（路口小公園前）,120.300360095736,22.5717346627445
1276,旗津分隊,地下,旗津區,中洲一路926號（靈聖宮對面）,120.300069,22.572716
1277,旗津分隊,地下,旗津區,中洲二路（旗津國中游泳池對面車道上）,120.28666600585,22.5895130994792
1278,旗津分隊,地下,旗津區,中洲二路11號（朝天壇前）,120.299384,22.573075
1279,旗津分隊,地下,旗津區,中洲二路12號（代天府前）,120.299780839864,22.5732734627506
1280,旗津分隊,地下,旗津區,中洲二路151之5號（污水廠對面巷道慈善堂前）,120.289184941716,22.5849873743476
1281,旗津分隊,地下,旗津區,中洲二路172號（中洲壘球場前）,120.291837309193,22.5814131122691
1282,旗津分隊,地下,旗津區,中洲二路179號（媄溱茶飲對面）,120.289264395833,22.5863803781461
1283,旗津分隊,地下,旗津區,中洲二路179號旁（全聯左前方、麥丹漢堡前）,120.289128273726,22.5863432308253
1284,旗津分隊,地下,旗津區,中洲二路198號（吉勝海產店前三叉路口）,120.291085615754,22.5824736633734
1285,旗津分隊,地下,旗津區,中洲二路236號（錄影帶）,120.290181729124,22.5839900172262
1286,旗津分隊,地下,旗津區,中洲二路259號（旗津加油站前）,120.285022909804,22.5914394588954
1287,旗津分隊,地下,旗津區,中洲二路268號（藍色鐵門中信造船廠右前10公尺）,120.289787650961,22.5853522964884
1288,旗津分隊,地下,旗津區,中洲二路330-1號（朝龍宮前方對面車道、中將檳榔攤前）,120.28864748776,22.5874415490446
1289,旗津分隊,地下,旗津區,中洲二路340號之3（旗津國中後面對面車道上）,120.287539531248,22.5888285993078
1290,旗津分隊,地下,旗津區,中洲二路55號（聖靈壇右側路口）,120.298369037163,22.5738754740203
1291,旗津分隊,地下,旗津區,中洲二路99號（中洲派出所右側）,120.297392705234,22.5748290352439
1292,旗津分隊,地下,旗津區,中洲二路與廣澤街口（廣濟宮紅綠燈路口）,120.295592073544,22.5766482797057
1293,旗津分隊,地下,旗津區,中洲三路13巷34之2號（龍發澎湖海產旁巷底後左側巷底）,120.280348056193,22.5963649217992
1294,旗津分隊,地下,旗津區,中洲三路145號（明瑟商號前）,120.279684559173,22.599108647768
1295,旗津分隊,地下,旗津區,中洲三路182之1號（動感服飾前）,120.27743360367,22.6015832381072
1296,旗津分隊,地下,旗津區,中洲三路207號（小艇隊對面斜坡上、衣衫衣飾對面）,120.2785204313,22.5998744062859
1297,旗津分隊,地下,旗津區,中洲三路207號（麵攤前方）,120.278505343874,22.5997772136346
1298,旗津分隊,地下,旗津區,中洲三路240號,120.276540480745,22.6022045463406
1299,旗津分隊,地下,旗津區,中洲三路265號（北汕汽車修護廠前）,120.277598381903,22.6007922625918
1300,旗津分隊,地下,旗津區,中洲三路266巷26-1號（義消周分隊長家巷內、福德正神右側）,120.276902765036,22.6033599883705
1301,旗津分隊,地下,旗津區,中洲三路30號（先鋒機車行前）,120.280684711639,22.59746362586
1302,旗津分隊,地下,旗津區,中洲三路357號（斜坡紅綠燈口、仙姑家門口）,120.275647699163,22.6031231305132
1303,旗津分隊,地下,旗津區,中洲三路35巷41號（烏松福德祠右側前右邊巷口）,120.280171600917,22.5975545568813
1304,旗津分隊,地下,旗津區,中洲三路372號,120.274649320238,22.6044254732108
1305,旗津分隊,地下,旗津區,中洲三路385號（電信局前）,120.275141048243,22.6038528414311
1306,旗津分隊,地下,旗津區,中洲三路437號前（明檳榔攤右側）,120.274464637041,22.6046315021157
1307,旗津分隊,地下,旗津區,中洲三路497號（巧妮髮廊右側）,120.273874477927,22.6058787605424
1308,旗津分隊,地下,旗津區,中洲三路508號對面（美味便當對面）,120.271701852097,22.6088418160398
1309,旗津分隊,地下,旗津區,中洲三路591巷30號（32-5號前）,120.272055025326,22.6069006635886
1310,旗津分隊,地下,旗津區,中洲三路607巷口（陳議員家左側第二支）,120.272245171758,22.6080724758538
1311,旗津分隊,地下,旗津區,中洲三路607巷尾（旗津國小小門、福壽宮後方）,120.271371106896,22.6074794492205
1312,旗津分隊,地下,旗津區,中洲三路613號側門前（陳議員家左側第一支）,120.272323416568,22.6079876278187
1313,旗津分隊,地下,旗津區,中洲三路677巷12弄3號（雜貨店前）,120.270234628427,22.6099508381344
1314,旗津分隊,地下,旗津區,中洲三路705號（老人福利中心前）,120.270664284044,22.6107777234968
1315,旗津分隊,地下,旗津區,中洲三路767號（台灣彩券前方）,120.270017626695,22.6117631673644
1316,旗津分隊,地下,旗津區,中洲三路76號旁巷口（一世檳榔左前）,120.280341195742,22.5981311572193
1317,旗津分隊,地下,旗津區,中洲三路795巷9之1號,120.269533719644,22.6120863693265
1318,旗津分隊,地下,旗津區,中洲三路95巷11號（烏松福德祠左旁巷內）,120.279610401119,22.5976110841721
1319,旗津分隊,地下,旗津區,中洲三路95巷12號（中洲三路95巷12號右前）,120.279859863177,22.5980872323236
1320,旗津分隊,地下,旗津區,中洲三路95巷1號之2（烏松福德祠右側前左邊路口）,120.280110240835,22.5975980751834
1321,旗津分隊,地下,旗津區,中洲三路與發祥街口,120.270130846186,22.6117675591767
1322,旗津分隊,地下,旗津區,中洲巷140之10號（豪冰製冰場旁）,120.297432698829,22.5761058108503
1323,旗津分隊,地下,旗津區,中洲巷68之12號（海濱海產店前）,120.299042621444,22.5751459770198
1324,旗津分隊,地下,旗津區,中港街33號（夏一跳漢堡左前方）,120.296673162727,22.5737448642642
1325,旗津分隊,地下,旗津區,文正巷51號,120.266030430794,22.6135986213118
1326,旗津分隊,地下,旗津區,北汕尾巷21-26號,120.276353306711,22.6051721471793
1327,旗津分隊,地下,旗津區,北汕尾巷21之38號（蔣公感恩觀對面）,120.276952109874,22.6057608505133
1328,旗津分隊,地下,旗津區,北汕尾巷21之59號,120.277217648566,22.60583142046
1329,旗津分隊,地下,旗津區,北汕尾巷28號,120.277397017947,22.6054968370057
1330,旗津分隊,地下,旗津區,北汕尾巷60之31號附1（一樂幼稚園海軍宿舍側邊巷道內）,120.276443346933,22.6040713561393
1331,旗津分隊,地下,旗津區,北汕尾巷6號（左營海軍營宿舍門口）,120.276118218899,22.6046339782752
1332,旗津分隊,地下,旗津區,北汕巷100之271號（旗津三路萬巒豬腳、部長廚房招牌左側）,120.277911275625,22.5985573489763
1333,旗津分隊,地下,旗津區,北汕巷100之373號（旗津三路基祥茶莊右側）,120.276822298765,22.6001087225869
1334,旗津分隊,地下,旗津區,北汕巷102之18號（小艇隊旁巷道）,120.279019698501,22.600270297205
1335,旗津分隊,地下,旗津區,北汕巷102之30號（小艇隊旁巷道）,120.278756171465,22.6006324465221
1336,旗津分隊,地下,旗津區,北汕巷104之14號（小艇隊旁巷道）,120.278234831101,22.6011400077425
1337,旗津分隊,地下,旗津區,北汕巷12-1號（萬應公廟前）,120.287656502395,22.5866919383723
1338,旗津分隊,地下,旗津區,北汕巷43-5號前（由中將檳榔攤旁進入到底右轉20公尺處）,120.289273058869,22.5874938495022
1339,旗津分隊,地下,旗津區,北汕巷60之4號（旗津漁港萬二海產店對面紅綠燈下方）,120.286275262162,22.590901653186
1340,旗津分隊,地下,旗津區,北汕巷62-5號（往旗津漁港路口機車格內）,120.286146494389,22.5906192601057
1341,旗津分隊,地下,旗津區,北汕巷75之1附1號（天聖宮後面）,120.279575104043,22.5967854691186
1342,旗津分隊,地下,旗津區,北汕巷75之25號（天聖宮右方巷道之左側巷道底、朝陽殿前方）,120.278867000863,22.5976342185299
1343,旗津分隊,地下,旗津區,北汕巷93之15號（旗津三路順天宮左側）,120.278335735202,22.5978751352535
1344,旗津分隊,地下,旗津區,永安巷55號（旗?會館停車場外右側）,120.267489552498,22.61295981233
1345,旗津分隊,地下,旗津區,吉祥巷68號宅前,120.267150253057,22.6125407470746
1346,旗津分隊,地下,旗津區,吉祥巷7號（爆米花前）,120.267741403486,22.6122776799609
1347,旗津分隊,地下,旗津區,安住巷5-6號右前（同安宮右邊空地停車場）,120.269926,22.609935
1348,旗津分隊,地下,旗津區,安住巷7之10號旁巷道（旗津觀光市場正後方）,120.269070223425,22.6099793234141
1349,旗津分隊,地下,旗津區,安樂巷208-20附1號（旗津國小大門右側）,120.270571504876,22.6085107789622
1350,旗津分隊,地下,旗津區,安樂巷221之2號對面,120.269723,22.609634
1351,旗津分隊,地下,旗津區,南汕巷1之12號（消防隊右前車道上）,120.289269495412,22.5846019434996
1352,旗津分隊,地下,旗津區,南汕巷38號（製冰場右側）,120.290402308039,22.5861047020833
1353,旗津分隊,地下,旗津區,南汕巷84之4號（製冰場左側）,120.290651815973,22.5873480147531
1354,旗津分隊,地下,旗津區,海岸路17號前（羅牙醫左前方）,120.268627479672,22.6143525606535
1355,旗津分隊,地下,旗津區,海岸路40號,120.267195850611,22.6141922405647
1356,旗津分隊,地下,旗津區,海岸路公廁旁（左1）,120.26749687529,22.6146726522397
1357,旗津分隊,地下,旗津區,海岸路公廁旁（左2）,120.267611539725,22.6148020220671
1358,旗津分隊,地下,旗津區,高雄市旗津區中洲三路374巷63弄29號（蔣公感恩館右側巷子）,120.276595652103,22.6059488126313
1359,旗津分隊,地下,旗津區,商港街14巷10號,120.296588036298,22.5747499427699
1360,旗津分隊,地下,旗津區,商港街14巷24弄22號,120.295980340714,22.5745943242336
1361,旗津分隊,地下,旗津區,商港街14巷46號,120.296163676686,22.5752855930514
1362,旗津分隊,地下,旗津區,商港街14巷66弄22號,120.295393479638,22.5754087691552
1363,旗津分隊,地下,旗津區,商港街14巷78弄2號,120.295623613574,22.5759438327535
1364,旗津分隊,地下,旗津區,商港街26號（麵攤前）,120.296708617439,22.5741746770249
1365,旗津分隊,地下,旗津區,商港街2號（中興市場旁）,120.297208297133,22.5745505685343
1366,旗津分隊,地下,旗津區,通山路40號,120.267932125166,22.6134019139752
1367,旗津分隊,地下,旗津區,通山路49號旁巷道,120.267747138028,22.6133162219096
1368,旗津分隊,地下,旗津區,通山路8號右前（天元自助餐）,120.269070958389,22.6128232667441
1369,旗津分隊,地下,旗津區,通山路94號（通山路底）,120.266207242311,22.6140548195604
1370,旗津分隊,地下,旗津區,復興一巷1號,120.273728810433,22.6041739524553
1371,旗津分隊,地下,旗津區,復興三巷17之10號附1（粉紅小豬腳踏車出租店）,120.274955784638,22.6027334284634
1372,旗津分隊,地下,旗津區,復興三巷17之16號（斜坡上）,120.275374460443,22.6030230238305
1373,旗津分隊,地下,旗津區,復興巷23-38號（復興1巷中段T字路口巷內）,120.273685455322,22.6049558786197
1374,旗津分隊,地下,旗津區,復興巷52-4附1號（旗津三路900巷妙慧宮右前方）,120.272955103584,22.6053995150366
1375,旗津分隊,地下,旗津區,敦和街二巷114弄23號,120.29731381259,22.5729336199
1376,旗津分隊,地下,旗津區,敦和街二巷126號（前巷口）,120.297625806847,22.5735316890725
1377,旗津分隊,地下,旗津區,敦和街二巷24號,120.299161258103,22.5717571915539
1378,旗津分隊,地下,旗津區,敦和街二巷40弄26號,120.29835432225,22.5716663936964
1379,旗津分隊,地下,旗津區,敦和街二巷68弄26號,120.297955623562,22.5721503024928
1380,旗津分隊,地下,旗津區,敦和街二巷82號,120.298239167251,22.5727774350002
1381,旗津分隊,地下,旗津區,朝龍宮右前方路（與大汕國小間巷道上）,120.2885851264,22.5873325843815
1382,旗津分隊,地下,旗津區,渡船巷34號旁車庫前,120.301302,22.572445
1383,旗津分隊,地下,旗津區,渡船巷46號（紅瓦屋庭院）,120.300698,22.572448
1384,旗津分隊,地下,旗津區,渡船巷48-15號（發洲造船廠西側附近）,120.30118860921,22.5726116714348
1385,旗津分隊,地下,旗津區,渡船巷58-1號（慈世亭前巷口）,120.300558,22.572416
1386,旗津分隊,地下,旗津區,慈愛里安樂巷221之3號（同安宮右前）,120.269791274511,22.609607741535
1387,旗津分隊,地下,旗津區,慈愛里慈愛巷80號（發祥街斜坡處左側）,120.269471361648,22.6112816142855
1388,旗津分隊,地下,旗津區,瑞竹街6號（中洲國小側門）,120.294297276704,22.5777665677004
1389,旗津分隊,地下,旗津區,瑞竹街四巷14弄32號,120.293435928155,22.577635754034
1390,旗津分隊,地下,旗津區,瑞竹街四巷32弄31號,120.293167221986,22.5780047403429
1391,旗津分隊,地下,旗津區,瑞竹街四巷32號,120.293799367476,22.5784183716045
1392,旗津分隊,地下,旗津區,瑞竹街四巷66弄31號,120.292682464314,22.5785691992069
1393,旗津分隊,地下,旗津區,瑞竹街四巷66號,120.29330863864,22.5790155611306
1394,旗津分隊,地下,旗津區,義竹街33號,120.292138323734,22.5791829331697
1395,旗津分隊,地下,旗津區,義竹街3號（三陽造船廠前方50公尺）,120.292794262566,22.5796164518856
1396,旗津分隊,地下,旗津區,旗下巷22之1附1號（燈塔下天鳳宮對面路口）,120.265414863825,22.613768227074
1397,旗津分隊,地下,旗津區,旗下巷3之1號（吉祥巷底）,120.265253340401,22.6132230349391
1398,旗津分隊,地下,旗津區,旗津一路（121碼頭對面）,120.302286316619,22.5668792177568
1399,旗津分隊,地下,旗津區,旗津一路（百善孝為先圍牆前）,120.29927133678,22.5704829966777
1400,旗津分隊,地下,旗津區,旗津一路29之45號（122碼頭對面）,120.299783657225,22.5698070554691
1401,旗津分隊,地下,旗津區,旗津二路（展鑫汽車修護廠左側）,120.290796407986,22.582830314471
1402,旗津分隊,地下,旗津區,旗津二路125號（好厝邊對面）,120.297941346358,22.5737051698543
1403,旗津分隊,地下,旗津區,旗津二路196號,120.296038104163,22.5761691235334
1404,旗津分隊,地下,旗津區,旗津二路1號（金牌檳榔攤對面）,120.299901344503,22.5714369446056
1405,旗津分隊,地下,旗津區,旗津二路20號（翁魚子行）,120.299865719661,22.5715261588411
1406,旗津分隊,地下,旗津區,旗津二路253號,120.295681136823,22.5766190790339
1407,旗津分隊,地下,旗津區,旗津二路257號（鳳山寺前）,120.294791387917,22.5761062408015
1408,旗津分隊,地下,旗津區,旗津二路349號,120.294388052455,22.5783023772653
1409,旗津分隊,地下,旗津區,旗津二路385號,120.293890145421,22.5788681802219
1410,旗津分隊,地下,旗津區,旗津二路417號前（大港超市左前方）,120.293297708581,22.5797640082328
1411,旗津分隊,地下,旗津區,旗津二路576號左前（蔡國術館前）,120.288865485717,22.5850126776241
1412,旗津分隊,地下,旗津區,旗津二路601號（清潔隊對面）,120.284081537523,22.5905348119068
1413,旗津分隊,地下,旗津區,旗津二路69號（鳳天宮牌樓前）,120.298780726066,22.5727643409659
1414,旗津分隊,地下,旗津區,旗津二路與旗港路口（風車公園對面紅綠燈口）,120.284736000453,22.5897610918276
1415,旗津分隊,地下,旗津區,旗津三路36號（龍發澎湖海產）,120.279463087513,22.596058783974
1416,旗津分隊,地下,旗津區,旗津三路56-6附1（對面露營區公車站前）,120.279815000097,22.5953891832436
1417,旗津分隊,地下,旗津區,旗津三路900巷1弄8號,120.272763324485,22.605764290274
1418,旗津分隊,地下,旗津區,旗津三路900巷21號（惠盟水電行左側）,120.272828034394,22.6053775462139
1419,旗津分隊,地下,旗津區,旗津三路900巷3弄8號,120.272554073864,22.6060506698015
1420,旗津分隊,地下,旗津區,旗津三路900巷5弄8號,120.272343852386,22.6063303345276
1421,旗津分隊,地下,旗津區,旗津三路916巷口（旗津三路斗六冰城左側）,120.271784777517,22.6058082133015
1422,旗津分隊,地下,旗津區,旗津三路924巷24號,120.271965908939,22.6065086034861
1423,旗津分隊,地下,旗津區,旗津三路954巷1號（旗津三路尚鴻檳榔攤前、福壽宮右側）,120.270649734664,22.6072127370438
1424,旗津分隊,地下,旗津區,旗津三路978巷25號,120.270326430146,22.6087015486006
1425,旗津分隊,地下,旗津區,旗津三路978巷口,120.269747935784,22.608287889463
1426,旗津分隊,地下,旗津區,旗津三路臨水宮右前方,120.269198271958,22.609062046447
1427,旗津分隊,地下,旗津區,旗津區中洲二路464之1號旁（龍昇實業）,120.283030345972,22.5939183890647
1428,旗津分隊,地下,旗津區,旗津區旗津三路應時百貨T字路口,120.277704,22.598744
1429,旗津分隊,地下,旗津區,旗津道酒店對面右方機車停車格內,120.267996534393,22.610441180661
1430,旗津分隊,地下,旗津區,旗津觀光漁市場門口右前方（旗津漁港萬二海產店前方）,120.286422694971,22.5909793019369
1431,旗津分隊,地下,旗津區,旗港路16號（旗津醫院正門對面道路）,120.285058640983,22.5898918350794
1432,旗津分隊,地下,旗津區,旗港路與中洲二路口（紅綠燈口東北角處地上）,120.285837152149,22.5905279651732
1433,旗津分隊,地下,旗津區,廟前路103巷44號（近海岸路口）,120.267632477927,22.6141717065637
1434,旗津分隊,地下,旗津區,廟前路127號旁巷道,120.268853282532,22.6137623271131
1435,旗津分隊,地下,旗津區,廟前路1巷16號（1巷道第1支）,120.266993181257,22.6118711160507
1436,旗津分隊,地下,旗津區,廟前路1巷42號旁（1巷道第2支）,120.266403257847,22.6122331016062
1437,旗津分隊,地下,旗津區,廟前路1巷56弄61號（吉祥巷路上）,120.266359516533,22.6127646773023
1438,旗津分隊,地下,旗津區,廟前路1巷80號（廟前路1巷巷底、衝浪館右前方）,120.265522755785,22.6125231991851
1439,旗津分隊,地下,旗津區,廟前路1巷82弄71號（吉祥巷與文正巷口-民宅前）,120.265838478216,22.6130159707751
1440,旗津分隊,地下,旗津區,廟前路30巷51弄3號（旗津衛生所前）,120.26892403774,22.6109924656388
1441,旗津分隊,地下,旗津區,廟前路42-1號前,120.268143382192,22.6123114751335
1442,旗津分隊,地下,旗津區,廟前路42巷23號（廟前路42巷與發祥街T字路口）,120.269400280339,22.6113225718833
1443,旗津分隊,地下,旗津區,廟前路42巷3號,120.268216268394,22.6123160008456
1444,旗津分隊,地下,旗津區,廟前路60巷16 號,120.268703291419,22.6124744733126
1445,旗津分隊,地下,旗津區,廟前路8號[新冠洲海產店前],120.267734332795,22.6115631772637
1446,旗津分隊,地下,旗津區,廟前路與通山路路口,120.268507326678,22.6130135446466
1447,旗津分隊,地下,旗津區,舊海專宿舍內,120.270005308543,22.6124346276732
1448,瑞隆分隊,地下,前鎮區,一心一路  育群路口,120.321969173894,22.6062656034175
1449,瑞隆分隊,地下,前鎮區,一心一路190巷1號,120.32040436,22.6074649
1450,瑞隆分隊,地下,前鎮區,一心一路202巷54號,120.320437944775,22.6083567141388
1451,瑞隆分隊,地下,前鎮區,一心一路289巷口（民權二路加油站）,120.314054477962,22.6097411800587
1452,瑞隆分隊,地下,前鎮區,一心一路87之1號  憲德街口,120.322627723217,22.6059450984276
1453,瑞隆分隊,地下,前鎮區,一心一路與 一心一路203巷口,120.318734778011,22.6077017739118
1454,瑞隆分隊,地下,前鎮區,一心二路  文橫三路口,120.306775733313,22.6128975655015
1455,瑞隆分隊,地下,前鎮區,一心二路  台鋁南巷口,120.312172337851,22.60964652507
1456,瑞隆分隊,地下,前鎮區,一心二路  林森三路口,120.308090807921,22.6123824751189
1457,瑞隆分隊,地下,前鎮區,一心二路  修文街口,120.309469286251,22.611790656806
1458,瑞隆分隊,地下,前鎮區,一心二路32巷  二聖二路135巷6弄口,120.31360867581,22.6125187428259
1459,瑞隆分隊,地下,前鎮區,一心二路43之2號  復興三路口（7-11）,120.31076042022,22.6111865108336
1460,瑞隆分隊,地下,前鎮區,一心二路45號  台鋁北巷口,120.310384309193,22.6113337540791
1461,瑞隆分隊,地下,前鎮區,一心二路84巷15號  修文街154巷口,120.310762995509,22.6120777493313
1462,瑞隆分隊,地下,前鎮區,一德路  台鋁中巷口,120.309516242992,22.608781504714
1463,瑞隆分隊,地下,前鎮區,一德路  修文街口,120.30821268941,22.609965068137
1464,瑞隆分隊,地下,前鎮區,一德路19號  修文一街口,120.307825932541,22.6103723467136
1465,瑞隆分隊,地下,前鎮區,二聖一路107巷27號前,120.32388302898,22.6113770392519
1466,瑞隆分隊,地下,前鎮區,二聖二路  天山路口,120.315768641286,22.6131557743391
1467,瑞隆分隊,地下,前鎮區,二聖二路  廣州三街口（人行道彎角前）,120.319448870154,22.6127556899917
1468,瑞隆分隊,地下,前鎮區,二聖二路135巷6弄口 民權二路437號後門,120.3135991,22.6125154
1469,瑞隆分隊,地下,前鎮區,二聖二路151號,120.313464961971,22.6134931360273
1470,瑞隆分隊,地下,前鎮區,二聖二路225巷15弄口（里辦公處後門）,120.311774380951,22.6127431979696
1471,瑞隆分隊,地下,前鎮區,二聖二路233巷20號 修文街194巷口,120.311042553164,22.6130005344615
1472,瑞隆分隊,地下,前鎮區,二聖二路233巷口,120.311271070722,22.613761743561
1473,瑞隆分隊,地下,前鎮區,二聖二路2號  光華二路口,120.317921393213,22.6129055400487
1474,瑞隆分隊,地下,前鎮區,二聖二路64號（桂林街口）,120.316260728861,22.6131203411521
1475,瑞隆分隊,地下,前鎮區,二聖路  武慶二路113之1號口,120.332721513978,22.6123421981899
1476,瑞隆分隊,地下,前鎮區,二聖路201號  瑞興街148巷口,120.329693146009,22.6120943981308
1477,瑞隆分隊,地下,前鎮區,二聖路21號,120.33201235582,22.6122903695722
1478,瑞隆分隊,地下,前鎮區,二聖路222號,120.329439472353,22.6120858836012
1479,瑞隆分隊,地下,前鎮區,二聖路225號  瑞興街174巷口,120.328934508418,22.6120342139652
1480,瑞隆分隊,地下,前鎮區,二聖路229號前,120.328451,22.611896
1481,瑞隆分隊,地下,前鎮區,二聖路31號  康寧街口,120.331657609787,22.6121698081916
1482,瑞隆分隊,地下,前鎮區,二聖路70號,120.331069,22.612298
1483,瑞隆分隊,地下,前鎮區,三多二路223巷  南天街口,120.305993660404,22.6138320374461
1484,瑞隆分隊,地下,前鎮區,三多二路357巷 桂林街134巷口,120.317486846109,22.6178341676351
1485,瑞隆分隊,地下,前鎮區,三多二路357巷10號,120.31789021842,22.6168974785848
1486,瑞隆分隊,地下,前鎮區,三多二路357巷33號 桂林街102巷口,120.317779346644,22.6171526752168
1487,瑞隆分隊,地下,前鎮區,三多二路475巷口,120.31502725935,22.6174032094654
1488,瑞隆分隊,地下,前鎮區,三多三路  林森三路口,120.308503909569,22.6152486258994
1489,瑞隆分隊,地下,前鎮區,三多三路155號賓士大廈前,120.309752809856,22.6156786490994
1490,瑞隆分隊,地下,前鎮區,大禹街36號,120.309455720238,22.6134971652162
1491,瑞隆分隊,地下,前鎮區,中山二路  修文街口,120.306692743655,22.6089542928127
1492,瑞隆分隊,地下,前鎮區,中山二路178號  林森三路口,120.306122008598,22.6103734004821
1493,瑞隆分隊,地下,前鎮區,中山二路66巷9弄  中山二路76巷口,120.306817152115,22.6096820881221
1494,瑞隆分隊,地下,前鎮區,仁愛三街14號  三多飯店後,120.311162,22.615619
1495,瑞隆分隊,地下,前鎮區,公正路  二聖路口,120.330318817721,22.6120762980618
1496,瑞隆分隊,地下,前鎮區,公正路  保泰路303號口,120.333086666897,22.6021153667026
1497,瑞隆分隊,地下,前鎮區,公正路  崗山中街口,120.330873848033,22.6046923613562
1498,瑞隆分隊,地下,前鎮區,公正路  瑞文街口,120.33045829259,22.6100855591899
1499,瑞隆分隊,地下,前鎮區,公正路  瑞和街口,120.330686882408,22.6069785745839
1500,瑞隆分隊,地下,前鎮區,公正路  瑞興街口,120.33035100423,22.6111948301747
1501,瑞隆分隊,地下,前鎮區,公正路119號,120.33121090733,22.6043277255329
1502,瑞隆分隊,地下,前鎮區,公正路159號對面  瑞隆路南側,120.330845279576,22.6054189174646
1503,瑞隆分隊,地下,前鎮區,公正路182號  瑞義街口,120.33090275582,22.6061788547719
1504,瑞隆分隊,地下,前鎮區,公正路275巷口,120.330578217743,22.6081898681675
1505,瑞隆分隊,地下,前鎮區,公正路67號,120.331871978386,22.603522909022
1506,瑞隆分隊,地下,前鎮區,天山路  民權二號442巷口,120.315418760501,22.6120296504469
1507,瑞隆分隊,地下,前鎮區,天山路  嘉陵街口,120.315089897419,22.6109796034137
1508,瑞隆分隊,地下,前鎮區,天山路70巷2號,120.315389411045,22.6112660553251
1509,瑞隆分隊,地下,前鎮區,天山路9巷1號,120.314463845769,22.6100313792213
1510,瑞隆分隊,地下,前鎮區,文橫三路  昆明街98號,120.306428717722,22.612203706367
1511,瑞隆分隊,地下,前鎮區,文橫三路  林森三路86巷口,120.306571421341,22.6125423444962
1512,瑞隆分隊,地下,前鎮區,文橫三路164巷口,120.306957699042,22.6133756093973
1513,瑞隆分隊,地下,前鎮區,文橫三路178號（右前）  南天街口,120.307119307947,22.6137193960409
1514,瑞隆分隊,地下,前鎮區,文橫三路184號  廣西路口,120.307287542328,22.6139558163105
1515,瑞隆分隊,地下,前鎮區,文橫三路186號 對面,120.307149703041,22.6140018163387
1516,瑞隆分隊,地下,前鎮區,文橫三路59號（南天街健身工廠左前）,120.306952742209,22.6137393481939
1517,瑞隆分隊,地下,前鎮區,台鋁2巷10、17號  台鋁中巷口,120.309889941139,22.6092008526871
1518,瑞隆分隊,地下,前鎮區,台鋁4巷6號  台鋁中巷口,120.31025899259,22.6097050915015
1519,瑞隆分隊,地下,前鎮區,台鋁5巷  台鋁中巷口（復興所後方）,120.310433771845,22.6099738166363
1520,瑞隆分隊,地下,前鎮區,台鋁中巷16號  台鋁7巷12號口,120.310778932541,22.6103902873336
1521,瑞隆分隊,地下,前鎮區,台鋁中巷20號  台鋁8巷口,120.310864008598,22.6106815268984
1522,瑞隆分隊,地下,前鎮區,台鋁北巷12號  復興新巷55號口,120.309471711639,22.6098522872174
1523,瑞隆分隊,地下,前鎮區,台鋁南巷  台鋁10巷口,120.312009845369,22.60940984074
1524,瑞隆分隊,地下,前鎮區,台鋁南巷  台鋁11巷口,120.3121976,22.6096624
1525,瑞隆分隊,地下,前鎮區,民瑞街25號  民豐街口,120.310503914002,22.6048611107395
1526,瑞隆分隊,地下,前鎮區,民裕街  泰山街口,120.316136151868,22.6082971313982
1527,瑞隆分隊,地下,前鎮區,民裕街  管仲路1號前,120.312739687554,22.6057428506603
1528,瑞隆分隊,地下,前鎮區,民裕街101號  衡山街口,120.314840205032,22.6072969366338
1529,瑞隆分隊,地下,前鎮區,民裕街73號前,120.313876474869,22.6065244775014
1530,瑞隆分隊,地下,前鎮區,民壽街10巷口,120.311511840054,22.605154149586
1531,瑞隆分隊,地下,前鎮區,民權二路430號  景德路口（人行道上）,120.314228423037,22.6119785999112
1532,瑞隆分隊,地下,前鎮區,永豐路  崗山南街口,120.333882233205,22.6038141171279
1533,瑞隆分隊,地下,前鎮區,永豐路11號  瑞雄街口,120.334026711639,22.6033479994899
1534,瑞隆分隊,地下,前鎮區,永豐路139號,120.333369428242,22.6069969014234
1535,瑞隆分隊,地下,前鎮區,永豐路226號  瑞北路口,120.333218898148,22.608981904325
1536,瑞隆分隊,地下,前鎮區,永豐路237號  瑞北路口,120.333033643875,22.6090983423358
1537,瑞隆分隊,地下,前鎮區,光華二路  汕頭街口  （人行道邊上）,120.317244859224,22.6100929008804
1538,瑞隆分隊,地下,前鎮區,光華二路 長江街口,120.31693348726,22.6095851755403
1539,瑞隆分隊,地下,前鎮區,光華二路321號  廣西路口,120.318165028242,22.6154116944567
1540,瑞隆分隊,地下,前鎮區,光華二路417號  桂林街112巷口,120.31791,22.617405
1541,瑞隆分隊,地下,前鎮區,汕頭街81號  （近中正高工圍牆邊,120.31764530216,22.6099304208432
1542,瑞隆分隊,地下,前鎮區,育群街266巷56號  一心一路22巷口,120.323891994361,22.6063378452023
1543,瑞隆分隊,地下,前鎮區,育群街267號前  育群街266巷口,120.322111898733,22.6065978975857
1544,瑞隆分隊,地下,前鎮區,育群街273巷46號,120.321335667782,22.6072405106417
1545,瑞隆分隊,地下,前鎮區,育群街318巷30號,120.322562085879,22.6067288404899
1546,瑞隆分隊,地下,前鎮區,育群街35巷2號,120.323229640545,22.6048055818034
1547,瑞隆分隊,地下,前鎮區,育德路16巷口,120.312877675888,22.6158320252341
1548,瑞隆分隊,地下,前鎮區,育樂路  凱旋三路109巷口,120.323436129432,22.6077339674787
1549,瑞隆分隊,地下,前鎮區,育樂路136巷37弄6號  二聖一路107巷口,120.3235670432,22.6100474787877
1550,瑞隆分隊,地下,前鎮區,育樂路18巷28號,120.324317478498,22.6076499512091
1551,瑞隆分隊,地下,前鎮區,育樂路18巷52號,120.324614016562,22.6084845203506
1552,瑞隆分隊,地下,前鎮區,育樂路18巷口,120.324076807896,22.6069161960327
1553,瑞隆分隊,地下,前鎮區,育樂路39號,120.323750394511,22.607106502023
1554,瑞隆分隊,地下,前鎮區,育樂路89巷5弄2號  和平二路134巷18弄口,120.322394086918,22.6090028276026
1555,瑞隆分隊,地下,前鎮區,和平二路111巷18弄15號,120.321075040511,22.6097794288499
1556,瑞隆分隊,地下,前鎮區,和平二路134巷39號前（40弄口）,120.322905660554,22.6094318740424
1557,瑞隆分隊,地下,前鎮區,和平二路177號  溫江街口,120.322369664436,22.6118072910244
1558,瑞隆分隊,地下,前鎮區,和平二路277巷27號  保三大隊,120.321815688499,22.6133735918108
1559,瑞隆分隊,地下,前鎮區,和平二路58號,120.321269467829,22.6082217783736
1560,瑞隆分隊,地下,前鎮區,忠民街  梧州街口（桂林街4巷口）,120.315228637682,22.6163848469875
1561,瑞隆分隊,地下,前鎮區,忠誠路２１８號  瑞士街口,120.325063991402,22.5984932847647
1562,瑞隆分隊,地下,前鎮區,忠誠路255號  瑞田街口,120.324749046627,22.5990956705759
1563,瑞隆分隊,地下,前鎮區,忠誠路300號  崗山中街旁,120.324171442328,22.6000972950363
1564,瑞隆分隊,地下,前鎮區,林森三路  文橫三路164巷口,120.308285026831,22.6127898238403
1565,瑞隆分隊,地下,前鎮區,林森三路  湞池街口,120.306956914542,22.610609162369
1566,瑞隆分隊,地下,前鎮區,林森三路 廣西路 公園前,120.308817532926,22.6144273323021
1567,瑞隆分隊,地下,前鎮區,林森三路12號  中山二路66巷9弄口,120.306546542327,22.6104747098156
1568,瑞隆分隊,地下,前鎮區,林森三路146號  南天街口,120.308452499087,22.6131287619777
1569,瑞隆分隊,地下,前鎮區,林森三路192巷口,120.308688457316,22.6148374552013
1570,瑞隆分隊,地下,前鎮區,武德街65號,120.32836,22.607607
1571,瑞隆分隊,地下,前鎮區,武慶一路  崗山北街口,120.332677436875,22.6101146532939
1572,瑞隆分隊,地下,前鎮區,武慶一路  瑞和街口,120.33224157791,22.6077710418197
1573,瑞隆分隊,地下,前鎮區,武慶一路139號   瑞義街口,120.332574428242,22.6062595251477
1574,瑞隆分隊,地下,前鎮區,武慶一路16號   崗山橫街口,120.332081125113,22.6041708215415
1575,瑞隆分隊,地下,前鎮區,武慶一路194巷口,120.332225569836,22.6071308254926
1576,瑞隆分隊,地下,前鎮區,武慶一路22巷2號,120.332355906746,22.6042604756653
1577,瑞隆分隊,地下,前鎮區,武慶一路22巷40號,120.332798,22.603684
1578,瑞隆分隊,地下,前鎮區,武慶一路241巷1弄23號,120.331916,22.607916
1579,瑞隆分隊,地下,前鎮區,武慶一路32巷20號,120.33275,22.604104
1580,瑞隆分隊,地下,前鎮區,武慶一路42號對面,120.332703580356,22.6045523319358
1581,瑞隆分隊,地下,前鎮區,武慶一路44號前,120.332862915344,22.6045838080706
1582,瑞隆分隊,地下,前鎮區,武慶一路90號,120.332690626984,22.6052626183751
1583,瑞隆分隊,地下,前鎮區,武營路165巷口,120.337546589688,22.6094862325057
1584,瑞隆分隊,地下,前鎮區,武營路19號  崗山東街口,120.337699,22.608239
1585,瑞隆分隊,地下,前鎮區,武營路1號  瑞安街口,120.337777186508,22.6077902427252
1586,瑞隆分隊,地下,前鎮區,武營路21號  崗山東街口,120.3376841,22.60836
1587,瑞隆分隊,地下,前鎮區,武營路47巷7號左側,120.337305435254,22.6088744097949
1588,瑞隆分隊,地下,前鎮區,武營路47巷口,120.337691091057,22.6089135198377
1589,瑞隆分隊,地下,前鎮區,沱江街  鄭和路口,120.313469715991,22.6076625673692
1590,瑞隆分隊,地下,前鎮區,沱江街131號  民權二路220巷口,120.312997233135,22.6072262405263
1591,瑞隆分隊,地下,前鎮區,沱江街169之1號  衡山街口,120.313975885914,22.6081661892497
1592,瑞隆分隊,地下,前鎮區,沱江街25號前,120.311642237491,22.6060769609266
1593,瑞隆分隊,地下,前鎮區,沱江街41號  管仲路口,120.312740784221,22.6057475752153
1594,瑞隆分隊,地下,前鎮區,長江街65號,120.315706321893,22.609987202248
1595,瑞隆分隊,地下,前鎮區,長江街70號  天山路口,120.314886943394,22.6102692185999
1596,瑞隆分隊,地下,前鎮區,保泰路185號,120.330825507126,22.6008597270235
1597,瑞隆分隊,地下,前鎮區,保泰路1號  班超路口,120.326440788832,22.59908233314
1598,瑞隆分隊,地下,前鎮區,保泰路205號,120.331208331912,22.6010429573096
1599,瑞隆分隊,地下,前鎮區,保泰路333巷口,120.333705032541,22.6025264186482
1600,瑞隆分隊,地下,前鎮區,保泰路359巷口,120.334891508876,22.6032994731668
1601,瑞隆分隊,地下,前鎮區,保泰路423號  瑞達街口,120.335978169311,22.6040610490636
1602,瑞隆分隊,地下,前鎮區,保泰路43號,120.327501129218,22.5994353567943
1603,瑞隆分隊,地下,前鎮區,保泰路55巷11號,120.327409463262,22.5998686031028
1604,瑞隆分隊,地下,前鎮區,南天街太平洋百貨後送水口處,120.306339472824,22.6137928359398
1605,瑞隆分隊,地下,前鎮區,南寧街  二聖二路口,120.317179572748,22.6129771220892
1606,瑞隆分隊,地下,前鎮區,南寧街162號  衡陽街口,120.316850835796,22.612151225265
1607,瑞隆分隊,地下,前鎮區,南寧街79號  嘉陵街口,120.316382554287,22.6106375005919
1608,瑞隆分隊,地下,前鎮區,建華街14巷10弄2號,120.323046262779,22.6145144235896
1609,瑞隆分隊,地下,前鎮區,英明一路111巷19號,120.32584009147,22.6110865677019
1610,瑞隆分隊,地下,前鎮區,英明一路131巷口,120.32503384304,22.6116413511582
1611,瑞隆分隊,地下,前鎮區,英明一路43巷2號,120.324645459407,22.6095606877646
1612,瑞隆分隊,地下,前鎮區,英明一路4號  賢明路口,120.324570742976,22.6091071013028
1613,瑞隆分隊,地下,前鎮區,英明一路50號,120.324701716891,22.6099083457508
1614,瑞隆分隊,地下,前鎮區,英明一路72巷12號   10弄口,120.32451924572,22.6103765046854
1615,瑞隆分隊,地下,前鎮區,英明一路72巷20弄10號,120.324247278666,22.6107343832281
1616,瑞隆分隊,地下,前鎮區,英明一路72巷20弄26號  10弄口,120.324636091204,22.6110439553504
1617,瑞隆分隊,地下,前鎮區,英明一路72巷20弄40號,120.324817078539,22.6117474693904
1618,瑞隆分隊,地下,前鎮區,英明一路72巷38號  二聖一路107巷口,120.323663133115,22.6104913573083
1619,瑞隆分隊,地下,前鎮區,英明一路72巷口,120.324764844984,22.6103311499413
1620,瑞隆分隊,地下,前鎮區,英明一路95巷17號,120.325641125387,22.6106918072712
1621,瑞隆分隊,地下,前鎮區,英明一路95巷1號,120.324896995991,22.6107832778779
1622,瑞隆分隊,地下,前鎮區,英明路135號   英德街口,120.325208195106,22.6145294892451
1623,瑞隆分隊,地下,前鎮區,英明路145巷31號  （英明國中後門）,120.32426044869,22.6146234441167
1624,瑞隆分隊,地下,前鎮區,英德街  光華二路口,120.318207579687,22.6141645774303
1625,瑞隆分隊,地下,前鎮區,英德街 建華街口（轉角路燈處）-01,120.323691917832,22.6140919151107
1626,瑞隆分隊,地下,前鎮區,英德街 建華街口-02,120.323687588196,22.6140809817936
1627,瑞隆分隊,地下,前鎮區,英德街19巷71號,120.324590262566,22.6124492055415
1628,瑞隆分隊,地下,前鎮區,英德街37號,120.324277588955,22.6142503276346
1629,瑞隆分隊,地下,前鎮區,英德街737巷口,120.320233884449,22.614075579952
1630,瑞隆分隊,地下,前鎮區,英德街772巷口,120.319254087835,22.6141217606031
1631,瑞隆分隊,地下,前鎮區,英德街802號  二聖二路6巷,120.317686641878,22.6139067172993
1632,瑞隆分隊,地下,前鎮區,英德橫巷1弄20號前,120.323595965012,22.6129918961706
1633,瑞隆分隊,地下,前鎮區,英德橫巷32號及2弄口,120.324157217249,22.6137229358785
1634,瑞隆分隊,地下,前鎮區,英德橫巷56號  1弄口,120.323614740475,22.6136300860039
1635,瑞隆分隊,地下,前鎮區,英德橫巷69號,120.323036,22.613148
1636,瑞隆分隊,地下,前鎮區,修文一街24、26號,120.308214,22.610811
1637,瑞隆分隊,地下,前鎮區,修文街  三多三路口,120.310020601991,22.6157261268488
1638,瑞隆分隊,地下,前鎮區,修文街  台鋁14巷口,120.309135473016,22.6111306687719
1639,瑞隆分隊,地下,前鎮區,修文街  林森三路192巷口,120.31025797749,22.6153367816264
1640,瑞隆分隊,地下,前鎮區,修文街  林森三路82巷口,120.309237396959,22.6113634165679
1641,瑞隆分隊,地下,前鎮區,修文街  崑明街口,120.309022820238,22.6110464833018
1642,瑞隆分隊,地下,前鎮區,修文街  湞池街口,120.307440316919,22.6093181937389
1643,瑞隆分隊,地下,前鎮區,修文街  廣西路419號前,120.310390746835,22.614958577182
1644,瑞隆分隊,地下,前鎮區,修文街158號  南天街口,120.309811680303,22.6125303377318
1645,瑞隆分隊,地下,前鎮區,修文街180巷口,120.309992548826,22.6129432189116
1646,瑞隆分隊,地下,前鎮區,修文街194巷12號前,120.310829548156,22.613058421894
1647,瑞隆分隊,地下,前鎮區,修文街208巷6之3號前,120.310541565641,22.6134535823314
1648,瑞隆分隊,地下,前鎮區,修文街239巷口,120.310269,22.6143209
1649,瑞隆分隊,地下,前鎮區,修文街53號  中山二路66巷口,120.306972,22.609206
1650,瑞隆分隊,地下,前鎮區,修文街81-5號  復興新巷口,120.308809703063,22.6106641866261
1651,瑞隆分隊,地下,前鎮區,桂林街112巷口,120.316434504196,22.6169294847356
1652,瑞隆分隊,地下,前鎮區,桂林街134巷口,120.316246001032,22.6174610242428
1653,瑞隆分隊,地下,前鎮區,桂林街32巷26號  二聖二路6巷口,120.317712297775,22.6145287799498
1654,瑞隆分隊,地下,前鎮區,桂林街46巷口,120.316543410075,22.6148778630202
1655,瑞隆分隊,地下,前鎮區,桂林街58巷1號,120.316639061342,22.6156292427986
1656,瑞隆分隊,地下,前鎮區,桂林街72巷1號,120.316660693866,22.6159359099907
1657,瑞隆分隊,地下,前鎮區,桂林街94號  忠民街口,120.3165841,22.616469
1658,瑞隆分隊,地下,前鎮區,泰山街  民權地下停車場入口處,120.3152948,22.6086619
1659,瑞隆分隊,地下,前鎮區,班超路  消防隊前,120.32580368,22.60027478
1660,瑞隆分隊,地下,前鎮區,班超路18巷21號,120.327109461648,22.5999709324135
1661,瑞隆分隊,地下,前鎮區,班超路51巷  交通隊車棚巷口,120.325407385844,22.5998579998436
1662,瑞隆分隊,地下,前鎮區,班超路55巷1弄口  交通隊旁,120.325238296295,22.6003109571303
1663,瑞隆分隊,地下,前鎮區,班超路90巷13號,120.325339279762,22.6027594761465
1664,瑞隆分隊,地下,前鎮區,珠江街29號  粵江街口,120.319101559525,22.6082488565669
1665,瑞隆分隊,地下,前鎮區,崗山中街101巷47號,120.32882282209,22.6045944278554
1666,瑞隆分隊,地下,前鎮區,崗山中街103巷口,120.329190749694,22.603557932351
1667,瑞隆分隊,地下,前鎮區,崗山中街115巷53號,120.328243038029,22.6042622195083
1668,瑞隆分隊,地下,前鎮區,崗山中街118巷口,120.32944324328,22.6037219499828
1669,瑞隆分隊,地下,前鎮區,崗山中街130巷59號崗山南街445巷口,120.329948949147,22.6025815244293
1670,瑞隆分隊,地下,前鎮區,崗山中街130巷口,120.329200141826,22.6035381352463
1671,瑞隆分隊,地下,前鎮區,崗山中街149巷27號,120.328319414073,22.603613336962
1672,瑞隆分隊,地下,前鎮區,崗山中街150巷59號,120.329684014201,22.6025068932676
1673,瑞隆分隊,地下,前鎮區,崗山中街160巷59號,120.329421265359,22.6023324741631
1674,瑞隆分隊,地下,前鎮區,崗山中街174巷63號,120.32861561851,22.6017799146018
1675,瑞隆分隊,地下,前鎮區,崗山中街180巷64號,120.328404231318,22.6016296213653
1676,瑞隆分隊,地下,前鎮區,崗山中街180巷口,120.327692357146,22.6025115064472
1677,瑞隆分隊,地下,前鎮區,崗山中街194巷63號,120.328168817213,22.6014676809626
1678,瑞隆分隊,地下,前鎮區,崗山中街523號  瑞田街10巷口,120.323752163194,22.5998145220252
1679,瑞隆分隊,地下,前鎮區,崗山中街556號   瑞賢街口,120.322826525131,22.5991582849083
1680,瑞隆分隊,地下,前鎮區,崗山中街82巷口,120.330127369201,22.6041640226705
1681,瑞隆分隊,地下,前鎮區,崗山中街87巷59號,120.32929482209,22.6049176661644
1682,瑞隆分隊,地下,前鎮區,崗山中街88巷口,120.329972818597,22.6040570641267
1683,瑞隆分隊,地下,前鎮區,崗山中街97巷51號,120.329078186508,22.6047558092591
1684,瑞隆分隊,地下,前鎮區,崗山北街  武營路口,120.337492016949,22.6102542060481
1685,瑞隆分隊,地下,前鎮區,崗山北街221巷口,120.336865953373,22.6100379893774
1686,瑞隆分隊,地下,前鎮區,崗山北街281號  瑞福路口,120.335533110451,22.6099787606343
1687,瑞隆分隊,地下,前鎮區,崗山北街351巷口,120.333667438029,22.6100161571654
1688,瑞隆分隊,地下,前鎮區,崗山西街  崗山中街口,120.328401378235,22.6030128093067
1689,瑞隆分隊,地下,前鎮區,崗山西街  崗山南街口,120.329818695009,22.6011837749701
1690,瑞隆分隊,地下,前鎮區,崗山西街242號,120.327584299521,22.6040599205831
1691,瑞隆分隊,地下,前鎮區,崗山西街242號  隆興街口,120.327746824168,22.603871341204
1692,瑞隆分隊,地下,前鎮區,崗山西街2之5號,120.330101403976,22.6008298771363
1693,瑞隆分隊,地下,前鎮區,崗山西街301巷20號  隆興街45巷口,120.326378931936,22.6044095407166
1694,瑞隆分隊,地下,前鎮區,崗山西街67號,120.329101082319,22.6020812415973
1695,瑞隆分隊,地下,前鎮區,崗山東街193巷36號,120.33382,22.607209
1696,瑞隆分隊,地下,前鎮區,崗山東街202巷17號,120.3338197,22.6083939
1697,瑞隆分隊,地下,前鎮區,崗山東街212巷口,120.3335107,22.6080205
1698,瑞隆分隊,地下,前鎮區,崗山南街   瑞達街口,120.335405900552,22.6048654092354
1699,瑞隆分隊,地下,前鎮區,崗山南街  瑞隆路197巷口,120.334719925596,22.6044791284775
1700,瑞隆分隊,地下,前鎮區,崗山南街1號  瑞福路口,120.335974871199,22.6052775249888
1701,瑞隆分隊,地下,前鎮區,崗山南街25號  瑞達街口,120.335318268105,22.6048917638608
1702,瑞隆分隊,地下,前鎮區,崗山南街342巷14弄22號,120.331789467566,22.6017927382764
1703,瑞隆分隊,地下,前鎮區,崗山南街342巷口,120.33178186931,22.6025031182683
1704,瑞隆分隊,地下,前鎮區,崗山南街342巷與保泰路口,120.332444285405,22.6017107540761
1705,瑞隆分隊,地下,前鎮區,崗山南街343巷口,120.331767972072,22.6025219148134
1706,瑞隆分隊,地下,前鎮區,崗山南街38巷口,120.334663066812,22.6043981062187
1707,瑞隆分隊,地下,前鎮區,崗山南街421號,120.330939192337,22.6019597013524
1708,瑞隆分隊,地下,前鎮區,崗山南街428巷14號,120.330867409903,22.6013439198462
1709,瑞隆分隊,地下,前鎮區,崗山南街428巷口,120.330594527141,22.601700971343
1710,瑞隆分隊,地下,前鎮區,崗山南街445巷  崗山中街102巷口,120.330496610149,22.6029713027306
1711,瑞隆分隊,地下,前鎮區,崗山南街445巷82號  崗山中街82巷,120.330863884053,22.603234900425
1712,瑞隆分隊,地下,前鎮區,崗山南街445巷口,120.330579333615,22.6017157584311
1713,瑞隆分隊,地下,前鎮區,崗山南街459巷11號,120.330316470927,22.601955725672
1714,瑞隆分隊,地下,前鎮區,崗山南街459巷16-2號,120.329786504618,22.6016027639391
1715,瑞隆分隊,地下,前鎮區,崗山南街459巷55號,120.329868883432,22.602386355801
1716,瑞隆分隊,地下,前鎮區,崗山南街459巷82號後門,120.329622890327,22.6024133122079
1717,瑞隆分隊,地下,前鎮區,崗山南街459巷96-2號,120.32939615215,22.6021467209255
1718,瑞隆分隊,地下,前鎮區,崗山南街509巷口,120.328956744005,22.6005851248425
1719,瑞隆分隊,地下,前鎮區,崗山南街60巷  瑞雄街口,120.334619271828,22.6037650747217
1720,瑞隆分隊,地下,前鎮區,崗山南街61號前（人行道上）,120.334259966865,22.6041560766492
1721,瑞隆分隊,地下,前鎮區,崗山南街口  保泰路333巷口,120.333071037604,22.6033357558413
1722,瑞隆分隊,地下,前鎮區,崗山南街北側  公正路口,120.332420440821,22.6029277251615
1723,瑞隆分隊,地下,前鎮區,崗山南街南側  公正路口,120.332433514087,22.602916287899
1724,瑞隆分隊,地下,前鎮區,崗山橫街186號前 （1-6號對面）,120.333220766865,22.6027797618824
1725,瑞隆分隊,地下,前鎮區,崗山橫街42號,120.3324218,22.6038287
1726,瑞隆分隊,地下,前鎮區,崗山橫街90號,120.331831192625,22.6045155241455
1727,瑞隆分隊,地下,前鎮區,康寧街、瑞興街39號前,120.33172163373,22.6112549141401
1728,瑞隆分隊,地下,前鎮區,康寧街36號、崗山北街口,120.331796991402,22.6101591860645
1729,瑞隆分隊,地下,前鎮區,康寧街6號對面,120.331826580357,22.6095333803567
1730,瑞隆分隊,地下,前鎮區,康寧街98之1號,120.33170517791,22.6118755273713
1731,瑞隆分隊,地下,前鎮區,梧州街30巷2號,120.316250040868,22.6143404065689
1732,瑞隆分隊,地下,前鎮區,凱得街  凱旋路口,120.320188272773,22.6001672491514
1733,瑞隆分隊,地下,前鎮區,凱旋三路  育樂路口-東北側--（靠診所斑馬線上）,120.32471106,22.60681369
1734,瑞隆分隊,地下,前鎮區,凱旋三路  賢明路口,120.325343042601,22.6088750219301
1735,瑞隆分隊,地下,前鎮區,凱旋三路127號,120.32498366305,22.6079113500135
1736,瑞隆分隊,地下,前鎮區,凱旋三路221巷2弄1號,120.32527581149,22.609854629783
1737,瑞隆分隊,地下,前鎮區,凱旋三路221巷口,120.32556045,22.60977643
1738,瑞隆分隊,地下,前鎮區,凱旋三路275號,120.326033986844,22.61078377421
1739,瑞隆分隊,地下,前鎮區,凱旋三路321號前,120.326597055225,22.6117310925449
1740,瑞隆分隊,地下,前鎮區,凱旋三路49號北側20公尺處輕軌大門對面（人行道上花圃內）,120.32472176,22.60643031
1741,瑞隆分隊,地下,前鎮區,凱旋四路1047巷口,120.32444834002,22.6045067174526
1742,瑞隆分隊,地下,前鎮區,凱旋四路1053號前,120.324511966271,22.6047498733794
1743,瑞隆分隊,地下,前鎮區,凱旋四路911號,120.322126288361,22.6020117614125
1744,瑞隆分隊,地下,前鎮區,凱旋四路961巷31號,120.322126542327,22.60306461898
1745,瑞隆分隊,地下,前鎮區,凱旋四路961巷口,120.322792452254,22.6026958237366
1746,瑞隆分隊,地下,前鎮區,凱旋四路981號旁,120.322721149634,22.602731904805
1747,瑞隆分隊,地下,前鎮區,凱旋市場巷125號  凱得路口,120.322137186508,22.6037632847198
1748,瑞隆分隊,地下,前鎮區,凱旋市場巷98號前,120.322324798777,22.6036525236841
1749,瑞隆分隊,地下,前鎮區,復興三路  湞池街口,120.308281020169,22.6081076315496
1750,瑞隆分隊,地下,前鎮區,復興三路  廣西路口,120.311759845261,22.6149736768721
1751,瑞隆分隊,地下,前鎮區,復興三路100號（復興派出所前）,120.310072236771,22.6100546730232
1752,瑞隆分隊,地下,前鎮區,復興三路135號  一德路口,120.309206271164,22.609049009442
1753,瑞隆分隊,地下,前鎮區,復興三路158巷口,120.311292596226,22.6124451296035
1754,瑞隆分隊,地下,前鎮區,復興三路188號,120.31149221011,22.613031581664
1755,瑞隆分隊,地下,前鎮區,復興三路238巷口號,120.311924991263,22.615451880715
1756,瑞隆分隊,地下,前鎮區,復興三路256巷口,120.311867511501,22.61579867701
1757,瑞隆分隊,地下,前鎮區,景德路43號,120.31585825332,22.6115811918311
1758,瑞隆分隊,地下,前鎮區,隆昌街58號,120.326735707464,22.6024916893995
1759,瑞隆分隊,地下,前鎮區,隆斌街130號,120.325807297022,22.6033019313525
1760,瑞隆分隊,地下,前鎮區,隆興街142號  瑞隆路口,120.327967841562,22.6052342968403
1761,瑞隆分隊,地下,前鎮區,隆興街35號,120.326744696631,22.6031820028558
1762,瑞隆分隊,地下,前鎮區,隆興街66號,120.327458594477,22.6036671606722
1763,瑞隆分隊,地下,前鎮區,湞池街  正安街口,120.307800700742,22.6086976871998
1764,瑞隆分隊,地下,前鎮區,溫江街15巷39號,120.321606,22.611053
1765,瑞隆分隊,地下,前鎮區,瑞士街忠誠路235號旁道路以東50公尺處,120.325923044319,22.5991143102375
1766,瑞隆分隊,地下,前鎮區,瑞士街停車場前（注意砂石覆蓋）,120.325646776791,22.5988097300804
1767,瑞隆分隊,地下,前鎮區,瑞北路  （東方黎明大廈前）,120.334478774236,22.6092242165533
1768,瑞隆分隊,地下,前鎮區,瑞北路  公正路口,120.3306003,22.6089568
1769,瑞隆分隊,地下,前鎮區,瑞北路 武慶一路口,120.332398699393,22.6090831899242
1770,瑞隆分隊,地下,前鎮區,瑞北路111巷20號,120.331776606152,22.6085809500442
1771,瑞隆分隊,地下,前鎮區,瑞北路132巷口,120.332062338768,22.6090844840068
1772,瑞隆分隊,地下,前鎮區,瑞北路221號前,120.328930449074,22.6087824738751
1773,瑞隆分隊,地下,前鎮區,瑞北路222巷25號,120.328321952219,22.6098744721396
1774,瑞隆分隊,地下,前鎮區,瑞北路222巷41號,120.328311530094,22.6101545690881
1775,瑞隆分隊,地下,前鎮區,瑞北路267號前,120.327566169312,22.6086701891318
1776,瑞隆分隊,地下,前鎮區,瑞北路53號   瑞泰街口,120.334464253967,22.6091107129492
1777,瑞隆分隊,地下,前鎮區,瑞田街  凱旋四路口,120.319646252362,22.5987929098597
1778,瑞隆分隊,地下,前鎮區,瑞田街  瑞日街50公尺處北側,120.321604264943,22.598218415301
1779,瑞隆分隊,地下,前鎮區,瑞田街（飯店旁）,120.320732547013,22.5983589438253
1780,瑞隆分隊,地下,前鎮區,瑞田街19號  瑞政街口,120.324187067459,22.5987294746965
1781,瑞隆分隊,地下,前鎮區,瑞田街31號  瑞聖街口,120.323360186508,22.5983394780089
1782,瑞隆分隊,地下,前鎮區,瑞田街47號  瑞賢街口,120.322816225131,22.5981990898001
1783,瑞隆分隊,地下,前鎮區,瑞田街82巷口,120.322145636771,22.5982166681441
1784,瑞隆分隊,地下,前鎮區,瑞田街慶昇樓大門左側3公尺處（面對大門）,120.321995867459,22.5981664135201
1785,瑞隆分隊,地下,前鎮區,瑞吉街  台塑加油站後路口,120.3178946,22.5963596
1786,瑞隆分隊,地下,前鎮區,瑞安街  瑞華街口,120.3364935,22.6077257
1787,瑞隆分隊,地下,前鎮區,瑞西街  瑞北路口,120.326283063229,22.6085894492709
1788,瑞隆分隊,地下,前鎮區,瑞西街  精忠街133巷口,120.326621021565,22.6097532058095
1789,瑞隆分隊,地下,前鎮區,瑞西街、瑞發街113號,120.325494493779,22.6062470498821
1790,瑞隆分隊,地下,前鎮區,瑞西街126號,120.326110626984,22.6081297609671
1791,瑞隆分隊,地下,前鎮區,瑞西街217號,120.326904195107,22.6103661915516
1792,瑞隆分隊,地下,前鎮區,瑞西街4號   瑞隆路轉角,120.325000531283,22.605077393362
1793,瑞隆分隊,地下,前鎮區,瑞和街  憲德市場巷口 （瑞隆路566巷口）,120.326898251837,22.6055772438692
1794,瑞隆分隊,地下,前鎮區,瑞和街145號,120.328649224537,22.606357237415
1795,瑞隆分隊,地下,前鎮區,瑞和街192號  隆興街口,120.327886373016,22.6060781456479
1796,瑞隆分隊,地下,前鎮區,瑞和街221號,120.327379542328,22.6058327613805
1797,瑞隆分隊,地下,前鎮區,瑞和街298號,120.325529542328,22.6050714778251
1798,瑞隆分隊,地下,前鎮區,瑞和街67號,120.330267565641,22.6068598071136
1799,瑞隆分隊,地下,前鎮區,瑞忠街70巷9號,120.328303428242,22.6106628621967
1800,瑞隆分隊,地下,前鎮區,瑞信街116巷口,120.331485435111,22.6082653759179
1801,瑞隆分隊,地下,前鎮區,瑞信街90號,120.330905211632,22.6082199353404
1802,瑞隆分隊,地下,前鎮區,瑞南街192號,120.31758763373,22.5958523315611
1803,瑞隆分隊,地下,前鎮區,瑞南街2巷口,120.321847464943,22.5960453534154
1804,瑞隆分隊,地下,前鎮區,瑞南街2號  瑞春街口,120.322277198742,22.5955814735641
1805,瑞隆分隊,地下,前鎮區,瑞南街3巷39號後門旁（瑞賢街31巷入）,120.322144402447,22.5969387629806
1806,瑞隆分隊,地下,前鎮區,瑞南街60之2號,120.319303049438,22.5957274983087
1807,瑞隆分隊,地下,前鎮區,瑞政街59號前,120.324001,22.59889
1808,瑞隆分隊,地下,前鎮區,瑞春街103號　　瑞政街口,120.3248858,22.5978987
1809,瑞隆分隊,地下,前鎮區,瑞春街69巷3號,120.323596,22.597159
1810,瑞隆分隊,地下,前鎮區,瑞春街９３巷３６號,120.32399,22.598147
1811,瑞隆分隊,地下,前鎮區,瑞春街９９巷３６號,120.324208,22.598281
1812,瑞隆分隊,地下,前鎮區,瑞恩街  瑞興街口,120.329764296726,22.611106933579
1813,瑞隆分隊,地下,前鎮區,瑞恩街、瑞北路口,120.3299743,22.608909
1814,瑞隆分隊,地下,前鎮區,瑞恩街100號  瑞孝街口,120.329987,22.609431
1815,瑞隆分隊,地下,前鎮區,瑞恩街24號對面,120.330086696924,22.607686809739
1816,瑞隆分隊,地下,前鎮區,瑞恩街61號、瑞愛街口,120.329985008598,22.6083944781745
1817,瑞隆分隊,地下,前鎮區,瑞恩街西北側  瑞忠街口（公園角落）,120.329794591996,22.6106026299804
1818,瑞隆分隊,地下,前鎮區,瑞泰街29號,120.334998860119,22.6070268984099
1819,瑞隆分隊,地下,前鎮區,瑞泰街71巷9號,120.334306411045,22.6075661390065
1820,瑞隆分隊,地下,前鎮區,瑞泰街93號  崗山東街口,120.334503288361,22.6081448087712
1821,瑞隆分隊,地下,前鎮區,瑞祥街  瑞文街口,120.328809831283,22.6099329419173
1822,瑞隆分隊,地下,前鎮區,瑞祥街、武德街口,120.328951988361,22.6077168467586
1823,瑞隆分隊,地下,前鎮區,瑞祥街142號  瑞忠街口,120.328782720238,22.6105315776484
1824,瑞隆分隊,地下,前鎮區,瑞祥街5巷49號,120.327909,22.607229
1825,瑞隆分隊,地下,前鎮區,瑞發街85號,120.326437607271,22.606278268383
1826,瑞隆分隊,地下,前鎮區,瑞華街  崗山東街口,120.336509559525,22.6081804079862
1827,瑞隆分隊,地下,前鎮區,瑞華街38號  武營路47巷口,120.336424253967,22.6088579088637
1828,瑞隆分隊,地下,前鎮區,瑞隆路  隆興街口,120.328036618355,22.6052045349878
1829,瑞隆分隊,地下,前鎮區,瑞隆路183之4號  瑞達街口,120.335231,22.605672
1830,瑞隆分隊,地下,前鎮區,瑞隆路194巷43號,120.334472,22.606864
1831,瑞隆分隊,地下,前鎮區,瑞隆路197巷9弄1號,120.334659285879,22.6049781440826
1832,瑞隆分隊,地下,前鎮區,瑞隆路207巷46號,120.334414122685,22.6048002854094
1833,瑞隆分隊,地下,前鎮區,瑞隆路232號  永豐路東北側,120.333568548445,22.6056808600608
1834,瑞隆分隊,地下,前鎮區,瑞隆路239號  永豐路口南側,120.333653440475,22.6054880954243
1835,瑞隆分隊,地下,前鎮區,瑞隆路265巷40號 （可從旨恩公旁掀開）,120.332933915344,22.6046863859494
1836,瑞隆分隊,地下,前鎮區,瑞隆路265巷口,120.332818875531,22.6055980231578
1837,瑞隆分隊,地下,前鎮區,瑞隆路339巷38號,120.331935626984,22.6047430350433
1838,瑞隆分隊,地下,前鎮區,瑞隆路351巷15號,120.331646937032,22.60508148795
1839,瑞隆分隊,地下,前鎮區,瑞隆路359號  崗山橫街口,120.331347178933,22.6054763649583
1840,瑞隆分隊,地下,前鎮區,瑞隆路389號   公正路口,120.330834909523,22.6054369734754
1841,瑞隆分隊,地下,前鎮區,瑞隆路427巷口,120.329511831657,22.605343105838
1842,瑞隆分隊,地下,前鎮區,瑞隆路437巷口,120.329282521887,22.6053303924907
1843,瑞隆分隊,地下,前鎮區,瑞隆路557號  崗山西街口,120.326954804893,22.605069475345
1844,瑞隆分隊,地下,前鎮區,瑞隆路607巷45弄口,120.325852014462,22.60401055153
1845,瑞隆分隊,地下,前鎮區,瑞隆路621巷口,120.32542723373,22.605031163645
1846,瑞隆分隊,地下,前鎮區,瑞隆路635巷67號,120.325297863886,22.6034561450365
1847,瑞隆分隊,地下,前鎮區,瑞隆路公車站候車亭前-機車道與快車道間,120.338319987059,22.606010096977
1848,瑞隆分隊,地下,前鎮區,瑞愛街101號前,120.327698487102,22.6079077628974
1849,瑞隆分隊,地下,前鎮區,瑞義街170號  瑞隆路410巷口,120.330074665012,22.6060688114843
1850,瑞隆分隊,地下,前鎮區,瑞聖街2號　　瑞春街口,120.324142813492,22.5973589030718
1851,瑞隆分隊,地下,前鎮區,瑞誠街  崗山南街口,120.329560513047,22.6009954009201
1852,瑞隆分隊,地下,前鎮區,瑞誠街114號,120.328438564194,22.6024109006507
1853,瑞隆分隊,地下,前鎮區,瑞誠街33號,120.329139743263,22.6015051306542
1854,瑞隆分隊,地下,前鎮區,瑞誠街41巷10號（崗山南街497巷口）,120.328688899229,22.6014095485573
1855,瑞隆分隊,地下,前鎮區,瑞達街  瑞雄街17號前,120.335627260783,22.6044740815223
1856,瑞隆分隊,地下,前鎮區,瑞福路132之3號  瑞安街口,120.335813758266,22.6076860073816
1857,瑞隆分隊,地下,前鎮區,瑞福路142號旁  崗山東街口,120.335906606152,22.6081944781026
1858,瑞隆分隊,地下,前鎮區,瑞福路198號  瑞北路口,120.335642553277,22.6092214590533
1859,瑞隆分隊,地下,前鎮區,瑞福路29號  崗山南街口,120.335967635582,22.6053469491927
1860,瑞隆分隊,地下,前鎮區,瑞賢街1號  瑞春街口,120.322902568123,22.5965213938776
1861,瑞隆分隊,地下,前鎮區,瑞賢街63號  瑞春街59巷口,120.322917250332,22.5976087653654
1862,瑞隆分隊,地下,前鎮區,瑞興街100號,120.330722813492,22.6112066708664
1863,瑞隆分隊,地下,前鎮區,瑞興街150號前,120.329745614883,22.6111238518524
1864,瑞隆分隊,地下,前鎮區,瑞興街174巷口,120.329018156247,22.6110720762208
1865,瑞隆分隊,地下,前鎮區,瑞興街214巷口,120.328080215344,22.6110655822218
1866,瑞隆分隊,地下,前鎮區,瑞興街22號,120.332104953373,22.6113329552702
1867,瑞隆分隊,地下,前鎮區,瑞興街236號,120.327563728836,22.6109890509762
1868,瑞隆分隊,地下,前鎮區,粵江街9巷8號,120.318900797225,22.6085952025257
1869,瑞隆分隊,地下,前鎮區,聖德二街   民興街口,120.311067436176,22.6093352380881
1870,瑞隆分隊,地下,前鎮區,聖德二街  一德路99號前,120.310136709648,22.6081888106832
1871,瑞隆分隊,地下,前鎮區,聖德二街  台鋁11巷口,120.311526093918,22.6100161569708
1872,瑞隆分隊,地下,前鎮區,聖德二街  台鋁12巷口（皇普天下）,120.311665568787,22.6102761432915
1873,瑞隆分隊,地下,前鎮區,聖德二街  台鋁1巷口,120.310399566132,22.6085057505324
1874,瑞隆分隊,地下,前鎮區,聖德二街  台鋁6巷口,120.311332974869,22.6097784547619
1875,瑞隆分隊,地下,前鎮區,聖德二街  台鋁二巷口,120.31056586309,22.6087360266836
1876,瑞隆分隊,地下,前鎮區,福祥街  崗山中街口,120.326651285357,22.6018365429994
1877,瑞隆分隊,地下,前鎮區,福祥街10巷  瑞誠街41巷底,120.328154094488,22.6010789367493
1878,瑞隆分隊,地下,前鎮區,福祥街10巷口,120.327789646348,22.6002715489381
1879,瑞隆分隊,地下,前鎮區,福祥街111巷1號,120.325033673392,22.6034721313522
1880,瑞隆分隊,地下,前鎮區,福祥街112號  隆興街口,120.326008434575,22.6026833802456
1881,瑞隆分隊,地下,前鎮區,福祥街56巷口,120.327020046301,22.6013244650635
1882,瑞隆分隊,地下,前鎮區,管仲路20號,120.312261694443,22.6062303394086
1883,瑞隆分隊,地下,前鎮區,精忠街  瑞北路口,120.3271383,22.6086939
1884,瑞隆分隊,地下,前鎮區,精忠街113巷口,120.327242736245,22.6094188871239
1885,瑞隆分隊,地下,前鎮區,精忠街132號  武德街口,120.326914193779,22.6075939054798
1886,瑞隆分隊,地下,前鎮區,精忠街145巷口,120.327422870639,22.6101563364794
1887,瑞隆分隊,地下,前鎮區,精忠街162巷10號右側,120.327856376652,22.610469052109
1888,瑞隆分隊,地下,前鎮區,精忠街3號前,120.326974559525,22.606576716287
1889,瑞隆分隊,地下,前鎮區,廣州三街  英德街口,120.31955564294,22.6140973533303
1890,瑞隆分隊,地下,前鎮區,廣州三街385號,120.319598189278,22.6150722740144
1891,瑞隆分隊,地下,前鎮區,廣州街  汕頭街口,120.318532260802,22.6095950403698
1892,瑞隆分隊,地下,前鎮區,廣州街  濂江街口,120.318375302281,22.6090956419923
1893,瑞隆分隊,地下,前鎮區,廣西路 民權二路555號,120.314281999649,22.6152457900973
1894,瑞隆分隊,地下,前鎮區,廣西路、桂林街口,120.316584908877,22.6153002466303
1895,瑞隆分隊,地下,前鎮區,廣西路、梧州街口,120.31521279497,22.6152228043503
1896,瑞隆分隊,地下,前鎮區,廣西路105號  廣州三街口,120.319621033956,22.615495063466
1897,瑞隆分隊,地下,前鎮區,廣西路1巷  廣東三街420巷口,120.3222011,22.614936
1898,瑞隆分隊,地下,前鎮區,廣西路296巷  育德路10巷口,120.3138987,22.615551
1899,瑞隆分隊,地下,前鎮區,廣西路296巷  育德路16巷口,120.313893335582,22.615907538197
1900,瑞隆分隊,地下,前鎮區,廣西路296巷21弄1號前,120.313875492065,22.6162512810394
1901,瑞隆分隊,地下,前鎮區,廣西路296巷21弄9號前,120.313357,22.616196
1902,瑞隆分隊,地下,前鎮區,廣西路342號  育德路口,120.312880796295,22.6151625767352
1903,瑞隆分隊,地下,前鎮區,廣西路381號,120.311455682209,22.6149859473928
1904,瑞隆分隊,地下,前鎮區,廣東三街 溫江街口,120.320873576721,22.6120879597775
1905,瑞隆分隊,地下,前鎮區,廣東三街139號  黃埔街口,120.320379,22.610773
1906,瑞隆分隊,地下,前鎮區,廣東三街170巷口,120.320716,22.6116584
1907,瑞隆分隊,地下,前鎮區,廣東三街365號側門靠 英德街,120.32088035582,22.6140814237576
1908,瑞隆分隊,地下,前鎮區,廣東三街39號,120.319715466271,22.608527
1909,瑞隆分隊,地下,前鎮區,廣東三街420巷口,120.32105847896,22.6148963844106
1910,瑞隆分隊,地下,前鎮區,廣東三街71號  汕頭街口,120.319853,22.609099
1911,瑞隆分隊,地下,前鎮區,賢明路  育樂路100之2號,120.323409184947,22.6085122693306
1912,瑞隆分隊,地下,前鎮區,賢明路23號  富樂街口,120.324099089134,22.6088214657573
1913,瑞隆分隊,地下,前鎮區,賢明路52巷18號育樂路136巷11號前,120.323875253543,22.609376348523
1914,瑞隆分隊,地下,前鎮區,離仔內路   凱旋四路口,120.323809760727,22.6036131181099
1915,瑞隆分隊,地下,前鎮區,離仔內路  憲德街口,120.321893026906,22.6045972272455
1916,瑞隆分隊,地下,前鎮區,離仔內路122號,120.320737374048,22.6049742898941
1917,瑞隆分隊,地下,前鎮區,離仔內路131之1號,120.320721243235,22.6049526960504
1918,瑞隆分隊,地下,前鎮區,離仔內路40號前,120.322032210451,22.6045069151697
1919,瑞隆分隊,地下,前鎮區,離仔內路51號  凱得街口,120.322572250783,22.6042849182786
1920,瑞隆分隊,地下,前鎮區,離仔內路83號前,120.321769514503,22.6046082154286
1921,瑞隆分隊,地下,前鎮區,離仔內路轉彎處  （中古機車行）,120.319920641404,22.6053525217852
1922,前鎮分隊,地下,前鎮區,千富街150巷口,120.316012054682,22.5826699304513
1923,前鎮分隊,地下,前鎮區,千富街201巷11號前,120.314200893044,22.5829491616797
1924,前鎮分隊,地下,前鎮區,千富街217號隊面巷口,120.314851999283,22.5841335663409
1925,前鎮分隊,地下,前鎮區,千富街223巷26號前,120.31371708727,22.5835771771222
1926,前鎮分隊,地下,前鎮區,千富街241巷口,120.314141213894,22.5849074792018
1927,前鎮分隊,地下,前鎮區,千富街與千富街201巷交岔口,120.315216143402,22.5836370194758
1928,前鎮分隊,地下,前鎮區,大魯閣草衙道機車道出口前,120.328425,22.581565
1929,前鎮分隊,地下,前鎮區,中山四路807號前（腳踏車專用道下坡旁建築物附近）,120.316388905048,22.5947859400558
1930,前鎮分隊,地下,前鎮區,中平路與南衙路67巷口（德國馬牌輪胎旁）,120.325922816992,22.5782863593833
1931,前鎮分隊,地下,前鎮區,中安路101號前,120.335709527135,22.5830897057867
1932,前鎮分隊,地下,前鎮區,中安路189號前（遠大輪胎）,120.337865352631,22.5831150903899
1933,前鎮分隊,地下,前鎮區,天倫街與天后街口,120.3230689466,22.5724432385797
1934,前鎮分隊,地下,前鎮區,天倫街與后南街口,120.323636904359,22.5717664681966
1935,前鎮分隊,地下,前鎮區,北江街25號旁（交通網上）,120.319797322154,22.5899328539595
1936,前鎮分隊,地下,前鎮區,平樂街63號(鋁窗行前),120.323314368725,22.5768350446728
1937,前鎮分隊,地下,前鎮區,平樂街與和義街口,120.322041660547,22.5759403485941
1938,前鎮分隊,地下,前鎮區,同安路118巷36號旁,120.317163392901,22.5842406761401
1939,前鎮分隊,地下,前鎮區,向榮街1號前,120.331242308021,22.5714129116246
1940,前鎮分隊,地下,前鎮區,向榮街2號前,120.330631434917,22.571637677116
1941,前鎮分隊,地下,前鎮區,向榮街37號前,120.329318493605,22.5721825616344
1942,前鎮分隊,地下,前鎮區,后平路與后安路交叉口（近新生路方向）,120.321215540171,22.5725627411476
1943,前鎮分隊,地下,前鎮區,地政事務所旁（下）,120.318737849593,22.5874074975966
1944,前鎮分隊,地下,前鎮區,佛公路100號前,120.323622822762,22.5730073145576
1945,前鎮分隊,地下,前鎮區,佛公路106巷與佛佑路口,120.324450954795,22.5737429008389
1946,前鎮分隊,地下,前鎮區,佛公路后安路岔口（利都遊藝場前）,120.322906002402,22.5737806707356
1947,前鎮分隊,地下,前鎮區,佛西街50號對面 （天元聖道院）,120.32148912549,22.5707670957904
1948,前鎮分隊,地下,前鎮區,佛西街92號對面（佛西與后平113巷岔口）,120.320770964026,22.5716215782225
1949,前鎮分隊,地下,前鎮區,佛佑路9號前,120.325179174542,22.5728655218013
1950,前鎮分隊,地下,前鎮區,佛佑路與佛公路168巷口(小廚子漢保對面巷口),120.323514193296,22.5748679439795
1951,前鎮分隊,地下,前鎮區,佛佑路與佛德街口,120.322693437338,22.5758932917538
1952,前鎮分隊,地下,前鎮區,佛宗路與佛東路口,120.32525293529,22.5744753873171
1953,前鎮分隊,地下,前鎮區,佛東路39巷11號,120.324092209339,22.5752140616234
1954,前鎮分隊,地下,前鎮區,佛東路與佛德路口,120.323571190238,22.5765267002443
1955,前鎮分隊,地下,前鎮區,佛南街113號前,120.324263200164,22.570300224166
1956,前鎮分隊,地下,前鎮區,佛南街144號前,120.323583930731,22.5698389237266
1957,前鎮分隊,地下,前鎮區,佛南街56號前（佛南、佛公路口）,120.325256958604,22.5710469703298
1958,前鎮分隊,地下,前鎮區,佛道路與天倫街口(汽車美容前),120.321643352509,22.5740896404854
1959,前鎮分隊,地下,前鎮區,佛道路與佛東路口,120.324093550444,22.5758740975116
1960,前鎮分隊,地下,前鎮區,佛道路與佛祐路口(汽車美容前),120.323225855827,22.5752313984414
1961,前鎮分隊,地下,前鎮區,佛德路與天倫街口,120.321109592915,22.574753396804
1962,前鎮分隊,地下,前鎮區,佛德路與佛公街口,120.321696996689,22.5751824838422
1963,前鎮分隊,地下,前鎮區,車站後街13號前,120.305656045675,22.59030369793
1964,前鎮分隊,地下,前鎮區,車站後街42號前,120.306319221854,22.5911784895166
1965,前鎮分隊,地下,前鎮區,和昌街101號前(高雄銀行後方),120.320165455341,22.5793896950658
1966,前鎮分隊,地下,前鎮區,和義街口與實業路口,120.321684256196,22.5763545719298
1967,前鎮分隊,地下,前鎮區,和義街與和清街口,120.31987041235,22.5785005879904
1968,前鎮分隊,地下,前鎮區,和義街與和豐街口,120.321308076382,22.5767842731477
1969,前鎮分隊,地下,前鎮區,和誠街50號前,120.323790460825,22.5784900623151
1970,前鎮分隊,地下,前鎮區,明正一街50號前,120.324135124683,22.5821065131677
1971,前鎮分隊,地下,前鎮區,明正二街與明衙路口（停車場斜對角）,120.324161946774,22.5812595254869
1972,前鎮分隊,地下,前鎮區,明正三街71號前,120.324284657836,22.5802503155308
1973,前鎮分隊,地下,前鎮區,明正三街與明正一街口（三姊妹海產後面）,120.323282182217,22.5814848940625
1974,前鎮分隊,地下,前鎮區,明祥街50號前,120.325571447611,22.5803890049445
1975,前鎮分隊,地下,前鎮區,明祥街80號前,120.325171798468,22.5801004812752
1976,前鎮分隊,地下,前鎮區,明衙路83巷口,120.3231433779,22.5805128346602
1977,前鎮分隊,地下,前鎮區,明道中街2號前（明道北街與明道中街口）,120.326137393713,22.5823801732789
1978,前鎮分隊,地下,前鎮區,明道六街1號前,120.325566083193,22.5830686551367
1979,前鎮分隊,地下,前鎮區,明道北街21號前,120.326742231846,22.5816551585385
1980,前鎮分隊,地下,前鎮區,明道路與明道一街口,120.326085761189,22.580624900457
1981,前鎮分隊,地下,前鎮區,明道路與明道三街口,120.325493663549,22.5813468248965
1982,前鎮分隊,地下,前鎮區,明道路與明道五街口,120.324889495969,22.5820520287367
1983,前鎮分隊,地下,前鎮區,明鳳二街40號前,120.337224975228,22.5835674533772
1984,前鎮分隊,地下,前鎮區,明鳳八街（朝天宮旁）,120.336537659168,22.5843093997246
1985,前鎮分隊,地下,前鎮區,明鳳十三街11號前,120.334447863754,22.5864224264111
1986,前鎮分隊,地下,前鎮區,明鳳十街與明鳳六街6巷口,120.337855294347,22.5849155278727
1987,前鎮分隊,地下,前鎮區,明鳳三路6號前,120.337001010776,22.5832673979106
1988,前鎮分隊,地下,前鎮區,明鳳三路與明鳳二十街口,120.337149202824,22.5868110611932
1989,前鎮分隊,地下,前鎮區,明鳳三路與國慶六街口（濟天宮大門石獅子前）,120.337583050132,22.5876749560158
1990,前鎮分隊,地下,前鎮區,明鳳六街6巷10號斜對面,120.337890833637,22.5843729450819
1991,前鎮分隊,地下,前鎮區,明鳳六街上（6巷與12巷間）,120.337771475336,22.5839445058063
1992,前鎮分隊,地下,前鎮區,金福路100號（台糖停車場大門）,120.330648869276,22.5756685332025
1993,前鎮分隊,地下,前鎮區,金福路近翠亨南路20公尺處,120.331589654088,22.5763681936028
1994,前鎮分隊,地下,前鎮區,信強街33號前(交通網上),120.318585819032,22.5913848320648
1995,前鎮分隊,地下,前鎮區,信銘街27號前(交通網上),120.319204582838,22.5906764522434
1996,前鎮分隊,地下,前鎮區,前鎮一巷30號前(BAT超市旁的巷子進去),120.307124555111,22.5920062242095
1997,前鎮分隊,地下,前鎮區,前鎮巷133之2號前,120.307541638613,22.5911079120575
1998,前鎮分隊,地下,前鎮區,前鎮巷157號前,120.306968316436,22.59165457687
1999,前鎮分隊,地下,前鎮區,前鎮巷172號前,120.307532921433,22.5917319641257
2000,前鎮分隊,地下,前鎮區,前鎮區公所正門人行道上,120.318312036359,22.5863596618441
2001,前鎮分隊,地下,前鎮區,前鎮街188號前與鎮華街口(大安藥局旁),120.307328402996,22.5904027545812
2002,前鎮分隊,地下,前鎮區,前鎮街232號前（公益彩卷門前）,120.307969450951,22.5910181424301
2003,前鎮分隊,地下,前鎮區,前鎮街281號(港式燒臘旁),120.308104915344,22.5922308110615
2004,前鎮分隊,地下,前鎮區,前鎮街68號前,120.306654497981,22.5885404776176
2005,前鎮分隊,地下,前鎮區,前鎮街95號前,120.306059718132,22.5890277180721
2006,前鎮分隊,地下,前鎮區,前鎮街與鎮州路241巷口,120.307272076607,22.5880309473188
2007,前鎮分隊,地下,前鎮區,前鎮街與鎮發街口,120.30715405941,22.5898666096059
2008,前鎮分隊,地下,前鎮區,南聖街32號前,120.307886973023,22.5876582398798
2009,前鎮分隊,地下,前鎮區,南衙路145巷與南二巷口,120.324258506298,22.5775247925632
2010,前鎮分隊,地下,前鎮區,南衙路14號前,120.326432436705,22.579688745808
2011,前鎮分隊,地下,前鎮區,南衙路南二巷105號,120.326729491353,22.5792082830156
2012,前鎮分隊,地下,前鎮區,南衙路南二巷133號,120.326090455055,22.5787643487659
2013,前鎮分隊,地下,前鎮區,南衙路南二巷225號,120.325258970261,22.578178625796
2014,前鎮分隊,地下,前鎮區,南衙路南二巷60號旁,120.327976718545,22.5801072919267
2015,前鎮分隊,地下,前鎮區,南衙路與106巷口,120.324501916766,22.5783228897184
2016,前鎮分隊,地下,前鎮區,南衙路與明正三街口,120.325387716293,22.5789451422452
2017,前鎮分隊,地下,前鎮區,草衙一路12巷8號巷口（老二活海產旁）,120.322956,22.582191
2018,前鎮分隊,地下,前鎮區,草衙一路162巷與衙東街76巷交岔口（　阿寶蝦仁羹巷子進入第一個岔口）,120.322476848939,22.5850991837742
2019,前鎮分隊,地下,前鎮區,草衙一路232號前(聖福宮前),120.322533845901,22.5863692339509
2020,前鎮分隊,地下,前鎮區,草衙一路38號前（馬路中間）,120.322514399886,22.5827838519078
2021,前鎮分隊,地下,前鎮區,草衙一路91號前,120.322383642197,22.5861283952904
2022,前鎮分隊,地下,前鎮區,草衙一路與衙泰街口,120.322072505951,22.5852566672611
2023,前鎮分隊,地下,前鎮區,草衙二路201號前（對向車道）,120.325734391809,22.5750549342994
2024,前鎮分隊,地下,前鎮區,草衙二路225號旁（草衙二路與后安路口）,120.325148329139,22.5753991939598
2025,前鎮分隊,地下,前鎮區,草衙二路360號前（藥房前）,120.322902649641,22.5778535670482
2026,前鎮分隊,地下,前鎮區,草衙二路401號前（中華電信神腦數位前）,120.322379618883,22.5787086247004
2027,前鎮分隊,地下,前鎮區,草衙二路447號前（柯尼卡前）,120.322718247771,22.5797766653645
2028,前鎮分隊,地下,前鎮區,草衙二路456號前（台灣彩券）,120.322757810354,22.5797797611225
2029,前鎮分隊,地下,前鎮區,草衙二路511號前(草衙二路的大眾銀行前方),120.322965681553,22.5814972769405
2030,前鎮分隊,地下,前鎮區,草衙二路與南衙路口,120.323318392038,22.5775124093281
2031,前鎮分隊,地下,前鎮區,草衙中街95號（老人照護中心）_對向車道,120.320859476924,22.5785129711367
2032,前鎮分隊,地下,前鎮區,草衙中街與和誠街口,120.321167930961,22.5792906304946
2033,前鎮分隊,地下,前鎮區,草衙中街與和運街口(朝陽寺前),120.321619212627,22.5776114751778
2034,前鎮分隊,地下,前鎮區,草衙派出所前,120.319427847862,22.5862423138867
2035,前鎮分隊,地下,前鎮區,國光路110號前,120.323829352856,22.5707887675118
2036,前鎮分隊,地下,前鎮區,國光路與佛西街口,120.322374254465,22.5697640009592
2037,前鎮分隊,地下,前鎮區,國光路與佛佑路口,120.325733721256,22.5721664628045
2038,前鎮分隊,地下,前鎮區,國華一街1號(冠驊公司大門出口左前方),120.303191766143,22.5876910530337
2039,前鎮分隊,地下,前鎮區,國華一街1號(冠驊公司守衛室斜對面),120.302908793092,22.5884389431763
2040,前鎮分隊,地下,前鎮區,國華一街3號(紘洋化工內),120.303508937359,22.5868682453621
2041,前鎮分隊,地下,前鎮區,國華一街遠東ABC大樓中庭出口處,120.302409231663,22.5897365972305
2042,前鎮分隊,地下,前鎮區,國華一街遠東ABC大樓地下室出口左側,120.302607044578,22.5892208802656
2043,前鎮分隊,地下,前鎮區,康和路139巷口,120.315391123295,22.5861383012591
2044,前鎮分隊,地下,前鎮區,康和路27號,120.317552983761,22.5876520487178
2045,前鎮分隊,地下,前鎮區,康和路71巷口（公園旁）,120.3173908,22.5865649
2046,前鎮分隊,地下,前鎮區,康和路83號旁,120.31663030386,22.5869796868696
2047,前鎮分隊,地下,前鎮區,康和路85巷19號對面,120.316910291996,22.5865743990056
2048,前鎮分隊,地下,前鎮區,康和路衙忠街口（康和路117號旁電線桿下）,120.315824970603,22.5864032856555
2049,前鎮分隊,地下,前鎮區,康定路106號前（震天宮前）,120.3197067976,22.5860565769966
2050,前鎮分隊,地下,前鎮區,康定路113號對面（下）,120.319307819009,22.5866664121803
2051,前鎮分隊,地下,前鎮區,凱旋四路（前鎮之星橋下與凱旋四路交匯往機車道方向，仔細找）,120.315450802445,22.5951423069354
2052,前鎮分隊,地下,前鎮區,凱旋四路（機車專用道上，單車道下坡處）,120.314451009035,22.5947574621824
2053,前鎮分隊,地下,前鎮區,凱旋四路396巷31號前（巷底）,120.313792510416,22.5939181212143
2054,前鎮分隊,地下,前鎮區,凱旋四路406巷24號前（巷內轉彎處）,120.314116403461,22.5940254775038
2055,前鎮分隊,地下,前鎮區,凱旋四路424巷3號前（近424巷口）,120.314857363701,22.5946930774035
2056,前鎮分隊,地下,前鎮區,凱旋四路424巷79號前,120.314013138373,22.593481298464
2057,前鎮分隊,地下,前鎮區,港壽街271號,120.330844670534,22.5719534627243
2058,前鎮分隊,地下,前鎮區,港壽街321號前,120.3299469,22.5730755
2059,前鎮分隊,地下,前鎮區,雄菱加油站前,120.312615036964,22.580458349599
2060,前鎮分隊,地下,前鎮區,新生路132-1號斜對面（機車道上）,120.306953442328,22.5871001647501
2061,前鎮分隊,地下,前鎮區,新生路5巷40號,120.304343104362,22.5877405823077
2062,前鎮分隊,地下,前鎮區,新生路9巷42號,120.304455757141,22.5873697314354
2063,前鎮分隊,地下,前鎮區,新生路與后安路叉口（北上機車道右側約5公尺處）,120.320099070668,22.5717621338833
2064,前鎮分隊,地下,前鎮區,新生路與新衙路口（大榮貨櫃門口）,120.312445387244,22.5806459514805
2065,前鎮分隊,地下,前鎮區,新生路與漁港東三路口（機車道上）,120.31989119947,22.5716797819056
2066,前鎮分隊,地下,前鎮區,新展路9號前（萬事通）,120.316917300224,22.578493158102
2067,前鎮分隊,地下,前鎮區,新都路15號前（華電）,120.315198004246,22.5788968481199
2068,前鎮分隊,地下,前鎮區,新衙路182號對面（人生中藥房對面巷口）,120.31861782074,22.5827504184466
2069,前鎮分隊,地下,前鎮區,新衙路206巷16號前（衙愛街口）,120.318036451936,22.5831937207163
2070,前鎮分隊,地下,前鎮區,新衙路210號前（相館前）,120.318185985088,22.5826451649049
2071,前鎮分隊,地下,前鎮區,新衙路296巷70號前,120.313357338309,22.5832525386477
2072,前鎮分隊,地下,前鎮區,新衙路296巷與新衙路交岔口,120.314775556326,22.5814632240232
2073,前鎮分隊,地下,前鎮區,新衙路2號前,120.322115421295,22.5839540179358
2074,前鎮分隊,地下,前鎮區,新衙路98號前（建誠五金行前）,120.320083647966,22.5832834954436
2075,前鎮分隊,地下,前鎮區,新衙路與康定路口,120.321029797196,22.5835905864822
2076,前鎮分隊,地下,前鎮區,新衙路與新都路口,120.313551127911,22.5809276633969
2077,前鎮分隊,地下,前鎮區,衙仁街42號前,120.319708138704,22.5840023102884
2078,前鎮分隊,地下,前鎮區,衙仁街90號前,120.318887382746,22.5852034223305
2079,前鎮分隊,地下,前鎮區,衙仁街與同安路口,120.3193795681,22.5845657198185
2080,前鎮分隊,地下,前鎮區,衙竹一街51號前,120.320845734665,22.5851635377875
2081,前鎮分隊,地下,前鎮區,衙竹三街2號旁,120.320595979744,22.5855485218591
2082,前鎮分隊,地下,前鎮區,衙孝街20號前（天和宮旁）,120.316708087921,22.5858757928496
2083,前鎮分隊,地下,前鎮區,衙孝街76巷口（乾洗店旁）,120.316008031368,22.5851186018753
2084,前鎮分隊,地下,前鎮區,衙和二街1號前,120.315375700593,22.583847527047
2085,前鎮分隊,地下,前鎮區,衙忠路與衙孝街口,120.316661149263,22.5855278446114
2086,前鎮分隊,地下,前鎮區,衙東街65號前,120.322566702962,22.5840660809333
2087,前鎮分隊,地下,前鎮區,衙東街76巷26號前,120.322609618306,22.5845774832896
2088,前鎮分隊,地下,前鎮區,衙東街82巷23號旁,120.32317891717,22.5844846137534
2089,前鎮分隊,地下,前鎮區,衙東街與衙國三街口,120.323508158326,22.5844567528803
2090,前鎮分隊,地下,前鎮區,衙東街與臨海街口,120.323978886008,22.5848981922732
2091,前鎮分隊,地下,前鎮區,衙松一街31號前,120.321356146933,22.5843847478272
2092,前鎮分隊,地下,前鎮區,衙信三街16之1號前,120.314599871635,22.5856504314575
2093,前鎮分隊,地下,前鎮區,衙泰街與康定路口（超準鐘錶行旁巷口）,120.320287683599,22.5852181720229
2094,前鎮分隊,地下,前鎮區,衙國三街與衙國二街口,120.324366465211,22.5837422743435
2095,前鎮分隊,地下,前鎮區,衙梅三街3號前,120.320079311963,22.5863229937461
2096,前鎮分隊,地下,前鎮區,衙華街25號前,120.32199203968,22.5861729721437
2097,前鎮分隊,地下,前鎮區,衙愛街20號前,120.3201084584,22.5842053856374
2098,前鎮分隊,地下,前鎮區,衙愛街51號前,120.319293007681,22.5838155769013
2099,前鎮分隊,地下,前鎮區,衙愛街92號（妙崇寺後門.鐵捲門前）,120.318771377206,22.5835546766784
2100,前鎮分隊,地下,前鎮區,衙義一街與衙義二街岔口,120.315048471093,22.5842611074796
2101,前鎮分隊,地下,前鎮區,衙義三街15號前,120.315030366182,22.5848356602713
2102,前鎮分隊,地下,前鎮區,衙慶一街與衙東街口,120.323030054569,22.5841657612026
2103,前鎮分隊,地下,前鎮區,衙慶三街2號前,120.323659032583,22.5830364600186
2104,前鎮分隊,地下,前鎮區,衙慶三街53號斜對面巷口,120.322870472387,22.5836251102779
2105,前鎮分隊,地下,前鎮區,實業路與草衙中街口,120.322369560599,22.5768690987341
2106,前鎮分隊,地下,前鎮區,漁港南三路與興漁三路口,120.317215695977,22.565995518986
2107,前鎮分隊,地下,前鎮區,漁港路11號前,120.325411898148,22.583410920938
2108,前鎮分隊,地下,前鎮區,漁港路136號前（豪記料理）,120.320520848036,22.5799857132966
2109,前鎮分隊,地下,前鎮區,漁港路157號（三姐妹海產店前）,120.323036760082,22.5818394379291
2110,前鎮分隊,地下,前鎮區,漁港路198號（生暉汽車材料行旁巷口）,120.321647375822,22.5807815447605
2111,前鎮分隊,地下,前鎮區,漁港路與和義街口（汽機車共用道上）,120.319370850921,22.5791853743097
2112,前鎮分隊,地下,前鎮區,漁港路與明道路口（明道路白線上）,120.324440225956,22.5826957091222
2113,前鎮分隊,地下,前鎮區,福民街10號前,120.330363214016,22.5722964917614
2114,前鎮分隊,地下,前鎮區,福民街46號前,120.329968929291,22.5714915486289
2115,前鎮分隊,地下,前鎮區,福民街84號前,120.329639688134,22.5708283957935
2116,前鎮分隊,地下,前鎮區,翠文街69號前,120.312310606241,22.5927714255279
2117,前鎮分隊,地下,前鎮區,翠亨北路161之1號前(汽車廠前),120.323216468096,22.5865190613884
2118,前鎮分隊,地下,前鎮區,翠亨北路399巷5號前（亞太公園前）,120.315014272928,22.5928964822971
2119,前鎮分隊,地下,前鎮區,翠亨北路412號對面,120.314917713404,22.5934542836316
2120,前鎮分隊,地下,前鎮區,翠亨北路462號前,120.314550921321,22.5933248937342
2121,前鎮分隊,地下,前鎮區,翠亨北路470巷1號前,120.314133167267,22.5931907198142
2122,前鎮分隊,地下,前鎮區,翠亨北路470巷65號前,120.315013602376,22.5944545045138
2123,前鎮分隊,地下,前鎮區,翠亨北路530號前,120.313057601452,22.5925460754196
2124,前鎮分隊,地下,前鎮區,翠亨北路71號前(錦輪電子前),120.324674248695,22.584773128241
2125,前鎮分隊,地下,前鎮區,翠亨南路721號前（嘉南羊乳）,120.326777100563,22.5822656323483
2126,前鎮分隊,地下,前鎮區,翠亨南路明正國小後門（翠亨南路上）,120.327655865854,22.5812183025389
2127,前鎮分隊,地下,前鎮區,翠村街37號前,120.315014272928,22.594313578047
2128,前鎮分隊,地下,前鎮區,翠村街73號前（無障礙之家與原住民服務中心之間）,120.315868556499,22.5944782548946
2129,前鎮分隊,地下,前鎮區,翠村街87號前（原住民服務中心後面）,120.316319838166,22.5945005419716
2130,前鎮分隊,地下,前鎮區,翠福街33號前,120.314442962408,22.5926067466389
2131,前鎮分隊,地下,前鎮區,翠福街77號前,120.313788503408,22.5936298799853
2132,前鎮分隊,地下,前鎮區,翠禮街146號前,120.313290283084,22.5933044637393
2133,前鎮分隊,地下,前鎮區,翠禮街19號前,120.314518734813,22.5920592413772
2134,前鎮分隊,地下,前鎮區,翠禮街71號對面,120.313897803426,22.592405540962
2135,前鎮分隊,地下,前鎮區,德昌路108巷口,120.318222815344,22.5820181062649
2136,前鎮分隊,地下,前鎮區,德昌路287號前,120.315090045333,22.5855600391472
2137,前鎮分隊,地下,前鎮區,德昌路50號前（姐妹卡拉OK前）,120.318815633655,22.5813158676654
2138,前鎮分隊,地下,前鎮區,德昌路80巷34號前（龍鳳宮旁）,120.319060322072,22.5821036472409
2139,前鎮分隊,地下,前鎮區,德昌路與新衙路口,120.317770242691,22.5824779973497
2140,前鎮分隊,地下,前鎮區,德昌路與衙平一街口,120.317355170846,22.5830321260598
2141,前鎮分隊,地下,前鎮區,德昌路與鎮國路口,120.314674973488,22.58868906447
2142,前鎮分隊,地下,前鎮區,樹人路108巷口,120.320419712113,22.5879802094206
2143,前鎮分隊,地下,前鎮區,樹人路277號前（金牛角前）,120.31751409173,22.5912373040382
2144,前鎮分隊,地下,前鎮區,樹人路與北江街口,120.319109335547,22.589498634861
2145,前鎮分隊,地下,前鎮區,樹人路與旭原街口,120.319779217243,22.5887228341594
2146,前鎮分隊,地下,前鎮區,樹人路與信強街口,120.317878201604,22.5909135143078
2147,前鎮分隊,地下,前鎮區,樹人路與信銘街口,120.318498462439,22.5901916400075
2148,前鎮分隊,地下,前鎮區,樹人路與信龍街口,120.317575782537,22.5912199692344
2149,前鎮分隊,地下,前鎮區,樹人路與鎮海路口(近樹人街),120.317251905799,22.5915864760491
2150,前鎮分隊,地下,前鎮區,樹德路二巷口（給水站旁巷口）,120.317626744509,22.5891938082941
2151,前鎮分隊,地下,前鎮區,興仁路106之1號旁(113巷對面馬路),120.311169996858,22.58536501444
2152,前鎮分隊,地下,前鎮區,興仁路113巷口,120.311141833663,22.5853068165373
2153,前鎮分隊,地下,前鎮區,興仁路113巷口與興化街口,120.311944484752,22.5843636581173
2154,前鎮分隊,地下,前鎮區,興仁路131巷21號（慈正宮旁）,120.311286002479,22.5848273864232
2155,前鎮分隊,地下,前鎮區,興仁路150巷28號前,120.309911370277,22.5852554290071
2156,前鎮分隊,地下,前鎮區,興仁路151號巷口,120.310335829854,22.5847533161067
2157,前鎮分隊,地下,前鎮區,興仁路167巷8號後面,120.309975743294,22.5841521403005
2158,前鎮分隊,地下,前鎮區,興仁路167巷口,120.309951603413,22.5844468467908
2159,前鎮分隊,地下,前鎮區,興仁路與興平路口,120.310732796788,22.5851018854291
2160,前鎮分隊,地下,前鎮區,興化街168號,120.31121224165,22.5837658014254
2161,前鎮分隊,地下,前鎮區,興化街172號旁,120.311153233041,22.5837637188826
2162,前鎮分隊,地下,前鎮區,興平路117巷18號,120.310137346387,22.5865555895405
2163,前鎮分隊,地下,前鎮區,興平路117巷46號前,120.309709534049,22.5870199296139
2164,前鎮分隊,地下,前鎮區,興平路90號與興順路口,120.309981778264,22.5859921881495
2165,前鎮分隊,地下,前鎮區,興平路與興旺路交叉口(興旺路409號旁),120.310555770993,22.5864519711291
2166,前鎮分隊,地下,前鎮區,興旺路437巷2號(興旺437與興旺路口),120.310123264831,22.5869324086631
2167,前鎮分隊,地下,前鎮區,興旺路437巷與興順路岔口,120.309521108866,22.586507298083
2168,前鎮分隊,地下,前鎮區,興陽街34號,120.31129874289,22.5843531329089
2169,前鎮分隊,地下,前鎮區,興陽街61號前,120.310535654426,22.5837637188779
2170,前鎮分隊,地下,前鎮區,興順街64號(淨心堂前),120.308972597122,22.5871109400849
2171,前鎮分隊,地下,前鎮區,環保局與區公所交叉口安全島旁,120.317871725041,22.5868599691024
2172,前鎮分隊,地下,前鎮區,擴建路1 之1 號前(星展銀行前),120.307293534279,22.5922699591247
2173,前鎮分隊,地下,前鎮區,鎮川四巷38號前,120.309895277023,22.5915499492313
2174,前鎮分隊,地下,前鎮區,鎮中路103巷口（金香舖旁巷口）,120.320567786694,22.5872155710961
2175,前鎮分隊,地下,前鎮區,鎮中路173號前（里服務處前）,120.318925779099,22.5857335397189
2176,前鎮分隊,地下,前鎮區,鎮中路242號旁（鎮中路240巷口）,120.317695140839,22.5849768215819
2177,前鎮分隊,地下,前鎮區,鎮中路247巷19號（阿扁檳榔旁118巷8弄，走進去到底）,120.318099416637,22.5842364808029
2178,前鎮分隊,地下,前鎮區,鎮中路99巷與衙竹一街交岔口,120.321750907035,22.5856576126203
2179,前鎮分隊,地下,前鎮區,鎮中路99巷與衙竹三街交岔口,120.321473197877,22.5861353640169
2180,前鎮分隊,地下,前鎮區,鎮中路99巷與衙梅三街交岔口,120.321004717468,22.5869775903385
2181,前鎮分隊,地下,前鎮區,鎮中路與衙仁街口（眾安府旁）,120.318451523781,22.5855290828629
2182,前鎮分隊,地下,前鎮區,鎮州路125-1號前,120.309790000319,22.5896177286656
2183,前鎮分隊,地下,前鎮區,鎮州路150號前,120.309751108289,22.5896344445637
2184,前鎮分隊,地下,前鎮區,鎮州路196巷46號前,120.308220237494,22.5892660752269
2185,前鎮分隊,地下,前鎮區,鎮州路218號前,120.308544114232,22.5886122946163
2186,前鎮分隊,地下,前鎮區,鎮州路明心社警善堂前,120.309266299009,22.5890320518422
2187,前鎮分隊,地下,前鎮區,鎮州路與南聖街口,120.306822136045,22.58782787761
2188,前鎮分隊,地下,前鎮區,鎮州路與鎮發街口,120.308502539992,22.588596816818
2189,前鎮分隊,地下,前鎮區,鎮州路與鎮華路岔口(鎮州路182號前),120.309271663427,22.589098915707
2190,前鎮分隊,地下,前鎮區,鎮州路與鎮賢街口(冰廠前),120.309702828526,22.5896010127654
2191,前鎮分隊,地下,前鎮區,鎮邦街20號前,120.313341915607,22.5938558474082
2192,前鎮分隊,地下,前鎮區,鎮邦街與翠和街口,120.312501043081,22.5935452898503
2193,前鎮分隊,地下,前鎮區,鎮旺街67號,120.306694060564,22.590829935573
2194,前鎮分隊,地下,前鎮區,鎮旺街與前鎮街135巷口,120.306046307087,22.5900059084434
2195,前鎮分隊,地下,前鎮區,鎮昌七巷與翠亨北路口,120.312631130219,22.5922321942969
2196,前鎮分隊,地下,前鎮區,鎮昌二巷2號前,120.314196869731,22.5918629876787
2197,前鎮分隊,地下,前鎮區,鎮昌三巷28號前,120.31397357583,22.5919428512049
2198,前鎮分隊,地下,前鎮區,鎮昌五巷44號前,120.313742235303,22.5920377981344
2199,前鎮分隊,地下,前鎮區,鎮昌六巷48號前,120.313488766551,22.5920276674631
2200,前鎮分隊,地下,前鎮區,鎮昌街70號前,120.311662852764,22.5896084420546
2201,前鎮分隊,地下,前鎮區,鎮昌街與鎮東二街口,120.31238771975,22.5901699713379
2202,前鎮分隊,地下,前鎮區,鎮昌街與鎮東三街口,120.311968624592,22.5898554656928
2203,前鎮分隊,地下,前鎮區,鎮東一街153號前,120.312835648656,22.5906621588487
2204,前鎮分隊,地下,前鎮區,鎮東一街174號前,120.313148126006,22.5902814101737
2205,前鎮分隊,地下,前鎮區,鎮東一街176號右後方,120.31314343214,22.5901786388062
2206,前鎮分隊,地下,前鎮區,鎮東一街1之1號前,120.310426354408,22.5931057354488
2207,前鎮分隊,地下,前鎮區,鎮東一街264巷口（KYMCO機車行對面）,120.314101651311,22.5893403682817
2208,前鎮分隊,地下,前鎮區,鎮東一街301之21號（面對保興宮大門右側民宅前）,120.315230190754,22.5881931552248
2209,前鎮分隊,地下,前鎮區,鎮東一街39號旁,120.311068743467,22.5924804514176
2210,前鎮分隊,地下,前鎮區,鎮東一街406巷2弄2-1號前,120.314905643463,22.5863135129615
2211,前鎮分隊,地下,前鎮區,鎮東一街406巷3弄2號前,120.314581766725,22.5867221330269
2212,前鎮分隊,地下,前鎮區,鎮東一街406巷3弄3號前,120.314165353775,22.5867623758466
2213,前鎮分隊,地下,前鎮區,鎮東一街406巷4弄3號對面,120.31394436136,22.5871548940281
2214,前鎮分隊,地下,前鎮區,鎮東一街406巷5弄3之1號前,120.31386628747,22.5876043767611
2215,前鎮分隊,地下,前鎮區,鎮東一街413號前(傢俱行旁),120.316400974989,22.5870112619469
2216,前鎮分隊,地下,前鎮區,鎮東一街468號前,120.317161381245,22.5862026900378
2217,前鎮分隊,地下,前鎮區,鎮東一街492號前,120.317520797253,22.5858114039181
2218,前鎮分隊,地下,前鎮區,鎮東一街4號前,120.310471951962,22.5930295871493
2219,前鎮分隊,地下,前鎮區,鎮東一街509之1號旁,120.318013865659,22.5856581313753
2220,前鎮分隊,地下,前鎮區,鎮東一街83號前,120.31166754663,22.5918545454496
2221,前鎮分隊,地下,前鎮區,鎮東一街與鎮昌街口,120.312864482403,22.5905977721549
2222,前鎮分隊,地下,前鎮區,鎮東二街2號前,120.310062244534,22.5926358440509
2223,前鎮分隊,地下,前鎮區,鎮東二街40號旁,120.310570523143,22.5921003268663
2224,前鎮分隊,地下,前鎮區,鎮東二街92號前,120.31126588583,22.591426748537
2225,前鎮分隊,地下,前鎮區,鎮東三街40號前(金香舖前),120.31015008688,22.5917195821677
2226,前鎮分隊,地下,前鎮區,鎮東三街96號前,120.31083136797,22.5910113323181
2227,前鎮分隊,地下,前鎮區,鎮東三街與鎮東街口（近婦產科）,120.309549942613,22.5923690143614
2228,前鎮分隊,地下,前鎮區,鎮東四街163號前,120.311664864421,22.5890252416319
2229,前鎮分隊,地下,前鎮區,鎮東四街165巷10號前,120.311852872353,22.5891046391414
2230,前鎮分隊,地下,前鎮區,鎮東四街20巷11號前,120.309219360352,22.5912150164329
2231,前鎮分隊,地下,前鎮區,鎮東四街38號前,120.309664607048,22.5913759823897
2232,前鎮分隊,地下,前鎮區,鎮東四街與鎮州路口,120.310528278351,22.5905309090179
2233,前鎮分隊,地下,前鎮區,鎮東街41號旁(近前鎮街),120.309530496597,22.5923461078443
2234,前鎮分隊,地下,前鎮區,鎮洋路17號前,120.313541498759,22.5895428585859
2235,前鎮分隊,地下,前鎮區,鎮洋路49號前與鎮原街口,120.312997922301,22.5890828188536
2236,前鎮分隊,地下,前鎮區,鎮原街24之1號,120.313492789865,22.5885664803284
2237,前鎮分隊,地下,前鎮區,鎮原街36號,120.313250720501,22.5883324557549
2238,前鎮分隊,地下,前鎮區,鎮海二街21號對面,120.317083597183,22.5924699268106
2239,前鎮分隊,地下,前鎮區,鎮海八街106號旁,120.314838588279,22.5898886723025
2240,前鎮分隊,地下,前鎮區,鎮海八街30號前,120.31482450664,22.5908451879855
2241,前鎮分隊,地下,前鎮區,鎮海八街96號旁,120.314746722579,22.5901507790849
2242,前鎮分隊,地下,前鎮區,鎮海六街30號前,120.315604358912,22.5913825673556
2243,前鎮分隊,地下,前鎮區,鎮海四街28號旁(交通網上),120.316368788501,22.5919351969086
2244,前鎮分隊,地下,前鎮區,鎮海路112巷23號旁,120.316040217876,22.5899796808682
2245,前鎮分隊,地下,前鎮區,鎮海路112巷口,120.315617099404,22.5903680847613
2246,前鎮分隊,地下,前鎮區,鎮海路123號與鎮海八街路口(鎮海加油站旁),120.315272435546,22.590310508077
2247,前鎮分隊,地下,前鎮區,鎮海路149號(汽車保養場前),120.315387770534,22.5895960599057
2248,前鎮分隊,地下,前鎮區,鎮海路2號前(弘儀貿易旁巷口),120.317964032292,22.5921158042708
2249,前鎮分隊,地下,前鎮區,鎮海路與鎮海一街口,120.317941233516,22.5921473781706
2250,前鎮分隊,地下,前鎮區,鎮海路與鎮海七街口,120.315719023347,22.5905067639882
2251,前鎮分隊,地下,前鎮區,鎮海路與鎮海三街口(近鎮海三街),120.317233130336,22.5916137163815
2252,前鎮分隊,地下,前鎮區,鎮海路與鎮海五街口,120.316473394632,22.5910881008344
2253,前鎮分隊,地下,前鎮區,鎮海路與鎮海六街口,120.316067039967,22.5908098991751
2254,前鎮分隊,地下,前鎮區,鎮國路113巷30號前,120.314728617668,22.5880204223717
2255,前鎮分隊,地下,前鎮區,鎮富街與康和路74巷口,120.316643714905,22.5876105679253
2256,前鎮分隊,地下,前鎮區,鎮富街與康和路86巷口,120.316418409348,22.5874570269727
2257,前鎮分隊,地下,前鎮區,鎮發街22號前,120.308361053467,22.5887980280599
2258,前鎮分隊,地下,前鎮區,鎮發街39號前,120.30797213316,22.5893298434347
2259,前鎮分隊,地下,前鎮區,鎮華街112號前,120.307223796844,22.5905593877654
2260,前鎮分隊,地下,前鎮區,鎮華街30號前(蘿拉美療養生館),120.308637320995,22.5895644854209
2261,前鎮分隊,地下,前鎮區,鎮榮街110號前,120.3100669384,22.5891447298178
2262,前鎮分隊,地下,前鎮區,鎮榮街117號前,120.309865102172,22.5890401002721
2263,前鎮分隊,地下,前鎮區,鎮榮街81號前（鎮榮路與鎮川五巷口）,120.310776382685,22.5897446456192
2264,前鎮分隊,地下,前鎮區,鎮榮街與鎮川六巷口,120.310048162937,22.5891843528203
2265,前鎮分隊,地下,前鎮區,鎮榮街與鎮東一街口,120.312431976199,22.5910429064711
2266,前鎮分隊,地下,前鎮區,鎮榮街與鎮東二街口,120.311951860785,22.5906949712869
2267,前鎮分隊,地下,前鎮區,鎮榮街與鎮東三街口,120.311542823911,22.5902702662941
2268,前鎮分隊,地下,前鎮區,鎮榮街與鎮東六街口,120.310311019421,22.589357703322
2269,前鎮分隊,地下,前鎮區,鎮賢街41號前,120.308878049254,22.5901941164266
2270,前鎮分隊,地下,前鎮區,鎮賢街47號前,120.308661460876,22.5902900776349
2271,前鎮分隊,地下,前鎮區,鎮興路22巷口,120.314473807812,22.5894908115949
2272,前鎮分隊,地下,前鎮區,鎮興路48巷口,120.314314886928,22.5900090039715
2273,前鎮分隊,地下,前鎮區,鎮興路61號前,120.313514918089,22.5906144879341
2274,前鎮分隊,地下,前鎮區,鎮興路與翠亨北路口,120.312185883522,22.5920322262658
2275,前鎮分隊,地下,前鎮區,鎮興路與鎮榮路口,120.312790721655,22.5914007463663
2276,成功分隊,地下,苓雅區,三多四路36號（三多四路與仁德街口）（收費停車場前）,120.303038848873,22.6134745568171
2277,成功分隊,地下,苓雅區,中山二路355號(布蘭奇咖啡前),120.303913597908,22.6154721533653
2278,成功分隊,地下,苓雅區,中山二路463號前【苓雅二路、中山二路口(7-11前)】,120.302754064969,22.6184608957372
2279,成功分隊,地下,前鎮區,中山二路55巷26號前,120.305049738195,22.6071108915485
2280,成功分隊,地下,前鎮區,中山二路55巷53號前,120.305538498472,22.6076093401364
2281,成功分隊,地下,前鎮區,中山二路55巷77號前,120.305945285057,22.6079261520443
2282,成功分隊,地下,前鎮區,中山二路89巷17號前,120.305282,22.609003
2283,成功分隊,地下,前鎮區,中山三路時代大道公車站前,120.314027813635,22.598268640133
2284,成功分隊,地下,前鎮區,中華五路1111號(家樂福機車道出口),120.304836623443,22.6056886083617
2285,成功分隊,地下,前鎮區,中華五路1361巷28號前,120.303297255295,22.6088421048099
2286,成功分隊,地下,前鎮區,中華五路1382號前,120.303954309193,22.6086676673936
2287,成功分隊,地下,前鎮區,中華五路770巷與建盛街交叉口,120.305945639938,22.6053672487991
2288,成功分隊,地下,前鎮區,中華五路939巷成功橋旁,120.304094847083,22.5998538884751
2289,成功分隊,地下,前鎮區,中華五路947巷6號(32棟前),120.304880928566,22.6006837330145
2290,成功分隊,地下,前鎮區,中華五路969巷2弄5號前10公尺（15棟）,120.304432993549,22.6017774182046
2291,成功分隊,地下,前鎮區,中華五路與中華五路770巷口,120.305405776182,22.6051783534635
2292,成功分隊,地下,前鎮區,中華五路與修文街口（待轉區格子內）,120.304039339398,22.6081663440361
2293,成功分隊,地下,前鎮區,中華五路與修成街口,120.304020512733,22.6081586516465
2294,成功分隊,地下,前鎮區,中華五路與新光路口西南角,120.302805943192,22.6111866316875
2295,成功分隊,地下,苓雅區,五福三路101號(五福三路、成功一路口(7-11)),120.295027996837,22.6210648066632
2296,成功分隊,地下,苓雅區,五福三路145號(五福三路、國軍英雄館前),120.292544278686,22.6206190775953
2297,成功分隊,地下,苓雅區,五福三路151號(五福三路、天主教堂前),120.291597869345,22.6206155080024
2298,成功分隊,地下,苓雅區,仁義街153之2號,120.301471009815,22.6193995728817
2299,成功分隊,地下,苓雅區,仁義街65號,120.302374154162,22.6171370034609
2300,成功分隊,地下,苓雅區,仁德街16巷2號,120.303007633174,22.6144643012566
2301,成功分隊,地下,苓雅區,允文街103號,120.295259791364,22.6186399781026
2302,成功分隊,地下,苓雅區,允文街137號前(路中央),120.294128328578,22.6182632516993
2303,成功分隊,地下,前鎮區,文林街37號前（都會新廈大樓對面）,120.304999868752,22.6091790731432
2304,成功分隊,地下,苓雅區,文武三街42號,120.299756422988,22.6170549245628
2305,成功分隊,地下,苓雅區,文武三街75號,120.299200816778,22.6184493462152
2306,成功分隊,地下,苓雅區,四維四路173號(四維四路、苓中路口[西南側])(新形象計程車行),120.294883808312,22.6139967069944
2307,成功分隊,地下,苓雅區,四維四路178-3號【四維四路、永泰路口(全聯福利中心)】,120.2955988349,22.6145325898006
2308,成功分隊,地下,苓雅區,四維四路22號(四維四路與仁德街口)（東北側）,120.301791367394,22.6165938259387
2309,成功分隊,地下,苓雅區,四維四路238號,120.293078086914,22.6144252302231
2310,成功分隊,地下,苓雅區,四維四路238號對面,120.292982833558,22.6142672946918
2311,成功分隊,地下,苓雅區,四維四路239號（四維四路、海邊路口）（東南側）,120.292195776498,22.6146053671728
2312,成功分隊,地下,苓雅區,四維四路262號（四維四路、海邊路口）（東北側）,120.292295702046,22.6147842285988
2313,成功分隊,地下,苓雅區,四維四路3號(四維四路與仁義街口(玉山銀行)),120.302570881016,22.6166135834387
2314,成功分隊,地下,苓雅區,四維四路5號(四維四路5號前與仁德街口)（東南側）,120.301891935395,22.6163647297226
2315,成功分隊,地下,前鎮區,正勤路75號前(燦坤3C前),120.305826176243,22.602892984325
2316,成功分隊,地下,前鎮區,正勤路與建隆街口(COSTCO旁),120.307345989263,22.6034618076975
2317,成功分隊,地下,苓雅區,永平路46巷14號前（慈善堂）,120.293836825149,22.6147923363333
2318,成功分隊,地下,苓雅區,永平路6號(苓安路、永平路口)(東邊),120.292628559351,22.6135537669825
2319,成功分隊,地下,苓雅區,永平路74巷36弄5號前,120.294344519014,22.6154248534316
2320,成功分隊,地下,苓雅區,永平路96號【昇平街、永泰路口(雙喜檳榔)】,120.294190631599,22.6164701191298
2321,成功分隊,地下,苓雅區,永泰路100號(苓雅二路、永泰路口),120.295034402447,22.6159182034825
2322,成功分隊,地下,苓雅區,永泰路1號,120.2963796432,22.6124692850177
2323,成功分隊,地下,苓雅區,永泰路33號(永泰路、苓東路口),120.296067530671,22.6133063164866
2324,成功分隊,地下,苓雅區,永泰路40號(成功一路135巷、永泰路口),120.295807979745,22.614005152496
2325,成功分隊,地下,苓雅區,永泰路49號(四維四路、永泰路口)(西南側),120.295679268105,22.6143087866205
2326,成功分隊,地下,苓雅區,永泰路77號(安瀾宮旁),120.295340772404,22.6151940319219
2327,成功分隊,地下,苓雅區,永泰路84巷8弄12號前,120.295754,22.615238
2328,成功分隊,地下,苓雅區,永泰路86號(永泰路84巷口),120.295324,22.615513
2329,成功分隊,地下,苓雅區,永泰路與苓雅二路189巷口（靠苓雅二路189巷約10M）,120.295465076639,22.6149708747441
2330,成功分隊,地下,苓雅區,永興街2號,120.30108668371,22.6136777426729
2331,成功分隊,地下,苓雅區,光明街143號前,120.293134627561,22.6196113249323
2332,成功分隊,地下,苓雅區,光明街89號前(愛上悅讀大樓),120.294438,22.619941
2333,成功分隊,地下,苓雅區,成功一路118號(華新街、成功一路口),120.297700271164,22.6142137377735
2334,成功分隊,地下,苓雅區,成功一路135巷口(邱外科旁),120.297555643026,22.6146088459918
2335,成功分隊,地下,苓雅區,成功一路168-2號(成功一路、永昌街(全家超商)),120.297142626984,22.6158134808452
2336,成功分隊,地下,苓雅區,成功一路198號(苓雅二路、成功一路口),120.296869889549,22.6164590000001
2337,成功分隊,地下,苓雅區,成功一路263號旁（斑馬線上）,120.295410252349,22.6199599370718
2338,成功分隊,地下,苓雅區,成功一路34號(永興街、成功一路口),120.298284250909,22.6127647694853
2339,成功分隊,地下,苓雅區,成功一路53巷20號,120.297493,22.61301
2340,成功分隊,地下,苓雅區,成功一路53巷42號（成功一路53巷、成功國小後門前）,120.296992993883,22.6127380498344
2341,成功分隊,地下,苓雅區,成功一路70號(成功、興中路口)(伯朗士自行車行),120.298016720238,22.6135144401064
2342,成功分隊,地下,前鎮區,成功二路5號（台電南部廠口左50公尺，輕軌站北端）,120.302928174943,22.600611005689
2343,成功分隊,地下,前鎮區,成功二路三角公園旁（前鎮夜市往夢時代中間）,120.306085088357,22.5927520767602
2344,成功分隊,地下,前鎮區,成功二路中鋼總部大門右側,120.301535086894,22.6044560710716
2345,成功分隊,地下,前鎮區,成功二路台糖加油站前,120.30445869472,22.5967525136532
2346,成功分隊,地下,前鎮區,成功二路成功橋電箱旁,120.3032624295,22.5996423268037
2347,成功分隊,地下,苓雅區,自強三路104號（自強三路、永昌街口）,120.298803072999,22.6163411570784
2348,成功分隊,地下,苓雅區,自強三路138號(自強三路、苓雅二路口),120.298526976687,22.6170564052823
2349,成功分隊,地下,苓雅區,自強三路152號(自強三路150巷口),120.298394720238,22.6174601073344
2350,成功分隊,地下,苓雅區,自強三路169號（自強三路、昇平街口（50嵐））,120.29817864418,22.6177776741784
2351,成功分隊,地下,苓雅區,自強三路187巷45號（青年二路133巷口、自強三路187巷口（大樓車道前））,120.296943,22.617772
2352,成功分隊,地下,苓雅區,自強三路25-1號(永興街、自強三路口)(小北百貨旁),120.299951034393,22.6133155919204
2353,成功分隊,地下,苓雅區,自強三路27號,120.299819839287,22.6136506720982
2354,成功分隊,地下,苓雅區,自強三路39號(自強三路、興中二路口)(彩卷行旁),120.299674877315,22.6140702275097
2355,成功分隊,地下,苓雅區,自強三路52號(三多四路與自強三路口(麥葳美食前)),120.300227676669,22.6126782030742
2356,成功分隊,地下,苓雅區,自強三路53巷10號,120.299072563648,22.614350084669
2357,成功分隊,地下,苓雅區,自強三路55號(自強三路53巷口對面(苓洲國小旁)),120.299571119049,22.6145090000005
2358,成功分隊,地下,苓雅區,自強三路7號(三多四路與自強三路口)（西北側近人行道）,120.30009974107,22.6125904309644
2359,成功分隊,地下,苓雅區,自強三路7號(三多四路與自強三路口)（路中央）,120.300133939235,22.6125749558623
2360,成功分隊,地下,前鎮區,忠勤路7-11旁地下停車場出入口前,120.30277132988,22.604071888945
2361,成功分隊,地下,苓雅區,昇平街120號前,120.295471,22.61699
2362,成功分隊,地下,苓雅區,昇平街121號前,120.295456,22.616821
2363,成功分隊,地下,苓雅區,昇平街19號（?壽司）,120.298806,22.617976
2364,成功分隊,地下,苓雅區,昇平街53號前（志明乾洗店）,120.297434,22.617524
2365,成功分隊,地下,前鎮區,林森四路與啟聖街口（台電水泥電桿場前）,120.301352719435,22.6087437967257
2366,成功分隊,地下,苓雅區,青年二路101號（自強三路、青年二路口（東南側））,120.297947674188,22.6185556160225
2367,成功分隊,地下,苓雅區,城西一巷1-1號(城西街、城西巷口),120.301158294477,22.6135143102822
2368,成功分隊,地下,苓雅區,城西街 48號(自強三路80巷、城西街口),120.300878253967,22.6140280564689
2369,成功分隊,地下,前鎮區,建盛街與中華五路718巷,120.306373765546,22.6042703737301
2370,成功分隊,地下,前鎮區,建隆街123號(獅甲國小後門旁),120.306343812077,22.6061788552675
2371,成功分隊,地下,前鎮區,建隆街43號左前5公尺,120.30698449577,22.6043985557303
2372,成功分隊,地下,前鎮區,建隆街77號前,120.306726333153,22.6051438789643
2373,成功分隊,地下,前鎮區,建隆街與中華五路770巷口,120.3065768,22.6055673000001
2374,成功分隊,地下,苓雅區,英雄路1號【海邊路、英雄路口（斗六冰城）】,120.29292360921,22.6192338927284
2375,成功分隊,地下,苓雅區,苓中路170號前（雅都美髮工作室前）,120.294542009175,22.6149174245265
2376,成功分隊,地下,苓雅區,苓中路19-1號前(21巷口),120.295167750649,22.6132716297188
2377,成功分隊,地下,苓雅區,苓中路1號(苓安路、苓中路口),120.294973825899,22.6124713610455
2378,成功分隊,地下,苓雅區,苓安路、海邊路口(東南側),120.291835963726,22.6138544741937
2379,成功分隊,地下,苓雅區,苓安路22號(苓安路24巷口),120.295333067459,22.6123060008888
2380,成功分隊,地下,苓雅區,苓安路3號(苓安路、苓南路口)(西邊),120.293602065728,22.613109742473
2381,成功分隊,地下,苓雅區,苓安路58號(苓安路、苓中路33巷底),120.294110192625,22.6128736218333
2382,成功分隊,地下,苓雅區,苓南路32號（停車場）,120.293973571198,22.6139172263414
2383,成功分隊,地下,苓雅區,苓雅二路137號(苓雅二路、市場廟前),120.297463423279,22.6167028556539
2384,成功分隊,地下,苓雅區,苓雅二路154號(苓雅二路160巷口),120.296341644757,22.6163307292286
2385,成功分隊,地下,苓雅區,苓雅二路191號前,120.296278667494,22.6163022266344
2386,成功分隊,地下,苓雅區,苓雅二路22號(苓雅二路與仁義街口)(西北側),120.30196000554,22.6182131488598
2387,成功分隊,地下,苓雅區,苓雅二路40之3號(苓雅二路與仁德街口)(東北側),120.301262347221,22.6179840624748
2388,成功分隊,地下,苓雅區,苓雅二路70巷35號,120.299554,22.618303
2389,成功分隊,地下,苓雅區,苓雅二路80號（文武三街、苓雅二路口）,120.299641317791,22.6174275337075
2390,成功分隊,地下,前鎮區,修文街23巷口,120.304877293918,22.6084331144182
2391,成功分隊,地下,前鎮區,修文街36號前,120.305265533729,22.6085123284441
2392,成功分隊,地下,前鎮區,修文街38巷9號前,120.305444850054,22.6084518398854
2393,成功分隊,地下,前鎮區,修成街31號前（太普TOP建設前）,120.302904596156,22.6083198095295
2394,成功分隊,地下,前鎮區,展覽館前旁停車場前,120.300046205521,22.6079693245551
2395,成功分隊,地下,前鎮區,時代大道上（中華五路往中山三路前約20公尺）,120.313618183136,22.5982329573918
2396,成功分隊,地下,前鎮區,時代大道上（中華五路往中山三路約250公尺）,120.311794281006,22.5976584604962
2397,成功分隊,地下,前鎮區,時代南二路底,120.311182425474,22.5966869512494
2398,成功分隊,地下,前鎮區,時代南三路底,120.311831958555,22.5961028873495
2399,成功分隊,地下,苓雅區,海邊路28-2號(海邊路、苓中路口)(玫瑰森林cafe),120.292813650297,22.6157210300502
2400,成功分隊,地下,苓雅區,海邊路33號(移民署高雄港隊),120.293421003636,22.6169127660073
2401,成功分隊,地下,苓雅區,海邊路46號前,120.293456560102,22.6184022423536
2402,成功分隊,地下,苓雅區,海邊路48號（7-11對面人行道上）,120.293225887764,22.6185510620146
2403,成功分隊,地下,苓雅區,海邊路往東過苓南路150公尺處（旅運中心路口）,120.295234322548,22.6109009949788
2404,成功分隊,地下,苓雅區,海邊路往東過苓南路50公尺處（苓南路往回第2-3電線桿間）,120.293826162815,22.6115274333453
2405,成功分隊,地下,苓雅區,海邊路與永平路口（與067對稱位置）,120.292120277882,22.6124707995738
2406,成功分隊,地下,苓雅區,海邊路與苓南路口（與066對稱位置）,120.292949080467,22.6119112182871
2407,成功分隊,地下,前鎮區,啟聖街與修成南街口,120.301912178821,22.6073194642942
2408,成功分隊,地下,前鎮區,凱旋四路119號前（消防局大樓車道入口左側）,120.307751463628,22.5929127590197
2409,成功分隊,地下,前鎮區,凱旋四路上近中山路右側50公尺（汽車格白線上﹚,120.315598227075,22.5957877827038
2410,成功分隊,地下,前鎮區,凱旋四路與中華五路口（往中山路方向約100M處）,120.312250918423,22.5943094688106
2411,成功分隊,地下,前鎮區,凱旋四路與中華五路口（往中山路方向約200M處）,120.313615907814,22.5947328712808
2412,成功分隊,地下,前鎮區,凱旋四路與中華五路口（測速照相與斑馬線間機車道上）,120.309536344044,22.5934616512538
2413,成功分隊,地下,前鎮區,復興三路（中鋼大樓車道前斑馬線上）,120.302525788394,22.6056794036626
2414,成功分隊,地下,前鎮區,復興三路3號（啟智學校大門口前）,120.302157323943,22.6055806178656
2415,成功分隊,地下,苓雅區,華新街29號,120.298303119626,22.6144495687841
2416,成功分隊,地下,苓雅區,新田路、永明街口(國揚建設前),120.293861747746,22.6190063173239
2417,成功分隊,地下,苓雅區,新田路393號前(太普大樓),120.294191387103,22.6191161771629
2418,成功分隊,地下,苓雅區,新光路140巷1號,120.299384,22.610917
2419,成功分隊,地下,苓雅區,新光路2號【新光路、中山二路口(大遠百出口人行道)】,120.30496320636,22.6124649263781
2420,成功分隊,地下,前鎮區,新系統物流園區大門出口右側(人行道花圃上),120.304088523465,22.5977702846573
2421,成功分隊,地下,前鎮區,獅興街與文林街口西北角,120.304325806746,22.6110033239555
2422,成功分隊,地下,前鎮區,獅興街與林森四路217巷口,120.303977119574,22.6107879078917
2423,成功分隊,地下,苓雅區,興中二路11-2號(御宿商旅前),120.303283,22.615191
2424,成功分隊,地下,苓雅區,興中二路24巷25號,120.302575288361,22.6154530191246
2425,成功分隊,地下,苓雅區,興中二路41號(興中二路與仁德街口)(東南側),120.302538,22.614932
2426,鼎金分隊,地下,三民區,三民高中西側門前5公尺(金山路上),120.326038923279,22.6631116760545
2427,鼎金分隊,地下,三民區,士良街108號左前,120.320994536211,22.65339896489
2428,鼎金分隊,地下,三民區,士良街84巷口,120.321346915379,22.6538014390228
2429,鼎金分隊,地下,三民區,大中一路110巷42弄口,120.3263258,22.6736323
2430,鼎金分隊,地下,三民區,大中一路110巷62號右側巷口,120.326507795718,22.6730412620428
2431,鼎金分隊,地下,三民區,大中一路147巷口,120.325321851573,22.6752404459883
2432,鼎金分隊,地下,三民區,大中一路193巷口,120.324454319066,22.6756784676593
2433,鼎金分隊,地下,三民區,大中一路233號前（人行道上）,120.323760956526,22.6762122485136
2434,鼎金分隊,地下,三民區,大中一路235巷、鼎中路762巷口,120.3232342696,22.6750224330031
2435,鼎金分隊,地下,三民區,大享街18號左前,120.327390682786,22.6565375450731
2436,鼎金分隊,地下,三民區,大享街41巷口,120.327362199475,22.6569464957598
2437,鼎金分隊,地下,三民區,大享街98巷口,120.327350941647,22.6578634863979
2438,鼎金分隊,地下,三民區,大和街66號前,120.327585255889,22.6544609652718
2439,鼎金分隊,地下,三民區,大昌ㄧ路301巷6弄39號,120.318191876739,22.6571251760688
2440,鼎金分隊,地下,三民區,大昌一路106巷8號前,120.32647820734,22.6539965946776
2441,鼎金分隊,地下,三民區,大昌一路168巷底,120.325466620849,22.6550438494166
2442,鼎金分隊,地下,三民區,大昌一路221號轉角,120.323638271737,22.6555878047027
2443,鼎金分隊,地下,三民區,大昌一路222巷口,120.322607346558,22.6563770399811
2444,鼎金分隊,地下,三民區,大昌一路270巷2弄1號右前,120.321209580068,22.6579747284255
2445,鼎金分隊,地下,三民區,大昌一路270巷左側第一條防火巷口,120.321013375446,22.6576275176125
2446,鼎金分隊,地下,三民區,大昌一路270巷左側第二條防火巷口,120.321128375158,22.6579031932687
2447,鼎金分隊,地下,三民區,大昌一路288巷2弄2號前,120.3208419678,22.6581981201515
2448,鼎金分隊,地下,三民區,大昌一路301巷2弄18號,120.3191735,22.6562184
2449,鼎金分隊,地下,三民區,大昌一路301巷6弄2號左側,120.319450378156,22.6565239913383
2450,鼎金分隊,地下,三民區,大昌一路302巷15弄口,120.320270577674,22.6582759802006
2451,鼎金分隊,地下,三民區,大昌一路412巷27之1號,120.317617326389,22.6594980664595
2452,鼎金分隊,地下,三民區,大昌一路422巷26號,120.31740114294,22.659533780732
2453,鼎金分隊,地下,三民區,大昌一路與鼎山街口,120.321414023638,22.6572299234827
2454,鼎金分隊,地下,三民區,大裕街180巷23號前,120.329549934879,22.657993061643
2455,鼎金分隊,地下,三民區,大裕街180巷36號前,120.330274131313,22.6579806856514
2456,鼎金分隊,地下,三民區,大裕路132巷1弄1號,120.32917557499,22.6564615955179
2457,鼎金分隊,地下,三民區,大裕路161號對面巷口(大裕路與昌富街口),120.328710014138,22.6569674170133
2458,鼎金分隊,地下,三民區,大裕路174巷17號旁,120.329530154596,22.6574982996425
2459,鼎金分隊,地下,三民區,大裕路180巷口,120.328717277736,22.6579908143855
2460,鼎金分隊,地下,三民區,大裕路202巷口,120.328723320502,22.6584978855432
2461,鼎金分隊,地下,三民區,大裕路48號前(人行道上),120.328702361936,22.6542753657442
2462,鼎金分隊,地下,三民區,大裕路71巷口,120.328656089059,22.6548660435592
2463,鼎金分隊,地下,三民區,大裕路90號(人行道上),120.328674128801,22.6553359109012
2464,鼎金分隊,地下,三民區,大裕路與大福街口,120.328668984656,22.6559590224098
2465,鼎金分隊,地下,三民區,大福街127巷26號,120.325775801835,22.6561417036174
2466,鼎金分隊,地下,三民區,大福街128號前,120.326348703041,22.6569038272819
2467,鼎金分隊,地下,三民區,大福街170號左前,120.326210014715,22.6578271380776
2468,鼎金分隊,地下,三民區,大福街1號前,120.329681968088,22.6559449944278
2469,鼎金分隊,地下,三民區,大福街209巷18號旁,120.325469548445,22.6574889814046
2470,鼎金分隊,地下,三民區,大福街235巷22號前,120.325430557043,22.6579423184538
2471,鼎金分隊,地下,三民區,大福街2巷20號前,120.32968099446,22.6564377027181
2472,鼎金分隊,地下,三民區,大福街40巷80號旁,120.328222760921,22.6578808400296
2473,鼎金分隊,地下,三民區,大福街81巷口,120.32741154785,22.6559486065075
2474,鼎金分隊,地下,三民區,大德街115號對面,120.332261320273,22.6556811681498
2475,鼎金分隊,地下,三民區,大德街121號前,120.331858387731,22.6559780489273
2476,鼎金分隊,地下,三民區,大德街146巷11號,120.331717815973,22.6564688575778
2477,鼎金分隊,地下,三民區,大德街37號,120.332131512897,22.6545461228723
2478,鼎金分隊,地下,三民區,大德街95號前,120.3324518626,22.6553667920505
2479,鼎金分隊,地下,三民區,大興街43巷口,120.329862038133,22.654340087104
2480,鼎金分隊,地下,三民區,大興街86號,120.330001,22.65504
2481,鼎金分隊,地下,三民區,大興街87巷3號前,120.329255300594,22.6547390646865
2482,鼎金分隊,地下,三民區,大豐一路109-15號前,120.330322221479,22.6559833310603
2483,鼎金分隊,地下,三民區,大豐一路109號前,120.331201273645,22.6559796232161
2484,鼎金分隊,地下,三民區,大豐一路115號斜對面（大德街口）,120.331211739916,22.6559861644322
2485,鼎金分隊,地下,三民區,大豐一路125巷58號前,120.329681449074,22.6564421103937
2486,鼎金分隊,地下,三民區,大豐一路127號前,120.331155022737,22.656425975772
2487,鼎金分隊,地下,三民區,大豐一路140號,120.331094641699,22.6570245043786
2488,鼎金分隊,地下,三民區,大豐一路18號前,120.331377222055,22.6541734365253
2489,鼎金分隊,地下,三民區,大豐一路256巷12號前,120.330370323734,22.6598512560012
2490,鼎金分隊,地下,三民區,大豐一路256巷1弄16號前,120.329926836805,22.6593718051738
2491,鼎金分隊,地下,三民區,大豐一路256巷口,120.330292254596,22.6589443648778
2492,鼎金分隊,地下,三民區,大豐一路333號前,120.329560606728,22.6589863144534
2493,鼎金分隊,地下,三民區,大豐一路451巷口,120.326719396313,22.6588806924532
2494,鼎金分隊,地下,三民區,大豐一路480巷12弄2號前,120.325708901206,22.6590602713045
2495,鼎金分隊,地下,三民區,大豐一路89巷11號,120.3306708,22.6553463
2496,鼎金分隊,地下,三民區,大豐一路與大享街口,120.327305455962,22.6589445296344
2497,鼎金分隊,地下,三民區,大豐一路與大裕路174巷口,120.331031714837,22.6574755018287
2498,鼎金分隊,地下,三民區,大豐一路與大裕路202巷口,120.330865326966,22.6584659737551
2499,鼎金分隊,地下,三民區,大豐一路與大裕路口,120.328727697293,22.6590107407114
2500,鼎金分隊,地下,三民區,中區資源回收場下坡道往廣法式路口,120.330067601219,22.6660075193705
2501,鼎金分隊,地下,三民區,天祥、民族路口,120.31721445562,22.6680407608671
2502,鼎金分隊,地下,三民區,天祥一路、鼎新路口（西南側）,120.32338142395,22.666353251494
2503,鼎金分隊,地下,三民區,天祥一路100巷33號前,120.320726097696,22.6681987860921
2504,鼎金分隊,地下,三民區,天祥一路100巷61號前,120.320981655837,22.6687800186985
2505,鼎金分隊,地下,三民區,天祥一路100巷口,120.320412684604,22.6674743246121
2506,鼎金分隊,地下,三民區,天祥一路10巷24弄1號前,120.32492317791,22.6669017974154
2507,鼎金分隊,地下,三民區,天祥一路125巷50號,120.320178509839,22.6661614770356
2508,鼎金分隊,地下,三民區,天祥一路142巷35號前,120.319572381615,22.668704399926
2509,鼎金分隊,地下,三民區,天祥一路145號前(與鼎中路口),120.31979382209,22.6673964603763
2510,鼎金分隊,地下,三民區,天祥一路159巷口(固鎖式),120.319239706764,22.6674924270718
2511,鼎金分隊,地下,三民區,天祥一路197巷口,120.318028964436,22.6678217925298
2512,鼎金分隊,地下,三民區,天祥一路41號,120.32308369875,22.6664725487098
2513,鼎金分隊,地下,三民區,天祥一路97號右側,120.321591852674,22.6669705189047
2514,鼎金分隊,地下,三民區,天祥一路97號左側,120.321887230943,22.6670008380955
2515,鼎金分隊,地下,三民區,天祥一路與鼎力路口(天祥一路69號左),120.322201251984,22.6668037093814
2516,鼎金分隊,地下,三民區,天祥一路與鼎金後路口對面,120.32513448004,22.6664748754087
2517,鼎金分隊,地下,三民區,天祥二路19號旁,120.316355146575,22.6683462318204
2518,鼎金分隊,地下,三民區,天祥二路23巷3號前,120.316189883721,22.6677120140707
2519,鼎金分隊,地下,三民區,天祥二路23巷底,120.315798847221,22.6679740932127
2520,鼎金分隊,地下,三民區,天祥二路36號行道樹前,120.316192674545,22.6685642430777
2521,鼎金分隊,地下,三民區,天祥路河堤路口東南角人行道上,120.315275788307,22.6685411759498
2522,鼎金分隊,地下,三民區,本和街155號前,120.325880815973,22.6548626139013
2523,鼎金分隊,地下,三民區,本和街166巷口,120.326131365607,22.654837746908
2524,鼎金分隊,地下,三民區,本和街80號前,120.327071171164,22.6541336731266
2525,鼎金分隊,地下,三民區,本館路600巷20號(大仁廳左前),120.332385725201,22.6597891758984
2526,鼎金分隊,地下,三民區,本館路600巷20號(福德堂對面),120.333229279936,22.6603114348889
2527,鼎金分隊,地下,三民區,本館路600巷口,120.332186164279,22.6597068661701
2528,鼎金分隊,地下,三民區,本館路600巷底,120.336084365845,22.6602694501084
2529,鼎金分隊,地下,三民區,本館路601巷1號前,120.332134352185,22.6582429790774
2530,鼎金分隊,地下,三民區,民族ㄧ路794巷21號,120.317540093254,22.6660805608232
2531,鼎金分隊,地下,三民區,民族一路、明愛路口,120.315751370781,22.6623033706589
2532,鼎金分隊,地下,三民區,民族一路503巷口,120.315652222935,22.6614377811785
2533,鼎金分隊,地下,三民區,民族一路509號右側,120.316075405217,22.6644613356461
2534,鼎金分隊,地下,三民區,民族一路537號前,120.316422432661,22.666022832268
2535,鼎金分隊,地下,三民區,民族一路541號旁,120.316401647239,22.666191846388
2536,鼎金分隊,地下,三民區,民族一路543巷35號前,120.314850976975,22.666806777424
2537,鼎金分隊,地下,三民區,民族一路545號前,120.316445189566,22.6662628783769
2538,鼎金分隊,地下,三民區,民族一路554巷口,120.315797288396,22.6570478428602
2539,鼎金分隊,地下,三民區,民族一路560巷27號前,120.318167484738,22.6565466494583
2540,鼎金分隊,地下,三民區,民族一路575巷口,120.316726624317,22.6676146584738
2541,鼎金分隊,地下,三民區,民族一路600巷口,120.316058159524,22.6601770363103
2542,鼎金分隊,地下,三民區,民族一路600巷之8號旁,120.317399362458,22.6600621981882
2543,鼎金分隊,地下,三民區,民族一路620巷53號(固鎖式),120.317409279763,22.6606356789181
2544,鼎金分隊,地下,三民區,民族一路628巷18號前,120.316772294477,22.6609915692237
2545,鼎金分隊,地下,三民區,民族一路636號前,120.316084726355,22.6612996077421
2546,鼎金分隊,地下,三民區,民族一路637號前（人行道磚上盈典機電前）,120.317046266559,22.6693769752094
2547,鼎金分隊,地下,三民區,民族一路638巷51號前,120.317411023314,22.6613558508857
2548,鼎金分隊,地下,三民區,民族一路638巷72弄口,120.3186604,22.6613713
2549,鼎金分隊,地下,三民區,民族一路647巷37號,120.316181565411,22.6694008561485
2550,鼎金分隊,地下,三民區,民族一路680巷25號前,120.317160139881,22.662387299514
2551,鼎金分隊,地下,三民區,民族一路760巷27號,120.317309982804,22.6651520353464
2552,鼎金分隊,地下,三民區,民族一路794巷6弄9號前,120.317263798777,22.6658527803389
2553,鼎金分隊,地下,三民區,民族一路794巷6弄口,120.317149638029,22.6661127429253
2554,鼎金分隊,地下,三民區,民族一路854巷13號,120.3174722,22.6674449
2555,鼎金分隊,地下,三民區,民族一路854巷與天祥一路159巷口,120.319153480565,22.6670557714203
2556,鼎金分隊,地下,三民區,民族一路886巷36號前,120.318226577298,22.6685728565869
2557,鼎金分隊,地下,三民區,立志街221號旁,120.322409781281,22.6550581522999
2558,鼎金分隊,地下,三民區,昌富街33號前,120.330382449074,22.6570108636374
2559,鼎金分隊,地下,三民區,昌富街59號左側,120.329734415258,22.6569864598801
2560,鼎金分隊,地下,三民區,昌富街67號,120.329667225148,22.6569577564128
2561,鼎金分隊,地下,三民區,昌裕街110號前,120.330810101853,22.65401495054
2562,鼎金分隊,地下,三民區,昌裕街111號前,120.33070116683,22.6537262329664
2563,鼎金分隊,地下,三民區,昌裕街1-11號前,120.331782950891,22.6576687202468
2564,鼎金分隊,地下,三民區,昌裕街142巷口,120.330185611097,22.6534162817847
2565,鼎金分隊,地下,三民區,昌裕街187號前,120.329402446015,22.6529687714601
2566,鼎金分隊,地下,三民區,昌裕街190巷14號前,120.328753149056,22.6530103602012
2567,鼎金分隊,地下,三民區,昌裕街25號前,120.331814571758,22.6568309198669
2568,鼎金分隊,地下,三民區,昌裕街2巷19弄口,120.33118351108,22.6589759005046
2569,鼎金分隊,地下,三民區,昌裕街2巷5號前,120.331400909227,22.6584994045504
2570,鼎金分隊,地下,三民區,昌裕街31巷53號,120.33292379266,22.6565092832823
2571,鼎金分隊,地下,三民區,昌裕街71巷27弄1號前,120.33201821288,22.6550064504019
2572,鼎金分隊,地下,三民區,昌裕街71巷口,120.331240017774,22.6554729109174
2573,鼎金分隊,地下,三民區,昌裕街9巷15號前,120.332641711063,22.6570370956941
2574,鼎金分隊,地下,三民區,明仁路、明愛路口,120.314278838032,22.6623705701477
2575,鼎金分隊,地下,三民區,明仁路12之5號前,120.314522087574,22.6603065774605
2576,鼎金分隊,地下,三民區,明仁路16之5號,120.31499628386,22.6607876580461
2577,鼎金分隊,地下,三民區,明仁路與明哲路口（西北角）,120.314154624939,22.6611951557566
2578,鼎金分隊,地下,三民區,明仁路與明福街口,120.314275324345,22.6617817627881
2579,鼎金分隊,地下,三民區,明仁路與明賢街口（西北角另一個東邊交叉）,120.314074158669,22.6604526116145
2580,鼎金分隊,地下,三民區,明仁路與明賢街口（東南角另一個北方交叉）,120.312553346157,22.6627643858258
2581,鼎金分隊,地下,三民區,明吉路1號(人行道上),120.313101857901,22.6614698960709
2582,鼎金分隊,地下,三民區,明吉路35巷口（西北角）,120.31367443482,22.6630500993228
2583,鼎金分隊,地下,三民區,明吉路與明仁路口(西南角),120.313420206728,22.6625014281973
2584,鼎金分隊,地下,三民區,明吉路與明福街口（東北角）,120.313389361325,22.6619624704379
2585,鼎金分隊,地下,三民區,明吉路與裕誠路口（裕誠路101號）,120.313815325499,22.6637754654099
2586,鼎金分隊,地下,三民區,明哲路與河堤路口（東南角以南約十公尺）,120.311735272408,22.6615763268556
2587,鼎金分隊,地下,三民區,明誠一路、大裕路口,120.328692176843,22.659832382539
2588,鼎金分隊,地下,三民區,明誠一路、金鼎路口,120.330799495693,22.6601198516006
2589,鼎金分隊,地下,三民區,明誠一路151號前,120.327709147239,22.6595328872446
2590,鼎金分隊,地下,三民區,明誠一路233號前,120.326293048879,22.6593579965572
2591,鼎金分隊,地下,三民區,明誠一路490號前,120.3226389,22.6602048
2592,鼎金分隊,地下,三民區,明誠一路與金鼎路交叉口,120.330877506637,22.6600984625211
2593,鼎金分隊,地下,三民區,明誠一路與鼎愛街口,120.320835424478,22.6603358091266
2594,鼎金分隊,地下,三民區,明福街與明賢街口（東北角）,120.31240619371,22.6622017495087
2595,鼎金分隊,地下,三民區,明福路、明仁路（東南角）,120.314466901091,22.66168434165
2596,鼎金分隊,地下,三民區,明賢街63號前（維也納DC大廈管理室後）,120.312578827143,22.6608572986701
2597,鼎金分隊,地下,三民區,明賢街86號前,120.312683600901,22.6632881616414
2598,鼎金分隊,地下,三民區,明賢街與明哲路口（東北角）,120.312266289549,22.6616851984695
2599,鼎金分隊,地下,三民區,武功巷口(團管區左前),120.330714583397,22.6719714940473
2600,鼎金分隊,地下,三民區,武功巷往鼎金ㄧ巷(高速公路下方),120.330204963684,22.6708280642132
2601,鼎金分隊,地下,三民區,河堤路312號前,120.31178892943,22.6626418538829
2602,鼎金分隊,地下,三民區,河堤路500號前,120.31361952424,22.6652370005752
2603,鼎金分隊,地下,三民區,河堤路534號前,120.314082327256,22.6657929459962
2604,鼎金分隊,地下,三民區,河堤路628號前,120.315259780374,22.667661770318
2605,鼎金分隊,地下,三民區,河堤路與明仁路口（東北角）,120.311996466184,22.662995828326
2606,鼎金分隊,地下,三民區,金山路104號旁,120.325364258895,22.6616979888819
2607,鼎金分隊,地下,三民區,金山路133巷2弄口,120.3244584,22.6614811
2608,鼎金分隊,地下,三民區,金山路133巷9弄24號前,120.325245288361,22.6611472819776
2609,鼎金分隊,地下,三民區,金山路133巷與明誠一路口,120.324462757672,22.659868872477
2610,鼎金分隊,地下,三民區,金山路160巷口,120.323882540475,22.6619223660983
2611,鼎金分隊,地下,三民區,金山路195巷口,120.322674988955,22.661903402658
2612,鼎金分隊,地下,三民區,金山路204巷33號右前10公尺,120.322363769347,22.6630459633937
2613,鼎金分隊,地下,三民區,金山路299號前,120.319758804893,22.6618211210553
2614,鼎金分隊,地下,三民區,金山路330巷75號與鼎強街79巷30號口,120.319902186509,22.6637957356846
2615,鼎金分隊,地下,三民區,金山路330巷口,120.319830091402,22.6619165544729
2616,鼎金分隊,地下,三民區,金山路360巷69號,120.318715721369,22.6634648407736
2617,鼎金分隊,地下,三民區,金山路360巷90號前,120.318727262566,22.6642404800253
2618,鼎金分隊,地下,三民區,金山路360巷口,120.318648291402,22.6619000216667
2619,鼎金分隊,地下,三民區,金山路381號前,120.317723317791,22.6617973146105
2620,鼎金分隊,地下,三民區,金山路418號旁,120.31713925302,22.6618498288424
2621,鼎金分隊,地下,三民區,金山路60號右側15公尺（金陵路與金山路口）,120.325774932541,22.6625536290853
2622,鼎金分隊,地下,三民區,金山路80巷1號前,120.325311652779,22.6621144253718
2623,鼎金分隊,地下,三民區,金山路80巷40號,120.32399942632,22.6625960055799
2624,鼎金分隊,地下,三民區,金山路89巷24號左前,120.324853259524,22.6601168063772
2625,鼎金分隊,地下,三民區,金山路89巷56號前,120.32401893006,22.660298131968
2626,鼎金分隊,地下,三民區,金山路89巷64號旁,120.323760688325,22.6603339883568
2627,鼎金分隊,地下,三民區,金山路89巷口,120.325452447291,22.6616343470475
2628,鼎金分隊,地下,三民區,金山路與金陵路27巷口,120.324536509431,22.6618542984605
2629,鼎金分隊,地下,三民區,金山路與鼎新路口,120.323346949733,22.6619483533134
2630,鼎金分隊,地下,三民區,金陵街113巷口,120.324179960049,22.6638842844835
2631,鼎金分隊,地下,三民區,金陵路26號左前,120.325010076057,22.6628676471479
2632,鼎金分隊,地下,三民區,金陵路27巷15號左側,120.324752533729,22.6623306789831
2633,鼎金分隊,地下,三民區,金鼎路、大裕路（公園旁）,120.328653272244,22.6626318037937
2634,鼎金分隊,地下,三民區,金鼎路114巷5號前,120.327909116568,22.6633081722533
2635,鼎金分隊,地下,三民區,金鼎路114巷對面、三民高中旁,120.327834172352,22.6628811678425
2636,鼎金分隊,地下,三民區,金鼎路120巷26號對面,120.327513246033,22.6636277119095
2637,鼎金分隊,地下,三民區,金鼎路122號左側,120.327308957009,22.6631299688505
2638,鼎金分隊,地下,三民區,金鼎路142號前(保安宮牌坊前路口),120.326379198742,22.6635617968947
2639,鼎金分隊,地下,三民區,金鼎路145巷6弄15號旁,120.324958317791,22.6635568047481
2640,鼎金分隊,地下,三民區,金鼎路145巷6弄3號左側,120.325314521496,22.663374076726
2641,鼎金分隊,地下,三民區,金鼎路145巷口,120.325515005557,22.6639358206996
2642,鼎金分隊,地下,三民區,金鼎路227巷28號前,120.323740390213,22.6639753025458
2643,鼎金分隊,地下,三民區,金鼎路271號前,120.32226364418,22.6648256159569
2644,鼎金分隊,地下,三民區,金鼎路301號前,120.321207493544,22.6649201915646
2645,鼎金分隊,地下,三民區,金鼎路333號旁,120.319966277216,22.6649858263159
2646,鼎金分隊,地下,三民區,金鼎路408巷13號,120.317546008598,22.6654965866555
2647,鼎金分隊,地下,三民區,金鼎路66巷35號,120.328086836806,22.6636571246172
2648,鼎金分隊,地下,三民區,金鼎路66巷口,120.328475215483,22.6627431600828
2649,鼎金分隊,地下,三民區,建工路240巷13號前,120.333057448497,22.6546467471643
2650,鼎金分隊,地下,三民區,建工路272巷2號前,120.332425006117,22.6541297119285
2651,鼎金分隊,地下,三民區,莊敬路102號前,120.322435381615,22.6542006130495
2652,鼎金分隊,地下,三民區,莊敬路172號前,120.321355250332,22.6529243743701
2653,鼎金分隊,地下,三民區,新民路190巷內10M,120.321632199302,22.6536071019561
2654,鼎金分隊,地下,三民區,裕誠路108號（柱子）前,120.312874294154,22.6638597995901
2655,鼎金分隊,地下,三民區,裕誠路70號右前,120.313986986876,22.6638509557532
2656,鼎金分隊,地下,三民區,裕誠路北第一條路與鼎瑞街口（東南角）（大地游泳池前）,120.31526876709,22.6646059553284
2657,鼎金分隊,地下,三民區,鼎力路239號前,120.32292882209,22.668163599148
2658,鼎金分隊,地下,三民區,鼎力路267巷2號前,120.323320096313,22.6686806310344
2659,鼎金分隊,地下,三民區,鼎力路307號前,120.324034760748,22.668929500025
2660,鼎金分隊,地下,三民區,鼎力路357巷8號前,120.324745606729,22.6697267630819
2661,鼎金分隊,地下,三民區,鼎力路37號右側,120.321796212304,22.6626852085739
2662,鼎金分隊,地下,三民區,鼎力路382號與鼎金後路口,120.325434190143,22.6695147247228
2663,鼎金分隊,地下,三民區,鼎力路423巷口,120.32624274051,22.6700305652047
2664,鼎金分隊,地下,三民區,鼎力路469巷口,120.326979626695,22.6707122541681
2665,鼎金分隊,地下,三民區,鼎力路487號前,120.327387230077,22.6709649578402
2666,鼎金分隊,地下,三民區,鼎力路501巷18號右前,120.327491600612,22.6718669716138
2667,鼎金分隊,地下,三民區,鼎力路53巷口,120.321715944844,22.6634311248999
2668,鼎金分隊,地下,三民區,鼎力路93巷口,120.321672513561,22.664213311942
2669,鼎金分隊,地下,三民區,鼎力路與金鼎路口,120.321819607271,22.6648121706797
2670,鼎金分隊,地下,三民區,鼎力路與鼎金後路巷口,120.325378898634,22.6695271079198
2671,鼎金分隊,地下,三民區,鼎力路與鼎強街228巷口,120.322353366865,22.6673985998862
2672,鼎金分隊,地下,三民區,鼎山街188巷口,120.321787491471,22.661184112711
2673,鼎金分隊,地下,三民區,鼎山街188巷與金山路267巷口,120.320516124398,22.6611896817773
2674,鼎金分隊,地下,三民區,鼎山街1號,120.321845029986,22.6619428495533
2675,鼎金分隊,地下,三民區,鼎山街202巷50號前,120.320175788291,22.6608636121341
2676,鼎金分隊,地下,三民區,鼎山街202巷72弄1號左前巷口,120.319676699406,22.6604833587582
2677,鼎金分隊,地下,三民區,鼎山街248號前,120.321987964453,22.6602464441645
2678,鼎金分隊,地下,三民區,鼎山街302號前,120.321878045797,22.6581407984601
2679,鼎金分隊,地下,三民區,鼎山街371號右側巷口,120.321714014681,22.657651176396
2680,鼎金分隊,地下,三民區,鼎山街495巷27號前,120.319905766865,22.6537190288516
2681,鼎金分隊,地下,三民區,鼎山街與金山路口,120.321980481541,22.6618859216217
2682,鼎金分隊,地下,三民區,鼎中路131巷口,120.319148457008,22.6613409833639
2683,鼎金分隊,地下,三民區,鼎中路182號對面停車格內,120.319189169312,22.6625048536301
2684,鼎金分隊,地下,三民區,鼎中路199巷口,120.319194120936,22.6634383049291
2685,鼎金分隊,地下,三民區,鼎中路236巷18號前,120.319874038029,22.6634572913693
2686,鼎金分隊,地下,三民區,鼎中路34巷21弄12號前,120.319886318079,22.6592562216063
2687,鼎金分隊,地下,三民區,鼎中路34巷21弄29號,120.32001650707,22.6595945423435
2688,鼎金分隊,地下,三民區,鼎中路374號(固鎖式),120.319575247221,22.6663811876174
2689,鼎金分隊,地下,三民區,鼎中路427號,120.3199128,22.6684151
2690,鼎金分隊,地下,三民區,鼎中路476巷前,120.320120087224,22.6686028455436
2691,鼎金分隊,地下,三民區,鼎中路512號對面,120.320237175428,22.6693073249599
2692,鼎金分隊,地下,三民區,鼎中路52號右前,120.319158694155,22.6597014483278
2693,鼎金分隊,地下,三民區,鼎中路554巷30弄口,120.321385553408,22.6697095750397
2694,鼎金分隊,地下,三民區,鼎中路554巷口,120.320543646812,22.6701647715427
2695,鼎金分隊,地下,三民區,鼎中路560巷54號前,120.32156599446,22.6700154202046
2696,鼎金分隊,地下,三民區,鼎中路603巷15弄16號前,120.32025246627,22.6711749014544
2697,鼎金分隊,地下,三民區,鼎中路672巷2弄口,120.322492749091,22.6737787089873
2698,鼎金分隊,地下,三民區,鼎中路672巷口,120.32171078982,22.6737380618178
2699,鼎金分隊,地下,三民區,鼎中路685巷1號前,120.321220305846,22.6729595752156
2700,鼎金分隊,地下,三民區,鼎中路685巷口,120.32130783351,22.6729379448508
2701,鼎金分隊,地下,三民區,鼎中路711巷33號旁,120.320244985573,22.6737545701931
2702,鼎金分隊,地下,三民區,鼎中路751巷12弄11號前,120.321399043569,22.6745124653632
2703,鼎金分隊,地下,三民區,鼎中路751巷18號前,120.321161431589,22.6742028517755
2704,鼎金分隊,地下,三民區,鼎中路751巷38弄30號前,120.321297909804,22.6749620663596
2705,鼎金分隊,地下,三民區,鼎中路751巷38弄口,120.320696130567,22.6743714212865
2706,鼎金分隊,地下,三民區,鼎中路760號前,120.322469472885,22.6754437993788
2707,鼎金分隊,地下,三民區,鼎中路821-4號前,120.322829136823,22.676708088036
2708,鼎金分隊,地下,三民區,鼎中路與金山路口(固鎖式),120.319092130619,22.6618879877304
2709,鼎金分隊,地下,三民區,鼎中路與金鼎路口,120.319503849703,22.6650858157766
2710,鼎金分隊,地下,三民區,鼎中路與鼎和路口,120.31946003437,22.6664572034454
2711,鼎金分隊,地下,三民區,鼎仁街41巷28號前,120.321769798777,22.669584237965
2712,鼎金分隊,地下,三民區,鼎文街56號前,120.325207299545,22.6578021967795
2713,鼎金分隊,地下,三民區,鼎正街29巷7號右側,120.322814119626,22.6702059190129
2714,鼎金分隊,地下,三民區,鼎正街31巷1弄17號前,120.32222017514,22.6702119463415
2715,鼎金分隊,地下,三民區,鼎正街31巷1弄1號左前,120.322955259507,22.6706239051346
2716,鼎金分隊,地下,三民區,鼎吉街、鼎義路口,120.323143701852,22.6596042405313
2717,鼎金分隊,地下,三民區,鼎吉街101號右前10M,120.323115537435,22.6588463990883
2718,鼎金分隊,地下,三民區,鼎安路60巷18號前,120.325427874257,22.6734471806267
2719,鼎金分隊,地下,三民區,鼎安路60巷口,120.324828099913,22.6741329986935
2720,鼎金分隊,地下,三民區,鼎安路9巷1號左側,120.32374318345,22.6728028798966
2721,鼎金分隊,地下,三民區,鼎和街76號前(長青村游泳池右圍牆前),120.317772997536,22.6666172858254
2722,鼎金分隊,地下,三民區,鼎和路28號前,120.318725139881,22.6666965672262
2723,鼎金分隊,地下,三民區,鼎和路41號前,120.317939839183,22.666801594919
2724,鼎金分隊,地下,三民區,鼎昌街102號對面,120.322412,22.666369
2725,鼎金分隊,地下,三民區,鼎昌街219號前,120.323001017197,22.6675528501554
2726,鼎金分隊,地下,三民區,鼎昌街251號前,120.323625530094,22.6680009746722
2727,鼎金分隊,地下,三民區,鼎昌街266號前,120.323699813492,22.6678850753425
2728,鼎金分隊,地下,三民區,鼎昌路22巷1號左側5公尺,120.322426557541,22.6634425648763
2729,鼎金分隊,地下,三民區,鼎金ㄧ巷22號前,120.329229952748,22.6647351467787
2730,鼎金分隊,地下,三民區,鼎金一巷16之7號前,120.330984117443,22.6621981698196
2731,鼎金分隊,地下,三民區,鼎金一巷16之7號前(路中),120.331305982525,22.6613591007772
2732,鼎金分隊,地下,三民區,鼎金一巷32弄前,120.327497183159,22.6663727429735
2733,鼎金分隊,地下,三民區,鼎金一巷中區環保局焚化場右前,120.331320762634,22.6638138293601
2734,鼎金分隊,地下,三民區,鼎金一巷中區環保局焚化場前,120.3312510252,22.6637544271102
2735,鼎金分隊,地下,三民區,鼎金一巷金山寺入口前,120.330738695319,22.6629332791895
2736,鼎金分隊,地下,三民區,鼎金二巷12-9號前,120.325287656414,22.6658288027808
2737,鼎金分隊,地下,三民區,鼎金二巷8-1號左前,120.326383901223,22.6649603287571
2738,鼎金分隊,地下,三民區,鼎金中街17之6號前,120.324940347222,22.6654123806331
2739,鼎金分隊,地下,三民區,鼎金中街1號與鼎金二巷口,120.326670879798,22.6639752702113
2740,鼎金分隊,地下,三民區,鼎金中街3巷3號,120.325846825725,22.6644854503862
2741,鼎金分隊,地下,三民區,鼎金後路112-1號左側巷口,120.325022006117,22.6705290873194
2742,鼎金分隊,地下,三民區,鼎金後路125巷20號後方,120.324024221767,22.6703299281159
2743,鼎金分隊,地下,三民區,鼎金後路23巷5弄18號前,120.32426128836,22.6670839244248
2744,鼎金分隊,地下,三民區,鼎金後路420巷97號前,120.326363019967,22.6725527869144
2745,鼎金分隊,地下,三民區,鼎金後路420巷口,120.324571546506,22.6711137871429
2746,鼎金分隊,地下,三民區,鼎金後路420巷口對面公園路旁,120.324618,22.670892
2747,鼎金分隊,地下,三民區,鼎金後路460號前,120.324023757689,22.6717985096626
2748,鼎金分隊,地下,三民區,鼎金後路532巷口,120.322648439523,22.6727765201086
2749,鼎金分隊,地下,三民區,鼎金後路55巷口,120.325937992204,22.6684026495346
2750,鼎金分隊,地下,三民區,鼎金後路91巷37號前,120.324533525132,22.6685424501847
2751,鼎金分隊,地下,三民區,鼎金後路98號右側,120.325269918403,22.6699427568898
2752,鼎金分隊,地下,三民區,鼎金後路9巷口,120.32511285893,22.666621380231
2753,鼎金分隊,地下,三民區,鼎金後路與鼎強街口(西南角),120.32496691898,22.6702900969247
2754,鼎金分隊,地下,三民區,鼎信街17號前,120.321797596976,22.6686405374326
2755,鼎金分隊,地下,三民區,鼎信街與天祥一路100巷口,120.321241233135,22.6692410499552
2756,鼎金分隊,地下,三民區,鼎勇街166號,120.323070639743,22.6578883859072
2757,鼎金分隊,地下,三民區,鼎勇街33巷4弄19號(鼎吉街、鼎山街371巷),120.32256644287,22.6572210899076
2758,鼎金分隊,地下,三民區,鼎勇街33巷口,120.323920537538,22.6576002672824
2759,鼎金分隊,地下,三民區,鼎勇街與鼎文街口,120.323980579151,22.6575820795553
2760,鼎金分隊,地下,三民區,鼎泰街95之15號,120.317232825149,22.6631323534813
2761,鼎金分隊,地下,三民區,鼎泰路110號前,120.318129323908,22.662873403919
2762,鼎金分隊,地下,三民區,鼎泰路178號前,120.318215711639,22.6642280942007
2763,鼎金分隊,地下,三民區,鼎泰路22號前,120.318092107773,22.6609080391648
2764,鼎金分隊,地下,三民區,鼎泰路258號前,120.318552317791,22.6666197943183
2765,鼎金分隊,地下,三民區,鼎泰路2巷9號前,120.318005796295,22.6604541106262
2766,鼎金分隊,地下,三民區,鼎泰路44號旁,120.318098804893,22.661339414396
2767,鼎金分隊,地下,三民區,鼎泰路78號,120.318126578744,22.6622535783043
2768,鼎金分隊,地下,三民區,鼎泰路與金鼎路口(東北角),120.318365523349,22.665185620678
2769,鼎金分隊,地下,三民區,鼎泰路與寶鼎路口,120.318103337417,22.6640053173271
2770,鼎金分隊,地下,三民區,鼎強.天祥路口,120.32108142972,22.6671644458814
2771,鼎金分隊,地下,三民區,鼎強街103號前,120.320885055225,22.6660750099097
2772,鼎金分隊,地下,三民區,鼎強街110號前(與鼎力路93巷口),120.32083168158,22.6642253140082
2773,鼎金分隊,地下,三民區,鼎強街151巷口,120.321363862976,22.6678452688087
2774,鼎金分隊,地下,三民區,鼎強街155巷口,120.321722843061,22.6682149480038
2775,鼎金分隊,地下,三民區,鼎強街165巷口,120.322477519512,22.6688480765897
2776,鼎金分隊,地下,三民區,鼎強街209號前,120.323342947256,22.6694626628472
2777,鼎金分隊,地下,三民區,鼎強街35號前,120.320664591402,22.6628684080687
2778,鼎金分隊,地下,三民區,鼎強街39之16號前,120.319857990074,22.6628491266642
2779,鼎金分隊,地下,三民區,鼎強街461巷12弄43號旁,120.326429229448,22.6717792940919
2780,鼎金分隊,地下,三民區,鼎強街461巷16號右側,120.325596064401,22.6712084378027
2781,鼎金分隊,地下,三民區,鼎強街461巷2弄47號前,120.326559871776,22.671475195715
2782,鼎金分隊,地下,三民區,鼎強街461巷口,120.325899802481,22.6706987049269
2783,鼎金分隊,地下,三民區,鼎強街462巷2弄4號前,120.326010903687,22.6702710446358
2784,鼎金分隊,地下,三民區,鼎強街515巷2號前,120.326878630042,22.6710601938534
2785,鼎金分隊,地下,三民區,鼎強街515巷與鼎力路501巷口,120.327675561036,22.6714470724291
2786,鼎金分隊,地下,三民區,鼎強街70號前(與鼎力路53巷口),120.320798076057,22.6633921119129
2787,鼎金分隊,地下,三民區,鼎強街71號前,120.320705947256,22.6638416120001
2788,鼎金分隊,地下,三民區,鼎強街與天祥一路口(西北角),120.321175307035,22.6672405531179
2789,鼎金分隊,地下,三民區,鼎強街與金山路口,120.32068263796,22.6619526935303
2790,鼎金分隊,地下,三民區,鼎強街與金鼎路口,120.32089989689,22.6650069659856
2791,鼎金分隊,地下,三民區,鼎強街與鼎仁街口,120.322964340448,22.6691797265092
2792,鼎金分隊,地下,三民區,鼎強街與鼎正街口,120.323866084784,22.6697760368536
2793,鼎金分隊,地下,三民區,鼎強街與鼎信街口,120.322053246766,22.6685227602699
2794,鼎金分隊,地下,三民區,鼎祥街45號右旁（約十公尺）(民族一路543巷16號前),120.315912346356,22.6663289610326
2795,鼎金分隊,地下,三民區,鼎祥路上(大地游泳池停車場),120.315712552115,22.6651453876949
2796,鼎金分隊,地下,三民區,鼎富路56號右前方,120.323857982226,22.6746709137047
2797,鼎金分隊,地下,三民區,鼎貴路203號前,120.321967899799,22.6746691586948
2798,鼎金分隊,地下,三民區,鼎貴路31巷口,120.324596183808,22.672295110534
2799,鼎金分隊,地下,三民區,鼎貴路62巷26弄口,120.325618997536,22.672871469851
2800,鼎金分隊,地下,三民區,鼎貴路62巷29弄5號前,120.325781585896,22.6733132441218
2801,鼎金分隊,地下,三民區,鼎貴路62巷口,120.325063150805,22.6727762744981
2802,鼎金分隊,地下,三民區,鼎貴路與鼎安路口,120.324262406186,22.673497245144
2803,鼎金分隊,地下,三民區,鼎貴路與鼎富路口,120.323348443465,22.6739878968594
2804,鼎金分隊,地下,三民區,鼎順街26號,120.321326000612,22.6588788207143
2805,鼎金分隊,地下,三民區,鼎新路123號前,120.323139512898,22.6653858241606
2806,鼎金分隊,地下,三民區,鼎新路12巷13弄9號,120.3237896331,22.6605407879105
2807,鼎金分隊,地下,三民區,鼎新路136號前,120.323204749668,22.6639866743705
2808,鼎金分隊,地下,三民區,鼎新路136號旁,120.323277169311,22.6639693487387
2809,鼎金分隊,地下,三民區,鼎新路149號前,120.32330014785,22.666370610902
2810,鼎金分隊,地下,三民區,鼎新路14號前,120.323354478504,22.6613629232173
2811,鼎金分隊,地下,三民區,鼎新路200號前,120.323249067459,22.6658310759724
2812,鼎金分隊,地下,三民區,鼎新路201號邊,120.323573177909,22.6671001107173
2813,鼎金分隊,地下,三民區,鼎新路221巷口,120.32415494369,22.6677336505216
2814,鼎金分隊,地下,三民區,鼎新路63號左側15公尺,120.323198127647,22.6630350683319
2815,鼎金分隊,地下,三民區,鼎新路79之4號,120.322727186508,22.6638061955707
2816,鼎金分隊,地下,三民區,鼎新路90巷11號右側與金鼎路227巷口,120.323764923943,22.6631203485243
2817,鼎金分隊,地下,三民區,鼎新路90巷與金陵路口,120.324270984131,22.6631719531637
2818,鼎金分隊,地下,三民區,鼎新路與鼎昌路口,120.324279666409,22.6684872928022
2819,鼎金分隊,地下,三民區,鼎瑞街121號,120.315542988632,22.6669816281773
2820,鼎金分隊,地下,三民區,鼎瑞街83號前,120.315241273934,22.6655037109012
2821,鼎金分隊,地下,三民區,鼎義街126號左前10M,120.322595715344,22.6590922832815
2822,鼎金分隊,地下,三民區,鼎義街152號前,120.322688922108,22.6596770429256
2823,鼎金分隊,地下,三民區,銀杉街12號前,120.319020631081,22.6547953903254
2824,鼎金分隊,地下,三民區,銀杉街44號,120.317632709043,22.6554410238365
2825,鼎金分隊,地下,三民區,殯葬管理所火化場左側,120.332342114464,22.6616612563468
2826,鼎金分隊,地下,三民區,寶鼎路31巷46號前,120.317216495124,22.6628598840579
2827,鼎金分隊,地下,三民區,灣愛街93號左前5公尺,120.318197204282,22.6596541832558
2828,大昌分隊,地下,三民區,九如一路170巷與陽明路43巷口,120.339738037437,22.6383435556094
2829,大昌分隊,地下,三民區,九如一路186巷31號前,120.33928213343,22.6383505357628
2830,大昌分隊,地下,三民區,九如一路214巷22弄3號前,120.337806176394,22.6386396932467
2831,大昌分隊,地下,三民區,九如一路239巷28號前,120.336574972243,22.636693599369
2832,大昌分隊,地下,三民區,九如一路239巷29弄3之10號前,120.336302965879,22.6362762743219
2833,大昌分隊,地下,三民區,九如一路239巷51號前,120.336465407163,22.6355747492163
2834,大昌分隊,地下,三民區,九如一路381巷5號,120.331995841116,22.6379494501956
2835,大昌分隊,地下,三民區,九如一路381巷與有光路口(西南角),120.331863742321,22.6373714058346
2836,大昌分隊,地下,三民區,九如一路54號前,120.34290002659,22.6365686999423
2837,大昌分隊,地下,三民區,九如一路78巷與陽明路16巷口,120.342152025551,22.6373367478514
2838,大昌分隊,地下,三民區,九如一路95巷38號前,120.341387619802,22.6354974049894
2839,大昌分隊,地下,三民區,九如一路95巷與水源路口,120.341368317604,22.6352786080691
2840,大昌分隊,地下,三民區,大利街29巷口,120.333209261284,22.6520898111267
2841,大昌分隊,地下,三民區,大利街與昭良街口,120.332671478377,22.6528914980762
2842,大昌分隊,地下,三民區,大昌一路165號前人行道,120.324819087982,22.6547119910261
2843,大昌分隊,地下,三民區,大昌二路157巷口,120.332062404288,22.6445430235599
2844,大昌分隊,地下,三民區,大昌二路212巷90號前,120.334407538162,22.6449656995633
2845,大昌分隊,地下,三民區,大昌二路212巷口（正忠教會前）,120.333622252646,22.6447327597366
2846,大昌分隊,地下,三民區,大昌二路250號前,120.332041494534,22.6455186483109
2847,大昌分隊,地下,三民區,大昌二路266號後門(修武街)車道旁,120.332895107554,22.6461792752611
2848,大昌分隊,地下,三民區,大昌二路27號前,120.332279441355,22.6393915014787
2849,大昌分隊,地下,三民區,大昌二路420巷15號（育英護校大門前）,120.332176163765,22.6498364080846
2850,大昌分隊,地下,三民區,大昌二路432巷口西側,120.331784784794,22.6500559529768
2851,大昌分隊,地下,三民區,大昌二路432巷口東側,120.332814250141,22.6511621135717
2852,大昌分隊,地下,三民區,大昌二路462巷10弄2號右前,120.331787447407,22.6507771244532
2853,大昌分隊,地下,三民區,大昌二路462巷27號前,120.331900688325,22.6511020341628
2854,大昌分隊,地下,三民區,大昌二路477巷20號前,120.331155695007,22.6498567587692
2855,大昌分隊,地下,三民區,大昌二路477巷口,120.331390276524,22.6505833414867
2856,大昌分隊,地下,三民區,大昌二路498號前,120.330910608159,22.6509878032992
2857,大昌分隊,地下,三民區,大昌二路533巷33-1號前,120.329665361721,22.6509064835502
2858,大昌分隊,地下,三民區,大昌二路534巷9號前,120.330848917352,22.6519638799454
2859,大昌分隊,地下,三民區,大昌二路71號前,120.332242342287,22.6398272258056
2860,大昌分隊,地下,三民區,大昌二路與育英街口,120.331842005239,22.6489430440434
2861,大昌分隊,地下,三民區,大昌二路與春陽街口(東南角),120.331980474279,22.6468986897539
2862,大昌分隊,地下,三民區,大昌二路與皓東路口,120.33189129083,22.6480024035009
2863,大昌分隊,地下,三民區,大昌二路與義昌路口（東北角）,120.332202874124,22.6414454888966
2864,大昌分隊,地下,三民區,大昌二路與義昌路口（東南方）,120.332206869039,22.6414297896552
2865,大昌分隊,地下,三民區,大昌二路與義昌路口（斑馬線上）,120.332201467573,22.6414280961557
2866,大昌分隊,地下,三民區,大昌二路與義華路口,120.332117602215,22.6434887863703
2867,大昌分隊,地下,三民區,大昌二路與褒忠街口,120.332168843597,22.6420718138135
2868,大昌分隊,地下,三民區,大昌二路與覺民路口（西北角）,120.332183316336,22.6407275981351
2869,大昌分隊,地下,三民區,大昌二路與覺民路口(東北角),120.3322020918,22.6407316445607
2870,大昌分隊,地下,三民區,大順二路289號,120.325618721545,22.645680946487
2871,大昌分隊,地下,三民區,大順二路2號旁(與建武路口),120.32804293558,22.6393369942923
2872,大昌分隊,地下,三民區,大順二路425巷15號前,120.324545837938,22.6483151550716
2873,大昌分隊,地下,三民區,大順二路425巷38弄38號前,120.323703624308,22.6488708751159
2874,大昌分隊,地下,三民區,大順二路468號大昌分隊右側,120.324755385518,22.6493783266218
2875,大昌分隊,地下,三民區,大順二路635巷6號(生活王牌大樓)前,120.323118567467,22.650049145788
2876,大昌分隊,地下,三民區,大順二路705巷24號前,120.321409329772,22.6508765261682
2877,大昌分隊,地下,三民區,大順二路與和順街口,120.316223278642,22.6551352593822
2878,大昌分隊,地下,三民區,大順二路與建德路口,120.325402468443,22.6468658198097
2879,大昌分隊,地下,三民區,大順二路與建興路179號前,120.326275192201,22.6437859992723
2880,大昌分隊,地下,三民區,大順二路與建興路口,120.326257422566,22.6437935617882
2881,大昌分隊,地下,三民區,大順二路與新民路151巷口,120.321344956756,22.6518697473394
2882,大昌分隊,地下,三民區,大順二路與鼎山街口,120.318860560656,22.6534817826057
2883,大昌分隊,地下,三民區,大順二路與灣中街口(東北角),120.3224144876,22.6511135384773
2884,大昌分隊,地下,三民區,大順二路與灣中街口(灣中街65號前),120.322425216436,22.6511092066633
2885,大昌分隊,地下,三民區,大順三路316巷160號前,120.334384683519,22.6359014014563
2886,大昌分隊,地下,三民區,大順三路316巷21號前,120.328622511687,22.6369207244966
2887,大昌分隊,地下,三民區,大順三路316巷40號前,120.329214893282,22.6368167532758
2888,大昌分隊,地下,三民區,大順三路316巷4弄口,120.327727924502,22.6370806643653
2889,大昌分隊,地下,三民區,大慶街36巷口,120.333757773028,22.6514966649712
2890,大昌分隊,地下,三民區,大慶街與大利街36巷口,120.33396363257,22.6526433500108
2891,大昌分隊,地下,三民區,大慶街與昭良街口,120.333584099994,22.6532841404203
2892,大昌分隊,地下,三民區,大豐二路100號,120.328662037205,22.646019874138
2893,大昌分隊,地下,三民區,大豐二路113巷口,120.327860936509,22.6461910334638
2894,大昌分隊,地下,三民區,大豐二路118巷20號前,120.329387074263,22.6448168680052
2895,大昌分隊,地下,三民區,大豐二路171號與春陽街口,120.32938890155,22.6458944350808
2896,大昌分隊,地下,三民區,大豐二路180號對面(電線桿前),120.331257171901,22.6456328980681
2897,大昌分隊,地下,三民區,大豐二路180號與正豐街口,120.331264324473,22.6456127143563
2898,大昌分隊,地下,三民區,大豐二路217號與建武路口(東北角),120.330625623451,22.6456934749559
2899,大昌分隊,地下,三民區,大豐二路318巷1弄13號前,120.334515161799,22.6455477345292
2900,大昌分隊,地下,三民區,大豐二路318號右側,120.333756251832,22.6460152075619
2901,大昌分隊,地下,三民區,大豐二路323巷15號前,120.33343400787,22.6465428226803
2902,大昌分隊,地下,三民區,大豐二路364巷19號（陽明國小側門）,120.335300378488,22.6465382094146
2903,大昌分隊,地下,三民區,大豐二路364巷9弄29號前,120.335741944274,22.6468425261769
2904,大昌分隊,地下,三民區,大豐二路386號前,120.33508379011,22.6472517429716
2905,大昌分隊,地下,三民區,大豐二路390巷28-1號前,120.336007811115,22.6470490701136
2906,大昌分隊,地下,三民區,大豐二路446號前,120.334940232679,22.6483871651282
2907,大昌分隊,地下,三民區,大豐二路457號前,120.334860390082,22.648367381559
2908,大昌分隊,地下,三民區,大豐二路498巷18弄2號左側,120.335450559636,22.6490723774814
2909,大昌分隊,地下,三民區,大豐二路506號前,120.334689623637,22.6497067324089
2910,大昌分隊,地下,三民區,大豐二路582號前,120.333183216452,22.6508207312991
2911,大昌分隊,地下,三民區,大豐二路與育英街口,120.333908001194,22.6502270547672
2912,大昌分隊,地下,三民區,大豐二路與建工路西南角,120.331388711916,22.6532989921182
2913,大昌分隊,地下,三民區,大豐二路與春陽街口（西側）,120.334903240533,22.6483799924847
2914,大昌分隊,地下,三民區,大豐二路與昭良街口,120.331879556165,22.6524665488818
2915,大昌分隊,地下,三民區,大豐二路與修武街口,120.333149582134,22.6456846841206
2916,大昌分隊,地下,三民區,天民路11號西側,120.345602925616,22.6433923245727
2917,大昌分隊,地下,三民區,天民路125號西北方5公尺(與清華街口),120.343204463789,22.6435165287191
2918,大昌分隊,地下,三民區,天民路13巷13弄1號,120.3450232921,22.6426784326269
2919,大昌分隊,地下,三民區,天民路24號前,120.345476173466,22.6435007600838
2920,大昌分隊,地下,三民區,天民路85號西南方4公尺,120.344151192913,22.6434031027207
2921,大昌分隊,地下,三民區,文安南街163號前,120.347329024226,22.6408329922146
2922,大昌分隊,地下,三民區,文安南街上(潟洪池公園旁),120.3467339091,22.6387970172674
2923,大昌分隊,地下,三民區,"文樂街,文揚街口",120.348081048578,22.6457435281902
2924,大昌分隊,地下,三民區,日全街14巷口,120.31751409173,22.6530708855867
2925,大昌分隊,地下,三民區,水源路111號前,120.340145397932,22.6354156916768
2926,大昌分隊,地下,三民區,水源路127巷26號前,120.338322333992,22.635483458255
2927,大昌分隊,地下,三民區,水源路140號前,120.339051727205,22.6358677983253
2928,大昌分隊,地下,三民區,水源路157號前,120.339030772448,22.635861612429
2929,大昌分隊,地下,三民區,水源路17號前,120.341919343918,22.6352160958658
2930,大昌分隊,地下,三民區,水源路217巷1號前,120.338073056191,22.6362549192632
2931,大昌分隊,地下,三民區,水源路220巷3弄1號右前,120.338713142292,22.6366440179247
2932,大昌分隊,地下,三民區,水源路255巷2號右前15公尺(小圓環邊),120.338299367577,22.6380583747707
2933,大昌分隊,地下,三民區,水源路75巷口,120.340808909387,22.6352699403458
2934,大昌分隊,地下,三民區,水源路94巷口,120.340174399317,22.6354197114388
2935,大昌分隊,地下,三民區,水源路與民業路9巷口,120.339777097106,22.6356251927001
2936,大昌分隊,地下,三民區,本松街65巷36號前,120.3356788,22.6536708
2937,大昌分隊,地下,三民區,本松街68號前,120.335850821392,22.6543416980714
2938,大昌分隊,地下,三民區,正忠路186巷與正豐街口（西南角）,120.331374183228,22.6440751338609
2939,大昌分隊,地下,三民區,正忠路200巷與正豐街交接,120.331334732459,22.6445550864899
2940,大昌分隊,地下,三民區,正忠路215巷口,120.330359861255,22.6446421448612
2941,大昌分隊,地下,三民區,正忠路247號,120.330212004483,22.6453230157362
2942,大昌分隊,地下,三民區,正忠路267號與正氣街口,120.330134108649,22.6462058859289
2943,大昌分隊,地下,三民區,正忠路351巷1之6號前,120.329545332391,22.6479006091937
2944,大昌分隊,地下,三民區,正忠路361巷2弄2號前,120.329683323425,22.6482123337978
2945,大昌分隊,地下,三民區,正忠路426-17號前,120.331140607581,22.6490739287135
2946,大昌分隊,地下,三民區,正忠路428巷與正忠路419巷對面(東南角),120.330194793628,22.6491806785294
2947,大昌分隊,地下,三民區,正忠路91巷口,120.330384366066,22.6428703560888
2948,大昌分隊,地下,三民區,正忠路與大豐二路口,120.330131715939,22.6457401647617
2949,大昌分隊,地下,三民區,正忠路與建興路口,120.330224074423,22.6421270790118
2950,大昌分隊,地下,三民區,正忠路與春陽街口,120.330186747001,22.6468708415211
2951,大昌分隊,地下,三民區,正忠路與皓東路口,120.33017300068,22.6479553713047
2952,大昌分隊,地下,三民區,正氣街106號前,120.331227459313,22.6474324857882
2953,大昌分隊,地下,三民區,正氣街5號前,120.330242067562,22.6462105273238
2954,大昌分隊,地下,三民區,正氣街與春陽街口,120.331227779375,22.646899927453
2955,大昌分隊,地下,三民區,正義路311巷5號前,120.341819766909,22.6345897654231
2956,大昌分隊,地下,三民區,正義路311巷口,120.342086536059,22.6345581208033
2957,大昌分隊,地下,三民區,正興路108號前,120.320224799216,22.6462166418401
2958,大昌分隊,地下,三民區,正興路163巷10號,120.319353751839,22.6465269960829
2959,大昌分隊,地下,三民區,正興路36號前,120.322268977761,22.6456558364444
2960,大昌分隊,地下,三民區,正興路53巷10弄2號,120.3217375651,22.6449566521072
2961,大昌分隊,地下,三民區,正興路53巷口,120.321871340274,22.6454253127052
2962,大昌分隊,地下,三民區,正興路85巷19弄87號後門前,120.319988429546,22.6448986650735
2963,大昌分隊,地下,三民區,民孝路13號前,120.338225606829,22.638900680643
2964,大昌分隊,地下,三民區,民孝路與褒揚街329巷口19號前,120.338311437518,22.6409467011728
2965,大昌分隊,地下,三民區,民和路38巷口,120.329271097202,22.6401780054822
2966,大昌分隊,地下,三民區,民狀路底,120.340911168605,22.6404599540422
2967,大昌分隊,地下,三民區,民信路3號前,120.342679174517,22.6381347137539
2968,大昌分隊,地下,三民區,民信路78號前,120.343110915274,22.64006696559
2969,大昌分隊,地下,三民區,民族一路（北上機車道）與民族巷口,120.314817666663,22.6470108215115
2970,大昌分隊,地下,三民區,民族一路180巷98號前,120.316465348005,22.6453830479148
2971,大昌分隊,地下,三民區,民族一路288巷9號前,120.315542668104,22.6501135046501
2972,大昌分隊,地下,三民區,民族一路312巷37號前,120.316278263927,22.650417352332
2973,大昌分隊,地下,三民區,民族一路358巷7號前,120.31577065587,22.6520850990193
2974,大昌分隊,地下,三民區,民祥路與澄清路429巷16號前,120.344579592347,22.6397949581237
2975,大昌分隊,地下,三民區,民禮路13巷1之9號前,120.343514252454,22.638276533106
2976,大昌分隊,地下,三民區,民豐路4號前,120.339373072665,22.6387554396108
2977,大昌分隊,地下,三民區,民豐路70號前,120.339781652225,22.6406724113611
2978,大昌分隊,地下,三民區,民豐路81巷與覺民路236巷口,120.339218024165,22.6407926008693
2979,大昌分隊,地下,三民區,立人街14巷2號前,120.325397774577,22.6509644002313
2980,大昌分隊,地下,三民區,立志街126巷17號前,120.325222784061,22.6537053955975
2981,大昌分隊,地下,三民區,立志街154巷28號右前,120.324981361628,22.6542639687127
2982,大昌分隊,地下,三民區,立志街168巷33號前,120.324758738279,22.6544935493902
2983,大昌分隊,地下,三民區,立志街168巷口(正中央),120.324161946774,22.6537986180215
2984,大昌分隊,地下,三民區,立志街22巷10弄15號,120.327891558409,22.6523555257941
2985,大昌分隊,地下,三民區,立志街22巷47號前,120.327500921836,22.6526623357734
2986,大昌分隊,地下,三民區,立志街22巷口,120.326911211014,22.651838187151
2987,大昌分隊,地下,三民區,立志街28巷20號前,120.32733567059,22.6528153119711
2988,大昌分隊,地下,三民區,立志街36號前,120.326425731182,22.6520374493951
2989,大昌分隊,地下,三民區,立志街47巷口,120.326143428683,22.6522416619539
2990,大昌分隊,地下,三民區,立志街8巷口(正中央),120.327150598168,22.651729273504
2991,大昌分隊,地下,三民區,立志與立忠交接路,120.325354859233,22.6529378388486
2992,大昌分隊,地下,三民區,立忠街與立人路口,120.324275940657,22.6516673907116
2993,大昌分隊,地下,三民區,立忠路79號前,120.32491363585,22.6523926552868
2994,大昌分隊,地下,三民區,立忠路81巷22號右前,120.326046869159,22.6514452312569
2995,大昌分隊,地下,三民區,光武路152巷13號前,120.336149890646,22.6408787627409
2996,大昌分隊,地下,三民區,光武路158巷16號前,120.336234737188,22.641194184308
2997,大昌分隊,地下,三民區,光武路1號前與有光路口,120.334617029876,22.6369737668404
2998,大昌分隊,地下,三民區,光武路與光富路口小北百貨後面,120.33479321748,22.6374183178785
2999,大昌分隊,地下,三民區,光武路與淵明路口,120.335228573531,22.639652624579
3000,大昌分隊,地下,三民區,光武路與淵源路口,120.335041154176,22.6385921658292
3001,大昌分隊,地下,三民區,光武路與褒忠街25巷口（巷尾）,120.335493369956,22.6413835232653
3002,大昌分隊,地下,三民區,光武路與覺民路口(東北角),120.335342232138,22.6403145175019
3003,大昌分隊,地下,三民區,光富路34號前,120.335830394179,22.6371888324315
3004,大昌分隊,地下,三民區,光富路39號前,120.335674096279,22.6372615766043
3005,大昌分隊,地下,三民區,光富路83號前,120.335791166872,22.6365198723707
3006,大昌分隊,地下,三民區,光富路與大順三路316巷190號前,120.335620176047,22.635674265298
3007,大昌分隊,地下,三民區,光富路與克武路1巷口,120.335719417781,22.6360578002649
3008,大昌分隊,地下,三民區,有光路187巷口,120.330424066633,22.6376412426912
3009,大昌分隊,地下,三民區,有光路22號前,120.33420464024,22.6369926431144
3010,大昌分隊,地下,三民區,有光路51號左側路口饅頭賣水店前,120.333689656109,22.6370542230722
3011,大昌分隊,地下,三民區,自重街17號前,120.318045839667,22.6531432877109
3012,大昌分隊,地下,三民區,自重街與日全街口,120.317705869675,22.6533598750341
3013,大昌分隊,地下,三民區,克武路115號前,120.332576371729,22.6366146839165
3014,大昌分隊,地下,三民區,克武路146號,120.331872459501,22.6367850039578
3015,大昌分隊,地下,三民區,克武路265號前,120.32940113917,22.6371396304051
3016,大昌分隊,地下,三民區,克武路280號前,120.329029211799,22.6373400537916
3017,大昌分隊,地下,三民區,克武路31巷與大順三路316巷口,120.334373619408,22.6358990527341
3018,大昌分隊,地下,三民區,克武路3號前,120.335007893704,22.6362008441615
3019,大昌分隊,地下,三民區,克武路4巷15號前,120.33512128517,22.6368057369428
3020,大昌分隊,地下,三民區,克強路65號前,120.328350719065,22.6380088636109
3021,大昌分隊,地下,三民區,克強路86號左前,120.328458845615,22.6383056239542
3022,大昌分隊,地下,三民區,克強路大高雄加油站旁,120.329274818092,22.6385554792039
3023,大昌分隊,地下,三民區,汾陽街9號前,120.336702052455,22.6492513616448
3024,大昌分隊,地下,三民區,汾陽路18之1號前,120.336984773322,22.6492231811347
3025,大昌分隊,地下,三民區,汾陽路與清興街26巷口,120.338838994503,22.6502751236594
3026,大昌分隊,地下,三民區,育英街46號前,120.33304866402,22.6492038850001
3027,大昌分隊,地下,三民區,育英街與大慶街36巷口,120.334558412419,22.6509165117141
3028,大昌分隊,地下,三民區,育英街與皓東路169巷口,120.33343660296,22.6496657706779
3029,大昌分隊,地下,三民區,和順街36號,120.316058322787,22.6530807867342
3030,大昌分隊,地下,三民區,和順街51號前,120.316097214818,22.6536358686707
3031,大昌分隊,地下,三民區,和順街與保生街口,120.316192433238,22.6547113722117
3032,大昌分隊,地下,三民區,臥龍路100巷前,120.330168586224,22.6400103380274
3033,大昌分隊,地下,三民區,臥龍路101號前,120.33015517518,22.6400165268332
3034,大昌分隊,地下,三民區,臥龍路23巷2號前,120.329287312925,22.6378625549369
3035,大昌分隊,地下,三民區,臥龍路54巷35號前,120.330607651163,22.6381944659042
3036,大昌分隊,地下,三民區,臥龍路54巷50號(寧靜海大樓前),120.331624355168,22.637977609682
3037,大昌分隊,地下,三民區,臥龍路60巷25號左前,120.331242475658,22.639138641947
3038,大昌分隊,地下,三民區,臥龍路60號前,120.330030105184,22.6393594232844
3039,大昌分隊,地下,三民區,臥龍路99巷3號前,120.329708922654,22.640097782733
3040,大昌分隊,地下,三民區,建工路181號與本松街口,120.334878705844,22.6550236975172
3041,大昌分隊,地下,三民區,建工路203巷19號前,120.334518626332,22.6526395661579
3042,大昌分隊,地下,三民區,建工路203巷與育英街124巷口,120.334949791431,22.6513703529196
3043,大昌分隊,地下,三民區,建工路203巷與皓東路241巷10弄口,120.334811657667,22.651786824476
3044,大昌分隊,地下,三民區,建工路287巷1弄31號前,120.333087220774,22.653556421292
3045,大昌分隊,地下,三民區,建工路287巷口,120.332247912856,22.6537589086764
3046,大昌分隊,地下,三民區,建工路363巷11號前,120.330631434917,22.6524205023998
3047,大昌分隊,地下,三民區,建工路397號前,120.329440981122,22.6523377539184
3048,大昌分隊,地下,三民區,建工路413巷7號前,120.329344736917,22.6516749785705
3049,大昌分隊,地下,三民區,建工路433巷17號,120.324183404446,22.6490330143711
3050,大昌分隊,地下,三民區,建工路450號前,120.327542535961,22.651443739879
3051,大昌分隊,地下,三民區,建工路625巷,120.318991318345,22.6483269161874
3052,大昌分隊,地下,三民區,建工路640巷口,120.322438627481,22.6490026912108
3053,大昌分隊,地下,三民區,建工路699號,120.316889094883,22.647977716333
3054,大昌分隊,地下,三民區,建工路707巷內,120.316909253597,22.6472271006974
3055,大昌分隊,地下,三民區,建工路814巷3弄口,120.317833274603,22.6483989866329
3056,大昌分隊,地下,三民區,建工路與大昌二路口,120.329301059246,22.6522700010637
3057,大昌分隊,地下,三民區,建工路與大順二路口,120.324102267623,22.6497507399602
3058,大昌分隊,地下,三民區,建工路與立人路口(南側),120.325851738453,22.6505831996629
3059,大昌分隊,地下,三民區,建工路與立志街口(南側),120.327542200685,22.6513938684349
3060,大昌分隊,地下,三民區,建工路與建中路口,120.31617786243,22.6478595619742
3061,大昌分隊,地下,三民區,建工路與華德街口,120.321430787444,22.6487820714512
3062,大昌分隊,地下,三民區,建工路與新民路口（東北角）,120.325123518705,22.6502261325862
3063,大昌分隊,地下,三民區,建中路與民族巷口,120.315844751895,22.6468101202291
3064,大昌分隊,地下,三民區,建安街32巷41號,120.319009758532,22.6457525015838
3065,大昌分隊,地下,三民區,建安街34號前,120.319872759283,22.6459514632324
3066,大昌分隊,地下,三民區,建安街43巷10號,120.31969472766,22.6455914287131
3067,大昌分隊,地下,三民區,建和街19巷與建和街17號前,120.32167520374,22.6459875424075
3068,大昌分隊,地下,三民區,建和路65號前,120.320871211589,22.6466958185967
3069,大昌分隊,地下,三民區,建和路與正興路口,120.319866724312,22.6472284043408
3070,大昌分隊,地下,三民區,建昌街與建德路口,120.323750898242,22.648027268928
3071,大昌分隊,地下,三民區,建昌路28號右前,120.323111191392,22.6474264964968
3072,大昌分隊,地下,三民區,建武路145巷口,120.329856276512,22.6436743717095
3073,大昌分隊,地下,三民區,建武路46號前,120.328515339643,22.640296879443
3074,大昌分隊,地下,三民區,建武路53巷1號,120.32891985029,22.6415989953226
3075,大昌分隊,地下,三民區,建武路76巷12號前,120.329245403409,22.6415070956829
3076,大昌分隊,地下,三民區,建武路76巷7弄13號前,120.329681262374,22.642218798766
3077,大昌分隊,地下,三民區,建武路76巷7弄2號前,120.329449418932,22.6415642572451
3078,大昌分隊,地下,三民區,建德路107-2號前,120.324949175119,22.6470822901714
3079,大昌分隊,地下,三民區,建德路204巷10-13號前,120.322225056589,22.6447698434207
3080,大昌分隊,地下,三民區,建德路204巷12號前,120.323181599379,22.6449597494948
3081,大昌分隊,地下,三民區,建德路204巷15弄10號前,120.322686061263,22.6444151500212
3082,大昌分隊,地下,三民區,建德路204巷15弄2-2號前,120.322930812836,22.6448638264259
3083,大昌分隊,地下,三民區,建德路204巷37號前,120.322861745953,22.6452111882948
3084,大昌分隊,地下,三民區,建德路208號前,120.323600023985,22.6446734003699
3085,大昌分隊,地下,三民區,建德路210巷16弄1號後門旁,120.323103087299,22.6440029716921
3086,大昌分隊,地下,三民區,建德路與建興路口,120.3239762038,22.6453419496562
3087,大昌分隊,地下,三民區,建興路116號,120.328065901995,22.6428723246103
3088,大昌分隊,地下,三民區,建興路118巷13號,120.327701121569,22.643676231398
3089,大昌分隊,地下,三民區,建興路118巷33弄26號,120.327024534345,22.6441688463193
3090,大昌分隊,地下,三民區,建興路118巷33弄2號,120.327741354704,22.6440481682042
3091,大昌分隊,地下,三民區,建興路21號前,120.330851040781,22.6419937122345
3092,大昌分隊,地下,三民區,建興路232巷口,120.324639379978,22.6447208668899
3093,大昌分隊,地下,三民區,建興路263號,120.324284158554,22.6450275667317
3094,大昌分隊,地下,三民區,建興路264巷口,120.324214105276,22.6451223888256
3095,大昌分隊,地下,三民區,建興路279號左前,120.323973186314,22.6453448613763
3096,大昌分隊,地下,三民區,建興路288巷9號,120.323970839381,22.6460210873661
3097,大昌分隊,地下,三民區,建興路304巷7號前,120.323705300689,22.6462612023182
3098,大昌分隊,地下,三民區,建興路349巷35號前,120.322030818491,22.6459740804193
3099,大昌分隊,地下,三民區,建興路365巷2弄1號前,120.32210201025,22.6464731560153
3100,大昌分隊,地下,三民區,建興路365巷口,120.322462432087,22.6468336365253
3101,大昌分隊,地下,三民區,建興路389號前,120.321975622303,22.6471935513944
3102,大昌分隊,地下,三民區,建興路402巷與華德街口,120.321975946426,22.6481977604735
3103,大昌分隊,地下,三民區,建興路56巷29號前,120.33001234755,22.6429561780617
3104,大昌分隊,地下,三民區,建興路與正豐街41號（西南角）,120.331436432898,22.6418795303663
3105,大昌分隊,地下,三民區,建興路與建工路口(北側),120.320462174713,22.6486341683563
3106,大昌分隊,地下,三民區,建興路與建武路口,120.329244732856,22.6424968539701
3107,大昌分隊,地下,三民區,建興橫巷5之21號,120.321790874005,22.6442573404401
3108,大昌分隊,地下,三民區,春陽街114號前,120.333557272901,22.6476577963586
3109,大昌分隊,地下,三民區,春陽街122號前,120.333516310641,22.6474586672548
3110,大昌分隊,地下,三民區,春陽街149巷口,120.332978814813,22.647103322522
3111,大昌分隊,地下,三民區,春陽街1巷1弄4號旁,120.335793175146,22.6482172926608
3112,大昌分隊,地下,三民區,春陽街250號前,120.329733690639,22.6468879475279
3113,大昌分隊,地下,三民區,春陽街253號對面北側,120.329407565282,22.6468937389573
3114,大昌分隊,地下,三民區,春陽街57號前,120.334116809688,22.6476876222632
3115,大昌分隊,地下,三民區,昭良街103巷口,120.33114429562,22.6520669145569
3116,大昌分隊,地下,三民區,昭良街25號前,120.332533679889,22.6528289969848
3117,大昌分隊,地下,三民區,昭良街2巷13號前,120.334208160639,22.6534669309276
3118,大昌分隊,地下,三民區,秋元街16巷11弄8號,120.336679058916,22.6533447997323
3119,大昌分隊,地下,三民區,秋元街16巷29弄8號前,120.336726084352,22.6534876582985
3120,大昌分隊,地下,三民區,秋元街49巷31號前,120.335443810959,22.6524546922819
3121,大昌分隊,地下,三民區,秋元街50號與本松街口,120.336109697213,22.6531905014749
3122,大昌分隊,地下,三民區,秋元街62號右前,120.335942818357,22.6534704666606
3123,大昌分隊,地下,三民區,修武街16巷尾,120.334010235951,22.6456677924715
3124,大昌分隊,地下,三民區,修武街21號前,120.333203896866,22.6455882695678
3125,大昌分隊,地下,三民區,修武街2巷16號前,120.333810746656,22.6451652812091
3126,大昌分隊,地下,三民區,修武街4號前,120.333501622067,22.6450814260102
3127,大昌分隊,地下,三民區,堅如路42號北側巷口,120.341072408275,22.6480226363816
3128,大昌分隊,地下,三民區,堅如路55號前,120.34135883816,22.6484114672327
3129,大昌分隊,地下,三民區,康德街2巷17號前,120.324770326079,22.6441133313052
3130,大昌分隊,地下,三民區,康德街43號,120.324355736375,22.64416451119
3131,大昌分隊,地下,三民區,清華街146號前,120.344328084656,22.6453268720326
3132,大昌分隊,地下,三民區,清華街228巷口,120.346113883814,22.6470613728743
3133,大昌分隊,地下,三民區,清華街61號前,120.343733469329,22.6441598777802
3134,大昌分隊,地下,三民區,清華街6號前,120.342748649418,22.6412991477197
3135,大昌分隊,地下,三民區,清華街與清風街1號旁,120.34502960082,22.6457748045715
3136,大昌分隊,地下,三民區,清興街與黃興路397號前,120.337459783957,22.6501923801539
3137,大昌分隊,地下,三民區,淵明路與九如一路230巷口,120.3364171274,22.6394643832876
3138,大昌分隊,地下,三民區,淵源路底與九如一路230巷口,120.336187583867,22.6384268327366
3139,大昌分隊,地下,三民區,莊敬路105號前,120.322359502316,22.6540876059369
3140,大昌分隊,地下,三民區,莊敬路163號前,120.321285948157,22.6528351143022
3141,大昌分隊,地下,三民區,莊敬路213號前,120.320037379861,22.6518586084502
3142,大昌分隊,地下,三民區,莊敬路與愛國路口,120.319305807352,22.6512230714428
3143,大昌分隊,地下,三民區,莊敬與大順路交接東南角,120.320807173848,22.652252800812
3144,大昌分隊,地下,三民區,惠德街16號,120.32356582582,22.6470601384792
3145,大昌分隊,地下,三民區,皓東路112巷口,120.333494581268,22.6484781672971
3146,大昌分隊,地下,三民區,皓東路133巷與皓東路169巷口,120.333526945594,22.6489105419311
3147,大昌分隊,地下,三民區,皓東路167號前,120.334231666172,22.6490893535089
3148,大昌分隊,地下,三民區,皓東路17巷口,120.331221744405,22.6479621785972
3149,大昌分隊,地下,三民區,皓東路239號前,120.33523209393,22.650375890468
3150,大昌分隊,地下,三民區,皓東路241巷10弄34號前,120.334451181447,22.6513536443443
3151,大昌分隊,地下,三民區,皓東路310號與澄明路口,120.336948372424,22.6524743370395
3152,大昌分隊,地下,三民區,皓東路76巷口對面,120.332813545576,22.6482598651621
3153,大昌分隊,地下,三民區,皓東路9巷25號前,120.330747999237,22.6486184619001
3154,大昌分隊,地下,三民區,皓東路與皓東路246巷口,120.335949021987,22.6511766455224
3155,大昌分隊,地下,三民區,華德街22號前,120.324149224727,22.646544656423
3156,大昌分隊,地下,三民區,華德街30號左側,120.32401341945,22.6466605441155
3157,大昌分隊,地下,三民區,華德街72巷3號前,120.323018569975,22.647891117961
3158,大昌分隊,地下,三民區,華德街98巷2弄2號左前,120.322740375996,22.6482361287776
3159,大昌分隊,地下,三民區,華德街98巷對面,120.322302758215,22.6479377190409
3160,大昌分隊,地下,三民區,陽明路118巷口,120.341557916254,22.6403742393339
3161,大昌分隊,地下,三民區,陽明路16巷口,120.341034214944,22.6375530506576
3162,大昌分隊,地下,三民區,陽明路170巷8號前,120.343288108706,22.6412089299838
3163,大昌分隊,地下,三民區,陽明路207巷與義發街口,120.338860619813,22.6419956926218
3164,大昌分隊,地下,三民區,陽明路207巷與義華路287巷口,120.337587241084,22.6422497391985
3165,大昌分隊,地下,三民區,陽明路207巷與褒揚街266巷口,120.339118738688,22.6419359714949
3166,大昌分隊,地下,三民區,陽明路271巷12號前,120.341478282155,22.6432752725377
3167,大昌分隊,地下,三民區,陽明路296巷口(271巷對面),120.34216007462,22.6431377609341
3168,大昌分隊,地下,三民區,陽明路301巷27號西側,120.341351322234,22.6438486223529
3169,大昌分隊,地下,三民區,陽明路304號與天民路186號前,120.342267340296,22.6436902732495
3170,大昌分隊,地下,三民區,陽明路31巷口,120.341069754214,22.6378259816097
3171,大昌分隊,地下,三民區,陽明路360號與澄和路口,120.3425176331,22.6449905644189
3172,大昌分隊,地下,三民區,陽明路36巷15號左側人行道上,120.341966953129,22.6379373818424
3173,大昌分隊,地下,三民區,陽明路36巷33號前,120.342529738964,22.6378086526764
3174,大昌分隊,地下,三民區,陽明路36巷鎮福宮前,120.341612946447,22.6379746072844
3175,大昌分隊,地下,三民區,陽明路471巷31號前,120.341698629124,22.6476067285389
3176,大昌分隊,地下,三民區,陽明路505巷口,120.342989408737,22.6474958530251
3177,大昌分隊,地下,三民區,陽明路56巷與覺民路99巷口,120.342030655592,22.6382369242425
3178,大昌分隊,地下,三民區,順昌街100號右前,120.317783653736,22.6511562377793
3179,大昌分隊,地下,三民區,順昌街86號前,120.317902341485,22.6509804898424
3180,大昌分隊,地下,三民區,順昌街與愛國路口,120.3186103,22.6516378
3181,大昌分隊,地下,三民區,黃興路105號前,120.341711761936,22.6466368430478
3182,大昌分隊,地下,三民區,黃興路116號與清朗街口,120.341417799931,22.6466953454259
3183,大昌分隊,地下,三民區,黃興路158巷33號左前,120.341278699406,22.6476127384596
3184,大昌分隊,地下,三民區,黃興路177號前,120.34034942853,22.6471450552341
3185,大昌分隊,地下,三民區,黃興路196號與應安街口(北方),120.339765735241,22.6475744399624
3186,大昌分隊,地下,三民區,黃興路213號前,120.339760040221,22.6475601864957
3187,大昌分隊,地下,三民區,黃興路237號與清明街口,120.339125014139,22.6479917239404
3188,大昌分隊,地下,三民區,黃興路25號與清風街38號口(東北角),120.344111325524,22.6464517775527
3189,大昌分隊,地下,三民區,黃興路329巷49號前,120.336876441627,22.6473844082452
3190,大昌分隊,地下,三民區,黃興路329巷口,120.338081180767,22.6488082382055
3191,大昌分隊,地下,三民區,黃興路353巷71號前,120.336731461307,22.6479288698136
3192,大昌分隊,地下,三民區,黃興路353巷口,120.337843442161,22.6492863052557
3193,大昌分隊,地下,三民區,黃興路37巷15號前,120.343743204282,22.6459230294793
3194,大昌分隊,地下,三民區,黃興路417巷29號前,120.336379615327,22.6497567949637
3195,大昌分隊,地下,三民區,黃興路417巷口,120.337204576756,22.6507348703789
3196,大昌分隊,地下,三民區,黃興路437巷24號前,120.336582039125,22.6505500701977
3197,大昌分隊,地下,三民區,黃興路43巷口,120.34342,22.646389
3198,大昌分隊,地下,三民區,黃興路口與陽明路428號,120.342811948326,22.6464892388528
3199,大昌分隊,地下,三民區,愛國路141號前,120.318365506927,22.651724000314
3200,大昌分隊,地下,三民區,愛國路37巷16號,120.320308282971,22.64980718095
3201,大昌分隊,地下,三民區,愛國路40巷32號,120.320970788598,22.6510906417447
3202,大昌分隊,地下,三民區,愛國路40巷口,120.320392772555,22.6503950743171
3203,大昌分隊,地下,三民區,愛國路61巷40號前,120.319593474269,22.6497236380041
3204,大昌分隊,地下,三民區,愛國路與士良街口,120.319158956409,22.6513536445247
3205,大昌分隊,地下,三民區,新民路110巷底,120.323943134393,22.6529538844199
3206,大昌分隊,地下,三民區,新民路130巷2號前,120.323533923943,22.6532409201804
3207,大昌分隊,地下,三民區,新民路151巷32號左前,120.321833789349,22.6524433989106
3208,大昌分隊,地下,三民區,新民路160號右前方,120.322391688824,22.6530405633182
3209,大昌分隊,地下,三民區,新民路175號前,120.321837637373,22.6534657489816
3210,大昌分隊,地下,三民區,新民路17巷口(西方),120.324654132128,22.6510256645096
3211,大昌分隊,地下,三民區,新民路83巷32號前,120.323429475444,22.6514705943279
3212,大昌分隊,地下,三民區,新民路與灣中街口(近灣中街),120.323392823339,22.6522874550314
3213,大昌分隊,地下,三民區,義仁路27號旁路口,120.334568750113,22.6427210082785
3214,大昌分隊,地下,三民區,義永路23巷40號前,120.326311737299,22.6426996604139
3215,大昌分隊,地下,三民區,義永路23巷8號,120.325662977993,22.6431749474853
3216,大昌分隊,地下,三民區,義永路43巷15號前,120.325910076499,22.6421921842296
3217,大昌分隊,地下,三民區,義永路52號前,120.32486770302,22.6429809327522
3218,大昌分隊,地下,三民區,義永路54巷11弄15號,120.323882997036,22.6434605540019
3219,大昌分隊,地下,三民區,義永路68巷6號前,120.324334949255,22.6427324604392
3220,大昌分隊,地下,三民區,義永路與康德街口,120.325304567814,22.6434392062522
3221,大昌分隊,地下,三民區,義光路與陽明路207巷口,120.341031197458,22.6416076595504
3222,大昌分隊,地下,三民區,義忠街1號前,120.342463497072,22.6413545400981
3223,大昌分隊,地下,三民區,義昌里活動中心門前室外,120.333841200918,22.6414371598239
3224,大昌分隊,地下,三民區,義昌路與壽昌路口,120.333684459328,22.6414534362154
3225,大昌分隊,地下,三民區,義明街與陽明路207巷口,120.339988823981,22.6418013667868
3226,大昌分隊,地下,三民區,義華路199巷口,120.339687067889,22.6429486494163
3227,大昌分隊,地下,三民區,義華路239號對面陽明溜冰停車場出口處,120.338266875122,22.6432310516966
3228,大昌分隊,地下,三民區,義華路27巷口,120.344608872006,22.642123967635
3229,大昌分隊,地下,三民區,義華路303巷口,120.336145553737,22.6435261505851
3230,大昌分隊,地下,三民區,義華路340巷22號前,120.334838479757,22.6441793669704
3231,大昌分隊,地下,三民區,義華路421巷口,120.332972165197,22.6434979953322
3232,大昌分隊,地下,三民區,義華路421巷尾（19號前）,120.333071129915,22.6425024551585
3233,大昌分隊,地下,三民區,義華路56號前(與義和路交叉),120.344157095216,22.6422122982483
3234,大昌分隊,地下,三民區,義華路88號左側與清華街口,120.342981001962,22.6424185438607
3235,大昌分隊,地下,三民區,義華路高速公路下右側巷口,120.336488597081,22.6435277748549
3236,大昌分隊,地下,三民區,義華路與義仁路口,120.33450236544,22.6435388404082
3237,大昌分隊,地下,三民區,義華路與義光街口,120.341274105012,22.6426937749709
3238,大昌分隊,地下,三民區,義華路與義安街口,120.3450303711,22.6420083794901
3239,大昌分隊,地下,三民區,義華路與義和路口,120.344143565744,22.6421965163249
3240,大昌分隊,地下,三民區,義華路與義忠街口,120.342685785144,22.6424514908344
3241,大昌分隊,地下,三民區,義華路與義發路口,120.339079219848,22.643062932633
3242,大昌分隊,地下,三民區,義華路與義德路口,120.335348434704,22.643570650576
3243,大昌分隊,地下,三民區,義華路與壽昌路口,120.333675295101,22.6435500539839
3244,大昌分隊,地下,三民區,義華路與應安街口(西側),120.338267851621,22.6432128202686
3245,大昌分隊,地下,三民區,義華路與應安街口（東側）,120.338279921561,22.6432117700272
3246,大昌分隊,地下,三民區,義德街74號前,120.333715863512,22.6468937389574
3247,大昌分隊,地下,三民區,義德路153號前,120.334158780462,22.6464981537535
3248,大昌分隊,地下,三民區,義德路2巷33號前,120.336234873271,22.6424469075573
3249,大昌分隊,地下,三民區,義德路與大昌二路212巷口,120.335128717111,22.6451640434943
3250,大昌分隊,地下,三民區,鼎山街540巷對面(家樂福停車場旁),120.318294614553,22.6526593685143
3251,大昌分隊,地下,三民區,鼎山街569號對面,120.317498410237,22.6515390624795
3252,大昌分隊,地下,三民區,鼎山街693巷口,120.315869897604,22.6492452763055
3253,大昌分隊,地下,三民區,鼎山街與灣中街口,120.316932722927,22.6502173420411
3254,大昌分隊,地下,三民區,鼎華街163號右前,120.316210538149,22.6520417811798
3255,大昌分隊,地下,三民區,鼎華街20號前,120.31629703939,22.6512670083705
3256,大昌分隊,地下,三民區,鼎華街235號前,120.317372605205,22.6526804085149
3257,大昌分隊,地下,三民區,鼎華街27-1號(巷口)前,120.316341295838,22.6512379233636
3258,大昌分隊,地下,三民區,鼎華街與和順街口,120.316347330809,22.6524891919209
3259,大昌分隊,地下,三民區,鼎華路與日全街口,120.317280068994,22.6527033049824
3260,大昌分隊,地下,三民區,壽昌街337巷10號前,120.334581552075,22.6447872105516
3261,大昌分隊,地下,三民區,壽昌路199號前,120.33364132044,22.6438101357314
3262,大昌分隊,地下,三民區,壽昌路245號前,120.332708023475,22.6442348260064
3263,大昌分隊,地下,三民區,壽昌路301巷口,120.333658866571,22.6442982593015
3264,大昌分隊,地下,三民區,壽昌路337巷2號前,120.334393583559,22.644389039653
3265,大昌分隊,地下,三民區,壽昌路93號旁路口(西北角),120.333748664707,22.6425229702541
3266,大昌分隊,地下,三民區,壽昌路與褒忠街口(義民廟停車場旁),120.333791915327,22.6421299877039
3267,大昌分隊,地下,三民區,德山街2巷內,120.317757166922,22.6453004274664
3268,大昌分隊,地下,三民區,德山街30巷20弄22號前,120.317872837186,22.645706087472
3269,大昌分隊,地下,三民區,德山街35巷20號,120.316385887564,22.6463079225725
3270,大昌分隊,地下,三民區,德山街火泰針織前,120.317149311304,22.6457543612441
3271,大昌分隊,地下,三民區,澄平街180號右前,120.341829725778,22.6459018941763
3272,大昌分隊,地下,三民區,澄平街2巷與澄清路647號旁,120.346445235634,22.6448898155483
3273,大昌分隊,地下,三民區,澄平街394巷8弄口,120.337451211218,22.6472355130784
3274,大昌分隊,地下,三民區,澄平街55號前,120.344863049685,22.6451907937595
3275,大昌分隊,地下,三民區,澄平街97號前,120.34375358255,22.6454708012634
3276,大昌分隊,地下,三民區,澄平街與陽明路388號前,120.342668043384,22.6457297126721
3277,大昌分隊,地下,三民區,澄和路126巷口,120.3431206644,22.6448732751449
3278,大昌分隊,地下,三民區,澄和路14巷口,120.345726394172,22.6443491006397
3279,大昌分隊,地下,三民區,澄和路158巷口旁,120.341665099677,22.6451797671743
3280,大昌分隊,地下,三民區,澄和路190巷與澄平街口,120.340214441104,22.6462565030531
3281,大昌分隊,地下,三民區,澄和路232號與應安街202號前,120.338816434001,22.6457871781777
3282,大昌分隊,地下,三民區,澄和路300號前,120.337117699983,22.6461484376278
3283,大昌分隊,地下,三民區,澄和路58巷口,120.344687757637,22.6445237194602
3284,大昌分隊,地下,三民區,澄明路119號與黃興路50巷口,120.343725644052,22.6475733921696
3285,大昌分隊,地下,三民區,澄明路172號前(路中央),120.339673601764,22.6504719427095
3286,大昌分隊,地下,三民區,澄明路172號與黃興路216巷口,120.339679301458,22.6504609107403
3287,大昌分隊,地下,三民區,澄明路243號與應安街口,120.341226495802,22.6493244072201
3288,大昌分隊,地下,三民區,澄明路289號與清興街口,120.338366925717,22.6511998622174
3289,大昌分隊,地下,三民區,澄明路298號與高縣鳥松鄉立德巷口,120.337886263713,22.6516505867345
3290,大昌分隊,地下,三民區,澄明路29號與清光街口,120.34587557701,22.6461143845646
3291,大昌分隊,地下,三民區,澄明路40號與清華街口,120.345504755688,22.6463519021465
3292,大昌分隊,地下,三民區,澄明路91號與黃興路口,120.344519242645,22.6469934018006
3293,大昌分隊,地下,三民區,澄清路335巷21號前,120.34384617582,22.6375725457436
3294,大昌分隊,地下,三民區,澄清路335巷42號前,120.343323145061,22.6376789950532
3295,大昌分隊,地下,三民區,澄清路429巷18弄口（民祥路底）,120.344545897097,22.6398088922468
3296,大昌分隊,地下,三民區,澄清路471巷與褒揚街40巷口,120.344400941369,22.6409881658837
3297,大昌分隊,地下,三民區,澄清路747號與本館路口,120.347032046684,22.6474965499739
3298,大昌分隊,地下,三民區,澄照路50號前,120.343258101493,22.637272383002
3299,大昌分隊,地下,三民區,褒忠街185號對面,120.33173834905,22.642093783743
3300,大昌分隊,地下,三民區,褒忠街25巷16號前,120.336002390832,22.6413458758543
3301,大昌分隊,地下,三民區,褒忠街3號前,120.336642809048,22.6417649178683
3302,大昌分隊,地下,三民區,褒忠街58巷口,120.335434433073,22.6419709377537
3303,大昌分隊,地下,三民區,褒揚街210號前,120.339711550623,22.6412440709489
3304,大昌分隊,地下,三民區,褒揚街357號對面,120.337901394814,22.6415417495178
3305,大昌分隊,地下,三民區,褒揚街40巷口,120.344288405031,22.640472331613
3306,大昌分隊,地下,三民區,褒揚街69號前,120.343697756304,22.6403472467648
3307,大昌分隊,地下,三民區,褒揚街與清華街口,120.342634487897,22.6407399963084
3308,大昌分隊,地下,三民區,褒揚街與陽明路口,120.341647770255,22.6409299915098
3309,大昌分隊,地下,三民區,興昌街55號前,120.318247005344,22.6452321281509
3310,大昌分隊,地下,三民區,興昌街69號,120.318484716117,22.6456896878153
3311,大昌分隊,地下,三民區,興隆街80-106號,120.316452607512,22.6468174195641
3312,大昌分隊,地下,三民區,興隆街與德山街43號,120.316988043487,22.6468273242586
3313,大昌分隊,地下,三民區,興隆路69號,120.316369794309,22.6467968149544
3314,大昌分隊,地下,三民區,應安街224號與澄平街口,120.338979054885,22.6465257858589
3315,大昌分隊,地下,三民區,應安街240巷21號前,120.340075495996,22.6467175030598
3316,大昌分隊,地下,三民區,應安街470巷口,120.340731860673,22.6487181785863
3317,大昌分隊,地下,三民區,應昇路50號右前方,120.316797271371,22.649173490965
3318,大昌分隊,地下,三民區,應昇路與建工路848號,120.316870361567,22.6479884054879
3319,大昌分隊,地下,三民區,寶安街9號左前3公尺,120.331611829592,22.6401301925272
3320,大昌分隊,地下,三民區,寶安街9號前,120.331768188626,22.6399663974982
3321,大昌分隊,地下,三民區,寶興路108號前15公尺,120.328103788197,22.6452710317672
3322,大昌分隊,地下,三民區,寶興路116號,120.328191642358,22.6455572359901
3323,大昌分隊,地下,三民區,覺民路178號前（人行紅磚道上）,120.340414624661,22.6393948598992
3324,大昌分隊,地下,三民區,覺民路196巷口,120.33998882398,22.6394678881169
3325,大昌分隊,地下,三民區,覺民路196巷與民壯路73巷口,120.340237598866,22.6405964166985
3326,大昌分隊,地下,三民區,覺民路236巷口,120.338973607868,22.6396501490502
3327,大昌分隊,地下,三民區,覺民路272巷口,120.337986219674,22.6398325923119
3328,大昌分隊,地下,三民區,覺民路285巷32號右側,120.336733946397,22.6402113282786
3329,大昌分隊,地下,三民區,覺民路286巷13弄口,120.33763686195,22.6407166615376
3330,大昌分隊,地下,三民區,覺民路288巷22號,120.336684342474,22.6412920337556
3331,大昌分隊,地下,三民區,覺民路517號與民成街口,120.331195872277,22.6407347234615
3332,大昌分隊,地下,三民區,覺民路74號前（與民本路口）,120.342122521251,22.6390841800984
3333,大昌分隊,地下,三民區,覺民路高速高路南下車道,120.336755085736,22.6400581743946
3334,大昌分隊,地下,三民區,覺民路與民壯路口,120.340683851391,22.6393425642449
3335,大昌分隊,地下,三民區,覺民路與民禮路口,120.343656744807,22.6387941054084
3336,大昌分隊,地下,三民區,覺民路與民豐路口,120.339538883418,22.6395412257371
3337,大昌分隊,地下,三民區,覺民路與陽明路口,120.341324899345,22.6392398295287
3338,大昌分隊,地下,三民區,灣中街135號對面(灣中愛國路口西北側),120.321296006441,22.6497917100379
3339,大昌分隊,地下,三民區,灣中街168號前,120.320186242461,22.6493182992857
3340,大昌分隊,地下,三民區,灣中街274號前,120.319149568677,22.6492149531921
3341,大昌分隊,地下,三民區,灣中街28號左前,120.322887226939,22.6516834802403
3342,大昌分隊,地下,三民區,灣中街298巷15號前,120.31876668334,22.6495169463491
3343,大昌分隊,地下,三民區,灣中街339巷內,120.31718447791,22.6500216438526
3344,大昌分隊,地下,三民區,灣中街與大順二路口,120.322332680225,22.651017000876
3345,大昌分隊,地下,三民區,灣中街與建興路口,120.32029889524,22.6493201558017
3346,大昌分隊,地下,三民區,灣中街與莊敬路口,120.318237617612,22.6496326689608
3347,大昌分隊,地下,三民區,灣復街鼎成街口,120.316937416792,22.6520999508468
3348,十全分隊,地下,三民區,九如一路1000號 (彩券行、轉角),120.315006226301,22.6404197300257
3349,十全分隊,地下,三民區,九如一路506號 (元富證券，紅線旁),120.327187478542,22.6392908905507
3350,十全分隊,地下,三民區,九如一路548巷47號 (九如一路548巷、大順二路55巷口),120.32656788826,22.6406722323229
3351,十全分隊,地下,三民區,九如一路548巷61號 (轉角處),120.326699987054,22.6412651157946
3352,十全分隊,地下,三民區,九如一路565巷32、33號之間 (路中間),120.326046198606,22.6384009327151
3353,十全分隊,地下,三民區,九如一路590巷41號 (590巷口),120.325063169003,22.6409470137073
3354,十全分隊,地下,三民區,九如一路611巷52弄4號 (面對住宅左側，馬路上),120.324739962816,22.6380295995075
3355,十全分隊,地下,三民區,九如一路611巷62號 (面對住宅左側，路轉角處),120.324688275658,22.6375874932892
3356,十全分隊,地下,三民區,九如一路619巷1-7號 (綠博館),120.32466526048,22.6392319954762
3357,十全分隊,地下,三民區,九如一路619巷7號 (停車場出入口),120.325114130974,22.6380952017805
3358,十全分隊,地下,三民區,九如一路775號對面,120.323647964279,22.6397036319285
3359,十全分隊,地下,三民區,九如一路843號,120.31964658532,22.6397999510524
3360,十全分隊,地下,三民區,九如一路960號,120.316350013018,22.6402872899097
3361,十全分隊,地下,三民區,九如二路112號前(九如.青島東北角),120.310068300594,22.6407157108431
3362,十全分隊,地下,三民區,九如二路11號前,120.313130487103,22.6400413117499
3363,十全分隊,地下,三民區,九如二路13巷19號前,120.312236976686,22.6401037798377
3364,十全分隊,地下,三民區,九如二路13巷44號前,120.311289851521,22.640197433609
3365,十全分隊,地下,三民區,九如二路150號前(九如.龍江西北角),120.309252168734,22.6407818578877
3366,十全分隊,地下,三民區,九如二路151之1號前（人行道上）,120.309901982546,22.6406388129279
3367,十全分隊,地下,三民區,九如二路160號,120.308417830689,22.6408627290468
3368,十全分隊,地下,三民區,九如二路161號旁,120.30926,22.640659
3369,十全分隊,地下,三民區,九如二路200號前,120.307225241733,22.6409494697535
3370,十全分隊,地下,三民區,九如二路227號,120.307284804893,22.640799775463
3371,十全分隊,地下,三民區,九如二路234號,120.306098074869,22.6410342818879
3372,十全分隊,地下,三民區,九如二路276號前,120.304967383575,22.6411173630782
3373,十全分隊,地下,三民區,九如二路279號,120.30628169577,22.6408678040568
3374,十全分隊,地下,三民區,九如二路319號,120.304897661377,22.6410017060573
3375,十全分隊,地下,三民區,九如二路332號,120.303158,22.641336
3376,十全分隊,地下,三民區,九如二路385號（南側）,120.301786212303,22.6411894321632
3377,十全分隊,地下,三民區,九如二路38號前,120.312469862889,22.6406206629953
3378,十全分隊,地下,三民區,九如二路406號(九如、天津路口，東北角),120.300701957008,22.6414045536599
3379,十全分隊,地下,三民區,九如二路446號(九如、哈爾濱，東北角),120.299485452709,22.6414883649903
3380,十全分隊,地下,三民區,九如二路526號(漢口、九如路口，東北角),120.297149849668,22.641656134733
3381,十全分隊,地下,三民區,九如二路552號前,120.296312588361,22.641729373526
3382,十全分隊,地下,三民區,九如二路552號旁,120.296205770088,22.6417272481779
3383,十全分隊,地下,三民區,九如二路612巷27號前,120.294449917791,22.6429610124608
3384,十全分隊,地下,三民區,九如二路614號 (612巷口),120.294549159525,22.641874277185
3385,十全分隊,地下,三民區,九如二路626號,120.293978195501,22.6418782530721
3386,十全分隊,地下,三民區,九如二路637巷16號,120.294091701508,22.6402984297374
3387,十全分隊,地下,三民區,九如二路637巷29弄2號（637巷往南之巷底）,120.294461846352,22.6396696469349
3388,十全分隊,地下,三民區,九如二路655號 （637巷口）,120.294418931007,22.6417168937576
3389,十全分隊,地下,三民區,九如二路723號前,120.292514356804,22.6418558353374
3390,十全分隊,地下,三民區,九如二路78號旁,120.311275417162,22.6407011612485
3391,十全分隊,地下,三民區,九如二路85號前,120.311272863177,22.6405796287482
3392,十全分隊,地下,三民區,十全ㄧ路447號,120.30405470829,22.6453334668268
3393,十全分隊,地下,三民區,十全一路161號旁(十全.龍江西南角),120.309617530094,22.6449373493907
3394,十全分隊,地下,三民區,十全一路183號,120.3086244,22.6449202
3395,十全分隊,地下,三民區,十全一路219號,120.307487576721,22.645093656035
3396,十全分隊,地下,三民區,十全一路345號,120.306386763229,22.6451835577318
3397,十全分隊,地下,三民區,十全一路452號,120.304095031912,22.6453879830176
3398,十全分隊,地下,三民區,十全一路50號,120.312870350568,22.6447319865089
3399,十全分隊,地下,三民區,十全一路94巷26弄1號,120.311370478216,22.6468182454417
3400,十全分隊,地下,三民區,三民街103號旁,120.293798,22.6362404141801
3401,十全分隊,地下,三民區,三民街151號左側,120.292330982803,22.6357542191928
3402,十全分隊,地下,三民區,三民街222號前,120.290857034393,22.6352771951402
3403,十全分隊,地下,三民區,三民街225號旁,120.290708,22.6350692195877
3404,十全分隊,地下,三民區,三民街56號左前方,120.295277017197,22.6367912698808
3405,十全分隊,地下,三民區,三鳳中街39號前,120.295319186508,22.6378148044969
3406,十全分隊,地下,三民區,三德西街106號前,120.293649457672,22.6383192224137
3407,十全分隊,地下,三民區,三德西街39號前,120.295006334782,22.6387227540165
3408,十全分隊,地下,三民區,三德西街78號前(三德西街80巷口),120.294311271164,22.6385157824452
3409,十全分隊,地下,三民區,三德西街90巷13號對面,120.29388441468,22.6387862717501
3410,十全分隊,地下,三民區,大連街10號前,120.304873769923,22.6400385804593
3411,十全分隊,地下,三民區,大連街125巷14號前,120.304398067459,22.6436194417753
3412,十全分隊,地下,三民區,大連街166號前,120.305167338623,22.6438223309529
3413,十全分隊,地下,三民區,大連街175巷18號前,120.304735860119,22.6449786387615
3414,十全分隊,地下,三民區,大連街20號,120.30491635582,22.6402328607335
3415,十全分隊,地下,三民區,大連街238號,120.305454936194,22.6478239927011
3416,十全分隊,地下,三民區,大連街257號,120.305484127936,22.64814992511
3417,十全分隊,地下,三民區,大連街266號,120.305511650586,22.6484235566805
3418,十全分隊,地下,三民區,大連街290號,120.30555531254,22.6490562695154
3419,十全分隊,地下,三民區,大連街307號,120.305568273934,22.6493723221594
3420,十全分隊,地下,三民區,大連街312-1號,120.305602708869,22.6496869285977
3421,十全分隊,地下,三民區,大連街351-1號,120.305655425472,22.6504227264851
3422,十全分隊,地下,三民區,大連街360號西南方(367巷口),120.305700302124,22.6510194761999
3423,十全分隊,地下,三民區,大連街55巷22號前,120.30421,22.641623
3424,十全分隊,地下,三民區,大連街70號,120.304984882821,22.6418808642108
3425,十全分隊,地下,三民區,大連街79巷24號前,120.304152571758,22.6422972451907
3426,十全分隊,地下,三民區,大連街8號,120.304935472387,22.6399052727986
3427,十全分隊,地下,三民區,大連街96號,120.305033076057,22.6425555851843
3428,十全分隊,地下,三民區,大連街99巷20號前,120.304276665012,22.6429686378196
3429,十全分隊,地下,三民區,大港街107號,120.310100024537,22.6385229637875
3430,十全分隊,地下,三民區,大港街118號 (中華工程前),120.30911909689,22.6385906003872
3431,十全分隊,地下,三民區,大港街39號(對面),120.312604982803,22.6383463911681
3432,十全分隊,地下,三民區,大港街78號,120.31151824785,22.6384213203109
3433,十全分隊,地下,三民區,大港街94號(左側15公尺),120.311012365398,22.6384727753508
3434,十全分隊,地下,三民區,大順一路與河堤路口,120.312833333333,22.6560277777778
3435,十全分隊,地下,三民區,大順二路41號 (大順二路55巷上，紅線旁),120.32746642828,22.6404939954554
3436,十全分隊,地下,三民區,大順二路55巷88弄2號 (歐洲CASA),120.32558619976,22.6408566577271
3437,十全分隊,地下,三民區,大順三路309巷16號,120.326522446627,22.6372179599235
3438,十全分隊,地下,三民區,大順三路309巷37號,120.325160024467,22.6374997329918
3439,十全分隊,地下,三民區,大順三路311號,120.327179,22.637302
3440,十全分隊,地下,三民區,山東街103號前,120.311524719,22.6433661801458
3441,十全分隊,地下,三民區,山東街105號前,120.311519749091,22.6433717591842
3442,十全分隊,地下,三民區,山東街117巷26號前,120.310804306134,22.6438097441537
3443,十全分隊,地下,三民區,山東街129號旁(山東.泰安西南角),120.311548985285,22.6440853164748
3444,十全分隊,地下,三民區,山東街13號旁(山東.旅順西南角),120.31134625339,22.641371223214
3445,十全分隊,地下,三民區,山東街143巷34號前,120.310811236194,22.6444807034051
3446,十全分隊,地下,三民區,山東街143巷口,120.311650393272,22.6447647109384
3447,十全分隊,地下,三民區,山東街173號 (晉元、山東街口),120.311719179153,22.6456095491651
3448,十全分隊,地下,三民區,山東街176號,120.311755857349,22.6458943319787
3449,十全分隊,地下,三民區,山東街195號 (自忠街上),120.311769573951,22.6462989099919
3450,十全分隊,地下,三民區,山東街37巷8號前,120.310864259507,22.6417539803978
3451,十全分隊,地下,三民區,山東街51號旁(山東.遼寧西南角),120.311405512898,22.6420425134197
3452,十全分隊,地下,三民區,山東街5巷19號前,120.310765399389,22.6410800691501
3453,十全分隊,地下,三民區,山東街65巷24號前,120.310854294477,22.6424209280891
3454,十全分隊,地下,三民區,山東街79號旁(山東.承德西北角),120.311441950314,22.6427197320435
3455,十全分隊,地下,三民區,山東街91巷22號前,120.310795953373,22.6430744568151
3456,十全分隊,地下,三民區,中山一路303號 (中山、河北交叉口),120.302228853106,22.636826473021
3457,十全分隊,地下,三民區,中山一路316號,120.30257977791,22.6367826382164
3458,十全分隊,地下,三民區,中山一路327號 (中山一路325巷口),120.302255675197,22.6372398942158
3459,十全分隊,地下,三民區,中庸街11巷42號前,120.28864,22.634087
3460,十全分隊,地下,三民區,中庸街1號對面(河北二路與中庸街),120.290003474869,22.6340412673044
3461,十全分隊,地下,三民區,中庸街32號前（三民街與中庸街口）,120.289664609787,22.634878414769
3462,十全分隊,地下,三民區,中庸街51巷8號前,120.288741,22.635159
3463,十全分隊,地下,三民區,中庸街78號前(中庸街76巷口),120.28923935582,22.6361297810695
3464,十全分隊,地下,三民區,中華二路118號,120.291900786205,22.6412438536208
3465,十全分隊,地下,三民區,中華二路12巷7號前,120.292308796295,22.6402199934489
3466,十全分隊,地下,三民區,中華二路132號,120.29189351037,22.6416201389839
3467,十全分隊,地下,三民區,中華二路142號,120.291857100069,22.6418998497351
3468,十全分隊,地下,三民區,中華二路248號前,120.291916429996,22.644776567318
3469,十全分隊,地下,三民區,中華二路296號前,120.291972756386,22.6458348123332
3470,十全分隊,地下,三民區,中華二路372號右側10公尺,120.292298766576,22.6490774672932
3471,十全分隊,地下,三民區,中華二路372號前（加油站前）,120.292129787408,22.6488274558126
3472,十全分隊,地下,三民區,中華三路287號前(三民街與中華三路口),120.293135,22.635961
3473,十全分隊,地下,三民區,中華路60巷與通化街口,120.293000649033,22.6399531056159
3474,十全分隊,地下,三民區,六合路12號,120.319551751065,22.6334620463674
3475,十全分隊,地下,三民區,六合路5號 (聖若瑟修院對面),120.31935753373,22.6330718084456
3476,十全分隊,地下,三民區,天津街117巷18號前,120.300362,22.6452510571545
3477,十全分隊,地下,三民區,天津街165號,120.301063107681,22.6464411906978
3478,十全分隊,地下,三民區,天津街168號,120.301070128513,22.6464351005615
3479,十全分隊,地下,三民區,天津街17號（西北角）,120.300585932541,22.640599881606
3480,十全分隊,地下,三民區,天津街190號,120.301124151826,22.6470971826918
3481,十全分隊,地下,三民區,天津街229號,120.301235594206,22.6484144467211
3482,十全分隊,地下,三民區,天津街259號,120.301433349414,22.6506536996156
3483,十全分隊,地下,三民區,天津街25巷24號前,120.300074341105,22.641880629931
3484,十全分隊,地下,三民區,天津街274號,120.301279262854,22.6490207224274
3485,十全分隊,地下,三民區,天津街2號(天津、恆豐),120.300566440475,22.6402138182606
3486,十全分隊,地下,三民區,天津街37巷14號,120.300276411045,22.6425181130845
3487,十全分隊,地下,三民區,天津街57巷14號,120.300243,22.6432243435021
3488,十全分隊,地下,三民區,天津街66號(天津、喜峰街口，東南角),120.300845495701,22.6435212331707
3489,十全分隊,地下,三民區,天津街75巷22號,120.300232682209,22.6438918191223
3490,十全分隊,地下,三民區,天津街89巷24號前,120.300259470886,22.6445716585975
3491,十全分隊,地下,三民區,天宮街24號,120.301899872064,22.6496530717443
3492,十全分隊,地下,三民區,北平2街44號,120.301956603382,22.6502676637268
3493,十全分隊,地下,三民區,北平一街159號,120.304463381615,22.6500978835279
3494,十全分隊,地下,三民區,北平一街172巷37號(南方),120.304245897571,22.6517980586297
3495,十全分隊,地下,三民區,北平一街53號,120.307951078591,22.6498183362907
3496,十全分隊,地下,三民區,北平二街134號,120.299047871487,22.6507134942013
3497,十全分隊,地下,三民區,北平二街179號,120.297873373305,22.6505690267441
3498,十全分隊,地下,三民區,北平二街21號,120.302537772116,22.6502153497956
3499,十全分隊,地下,三民區,北平二街8巷42號,120.303051539558,22.6514941812581
3500,十全分隊,地下,三民區,北安街64號,120.306123288649,22.6507394667361
3501,十全分隊,地下,三民區,四平街255號,120.299134691725,22.6465641288813
3502,十全分隊,地下,三民區,市中一路302號旁，河北路上（市中一路與河北二路口）,120.288371388361,22.6333970077016
3503,十全分隊,地下,三民區,市中一路342號前(市中一路與三民街口),120.288048,22.634266
3504,十全分隊,地下,三民區,市中一路384巷59號前,120.288456440475,22.635856121529
3505,十全分隊,地下,三民區,市中一路394號前(中庸街105巷與市中一路口),120.287293642759,22.6358349997574
3506,十全分隊,地下,三民區,平等路109號 (御花園御璽建設、巷口),120.320962741971,22.6411741411484
3507,十全分隊,地下,三民區,平等路117巷20號,120.320389419794,22.6412193190414
3508,十全分隊,地下,三民區,平等路143巷14號前,120.320419,22.641833
3509,十全分隊,地下,三民區,平等路163號,120.321042317197,22.6423543817857
3510,十全分隊,地下,三民區,平等路171號,120.320553855155,22.6430446640183
3511,十全分隊,地下,三民區,平等路171號 (科工館停車場出入口右側紅線旁),120.321137085557,22.6427182264669
3512,十全分隊,地下,三民區,平等路25號 (對面停車場入口前方),120.320771634579,22.6387660760572
3513,十全分隊,地下,三民區,平等路41號 (面對住宅右側，巷口),120.320785045624,22.6392611841235
3514,十全分隊,地下,三民區,民族一路127號,120.314285069652,22.645836430311
3515,十全分隊,地下,三民區,民族一路19巷24號前,120.313253306134,22.6409252975302
3516,十全分隊,地下,三民區,民族一路1巷2號,120.313525646925,22.6385420390708
3517,十全分隊,地下,三民區,民族一路265巷13-1號,120.31398709937,22.6516363559682
3518,十全分隊,地下,三民區,民族一路29號旁(民族.旅順西南角),120.313907807375,22.641208408417
3519,十全分隊,地下,三民區,民族一路2巷29號,120.315323440475,22.637165146559
3520,十全分隊,地下,三民區,民族一路301巷40號,120.314048449074,22.6523705621594
3521,十全分隊,地下,三民區,民族一路335巷43-1號,120.313351487103,22.6536825933907
3522,十全分隊,地下,三民區,民族一路335巷48號,120.313443393848,22.6542417120274
3523,十全分隊,地下,三民區,民族一路335巷57號,120.312419571758,22.6532338898045
3524,十全分隊,地下,三民區,民族一路373巷21號,120.314179321426,22.6545791052705
3525,十全分隊,地下,三民區,民族一路39巷27號前,120.313357069941,22.6415786350281
3526,十全分隊,地下,三民區,民族一路461號北側,120.315479,22.65828
3527,十全分隊,地下,三民區,民族一路461號南側,120.315488900629,22.658229879862
3528,十全分隊,地下,三民區,民族一路53號旁(民族.遼寧西北角),120.313962854002,22.6418644522732
3529,十全分隊,地下,三民區,民族一路63巷18號前,120.313479,22.6422474562338
3530,十全分隊,地下,三民區,民族一路75號旁(民族.承德西北角),120.314020343586,22.6425396563138
3531,十全分隊,地下,三民區,民族一路8-17號,120.314182618385,22.6384094132421
3532,十全分隊,地下,三民區,民族一路87巷17號前,120.313363046627,22.6429044528056
3533,十全分隊,地下,三民區,永吉街14，16號前,120.308181,22.644483
3534,十全分隊,地下,三民區,永年街119號 (面對住宅右側),120.317937880754,22.6432077504933
3535,十全分隊,地下,三民區,永年街75號,120.317835956812,22.6419966240255
3536,十全分隊,地下,三民區,吉林街109號,120.306210737434,22.6430800981322
3537,十全分隊,地下,三民區,吉林街153號,120.306328419643,22.6445375894342
3538,十全分隊,地下,三民區,吉林街255號,120.30665943407,22.6480600728923
3539,十全分隊,地下,三民區,吉林街256號,120.306667577587,22.648059494767
3540,十全分隊,地下,三民區,吉林街275號(東方),120.306686891742,22.6486799361199
3541,十全分隊,地下,三民區,吉林街309號,120.306761498182,22.6499634890994
3542,十全分隊,地下,三民區,吉林街333號,120.306815606729,22.6506563586077
3543,十全分隊,地下,三民區,吉林街69號,120.306071186508,22.6417387058979
3544,十全分隊,地下,三民區,吉林街70號,120.306229449074,22.6420914116497
3545,十全分隊,地下,三民區,同協路111號右側100公尺,120.296114816505,22.6482253385212
3546,十全分隊,地下,三民區,同協路111號右側30公尺（中南停洗車場）,120.295155591506,22.6484410053382
3547,十全分隊,地下,三民區,同協路111號右側60公尺,120.295803009707,22.6482866040213
3548,十全分隊,地下,三民區,同協路115號,120.294559805828,22.6486102586863
3549,十全分隊,地下,三民區,同協路121之1號（金匱福香鋪旁）,120.293757490057,22.6487782741441
3550,十全分隊,地下,三民區,同協路143巷13號,120.293292934664,22.6484149304593
3551,十全分隊,地下,三民區,同協路167號,120.293330683547,22.648891831436
3552,十全分隊,地下,三民區,同協路167號對面 (停車格內),120.292786195117,22.6489976531332
3553,十全分隊,地下,三民區,同愛街72號旁,120.300830693054,22.6372979975798
3554,十全分隊,地下,三民區,同盟一路365號東南方,120.30571103096,22.6515071141495
3555,十全分隊,地下,三民區,合江街105號,120.307960416585,22.6502581615063
3556,十全分隊,地下,三民區,合江街11號,120.307773696347,22.647631278467
3557,十全分隊,地下,三民區,合江街37號,120.307831014138,22.6482615160518
3558,十全分隊,地下,三民區,合江街63巷2號(東方),120.307839859542,22.6488847565746
3559,十全分隊,地下,三民區,合江街69號,120.307887045404,22.6495091671046
3560,十全分隊,地下,三民區,安東街105號前,120.295513272285,22.6450216353101
3561,十全分隊,地下,三民區,安東街109巷31號前,120.294753525131,22.6452899839815
3562,十全分隊,地下,三民區,安東街119巷34號前,120.294532872353,22.6456420323627
3563,十全分隊,地下,三民區,安東街23-1號前,120.295298635582,22.6421944504744
3564,十全分隊,地下,三民區,安東街3號,120.295239686966,22.6409989993128
3565,十全分隊,地下,三民區,安寧街337號,120.306327294477,22.6401699299282
3566,十全分隊,地下,三民區,安寧街352號,120.305922,22.640264
3567,十全分隊,地下,三民區,安寧街433-1號,120.303707919327,22.6403735977239
3568,十全分隊,地下,三民區,安寧街535號(安寧、哈爾濱),120.299404623348,22.6406461041946
3569,十全分隊,地下,三民區,安寧街597號(安寧、嫩江),120.298264731318,22.6407292795866
3570,十全分隊,地下,三民區,自由一路137巷13號前,120.308169,22.644577
3571,十全分隊,地下,三民區,自由一路276號,120.308636,22.653476
3572,十全分隊,地下,三民區,自由一路287巷61號 (寶珠溝截流站，愛河之心自行車道上),120.306457022389,22.6531551509218
3573,十全分隊,地下,三民區,自由一路45號,120.308518652779,22.6422817889805
3574,十全分隊,地下,三民區,自由一路59巷18，20號前,120.307785842922,22.6427199660108
3575,十全分隊,地下,三民區,自由一路62號前,120.308669195683,22.6437426652799
3576,十全分隊,地下,三民區,自由一路69號,120.308569690807,22.6429646414469
3577,十全分隊,地下,三民區,自由一路85巷14號,120.307961635582,22.6433487208419
3578,十全分隊,地下,三民區,自由一路8巷7號前,120.308918527613,22.6414479056295
3579,十全分隊,地下,三民區,自由一路95號,120.30862297057,22.6436072146646
3580,十全分隊,地下,三民區,自立一路105號旁(建國三路277巷口),120.296451457672,22.6375013159098
3581,十全分隊,地下,三民區,自立一路149號前(三德西街與自立一路陸橋下),120.296268457672,22.638740924034
3582,十全分隊,地下,三民區,自立一路161巷9號前(自立一路161巷與三鳳中街44巷口),120.294959396124,22.6393317368777
3583,十全分隊,地下,三民區,自立一路177巷3號,120.295873915344,22.6401740582499
3584,十全分隊,地下,三民區,自立一路177巷5弄31號,120.295069737434,22.6402478390047
3585,十全分隊,地下,三民區,自立一路211號（更新街口）,120.29614579266,22.6409440202575
3586,十全分隊,地下,三民區,自立一路261號前,120.296139,22.64237
3587,十全分隊,地下,三民區,自立一路286號,120.296375446033,22.6431234261747
3588,十全分隊,地下,三民區,自立一路289號,120.296308390807,22.6431902637477
3589,十全分隊,地下,三民區,自立一路303號前,120.296248,22.643919
3590,十全分隊,地下,三民區,自立一路460號對面30公尺,120.296676128905,22.6481593597591
3591,十全分隊,地下,三民區,自立一路76巷11號前,120.297279,22.636793
3592,十全分隊,地下,三民區,自立一路76巷37號前,120.29795,22.637015
3593,十全分隊,地下,三民區,自立一路85巷26號左側20公尺,120.29595630423,22.6364317057709
3594,十全分隊,地下,三民區,自立一路85巷28號前,120.295593523804,22.6363065835385
3595,十全分隊,地下,三民區,自忠街1號（東北角）,120.314182788134,22.6461392883357
3596,十全分隊,地下,三民區,自強一路187號前（自強一路與河北二路口）,120.291591373016,22.6344527801026
3597,十全分隊,地下,三民區,自強一路207巷22號前,120.290639,22.634851
3598,十全分隊,地下,三民區,自強一路243巷34號前,120.290329830689,22.6355715855564
3599,十全分隊,地下,三民區,孝順街1號前,120.312516797449,22.640733684416
3600,十全分隊,地下,三民區,孝順街23巷22號前,120.311986988343,22.6416818896588
3601,十全分隊,地下,三民區,孝順街32號旁,120.312646510416,22.6419452747103
3602,十全分隊,地下,三民區,孝順街356號,120.312933549285,22.6455408562024
3603,十全分隊,地下,三民區,孝順街361-1號,120.312962437129,22.6459823811463
3604,十全分隊,地下,三民區,孝順街382號 (自忠、孝順街口),120.31298631531,22.6462238074206
3605,十全分隊,地下,三民區,孝順街47巷6號前,120.312134895089,22.6423276636796
3606,十全分隊,地下,三民區,孝順街505巷10號,120.312724218246,22.6481419760056
3607,十全分隊,地下,三民區,孝順街505巷14弄9號前,120.312833,22.648482
3608,十全分隊,地下,三民區,孝順街505巷19弄11號,120.312686,22.648635
3609,十全分隊,地下,三民區,孝順街505巷24號,120.311999408737,22.6487930531327
3610,十全分隊,地下,三民區,孝順街505巷2號,120.313686899826,22.6478379933291
3611,十全分隊,地下,三民區,孝順街537巷16號,120.313901824398,22.6490766198822
3612,十全分隊,地下,三民區,孝順街58號旁,120.312699522073,22.6426237508191
3613,十全分隊,地下,三民區,孝順街5巷20號前,120.311942682209,22.6410095533536
3614,十全分隊,地下,三民區,孝順街63號前,120.312691066882,22.6428050490561
3615,十全分隊,地下,三民區,孝順街6號前,120.312592944775,22.6412832577636
3616,十全分隊,地下,三民區,孝順街73巷17號前,120.312166352761,22.6429785131709
3617,十全分隊,地下,三民區,孝順街87號前(孝順.熱河西北角),120.312748314733,22.6432843779525
3618,十全分隊,地下,三民區,更新街46號,120.294460601852,22.641118410057
3619,十全分隊,地下,三民區,更新街65號,120.29392272234,22.6410881174478
3620,十全分隊,地下,三民區,延吉街116號,120.319805169312,22.6418411765614
3621,十全分隊,地下,三民區,延吉街121-8號,120.319888048479,22.6430774337358
3622,十全分隊,地下,三民區,延吉街134號,120.3198485,22.6424000249842
3623,十全分隊,地下,三民區,延吉街16號 (面對住宅左側，巷口),120.31954921782,22.6388978987541
3624,十全分隊,地下,三民區,延吉街63巷34、36號,120.318805575371,22.6413399996419
3625,十全分隊,地下,三民區,延慶街114號 (斑馬線上),120.317876189947,22.6425647470198
3626,十全分隊,地下,三民區,延慶街204號,120.315212756395,22.6427516453561
3627,十全分隊,地下,三民區,忠孝一路473巷1號,120.306427809856,22.6369733033313
3628,十全分隊,地下,三民區,忠孝一路512號,120.306584152679,22.6365426314164
3629,十全分隊,地下,三民區,忠孝一路532號,120.306595921288,22.6369901327163
3630,十全分隊,地下,三民區,承德街72號前,120.312353577298,22.6426492451752
3631,十全分隊,地下,三民區,林森一路281號,120.305111619929,22.6366515571069
3632,十全分隊,地下,三民區,林森一路297巷22號,120.304100084656,22.6371322702003
3633,十全分隊,地下,三民區,林森一路299號 (大順中醫前),120.30509964736,22.6370745442495
3634,十全分隊,地下,三民區,林森一路340巷11弄18號,120.306161813492,22.638999315154
3635,十全分隊,地下,三民區,林森一路361號,120.305333883467,22.6391209409422
3636,十全分隊,地下,三民區,松江街189號前,120.303995652779,22.6446109017582
3637,十全分隊,地下,三民區,松江街245號,120.30416747181,22.6464724998275
3638,十全分隊,地下,三民區,松江街323號,120.304337737146,22.6482064710931
3639,十全分隊,地下,三民區,松江街33巷19號前,120.30338597057,22.6417750980382
3640,十全分隊,地下,三民區,松江街369號,120.304419501241,22.6494632957793
3641,十全分隊,地下,三民區,松江街407號,120.30452257701,22.6508563811683
3642,十全分隊,地下,三民區,松江街408號,120.304531810722,22.6508569189496
3643,十全分隊,地下,三民區,松江街426號,120.304585933118,22.6513474259543
3644,十全分隊,地下,三民區,松江街75號,120.303847830688,22.6426503281968
3645,十全分隊,地下,三民區,河北一路173號,120.31206117791,22.6368798072924
3646,十全分隊,地下,三民區,河北一路18號 (日僑大門右側20公尺),120.32074730213,22.6322450548632
3647,十全分隊,地下,三民區,河北一路259號,120.307393311674,22.6365896709132
3648,十全分隊,地下,三民區,河北二路118號旁（河北二路與立德街口）,120.295345582803,22.6357344880206
3649,十全分隊,地下,三民區,河北二路132號前,120.293985186508,22.6352519757113
3650,十全分隊,地下,三民區,河北二路150巷17號前,120.292442,22.635376
3651,十全分隊,地下,三民區,河北二路33號前(河北二路與同愛街口),120.300692932541,22.636922293067
3652,十全分隊,地下,三民區,河北二路50-1號前,120.300009728836,22.636984028807
3653,十全分隊,地下,三民區,河北二路55號前,120.299401,22.6369894
3654,十全分隊,地下,三民區,河東路256號後方，河濱街上（河濱街與建國三路口）,120.286320380426,22.6340896190325
3655,十全分隊,地下,三民區,河東路356號右側，建國路上(建國三路與同盟三路口),120.285978169312,22.6346006413086
3656,十全分隊,地下,三民區,河堤路250號,120.312334233712,22.6593456134567
3657,十全分隊,地下,三民區,河堤路252號,120.312277777778,22.65965
3658,十全分隊,地下,三民區,長明街100號,120.310356404299,22.6380752088588
3659,十全分隊,地下,三民區,長明街11號,120.312851233135,22.6378861559031
3660,十全分隊,地下,三民區,長明街135號(對面),120.309509728836,22.6381461912634
3661,十全分隊,地下,三民區,長明街165號,120.308734885914,22.6381743022709
3662,十全分隊,地下,三民區,長明街178號,120.306563737434,22.6383315512785
3663,十全分隊,地下,三民區,長明街19-2號(對面),120.312561104299,22.6379120401412
3664,十全分隊,地下,三民區,長明街203號,120.307707487103,22.6382276933226
3665,十全分隊,地下,三民區,長明街205號,120.30762937896,22.6382545155299
3666,十全分隊,地下,三民區,長明街229號,120.30667451255,22.6382743199605
3667,十全分隊,地下,三民區,長明街247號 (中將電子前),120.306017055225,22.6383726242988
3668,十全分隊,地下,三民區,長明街305號,120.304487119049,22.6384584132209
3669,十全分隊,地下,三民區,長明街311號,120.304208457672,22.6384921198192
3670,十全分隊,地下,三民區,長明街38巷5弄14號 (左側40公尺),120.311085991402,22.6388726793801
3671,十全分隊,地下,三民區,長明街38巷5弄1號,120.312569279762,22.6387620572247
3672,十全分隊,地下,三民區,長明街57號,120.311526512897,22.6379949910031
3673,十全分隊,地下,三民區,長明街71號 (中油加油站後面),120.311060495701,22.6380186488111
3674,十全分隊,地下,三民區,青島街108號(青島.泰安東南角),120.310342561954,22.6441749353002
3675,十全分隊,地下,三民區,青島街68號(青島.承德東北角),120.310236933118,22.6427906981373
3676,十全分隊,地下,三民區,青島街84號對面(青島.熱河西南角),120.310283526778,22.6434911909145
3677,十全分隊,地下,三民區,南台路184號前(河北二路與南台路口),120.29823035582,22.6365759766655
3678,十全分隊,地下,三民區,南台路192號前(自立一路76巷尾交口),120.298089534044,22.636925496175
3679,十全分隊,地下,三民區,南台路193號旁(南台路195巷口),120.297942012548,22.6372621743646
3680,十全分隊,地下,三民區,南華路221號,120.303464743594,22.6367580071301
3681,十全分隊,地下,三民區,南華路228號(左側5公尺),120.303376388889,22.6373497222222
3682,十全分隊,地下,三民區,哈爾濱街113巷10號,120.299111,22.6439760568672
3683,十全分隊,地下,三民區,哈爾濱街118號(哈爾濱、熱河街口，東北角),120.299741694443,22.6442801629899
3684,十全分隊,地下,三民區,哈爾濱街127巷22號前,120.299102,22.6446593929884
3685,十全分隊,地下,三民區,哈爾濱街153巷24號前,120.299157,22.6453316308951
3686,十全分隊,地下,三民區,哈爾濱街165號,120.299865620578,22.6461115389658
3687,十全分隊,地下,三民區,哈爾濱街278號,120.29995217514,22.6471538591548
3688,十全分隊,地下,三民區,哈爾濱街288號,120.299975286814,22.6475074437966
3689,十全分隊,地下,三民區,哈爾濱街338號,120.300048376363,22.6485083266775
3690,十全分隊,地下,三民區,哈爾濱街358號,120.300084399677,22.6491098230985
3691,十全分隊,地下,三民區,哈爾濱街35巷16號前,120.298956341104,22.6419607696433
3692,十全分隊,地下,三民區,哈爾濱街367巷12號,120.299906168446,22.6494707839714
3693,十全分隊,地下,三民區,哈爾濱街397號,120.300180801547,22.6503932421391
3694,十全分隊,地下,三民區,哈爾濱街401號,120.300223396636,22.6508379995333
3695,十全分隊,地下,三民區,哈爾濱街48號(哈爾濱、錦州路口),120.299551688326,22.6422484531898
3696,十全分隊,地下,三民區,哈爾濱街87巷20號,120.299020682209,22.6433128189867
3697,十全分隊,地下,三民區,哈爾濱街98號(哈爾濱、喜峰街口，西南角),120.299613393848,22.6432488189717
3698,十全分隊,地下,三民區,哈爾濱街99號(哈爾濱、喜峰街口，東南角),120.299679250332,22.6435910827897
3699,十全分隊,地下,三民區,建國一路384號,120.319695,22.6339393159501
3700,十全分隊,地下,三民區,建國一路426巷14號,120.318580269814,22.6347977204455
3701,十全分隊,地下,三民區,建國一路499號 (對面),120.315411321426,22.6360901227689
3702,十全分隊,地下,三民區,建國二路109-11號（星翔科技前人行道上）,120.309713,22.637496
3703,十全分隊,地下,三民區,建國二路123號 (彰化銀行前),120.30865435477,22.6374794130825
3704,十全分隊,地下,三民區,建國二路185-1號(機車待轉區前),120.306658791263,22.6374620841055
3705,十全分隊,地下,三民區,建國二路1號,120.313294635582,22.6372571694732
3706,十全分隊,地下,三民區,建國二路233號 (機車待轉格上),120.305242584903,22.6375115954623
3707,十全分隊,地下,三民區,建國二路281號 (7-11超商前),120.303442822654,22.6372219537717
3708,十全分隊,地下,三民區,建國二路283號(南華、建國二路口，順向車道上),120.3034526,22.6376699
3709,十全分隊,地下,三民區,建國二路305號,120.302831235005,22.6376769387729
3710,十全分隊,地下,三民區,建國二路51-1號（技嘉科技前人行道上）,120.312008186508,22.6373633388678
3711,十全分隊,地下,三民區,建國二路66號 (全家超商郵筒後),120.310552,22.637669
3712,十全分隊,地下,三民區,建國二路76號（人行道上),120.310384,22.637793
3713,十全分隊,地下,三民區,建國二路83號 (斑馬線上),120.310836728836,22.6374580501885
3714,十全分隊,地下,三民區,建國三路115號前(建國三路與繼光街口),120.299411192536,22.637769665665
3715,十全分隊,地下,三民區,建國三路144號,120.294312,22.637541
3716,十全分隊,地下,三民區,建國三路185號前,120.297669830689,22.6377939022496
3717,十全分隊,地下,三民區,建國三路218巷6號前,120.290101245046,22.6364180017565
3718,十全分隊,地下,三民區,建國三路252號前（建國三路與中庸街口）,120.289402271164,22.6357148545463
3719,十全分隊,地下,三民區,建國三路277巷9號前,120.295884797623,22.6372802412683
3720,十全分隊,地下,三民區,建國三路293號前,120.29499635582,22.6374242410815
3721,十全分隊,地下,三民區,建國三路331號前,120.293918965607,22.6370943161151
3722,十全分隊,地下,三民區,建國三路395之1號前,120.292066084656,22.6364122188134
3723,十全分隊,地下,三民區,建國三路437號右前（建國三路與自強一路口）,120.291097076721,22.6361244189793
3724,十全分隊,地下,三民區,建國三路46巷18號前,120.300649101852,22.6388562392237
3725,十全分隊,地下,三民區,建國三路46巷3號前,120.300245169312,22.6384411955963
3726,十全分隊,地下,三民區,建國三路535號左前（建國三路與市中一路）,120.287689661377,22.6350227804312
3727,十全分隊,地下,三民區,建國三路65號前(建國三路與同愛街口),120.300689,22.637718
3728,十全分隊,地下,三民區,建國三路72號前(建國三路與三鳳中街口),120.295518134918,22.6377137595254
3729,十全分隊,地下,三民區,建國三路89號旁(建國三路91巷口),120.300051,22.637645
3730,十全分隊,地下,三民區,建國三路91巷1弄14號左前,120.299825728836,22.6373641726889
3731,十全分隊,地下,三民區,恆豐街286號(恆豐、哈爾濱),120.299364474869,22.6400596713507
3732,十全分隊,地下,三民區,恆豐街332巷28號前,120.296763804894,22.6409878040395
3733,十全分隊,地下,三民區,重慶街107巷10號,120.301591588955,22.6444703595576
3734,十全分隊,地下,三民區,重慶街118號(泰康、重慶街口),120.302107720238,22.6447843438957
3735,十全分隊,地下,三民區,重慶街129巷18號前,120.301408682209,22.6451797702814
3736,十全分隊,地下,三民區,重慶街130巷口,120.30214854841,22.6451138805989
3737,十全分隊,地下,三民區,重慶街144號,120.302201921461,22.6459625985157
3738,十全分隊,地下,三民區,重慶街180號,120.302252003058,22.6466749880936
3739,十全分隊,地下,三民區,重慶街1號,120.301701364418,22.6405133680483
3740,十全分隊,地下,三民區,重慶街206號,120.302288291996,22.6470976000158
3741,十全分隊,地下,三民區,重慶街244號,120.302387802124,22.6483144614815
3742,十全分隊,地下,三民區,重慶街24號(重慶、錦州路口),120.301906347221,22.6420813432137
3743,十全分隊,地下,三民區,重慶街346號,120.302575869006,22.6508582107236
3744,十全分隊,地下,三民區,重慶街37巷18號,120.301354341105,22.6424685810501
3745,十全分隊,地下,三民區,重慶街55巷14號,120.301319,22.6431601962766
3746,十全分隊,地下,三民區,重慶街72號(重慶、喜峰街口),120.30200835582,22.6434236564564
3747,十全分隊,地下,三民區,重慶街7巷14號前,120.301325953373,22.6417989656955
3748,十全分隊,地下,三民區,重慶街81巷12號,120.301399,22.6438079663834
3749,十全分隊,地下,三民區,唐山街2號,120.30012582486,22.6497580308141
3750,十全分隊,地下,三民區,唐山街330號,120.297822850429,22.6499458478405
3751,十全分隊,地下,三民區,晉元街80號 (十全一路94巷、晉元街口),120.311273261905,22.6456398730746
3752,十全分隊,地下,三民區,泰安街1號旁(孝順.泰安西南角),120.312801384673,22.6439917467472
3753,十全分隊,地下,三民區,康平街186號,120.294297162774,22.6456667603123
3754,十全分隊,地下,三民區,康平街196之3號,120.294502361648,22.6477242561062
3755,十全分隊,地下,三民區,康平街60號,120.294111,22.642374
3756,十全分隊,地下,三民區,康平街91號,120.29421967791,22.6432776000734
3757,十全分隊,地下,三民區,康平街到底（鐵道）右轉50公尺,120.29351234436,22.6392587085876
3758,十全分隊,地下,三民區,教仁路2號 (克萊能幼兒園),120.325458210976,22.638955131567
3759,十全分隊,地下,三民區,教仁路82號 (面對住宅右側，斑馬線上),120.326956808567,22.6382907706349
3760,十全分隊,地下,三民區,通化街113號前,120.292914025795,22.6440949586873
3761,十全分隊,地下,三民區,通化街158巷6號前,120.293686611709,22.645715955878
3762,十全分隊,地下,三民區,通化街29號,120.292695611715,22.6411883752806
3763,十全分隊,地下,三民區,通化街30巷39號,120.293875953373,22.6407409450346
3764,十全分隊,地下,三民區,通化街30巷59號,120.294507941139,22.6407273369168
3765,十全分隊,地下,三民區,通化街30巷93號,120.295150775159,22.6406805275719
3766,十全分隊,地下,三民區,通化街32號,120.292665215067,22.6408420488963
3767,十全分隊,地下,三民區,通化街54巷42號,120.293992459774,22.6414860539704
3768,十全分隊,地下,三民區,凱國路70號(右側10公尺),120.316424798217,22.6375834408378
3769,十全分隊,地下,三民區,凱旋一路189號,120.317163870886,22.6383957001457
3770,十全分隊,地下,三民區,凱旋一路203號,120.316442,22.6385549817421
3771,十全分隊,地下,三民區,凱旋一路219號,120.3156523,22.6385821
3772,十全分隊,地下,三民區,凱旋一路233號,120.314895,22.638586
3773,十全分隊,地下,三民區,凱旋一路93巷15號(左側10公尺),120.319040728871,22.6344616276325
3774,十全分隊,地下,三民區,凱歌路120號(左側5公尺),120.317826741872,22.6369354762408
3775,十全分隊,地下,三民區,凱歌路262號,120.316181811639,22.6377117125915
3776,十全分隊,地下,三民區,凱歌路277號,120.315651203705,22.6377804135142
3777,十全分隊,地下,三民區,凱歌路56號(左側10公尺),120.318089487102,22.635353134479
3778,十全分隊,地下,三民區,博仁街2號,120.304167684979,22.6465408077535
3779,十全分隊,地下,三民區,博愛一路102號,120.303272,22.644123
3780,十全分隊,地下,三民區,博愛一路103號（西北角）,120.302758,22.644147
3781,十全分隊,地下,三民區,博愛一路128號前（人行道上）,120.303329,22.6445083578401
3782,十全分隊,地下,三民區,博愛一路153號,120.302959247274,22.6454986013129
3783,十全分隊,地下,三民區,博愛一路154號,120.303244513475,22.6455302369969
3784,十全分隊,地下,三民區,博愛一路156號,120.303251779098,22.6454266052265
3785,十全分隊,地下,三民區,博愛一路190號,120.303335831265,22.6466135494143
3786,十全分隊,地下,三民區,博愛一路1號(人行道上),120.302482038029,22.6413121708838
3787,十全分隊,地下,三民區,博愛一路227號,120.303130307969,22.6476881693189
3788,十全分隊,地下,三民區,博愛一路282號,120.30365342022,22.6488453594566
3789,十全分隊,地下,三民區,博愛一路287號,120.303149842345,22.6488705899685
3790,十全分隊,地下,三民區,博愛一路30號（合作金庫）前,120.303221,22.642206
3791,十全分隊,地下,三民區,博愛一路332號,120.303694799388,22.6500350545237
3792,十全分隊,地下,三民區,博愛一路372號(郵局前),120.303779469906,22.6511548778138
3793,十全分隊,地下,三民區,博愛一路393號,120.303385142651,22.6517469502104
3794,十全分隊,地下,三民區,博愛一路393號左50公尺（三民一號公園鐵橋下南側約20公尺）,120.303449850944,22.6521420711322
3795,十全分隊,地下,三民區,博愛一路42號,120.3030907,22.6426907
3796,十全分隊,地下,三民區,博愛一路49號,120.302716923943,22.6426190000001
3797,十全分隊,地下,三民區,博愛一路81號(右前方),120.302665,22.643427
3798,十全分隊,地下,三民區,喜峰街154號,120.297877,22.6437518681809
3799,十全分隊,地下,三民區,堯山街146號,120.316579341888,22.6440351720932
3800,十全分隊,地下,三民區,堯山街51號 (御宿Motel),120.316291674972,22.6415417526141
3801,十全分隊,地下,三民區,堯山街92號 (斑馬線上),120.316533073783,22.6426798566212
3802,十全分隊,地下,三民區,復興一路149號 (捷安特前),120.308603856067,22.6368273233798
3803,十全分隊,地下,三民區,復興一路159巷51號,120.306953093254,22.6370342904291
3804,十全分隊,地下,三民區,復興一路159巷6號,120.308507949738,22.6371250259162
3805,十全分隊,地下,三民區,復興一路205巷14號,120.308276271164,22.6379000265027
3806,十全分隊,地下,三民區,敦煌路80巷3-1號,120.313536,22.658709
3807,十全分隊,地下,三民區,朝陽街17號前,120.307959492642,22.6430129583665
3808,十全分隊,地下,三民區,朝陽街187號右前,120.304764725201,22.6432383807341
3809,十全分隊,地下,三民區,朝陽街32號前,120.307609294478,22.6430612943948
3810,十全分隊,地下,三民區,開源街40號,120.30094074384,22.6500261344366
3811,十全分隊,地下,三民區,開源街4號,120.30089546904,22.6494056618191
3812,十全分隊,地下,三民區,綏遠一街153號,120.304356676092,22.648806655098
3813,十全分隊,地下,三民區,綏遠二街186號,120.298935238387,22.6492119896736
3814,十全分隊,地下,三民區,綏遠二街19號,120.302440419932,22.6489237673889
3815,十全分隊,地下,三民區,綏遠二街41號,120.301843049397,22.648978987654
3816,十全分隊,地下,三民區,嫩江街109巷12號,120.298000317791,22.6440557209566
3817,十全分隊,地下,三民區,嫩江街121號,120.29852902943,22.6443773103833
3818,十全分隊,地下,三民區,嫩江街129巷22號前,120.297991682209,22.6447259666977
3819,十全分隊,地下,三民區,嫩江街138號(嫩江、泰康街口，東南角),120.29861153373,22.6450280173133
3820,十全分隊,地下,三民區,嫩江街159巷20號前,120.298029,22.6454079177799
3821,十全分隊,地下,三民區,嫩江街162號,120.298697023602,22.6462102275376
3822,十全分隊,地下,三民區,嫩江街1號(嫩江、恆豐),120.29822197057,22.6401127833661
3823,十全分隊,地下,三民區,嫩江街35巷14號前,120.297758317791,22.6420448186896
3824,十全分隊,地下,三民區,嫩江街47號,120.298365241734,22.6423501620508
3825,十全分隊,地下,三民區,嫩江街59巷16號,120.297863612268,22.6426899735341
3826,十全分隊,地下,三民區,嫩江街69號(嫩江、遼寧街口，西南角),120.298423017197,22.643002886725
3827,十全分隊,地下,三民區,察哈爾一街50號,120.306618782497,22.6473898514211
3828,十全分隊,地下,三民區,察哈爾二街120號,120.300008464077,22.6478658960406
3829,十全分隊,地下,三民區,察哈爾二街142號,120.299205982515,22.6479348817667
3830,十全分隊,地下,三民區,察哈爾二街14之1號,120.302334268394,22.647681240617
3831,十全分隊,地下,三民區,察哈爾二街210號,120.297648816839,22.6480668918344
3832,十全分隊,地下,三民區,察哈爾二街62號,120.301184615615,22.6477722771637
3833,十全分隊,地下,三民區,漢口街130號(漢口、喜峰街口),120.297320626984,22.643764969137
3834,十全分隊,地下,三民區,漢口街152號(漢口、熱河街口，東南角),120.297379991402,22.6444031650947
3835,十全分隊,地下,三民區,漢口街176號(漢口、泰康街口),120.297450084656,22.6451127715764
3836,十全分隊,地下,三民區,漢口街198號,120.29750914017,22.6462889078346
3837,十全分隊,地下,三民區,漢口街1號(漢口、恆豐),120.297022923943,22.6401793916965
3838,十全分隊,地下,三民區,漢口街233號,120.297570084367,22.647011572164
3839,十全分隊,地下,三民區,漢口街25-5號(漢口、安寧),120.297066474869,22.6408486978798
3840,十全分隊,地下,三民區,漢口街279號,120.297706716891,22.6486958427166
3841,十全分隊,地下,三民區,漢口街310號,120.297776839864,22.649302823861
3842,十全分隊,地下,三民區,漢口街35巷11號前,120.296724813492,22.6421211664931
3843,十全分隊,地下,三民區,漢口街36號,120.297192215939,22.6420713136039
3844,十全分隊,地下,三民區,慶雲街115號,120.315181910992,22.6427454566735
3845,十全分隊,地下,三民區,慶雲街123號,120.315273106098,22.6436329109058
3846,十全分隊,地下,三民區,慶雲街156號,120.315287487103,22.6440777725092
3847,十全分隊,地下,三民區,慶雲街31號,120.315061211586,22.6410336563722
3848,十全分隊,地下,三民區,慶雲街34號,120.315132290125,22.6415968323617
3849,十全分隊,地下,三民區,撫順街202號前,120.30399182209,22.6419123136842
3850,十全分隊,地下,三民區,熱河一街118號(熱河.青島東北角),120.310297665533,22.6434924908167
3851,十全分隊,地下,三民區,熱河一街146號前(熱河.龍江西北角),120.3094695335,22.6435413811354
3852,十全分隊,地下,三民區,熱河一街159號旁(熱河.龍江西南角),120.309467446015,22.6435355460196
3853,十全分隊,地下,三民區,熱河一街317號,120.307406025795,22.6436945736323
3854,十全分隊,地下,三民區,熱河一街355號,120.306286034393,22.6437530490903
3855,十全分隊,地下,三民區,熱河一街356號,120.306290101852,22.6438119172908
3856,十全分隊,地下,三民區,熱河一街386號前,120.305384076057,22.6438864238291
3857,十全分隊,地下,三民區,熱河一街436號,120.303941923943,22.6440054910015
3858,十全分隊,地下,三民區,熱河一街450巷38號,120.303635090773,22.6448545895713
3859,十全分隊,地下,三民區,熱河一街49號前,120.312268083331,22.6433096161159
3860,十全分隊,地下,三民區,熱河二街115號(熱河、哈爾濱街口，東南角),120.29973320734,22.6442420825903
3861,十全分隊,地下,三民區,熱河二街215號前,120.296441316605,22.6444900352473
3862,十全分隊,地下,三民區,熱河二街249號前,120.294369980693,22.6446360862262
3863,十全分隊,地下,三民區,熱河二街314號,120.292979925871,22.6447480997956
3864,十全分隊,地下,三民區,熱河二街317號,120.292981937528,22.6447412923437
3865,十全分隊,地下,三民區,熱河二街346號,120.292236953974,22.6447716164449
3866,十全分隊,地下,三民區,熱河二街5號(遼寧二街6巷口),120.302433227018,22.6440557544969
3867,十全分隊,地下,三民區,熱河二街69號(熱河、天津街口，東南角),120.300899944775,22.6441579353071
3868,十全分隊,地下,三民區,憲政路255號,120.318446,22.6365762
3869,十全分隊,地下,三民區,憲政路310號(左側20公尺)(攤商旁),120.319022641734,22.6367457351859
3870,十全分隊,地下,三民區,憲政路310號(與憲政路平行的斑馬線上),120.319020152092,22.6368004794313
3871,十全分隊,地下,三民區,興安街10號,120.298853411334,22.6482715599814
3872,十全分隊,地下,三民區,興安街20號,120.298881976975,22.6486108107373
3873,十全分隊,地下,三民區,興安街24號,120.298910519932,22.6489235703831
3874,十全分隊,地下,三民區,興安街78號,120.298986227884,22.64985366348
3875,十全分隊,地下,三民區,遼北街7號（億興汽車工作室）,120.294837403601,22.6476643867929
3876,十全分隊,地下,三民區,遼北街7號左側100公尺,120.293255235558,22.6478225018818
3877,十全分隊,地下,三民區,遼北街7號左側60公尺,120.294187973743,22.6477432896488
3878,十全分隊,地下,三民區,遼寧一街115號(遼寧.青島東南角),120.310181198742,22.6421462719442
3879,十全分隊,地下,三民區,遼寧一街143巷30號前,120.30972157424,22.6415238112625
3880,十全分隊,地下,三民區,遼寧一街144巷23號前,120.3098204313,22.6427617622637
3881,十全分隊,地下,三民區,遼寧一街159號(遼寧.龍江西南角),120.309358164668,22.6422342705312
3882,十全分隊,地下,三民區,遼寧一街352號,120.306173101852,22.6424951961807
3883,十全分隊,地下,三民區,遼寧一街456巷14，16號前,120.30352317791,22.6430518037419
3884,十全分隊,地下,三民區,遼寧二街118號(哈爾濱、遼寧街口，東南角),120.299618462635,22.6429222908168
3885,十全分隊,地下,三民區,遼寧二街205號(漢口、遼寧街口),120.297257609787,22.6430874941812
3886,十全分隊,地下,三民區,遼寧二街222巷23號前,120.29684864418,22.6437315245448
3887,十全分隊,地下,三民區,遼寧二街255巷35號前,120.295728338623,22.6421676374442
3888,十全分隊,地下,三民區,遼寧二街335號,120.292873308063,22.6434119761832
3889,十全分隊,地下,三民區,遼寧二街67號(遼寧、天津街口，東南角),120.300810542328,22.6428173622815
3890,十全分隊,地下,三民區,錦州街117號,120.298977682209,22.6422846418758
3891,十全分隊,地下,三民區,龍江街120號前,120.309540539846,22.6441312026981
3892,十全分隊,地下,三民區,龍江街47巷11號前,120.307721930059,22.64029824418
3893,十全分隊,地下,三民區,龍江街47巷6號前,120.308843851089,22.6402117866089
3894,十全分隊,地下,三民區,聯興路157號,120.313993,22.659343
3895,十全分隊,地下,三民區,歸綏街98號,120.306715731606,22.6493100351397
3896,十全分隊,地下,三民區,瀋陽街111號,120.307341373016,22.6430352149943
3897,十全分隊,地下,三民區,瀋陽街115巷10號前,120.307021224537,22.6434297699345
3898,十全分隊,地下,三民區,瀋陽街159號,120.307383,22.644502
3899,十全分隊,地下,三民區,瀋陽街171巷18號前,120.306874711639,22.6448363439089
3900,十全分隊,地下,三民區,瀋陽街1號前,120.307343101852,22.6397627063253
3901,十全分隊,地下,三民區,瀋陽街33號前,120.307197877316,22.6404544755144
3902,十全分隊,地下,三民區,瀋陽街45巷18號前,120.306462271164,22.6414452940451
3903,十全分隊,地下,三民區,瀋陽街57號,120.307248373016,22.6416627059143
3904,十全分隊,地下,三民區,瀋陽街71巷14號前,120.306805317791,22.6420926716073
3905,十全分隊,地下,三民區,瀋陽街83號,120.307282279762,22.6423604115333
3906,十全分隊,地下,三民區,瀋陽街99巷12號前,120.306806804894,22.6427945396225
3907,十全分隊,地下,三民區,禮明路93巷24號 (93巷路口),120.324536114931,22.6405038975097
3908,十全分隊,地下,三民區,禮明路94號,120.32583053373,22.6404913144012
3909,十全分隊,地下,三民區,懷安街112號,120.317748114467,22.6408257138847
3910,十全分隊,地下,三民區,懷安街30號 (十代餐飲食品),120.319703444839,22.640730406806
3911,十全分隊,地下,三民區,繼光街10號前(繼光街9巷口),120.299369796295,22.6371351724908
3912,十全分隊,地下,三民區,繼光街17號前,120.299324,22.637424
3913,十全分隊,地下,三民區,繼光街9巷18號前,120.298714488745,22.6372467020395
3914,十全分隊,地下,三民區,灣興街130號,120.308918644814,22.6537990913822
3915,十全分隊,地下,三民區,灣興街28號,120.313851933869,22.6508198573004
3916,十全分隊,地下,三民區,灣興街50巷1號,120.313003287034,22.6517004950568
3917,十全分隊,地下,三民區,灣興街50巷6-1號,120.313259898772,22.6521046648455
3918,十全分隊,地下,三民區,灣興街55巷2號,120.310803711986,22.6505691583871
3919,十全分隊,地下,三民區,灣興街58號,120.311806471581,22.6517170509193
3920,十全分隊,地下,三民區,灣興街94號,120.310258406082,22.6526134823684
3921,左營分隊,地下,左營區,大中二路736號前人行道上,120.304687972739,22.6861589574799
3922,左營分隊,地下,左營區,大中路二路762號,120.304412461099,22.6862222524023
3923,左營分隊,地下,左營區,中華1路2-11號左後方,120.286015219574,22.6710277268636
3924,左營分隊,地下,左營區,介壽路10巷,120.287121168123,22.6809009178433
3925,左營分隊,地下,左營區,介壽路10巷119號,120.286854,22.683949
3926,左營分隊,地下,左營區,介壽路10巷26號,120.2870497,22.6824582
3927,左營分隊,地下,左營區,介壽路10巷46號和部後街21巷底口,120.286956326678,22.683352569054
3928,左營分隊,地下,左營區,介壽路10巷69號,120.286918,22.683018
3929,左營分隊,地下,左營區,介壽路10巷8號,120.287083773559,22.6816492845577
3930,左營分隊,地下,左營區,介壽路10巷和左營大路73巷50號路口,120.287003486202,22.6832142034916
3931,左營分隊,地下,左營區,介壽路10巷底齊天宮和部後街77巷8號路口,120.286789580033,22.6850195167085
3932,左營分隊,地下,左營區,介壽路221巷12號前,120.281602,22.680245
3933,左營分隊,地下,左營區,介壽路221巷右轉介壽路211巷（往先鋒路方向開）,120.282345,22.680931
3934,左營分隊,地下,左營區,介壽路261號旁（自勉路口）,120.280204,22.68132
3935,左營分隊,地下,左營區,元帝路53號,120.294221635582,22.6859133371478
3936,左營分隊,地下,左營區,元帝路87號,120.294035911511,22.686386232805
3937,左營分隊,地下,左營區,孔營路18號前,120.296652674642,22.6887611682599
3938,左營分隊,地下,左營區,孔營路左營新路口,120.296876869381,22.6885590623515
3939,左營分隊,地下,左營區,世運大道東側350公尺（世運大道和左楠路口）,120.30249694137,22.7010019172141
3940,左營分隊,地下,左營區,半屏山後巷11-2號對面,120.306520064257,22.6889977942209
3941,左營分隊,地下,左營區,半屏山後巷28號前(建台水泥大門),120.30667388465,22.6898774672335
3942,左營分隊,地下,左營區,半屏山後巷9號,120.306355355681,22.689244012121
3943,左營分隊,地下,左營區,左大路4巷2之28號,120.288773551583,22.6793528219516
3944,左營分隊,地下,左營區,左大路4巷3號,120.287733525038,22.6787137000506
3945,左營分隊,地下,左營區,左營下路120號,120.294539694443,22.686254642338
3946,左營分隊,地下,左營區,左營下路137-2號,120.296632305557,22.6882625393068
3947,左營分隊,地下,左營區,左營下路138巷,120.295177376652,22.6867900446911
3948,左營分隊,地下,左營區,左營下路140號,120.29519175215,22.6867786485687
3949,左營分隊,地下,左營區,左營下路178-6號,120.295590264873,22.6873261544004
3950,左營分隊,地下,左營區,左營下路204-1號,120.297443131283,22.6897022485342
3951,左營分隊,地下,左營區,左營下路204-2號,120.297430062566,22.6896807597297
3952,左營分隊,地下,左營區,左營下路214號(左營新路203號旁),120.2979107705,22.690045622894
3953,左營分隊,地下,左營區,左營下路240號三仙宮前,120.298553637504,22.6897563890137
3954,左營分隊,地下,左營區,左營下路30巷,120.293060942293,22.6839543217625
3955,左營分隊,地下,左營區,左營下路30巷19號,120.293455419643,22.6843239297141
3956,左營分隊,地下,左營區,左營下路30巷對面,120.293052895666,22.6839444228431
3957,左營分隊,地下,左營區,左營下路33號,120.292688256449,22.6844388440687
3958,左營分隊,地下,左營區,左營下路40號對面,120.292912557043,22.6841394197658
3959,左營分隊,地下,左營區,左營下路64號,120.293045236176,22.6847831505705
3960,左營分隊,地下,左營區,左營大路120號,120.288767248376,22.6830649166895
3961,左營分隊,地下,左營區,左營大路20號,120.287645164349,22.6808265461592
3962,左營分隊,地下,左營區,左營大路267巷,120.290934577979,22.6862651014805
3963,左營分隊,地下,左營區,左營大路267巷和西陵街口,120.290529564418,22.686865212016
3964,左營分隊,地下,左營區,左營大路272巷16號,120.291046346067,22.6853734828717
3965,左營分隊,地下,左營區,左營大路275巷16號對面,120.290550440475,22.6867301141391
3966,左營分隊,地下,左營區,左營大路2-79號,120.287215858698,22.6779551642866
3967,左營分隊,地下,左營區,左營大路330號,120.291619817127,22.6865256455712
3968,左營分隊,地下,左營區,左營大路345巷17號,120.292610521496,22.6873801200237
3969,左營分隊,地下,左營區,左營大路345巷50號,120.292438442957,22.6875314213886
3970,左營分隊,地下,左營區,左營大路361巷,120.293365177385,22.6874325277814
3971,左營分隊,地下,左營區,左營大路361巷24號,120.29286902943,22.6879653226031
3972,左營分隊,地下,左營區,左營大路392號,120.293153860119,22.6872389361986
3973,左營分隊,地下,左營區,左營大路401巷,120.293810793323,22.6880348091114
3974,左營分隊,地下,左營區,左營大路401巷35號,120.293016203705,22.6887138965971
3975,左營分隊,地下,左營區,左營大路419巷35號,120.293444830688,22.6891133912915
3976,左營分隊,地下,左營區,左營大路419巷71號,120.292977667494,22.6897732059182
3977,左營分隊,地下,左營區,左營大路419巷和實踐路口,120.292678825062,22.6903562433594
3978,左營分隊,地下,左營區,左營大路435巷,120.294415189128,22.6886243648269
3979,左營分隊,地下,左營區,左營大路435巷34號,120.293646696924,22.6894161685924
3980,左營分隊,地下,左營區,左營大路460巷,120.294106203635,22.6883276358256
3981,左營分隊,地下,左營區,左營大路471號前,120.29509904051,22.6892940834449
3982,左營分隊,地下,左營區,左營大路492巷,120.294864207271,22.6889553119612
3983,左營分隊,地下,左營區,左營大路514-2號,120.295315347221,22.6894416808558
3984,左營分隊,地下,左營區,左營大路542號和進學路口,120.295873393848,22.6901849365711
3985,左營分隊,地下,左營區,左營大路554巷15號(源盛煤氣行),120.296658898148,22.6900350329906
3986,左營分隊,地下,左營區,左營大路554巷口,120.296002061238,22.6902535125848
3987,左營分隊,地下,左營區,左營大路589號和菜公路路口,120.297855381615,22.6916445081909
3988,左營分隊,地下,左營區,左營大路598巷口,120.296806291927,22.690702323248
3989,左營分隊,地下,左營區,左營大路600號前(仁和木材行),120.296838362566,22.6907838827267
3990,左營分隊,地下,左營區,左營大路642巷旁(華宮旅社),120.297651915344,22.6913377032303
3991,左營分隊,地下,左營區,左營大路672巷口,120.29823740528,22.6920802175002
3992,左營分隊,地下,左營區,左營大路6巷22號,120.287943271164,22.6796952946035
3993,左營分隊,地下,左營區,左營大路710巷口,120.29869691468,22.6928904198977
3994,左營分隊,地下,左營區,左營大路72號（德恩堂）,120.288243361937,22.6819677121487
3995,左營分隊,地下,左營區,左營大路740巷32弄底31號前,120.299621909787,22.6922584422423
3996,左營分隊,地下,左營區,左營大路740巷34弄30號,120.299893186508,22.6920772033368
3997,左營分隊,地下,左營區,左營大路740巷34弄口,120.300291924606,22.6926248021844
3998,左營分隊,地下,左營區,左營大路740巷35號,120.299924,22.692944
3999,左營分隊,地下,左營區,左營大路740巷口,120.299073475919,22.6934045937541
4000,左營分隊,地下,左營區,左營大路785號右側,120.300616,22.69589
4001,左營分隊,地下,左營區,左營大路836巷,120.300208,22.6950742
4002,左營分隊,地下,左營區,左營大路843號前（加油站前）,120.301494830689,22.6970216121621
4003,左營分隊,地下,左營區,左營大路877號,120.301839,22.69772
4004,左營分隊,地下,左營區,左營大路911號,120.302176,22.698395
4005,左營分隊,地下,左營區,左營大路920號(加油站旁),120.30147538525,22.6968010557194
4006,左營分隊,地下,左營區,左營大路928-102號旁(舊祥和山莊內),120.302682942467,22.6967656769793
4007,左營分隊,地下,左營區,左營大路永清國小旁,120.286755859852,22.6753206738757
4008,左營分隊,地下,左營區,左營大路和進學路1號路口,120.295850658787,22.6902354831563
4009,左營分隊,地下,左營區,左營大路與必勝路口,120.286468863487,22.6754895847136
4010,左營分隊,地下,左營區,左營新路40號,120.294505115136,22.6857352191552
4011,左營分隊,地下,左營區,左營新路51號,120.295326541647,22.6866199206935
4012,左營分隊,地下,左營區,先勝路135號前,120.2810489,22.6806332
4013,左營分隊,地下,左營區,先勝路31號和自勉路66巷口交接,120.2810152,22.6787233
4014,左營分隊,地下,左營區,先勝路42號前,120.281086742862,22.6789617638473
4015,左營分隊,地下,左營區,先勝路88號旁,120.2811395,22.679527
4016,左營分隊,地下,左營區,先勝路95巷6號,120.2806537,22.6795742
4017,左營分隊,地下,左營區,先勝路95巷和自勉路交接,120.280111,22.679618
4018,左營分隊,地下,左營區,先勝路上（7-11）和介壽路247號路口,120.280971843703,22.6813326579148
4019,左營分隊,地下,左營區,先鋒路303巷28號前,120.2814168,22.6787015
4020,左營分隊,地下,左營區,先鋒路303巷口,120.282686479381,22.6787307670612
4021,左營分隊,地下,左營區,先鋒路321巷口（在先鋒路上）,120.282675,22.679129
4022,左營分隊,地下,左營區,先鋒路345號（在先鋒路上）,120.28266388168,22.6795915669397
4023,左營分隊,地下,左營區,先鋒路347巷57號,120.281694,22.679675
4024,左營分隊,地下,左營區,先鋒路425號（快到介壽路）,120.282642,22.681272
4025,左營分隊,地下,左營區,先鋒路9號國軍人才招募中心前,120.282711717791,22.6759682359498
4026,左營分隊,地下,左營區,先鋒路上海軍陸戰隊大門口,120.282757315344,22.6753742649242
4027,左營分隊,地下,左營區,先鋒路和崇實新村55-1號西十巷口,120.282717082209,22.6773083736225
4028,左營分隊,地下,左營區,州仔路127巷口,120.3007864,22.6858152
4029,左營分隊,地下,左營區,自立新村202號前實踐路四海一家旁,120.287762808702,22.6904104446091
4030,左營分隊,地下,左營區,自助193-241路牌（近先峰路）,120.283832233135,22.6754231099231
4031,左營分隊,地下,左營區,自勉路66巷15弄30號前,120.2804273,22.6791245
4032,左營分隊,地下,左營區,自勉路66巷15弄48號（和先勝路95巷口交接）,120.280431,22.679544
4033,左營分隊,地下,左營區,自勉路66巷15弄口,120.28044,22.678693
4034,左營分隊,地下,左營區,西陵街143號,120.29231840741,22.6886966512585
4035,左營分隊,地下,左營區,西陵街82-2號,120.291068650297,22.6874245148019
4036,左營分隊,地下,左營區,和光街106巷105號,120.29695453373,22.7062802323791
4037,左營分隊,地下,左營區,和光街106巷20號,120.295411,22.707199
4038,左營分隊,地下,左營區,和光街106巷57弄19號,120.296168262566,22.7071432331278
4039,左營分隊,地下,左營區,和光街106巷口,120.294951797345,22.7075406794836
4040,左營分隊,地下,左營區,和光街134巷78號,120.297309101852,22.7068127672621
4041,左營分隊,地下,左營區,和光街166巷88號,120.297673559525,22.7073311502574
4042,左營分隊,地下,左營區,和光街24巷45號,120.29434160367,22.7056926203671
4043,左營分隊,地下,左營區,和光街36巷8號,120.293927055225,22.7064276527112
4044,左營分隊,地下,左營區,和光街56巷2號,120.294174373016,22.7067667404524
4045,左營分隊,地下,左營區,和光街56巷32號,120.294828381615,22.7062768459602
4046,左營分隊,地下,左營區,和光街56巷44號,120.295031419643,22.7058634106611
4047,左營分隊,地下,左營區,和光街68巷15弄1號前,120.294804101852,22.7067177190966
4048,左營分隊,地下,左營區,和光街68巷48號前,120.295589101852,22.7061409218586
4049,左營分隊,地下,左營區,和光街88巷57號前,120.295541169311,22.7067116163637
4050,左營分隊,地下,左營區,店仔頂街130巷,120.29354111059,22.6852875125757
4051,左營分隊,地下,左營區,店仔頂街50巷,120.291482082803,22.6850204195078
4052,左營分隊,地下,左營區,店仔頂街和聖公路65號路口,120.291841080986,22.685895433595
4053,左營分隊,地下,左營區,店仔頂路106號,120.290411478504,22.684948967809
4054,左營分隊,地下,左營區,店仔頂路112巷8號,120.290799405505,22.6851379844412
4055,左營分隊,地下,左營區,店仔頂路19巷46號,120.290654586647,22.6828512373749
4056,左營分隊,地下,左營區,店仔頂路21號,120.290885522945,22.6828579411677
4057,左營分隊,地下,左營區,店仔頂路26巷4號,120.291145294905,22.6828472131244
4058,左營分隊,地下,左營區,店仔頂路42巷,120.290913109787,22.6834084442823
4059,左營分隊,地下,左營區,店仔頂路5號,120.290750606152,22.6823670300836
4060,左營分隊,地下,左營區,店仔頂路63巷,120.290818216043,22.6840972722122
4061,左營分隊,地下,左營區,店仔頂路63巷11號,120.290400658895,22.6838287120982
4062,左營分隊,地下,左營區,忠信路8巷36號,120.287119299173,22.6753837834439
4063,左營分隊,地下,左營區,忠信路8巷6號,120.287341922522,22.6768161153434
4064,左營分隊,地下,左營區,明德新村12號旁(行館前),120.289245557217,22.6923783392848
4065,左營分隊,地下,左營區,明德新村21號旁(14號北側),120.287631174274,22.6930329498208
4066,左營分隊,地下,左營區,明德新村27號前,120.287792379133,22.6937236756973
4067,左營分隊,地下,左營區,明德新村29號前,120.287067588955,22.6937292011282
4068,左營分隊,地下,左營區,明德新村30號左前方十米處,120.289058500664,22.6937302731594
4069,左營分隊,地下,左營區,明德新村35號旁（四海派出所前）,120.286918548271,22.6937290993613
4070,左營分隊,地下,左營區,明德新村39號前,120.28761283317,22.6943828443663
4071,左營分隊,地下,左營區,明德新村51號,120.287595283571,22.6949423259814
4072,左營分隊,地下,左營區,明德新村56和48號中間,120.28845638427,22.6949386952334
4073,左營分隊,地下,左營區,明潭路106號(水果攤),120.300106936176,22.6898169478597
4074,左營分隊,地下,左營區,明潭路110巷2弄23號,120.300782665012,22.689896373113
4075,左營分隊,地下,左營區,明潭路110巷與蔡公路上(肉攤，易積水),120.300388686508,22.6904339468507
4076,左營分隊,地下,左營區,明潭路142號近哈囉市場,120.299360732472,22.6900455228939
4077,左營分隊,地下,左營區,明潭路164號前(環潭路口),120.298805711639,22.690284030906
4078,左營分隊,地下,左營區,明潭路188號和左營新路口,120.298301461308,22.6905093378482
4079,左營分隊,地下,左營區,明潭路18號,120.302183760748,22.6890477626812
4080,左營分隊,地下,左營區,明潭路與菜公路102巷口,120.301855597098,22.6889041361849
4081,左營分隊,地下,左營區,果峰街12巷42右前方25公尺處,120.287644287033,22.6712186573186
4082,左營分隊,地下,左營區,果峰街27號前,120.287721542328,22.6696586008743
4083,左營分隊,地下,左營區,果峰街30號(9棟10號前),120.288043215939,22.670846023092
4084,左營分隊,地下,左營區,城峰路285號,120.291383779099,22.6753954713119
4085,左營分隊,地下,左營區,城峰路359巷口,120.292505053442,22.6763073217253
4086,左營分隊,地下,左營區,城峰路68號旁,120.289800473541,22.674350286438
4087,左營分隊,地下,左營區,城峰路與東門路口,120.290810325235,22.6749343623278
4088,左營分隊,地下,左營區,屏山新村10號(巷子底),120.300971279762,22.6951376433938
4089,左營分隊,地下,左營區,屏山新村1號(國小後門前),120.301650373016,22.694687865804
4090,左營分隊,地下,左營區,屏山新村27號(巷子底),120.301081093254,22.6954007452328
4091,左營分隊,地下,左營區,屏山新村39號(巷子底),120.301216233135,22.6956231177907
4092,左營分隊,地下,左營區,屏山新村43號旁,120.301568504299,22.6954713917649
4093,左營分隊,地下,左營區,屏山新村46號(巷子底),120.301357084656,22.695893019469
4094,左營分隊,地下,左營區,建業新村122號旁,120.290516885914,22.6937073195555
4095,左營分隊,地下,左營區,建業新村129號前,120.289649703618,22.6935884558029
4096,左營分隊,地下,左營區,建業新村144之6號前,120.28973790236,22.6934463277477
4097,左營分隊,地下,左營區,建業新村14之1號前,120.289875993536,22.6937139849611
4098,左營分隊,地下,左營區,建業新村1之31號前,120.291472855156,22.691190297259
4099,左營分隊,地下,左營區,建業新村25號前,120.290661652779,22.6943448107889
4100,左營分隊,地下,左營區,建業新村31號前,120.292090815973,22.6943497984145
4101,左營分隊,地下,左營區,建業新村40之1號前,120.289191712216,22.6949553643285
4102,左營分隊,地下,左營區,建業新村48號前,120.289940340475,22.6949366061534
4103,左營分隊,地下,左營區,建業新村54號前,120.291299665012,22.6949312734789
4104,左營分隊,地下,左營區,建業新村66之4號前,120.290842279762,22.6955578070012
4105,左營分隊,地下,左營區,建業新村69之1號前,120.292075737434,22.695554885622
4106,左營分隊,地下,左營區,建業新村6號旁,120.291332224537,22.6937149340626
4107,左營分隊,地下,左營區,建業新村72之22號前,120.289229813492,22.6955839524469
4108,左營分隊,地下,左營區,後昌路587巷42號(巷底),120.299512576721,22.7069792808062
4109,左營分隊,地下,左營區,後昌路587巷口,120.299845757672,22.7076517276212
4110,左營分隊,地下,左營區,後昌路599巷56號(巷底),120.298987373016,22.7067504109175
4111,左營分隊,地下,左營區,後昌路611巷20號,120.298985559525,22.7073828222122
4112,左營分隊,地下,左營區,後昌路611巷72號(巷底),120.298450576721,22.7065807945701
4113,左營分隊,地下,左營區,後昌路625巷26號,120.298510203705,22.7073218221769
4114,左營分隊,地下,左營區,後昌路625巷94號(巷底),120.297814025795,22.7064000513514
4115,左營分隊,地下,左營區,後昌路635巷35號,120.29799064418,22.7071640203234
4116,左營分隊,地下,左營區,後昌路635巷52號(巷底),120.29736164418,22.706211821535
4117,左營分隊,地下,左營區,後昌路643巷20弄口,120.298021742328,22.7077514888045
4118,左營分隊,地下,左營區,後昌路677巷10號旁,120.297471203705,22.7084005142451
4119,左營分隊,地下,左營區,後昌路705號前,120.297290203705,22.709093942196
4120,左營分隊,地下,左營區,洲仔北街21號近翠華路,120.302430856926,22.6863487452203
4121,左營分隊,地下,左營區,洲仔北街63號,120.301243768073,22.687079521155
4122,左營分隊,地下,左營區,洲仔路127巷3弄11號旁,120.301360798777,22.6857068325251
4123,左營分隊,地下,左營區,洲仔路154號前,120.300392466271,22.6852444552909
4124,左營分隊,地下,左營區,洲仔路173號旁,120.3003951374,22.6852856386171
4125,左營分隊,地下,左營區,洲仔路22-1號前(近清水宮後面),120.299960571758,22.684081030733
4126,左營分隊,地下,左營區,洲仔路33號,120.299338773264,22.6835361414769
4127,左營分隊,地下,左營區,洲仔路71號,120.301396847825,22.6866601836736
4128,左營分隊,地下,左營區,洲仔路公園前(洲仔路67巷26號旁),120.301999877257,22.6863607924184
4129,左營分隊,地下,左營區,軍校路17號,120.292344404928,22.6888851521565
4130,左營分隊,地下,左營區,軍校路2巷,120.292334980322,22.6887223513492
4131,左營分隊,地下,左營區,軍校路626巷2弄46號,120.293936233135,22.7055132302312
4132,左營分隊,地下,左營區,軍校路669號(海軍官校大門前),120.292382322646,22.705116092401
4133,左營分隊,地下,左營區,軍校路66巷,120.292373499336,22.6896881701451
4134,左營分隊,地下,左營區,桃仔園路和先鋒路路口,120.282826966653,22.6725572645983
4135,左營分隊,地下,左營區,海功東路112號往北50公尺(屏山國小大門旁),120.300596671164,22.6941560904424
4136,左營分隊,地下,左營區,海功東路112號前,120.300523638725,22.6935837047154
4137,左營分隊,地下,左營區,海功東路113號(翠明路口),120.300135331213,22.6935127070911
4138,左營分隊,地下,左營區,海功路17巷6號,120.297899677246,22.6933134959187
4139,左營分隊,地下,左營區,海功路235巷底,120.293579616568,22.6926864304456
4140,左營分隊,地下,左營區,海功路46巷47號（慈暉九村）,120.297426509262,22.6965105298997
4141,左營分隊,地下,左營區,海平路100巷,120.288855929361,22.6866133126417
4142,左營分隊,地下,左營區,海平路132號,120.289718488885,22.6870045358311
4143,左營分隊,地下,左營區,海平路164號,120.290274743551,22.6873507466867
4144,左營分隊,地下,左營區,海平路302號旁,120.291918451521,22.6891016242361
4145,左營分隊,地下,左營區,海平路58巷,120.288019046179,22.6861603309119
4146,左營分隊,地下,左營區,海青工商大門前（必勝路上）,120.285160113079,22.6754386555319
4147,左營分隊,地下,左營區,海富路119號前,120.289210288955,22.6894952677743
4148,左營分隊,地下,左營區,海富路2號往北50公尺海軍文具中心前,120.289215726355,22.688807055948
4149,左營分隊,地下,左營區,海富路2號明德國小大門前,120.289209020832,22.6880733225888
4150,左營分隊,地下,左營區,海富路2號明德國小旁往南50公尺,120.289463830688,22.6871799690819
4151,左營分隊,地下,左營區,海德路23號,120.28903,22.685498
4152,左營分隊,地下,左營區,海德路32號,120.288768271164,22.6858477085415
4153,左營分隊,地下,左營區,站前北路80巷1號,120.306376,22.6878699
4154,左營分隊,地下,左營區,站前北路80巷75號,120.307447928889,22.6890547882235
4155,左營分隊,地下,左營區,站前北路97號,120.306147057516,22.6881861876499
4156,左營分隊,地下,左營區,站前南路35號(站前路和站前南路口),120.304891783697,22.6870379436851
4157,左營分隊,地下,左營區,停車場（舊勝利新村大門）前,120.292658228381,22.6789170601279
4158,左營分隊,地下,左營區,埤仔頭街27號,120.290530102026,22.6816824300742
4159,左營分隊,地下,左營區,埤仔頭街56巷7號,120.291079475446,22.681594743666
4160,左營分隊,地下,左營區,埤仔頭街62號,120.290685698374,22.6819447555362
4161,左營分隊,地下,左營區,埤仔頭路17號,120.28966968469,22.6814564599139
4162,左營分隊,地下,左營區,埤仔頭路2號,120.290123705523,22.6810862165493
4163,左營分隊,地下,左營區,埤仔頭路5號,120.289960046627,22.6811923651281
4164,左營分隊,地下,左營區,崇實路180號往東15公尺和先鋒路口,120.282677,22.677858
4165,左營分隊,地下,左營區,崇實路190號前,120.282227,22.677854
4166,左營分隊,地下,左營區,崇實路238號前與先勝路口,120.281175,22.677854
4167,左營分隊,地下,左營區,部後街14號,120.288168813492,22.683980808686
4168,左營分隊,地下,左營區,部後街42巷108號,120.289524813492,22.6859765950977
4169,左營分隊,地下,左營區,部後街42巷66號,120.288972253967,22.6855154197929
4170,左營分隊,地下,左營區,部後街42巷和左營大路139巷,120.28806906309,22.6853825708317
4171,左營分隊,地下,左營區,部後街44號,120.287379169312,22.6851076069984
4172,左營分隊,地下,左營區,部後街和海平路24號路口(北極殿前),120.287143341577,22.6854622249878
4173,左營分隊,地下,左營區,勝利路（美國學校大門右側）,120.293513360258,22.6771911391185
4174,左營分隊,地下,左營區,勝利路（美國學校側門左側）,120.294272425409,22.6760254789478
4175,左營分隊,地下,左營區,勝利路117號,120.290084481239,22.6803402687119
4176,左營分隊,地下,左營區,勝利路147巷36號,120.289029291996,22.6806957563627
4177,左營分隊,地下,左營區,勝利路67號前,120.293027128055,22.6780114076763
4178,左營分隊,地下,左營區,勝利路和左營大路62號路口,120.288203256961,22.6816748786256
4179,左營分隊,地下,左營區,勝利路和蓮潭路5號路口,120.291589200497,22.680159608558
4180,左營分隊,地下,左營區,復興新村334號,120.299911,22.69585
4181,左營分隊,地下,左營區,菜公一路901號,120.303499,22.6868189871573
4182,左營分隊,地下,左營區,菜公路102巷10號前,120.301888588955,22.6897886954964
4183,左營分隊,地下,左營區,菜公路102巷27號,120.301883839287,22.690126796948
4184,左營分隊,地下,左營區,菜公路102巷30號前,120.302637915344,22.689739544796
4185,左營分隊,地下,左營區,菜公路107號(理髮店前),120.301183122684,22.6899742208344
4186,左營分隊,地下,左營區,菜公路120巷106號,120.300815,22.692924
4187,左營分隊,地下,左營區,菜公路120巷37號,120.301361635582,22.6913179170879
4188,左營分隊,地下,左營區,菜公路120巷68號,120.30115653373,22.6919141016563
4189,左營分隊,地下,左營區,菜公路120巷與海功東路口,120.300532355905,22.693551411764
4190,左營分隊,地下,左營區,菜公路143號旁,120.300063487102,22.690713646482
4191,左營分隊,地下,左營區,菜公路146巷口,120.299807436771,22.6909040601071
4192,左營分隊,地下,左營區,菜公路147之2對面,120.299865700633,22.6904350323467
4193,左營分隊,地下,左營區,菜公路154巷18號,120.299680253968,22.6913911351277
4194,左營分隊,地下,左營區,菜公路156號,120.299139766865,22.6910604397778
4195,左營分隊,地下,左營區,菜公路33巷(站前南路135巷),120.302948342258,22.6876516691853
4196,左營分隊,地下,左營區,菜公路和左營新路270號路口,120.298717715175,22.6912145331438
4197,左營分隊,地下,左營區,菜公路與蔡公路120巷口(1),120.30080179158,22.6902989285778
4198,左營分隊,地下,左營區,菜公路與蔡公路120巷口(2),120.30082861367,22.6903162508832
4199,左營分隊,地下,左營區,進學路1-1號,120.295261144638,22.6905094923671
4200,左營分隊,地下,左營區,進學路1巷54號,120.294280309193,22.6913715427325
4201,左營分隊,地下,左營區,進學路32巷,120.295559047152,22.6919797423166
4202,左營分隊,地下,左營區,進學路53號,120.295521544809,22.6921495933142
4203,左營分隊,地下,左營區,進學路59巷,120.295465727018,22.6925646084312
4204,左營分隊,地下,左營區,進學路和海功路55號路口,120.295320253338,22.693674093682
4205,左營分隊,地下,左營區,新莊仔路30號（左營國中大門左側）,120.293680537539,22.6786173307635
4206,左營分隊,地下,左營區,新莊仔路30號（游泳池旁）,120.296329218941,22.6784663662881
4207,左營分隊,地下,左營區,義民巷182-1號,120.288456390213,22.6786957985989
4208,左營分隊,地下,左營區,義民巷33-1號,120.289887338877,22.6795569938574
4209,左營分隊,地下,左營區,義民巷86-1號,120.289473608136,22.6789178729082
4210,左營分隊,地下,左營區,實踐路23號,120.29422197057,22.690368053068
4211,左營分隊,地下,左營區,實踐路42號左營國小大門旁,120.293126242293,22.6903874289623
4212,左營分隊,地下,左營區,實踐路4號(少福中心前),120.294697469906,22.6900432550952
4213,左營分隊,地下,左營區,實踐路98號往西10公尺豫光劇團前,120.290290259911,22.6904113377898
4214,左營分隊,地下,左營區,實踐路98號前方150公尺明德國小圍牆旁,120.290436440302,22.6893497246282
4215,左營分隊,地下,左營區,實踐路98號前立德國中大門,120.290815972877,22.6901737747196
4216,左營分隊,地下,左營區,翠明路105號北側,120.300836476687,22.6915152932416
4217,左營分隊,地下,左營區,翠明路105號西側,120.300821724537,22.6914825048777
4218,左營分隊,地下,左營區,翠明路105號東側,120.300845864418,22.6915208610762
4219,左營分隊,地下,左營區,翠明路105號南側,120.300845864418,22.6914825048773
4220,左營分隊,地下,左營區,翠華國宅甲乙棟中間公園旁,120.290676075919,22.6724959875191
4221,左營分隊,地下,左營區,翠華路1435號在環潭路上,120.297224505279,22.6786611956195
4222,左營分隊,地下,左營區,翠華路1435號在環潭路風管所旁,120.297079665993,22.6800767883866
4223,左營分隊,地下,左營區,翠華路1686號-1登山步道旁,120.302904095662,22.6911693689977
4224,左營分隊,地下,左營區,翠華路601巷122號前,120.289768514715,22.6732631018675
4225,左營分隊,地下,左營區,翠華路601巷40號,120.290382933001,22.6728082741155
4226,左營分隊,地下,左營區,翠華路601巷66號旁,120.290920267181,22.6734270368882
4227,左營分隊,地下,左營區,翠華路601巷68號前,120.29101638623,22.6733755298104
4228,左營分隊,地下,左營區,翠華路601巷73號旁,120.289428225621,22.6724349542762
4229,左營分隊,地下,左營區,緯1路合群新村155之4號前,120.292118008559,22.7001497158638
4230,左營分隊,地下,左營區,緯1路合群新村159號前,120.290708039881,22.7001646254423
4231,左營分隊,地下,左營區,緯1路合群新村339號前,120.289191088994,22.7001811396809
4232,左營分隊,地下,左營區,緯1路合群新村344號前,120.287966648271,22.7001799161623
4233,左營分隊,地下,左營區,緯1路合群新村350號前,120.287361808425,22.7001880461213
4234,左營分隊,地下,左營區,緯2路合群新村124號前,120.289954262566,22.6996681388646
4235,左營分隊,地下,左營區,緯2路合群新村136號前,120.288605829014,22.6996968322129
4236,左營分隊,地下,左營區,緯2路合群新村257號前,120.288605026324,22.6996973864498
4237,左營分隊,地下,左營區,緯3路合群新村112之1號前,120.2899541021,22.6991337090912
4238,左營分隊,地下,左營區,緯3路合群新村219號前,120.288611731847,22.6991505329144
4239,左營分隊,地下,左營區,緯3路合群新村79號前,120.292121328064,22.6991342055065
4240,左營分隊,地下,左營區,緯3路合群新村89之3號前,120.290685919674,22.699123638689
4241,左營分隊,地下,左營區,緯4路合群新村185號前,120.288725790391,22.6985917719568
4242,左營分隊,地下,左營區,緯4路合群新村73號前,120.289944469732,22.6985787808807
4243,左營分隊,地下,左營區,緯4路合群新村77號前,120.291282231877,22.6985607589607
4244,左營分隊,地下,左營區,緯5路合群新村27號前,120.292116648545,22.6980624954089
4245,左營分隊,地下,左營區,緯5路合群新村39之1大門,120.290682978153,22.6980688815926
4246,左營分隊,地下,左營區,緯5路合群新村66之6號前,120.28920634785,22.6985789319505
4247,左營分隊,地下,左營區,緯6路181號前,120.286998447785,22.6974733090209
4248,左營分隊,地下,左營區,緯6路合群新村8之1號前,120.291279696924,22.6974246123369
4249,左營分隊,地下,左營區,緯6路建業新村109號前,120.289946760362,22.6974296636804
4250,左營分隊,地下,左營區,緯6路與海景街口,120.2876329422,22.6974660175466
4251,左營分隊,地下,左營區,緯7路底與海景街329巷口,120.286839008331,22.696842445717
4252,左營分隊,地下,左營區,緯7路建業新村101之4號前,120.28919037742,22.6968048544368
4253,左營分隊,地下,左營區,緯7路建業新村91號前,120.290673667494,22.6967893415912
4254,左營分隊,地下,左營區,緯7路建業新村94之4號前,120.290673626493,22.6967909261827
4255,左營分隊,地下,左營區,緯7路與海景街口,120.2876329422,22.6968078027544
4256,左營分隊,地下,左營區,緯8路建業新村78號前,120.291272449074,22.6962335500266
4257,左營分隊,地下,左營區,緯8路建業新村81之9號前,120.289927699076,22.6962430910683
4258,左營分隊,地下,左營區,緯8路與自治新村745號前,120.288544893265,22.6962337180978
4259,左營分隊,地下,左營區,緯9路219號前,120.286602973938,22.6955952935424
4260,左營分隊,地下,左營區,緯9與海景街路口,120.287654399872,22.6958031530266
4261,左營分隊,地下,左營區,蓮潭路105巷,120.294918526459,22.6849746538705
4262,左營分隊,地下,左營區,蓮潭路105巷25號,120.294450559525,22.6854109494072
4263,左營分隊,地下,左營區,蓮潭路110號和元帝路口,120.294929609787,22.6853213929347
4264,左營分隊,地下,左營區,蓮潭路138巷,120.295935846033,22.6861521111862
4265,左營分隊,地下,左營區,蓮潭路151巷6號,120.296067495701,22.6869087845195
4266,左營分隊,地下,左營區,蓮潭路151巷和左營下路口,120.295821672353,22.6871144979882
4267,左營分隊,地下,左營區,蓮潭路30號（老人活動中心前）,120.292214155197,22.6815999335793
4268,左營分隊,地下,左營區,蓮潭路44號,120.292646661401,22.682752553914
4269,左營分隊,地下,左營區,蓮潭路73巷,120.293971568787,22.6839731449764
4270,左營分隊,地下,左營區,蓮潭路7號,120.291630774736,22.6805444391473
4271,左營分隊,地下,左營區,勵志新村232號對面（市立圖書館）,120.285611093254,22.6729790208211
4272,左營分隊,地下,左營區,勵志新村66號,120.284652632524,22.6716129408094
4273,左營分隊,地下,左營區,環潭路426巷52號,120.30125005477,22.6861143742251
4274,左營分隊,地下,左營區,環潭路426巷口,120.30021472209,22.6866885012788
4275,左營分隊,地下,左營區,環潭路426號往南20公尺,120.300139620238,22.6865152735418
4276,左營分隊,地下,左營區,環潭路450號,120.300838010134,22.687846452178
4277,左營分隊,地下,左營區,環潭路上(洲仔路20-1),120.2988344,22.6837929
4278,左營分隊,地下,左營區,舊城巷61-1號,120.288989469409,22.6781822304896
4279,左營分隊,地下,左營區,舊城巷81號,120.288439959549,22.6782400043791
4280,新莊分隊,地下,左營區,大中二路、華夏路口,120.307684405492,22.6831310990011
4281,新莊分隊,地下,左營區,大中二路231巷16號前,120.314019110451,22.6787157842576
4282,新莊分隊,地下,左營區,大中二路56巷57號前,120.318061882278,22.6802419435541
4283,新莊分隊,地下,左營區,大順一路、修明街口,120.303941708568,22.6563254715848
4284,新莊分隊,地下,左營區,大順一路、富國路口,120.306603801015,22.656968101219
4285,新莊分隊,地下,左營區,大順一路270號,120.307485982776,22.6569445003072
4286,新莊分隊,地下,左營區,子華路104號左側巷口,120.310897250332,22.6759937123102
4287,新莊分隊,地下,左營區,子華路111巷１號前,120.310767067459,22.675297924709
4288,新莊分隊,地下,左營區,子華路134巷19號,120.310319941139,22.6754635113907
4289,新莊分隊,地下,左營區,子華路69巷３弄13號前,120.311533860119,22.6753795114051
4290,新莊分隊,地下,左營區,子華路69巷口,120.311427174275,22.6757677842254
4291,新莊分隊,地下,左營區,子華路86巷口,120.311229736176,22.6758906521996
4292,新莊分隊,地下,左營區,天祥二路111巷63號,120.313115262566,22.6672613252182
4293,新莊分隊,地下,左營區,天祥二路111巷口內,120.313458045025,22.6685299448666
4294,新莊分隊,地下,左營區,天祥二路61巷26號前,120.31448282209,22.6675127747114
4295,新莊分隊,地下,左營區,天祥二路61巷48號前,120.313979504299,22.6671738866833
4296,新莊分隊,地下,左營區,天祥二路61巷口內,120.314551175236,22.6686706401674
4297,新莊分隊,地下,左營區,太原街80巷23號前,120.305017157078,22.6680093874043
4298,新莊分隊,地下,左營區,太原街81號右前方,120.304960842922,22.6675014894923
4299,新莊分隊,地下,左營區,太原街與立信路口,120.304875562566,22.6666988138727
4300,新莊分隊,地下,左營區,太原街與新下街口南方,120.305057952779,22.6684709319026
4301,新莊分隊,地下,左營區,太華街、修明街口,120.303975184239,22.6575207735541
4302,新莊分隊,地下,左營區,太華街、富民路口,120.305268008984,22.6575257239675
4303,新莊分隊,地下,左營區,太華街、富國路口,120.306611795701,22.6575220111575
4304,新莊分隊,地下,左營區,太華街13號,120.30821621418,22.6574427915459
4305,新莊分隊,地下,左營區,太華街233號,120.304725373016,22.657522276862
4306,新莊分隊,地下,左營區,太華街54巷6弄1號,120.30720782209,22.6578799632639
4307,新莊分隊,地下,左營區,太華街65號,120.307272212303,22.657491136466
4308,新莊分隊,地下,左營區,文川路167巷內(大中二路564號),120.30947809046,22.6825356198077
4309,新莊分隊,地下,左營區,文川路485號之1對面,120.315451411115,22.6871385888968
4310,新莊分隊,地下,左營區,文川路53號前,120.307616637404,22.6803033722913
4311,新莊分隊,地下,左營區,文才路150號右前,120.315468354631,22.6720021755923
4312,新莊分隊,地下,左營區,文才路26號前,120.314956052709,22.6702449530446
4313,新莊分隊,地下,左營區,文才路67號,120.315127714086,22.6709800192999
4314,新莊分隊,地下,左營區,文天路166號前,120.315079906746,22.6876171199594
4315,新莊分隊,地下,左營區,文天路與重義路口,120.313013209648,22.6860012362248
4316,新莊分隊,地下,左營區,文守路137巷68號,120.314248331953,22.6716010577034
4317,新莊分隊,地下,左營區,文守路43巷68之1號右後側,120.314381647885,22.6698881357105
4318,新莊分隊,地下,左營區,文守路97巷、自由三路202巷161號,120.314165977771,22.6709148221329
4319,新莊分隊,地下,左營區,文自路、曾子路口北側5公尺,120.309981832927,22.6774780247333
4320,新莊分隊,地下,左營區,文自路1050號前,120.317990618385,22.6874771573689
4321,新莊分隊,地下,左營區,文自路1076號前,120.318198253967,22.6878909076268
4322,新莊分隊,地下,左營區,文自路147巷48號,120.306408025795,22.6726875305643
4323,新莊分隊,地下,左營區,文自路360巷19號前,120.309662550432,22.6758080445504
4324,新莊分隊,地下,左營區,文自路472號前,120.310307513492,22.6780138840331
4325,新莊分隊,地下,左營區,文自路675號前,120.313063153967,22.6824097379078
4326,新莊分隊,地下,左營區,文自路952號前,120.316263694443,22.6856882112004
4327,新莊分隊,地下,左營區,文育路151號旁,120.315600010451,22.675095376425
4328,新莊分隊,地下,左營區,文育路與文才路口,120.314189841223,22.672387210377
4329,新莊分隊,地下,左營區,文奇路110巷口,120.307936642328,22.6725395266193
4330,新莊分隊,地下,左營區,文奇路152號左側路口,120.308453058861,22.6723200739821
4331,新莊分隊,地下,左營區,文奇路170巷10號,120.308986457672,22.6724885726886
4332,新莊分隊,地下,左營區,文奇路95號,120.3079482295,22.6726221321453
4333,新莊分隊,地下,左營區,文府路、重忠路口,120.314575330302,22.690807265601
4334,新莊分隊,地下,左營區,文府路159巷口,120.310826989024,22.6879375046189
4335,新莊分隊,地下,左營區,文府路558號 (千佛寺前),120.317951513492,22.690636777475
4336,新莊分隊,地下,左營區,文科路24號前,120.307663737434,22.6850382401722
4337,新莊分隊,地下,左營區,文恩路106巷口,120.318502760049,22.6858290918473
4338,新莊分隊,地下,左營區,文恩路122號之1前,120.318906262566,22.6862292406807
4339,新莊分隊,地下,左營區,文恩路73巷口,120.317932730688,22.6853646636497
4340,新莊分隊,地下,左營區,文恩路86巷口,120.318241450262,22.6855541691325
4341,新莊分隊,地下,左營區,文康路、立中路口,120.303497094304,22.6728448872884
4342,新莊分隊,地下,左營區,文康路129巷16號前,120.303475050262,22.6741372547082
4343,新莊分隊,地下,左營區,文康路129巷口,120.304050868787,22.6738343835218
4344,新莊分隊,地下,左營區,文康路163巷口,120.304586868787,22.6746446487449
4345,新莊分隊,地下,左營區,文強路66號前,120.305890704894,22.6737405328209
4346,新莊分隊,地下,左營區,文理街與重惠路口,120.308264227509,22.6843805783283
4347,新莊分隊,地下,左營區,文智路178號前,120.298861428697,22.6773552895957
4348,新莊分隊,地下,左營區,文智路231號旁巷口（崇德409巷口）,120.300163,22.676746
4349,新莊分隊,地下,左營區,文智路35巷口,120.296674592065,22.6749924837094
4350,新莊分隊,地下,左營區,文智路35巷底,120.296433193254,22.675185525112
4351,新莊分隊,地下,左營區,文智路60號前,120.29712235582,22.675350123281
4352,新莊分隊,地下,左營區,文智路79巷7號前,120.297158635582,22.6757732386256
4353,新莊分隊,地下,左營區,文智路79巷路底,120.29703382209,22.6759562840497
4354,新莊分隊,地下,左營區,文智路90號正對面,120.297773802516,22.6761979975492
4355,新莊分隊,地下,左營區,文萊路170巷18弄25號,120.301181203705,22.6745098398569
4356,新莊分隊,地下,左營區,文萊路8號門口前,120.29912352562,22.6725407304541
4357,新莊分隊,地下,左營區,文慈路265巷50號前,120.317703554631,22.6843914431731
4358,新莊分隊,地下,左營區,文慈路與新莊高中大門南方,120.31764709259,22.6811266351177
4359,新莊分隊,地下,左營區,文瑞路、文育路口（皇苑大樓轉角）,120.315194525934,22.6744550501035
4360,新莊分隊,地下,左營區,文瑞路21號前,120.314696364418,22.6747233663533
4361,新莊分隊,地下,左營區,文瑞路57號前,120.313505084656,22.6753393698819
4362,新莊分隊,地下,左營區,文學路672號前,120.319663101852,22.6894838657619
4363,新莊分隊,地下,左營區,文學路與重義路口,120.311741141386,22.6870793985505
4364,新莊分隊,地下,左營區,正心街與明華路口,120.304013304893,22.6630259047582
4365,新莊分隊,地下,左營區,正心街與保靖街口,120.304053538029,22.6637808104456
4366,新莊分隊,地下,左營區,正心路與立文路口,120.304084421951,22.6645235663697
4367,新莊分隊,地下,左營區,民族一路1042之3號前,120.320336503145,22.684204346418
4368,新莊分隊,地下,左營區,民族一路901巷26弄28號前,120.319081944775,22.6820822485105
4369,新莊分隊,地下,左營區,民族一路901巷口(民族路上),120.319373382278,22.6811020948533
4370,新莊分隊,地下,左營區,立大路、立莊路35巷口,120.302717103566,22.6757465323346
4371,新莊分隊,地下,左營區,立大路123巷32號左側10M,120.302179915344,22.6760487867914
4372,新莊分隊,地下,左營區,立大路18巷27號前,120.302268045508,22.6739109997747
4373,新莊分隊,地下,左營區,立大路18巷47號旁(立中路76巷內),120.302694516741,22.6738590266331
4374,新莊分隊,地下,左營區,立大路377巷20號前,120.303648,22.67877
4375,新莊分隊,地下,左營區,立大路442巷33號前,120.304896193115,22.6780076443926
4376,新莊分隊,地下,左營區,立大路50巷17弄口,120.302610838554,22.6745792008852
4377,新莊分隊,地下,左營區,立大路52號旁巷口,120.302135,22.674957
4378,新莊分隊,地下,左營區,立中路150號前,120.301537420099,22.6737526617157
4379,新莊分隊,地下,左營區,立中路182巷5號前,120.300971472353,22.674164538234
4380,新莊分隊,地下,左營區,立中路38巷25號前,120.303277740228,22.673528626425
4381,新莊分隊,地下,左營區,立中路38巷口對面(立中路上),120.303014237387,22.6730280978491
4382,新莊分隊,地下,左營區,立明街112號前,120.314618007271,22.673630119156
4383,新莊分隊,地下,左營區,立信路132巷口,120.305907530025,22.6664629631597
4384,新莊分隊,地下,左營區,立信路132巷轉角處,120.306106013492,22.6672549754085
4385,新莊分隊,地下,左營區,立信路19巷口,120.308082380634,22.6659868917428
4386,新莊分隊,地下,左營區,立信路209號右側巷口,120.304146604126,22.6668379027924
4387,新莊分隊,地下,左營區,立信路227號對面正前方,120.304262987766,22.6675630499489
4388,新莊分隊,地下,左營區,立信路266巷口對面,120.304218812759,22.6682070011207
4389,新莊分隊,地下,左營區,立信路與自由二路口,120.308731475216,22.6658532387612
4390,新莊分隊,地下,左營區,立信路與富國路口,120.307175793987,22.6661799458198
4391,新莊分隊,地下,左營區,立信路與新下街口（豐源加油站後方左側）,120.304305830341,22.6688084243
4392,新莊分隊,地下,左營區,立信路與群英街口,120.306406,22.6663928
4393,新莊分隊,地下,左營區,立莊路2號前,120.303460076057,22.674853520901
4394,新莊分隊,地下,左營區,立莊路32號左側,120.303670796295,22.675182525112
4395,新莊分隊,地下,左營區,立莊路35巷23號前,120.303236550926,22.6753912739607
4396,新莊分隊,地下,左營區,立莊路3號旁,120.303397877316,22.674868164259
4397,新莊分隊,地下,左營區,立道路10號前,120.304531813492,22.6765888159018
4398,新莊分隊,地下,左營區,光興街177巷52號前,120.310088152115,22.6631237738405
4399,新莊分隊,地下,左營區,光興街177巷口,120.311022945647,22.6628382518038
4400,新莊分隊,地下,左營區,光興街177巷與辛亥路口,120.309504815344,22.663338223276
4401,新莊分隊,地下,左營區,光興街219巷51號前,120.310507457672,22.6635623256853
4402,新莊分隊,地下,左營區,光興街219巷口,120.311272683081,22.6633312288433
4403,新莊分隊,地下,左營區,光興街219巷與辛亥路口,120.309717001852,22.6637569457124
4404,新莊分隊,地下,左營區,光興街233巷口,120.311482668262,22.66372931458
4405,新莊分隊,地下,左營區,光興街56號對面,120.310161300594,22.6602226650477
4406,新莊分隊,地下,左營區,光興街58巷口近仁愛河,120.3113069,22.6601366
4407,新莊分隊,地下,左營區,光興街與辛亥路62巷口,120.310547642328,22.6618101746122
4408,新莊分隊,地下,左營區,光興街與明華一路口,120.310735396959,22.6622457966865
4409,新莊分隊,地下,左營區,光興街與裕誠路口,120.311663441278,22.6640130220533
4410,新莊分隊,地下,左營區,安吉街30號對面巷口,120.3044472,22.6617351301314
4411,新莊分隊,地下,左營區,安吉街376號前,120.307733416557,22.6647098101768
4412,新莊分隊,地下,左營區,安吉街38號前,120.304886847885,22.6616033534752
4413,新莊分隊,地下,左營區,安吉街443號前,120.304782986641,22.6650500832991
4414,新莊分隊,地下,左營區,安吉街東側底；近北方德威街網球場,120.307747025795,22.6616817844329
4415,新莊分隊,地下,左營區,安吉街與保靖街口,120.30751635582,22.6636940517239
4416,新莊分隊,地下,左營區,安吉街與德威街口,120.307881136246,22.6622906654722
4417,新莊分隊,地下,左營區,安吉街燦坤3C後門公園門口對面,120.307730932541,22.6642806480729
4418,新莊分隊,地下,左營區,安吉街轉角公園旁,120.307698746033,22.6646271595059
4419,新莊分隊,地下,左營區,自由二路、太華街口,120.308745810599,22.6574619326244
4420,新莊分隊,地下,左營區,自由二路122號,120.308979618385,22.6605694969744
4421,新莊分隊,地下,左營區,自由二路142巷口,120.308713202326,22.6617657553076
4422,新莊分隊,地下,左營區,自由二路142巷與光興街口,120.310360749213,22.6614000543403
4423,新莊分隊,地下,左營區,自由二路142巷與辛亥路口,120.3095239,22.6617837
4424,新莊分隊,地下,左營區,自由二路388巷12號旁,120.309659868717,22.6665907005206
4425,新莊分隊,地下,左營區,自由二路439巷口,120.308842425864,22.6662121460545
4426,新莊分隊,地下,左營區,自由二路497巷22號前,120.308745580357,22.6675160988806
4427,新莊分隊,地下,左營區,自由二路61號（近忠言路口）,120.308774084656,22.6582163015438
4428,新莊分隊,地下,左營區,自由二路６巷102號旁巷子底,120.311626687519,22.6583848371448
4429,新莊分隊,地下,左營區,自由二路６巷41號斜對面(走道出口),120.310369588955,22.6589634892388
4430,新莊分隊,地下,左營區,自由二路６巷66弄單行道路底,120.311059512897,22.6584050476231
4431,新莊分隊,地下,左營區,自由二路６巷69號,120.310871953373,22.659004042481
4432,新莊分隊,地下,左營區,自由二路６巷75號對面巷口,120.311037139881,22.6589842410398
4433,新莊分隊,地下,左營區,自由二路６巷口,120.308845201015,22.6590050848424
4434,新莊分隊,地下,左營區,自由二路６巷底近仁愛河,120.311619946241,22.6590029964093
4435,新莊分隊,地下,左營區,自由二路６巷與光興街口,120.310171553373,22.6590227978477
4436,新莊分隊,地下,左營區,自由三路101巷26號,120.309772916672,22.6705125787376
4437,新莊分隊,地下,左營區,自由三路202巷61號前,120.312375887697,22.6719705248384
4438,新莊分隊,地下,左營區,自由三路202巷99號前,120.313469127198,22.6716167839279
4439,新莊分隊,地下,左營區,自由三路394巷28號前,120.313126737434,22.6750369641902
4440,新莊分隊,地下,左營區,自由三路521號,120.313264652779,22.6779547833172
4441,新莊分隊,地下,左營區,自由四路409號前,120.317645203705,22.6862383984867
4442,新莊分隊,地下,左營區,至真路108巷口,120.305604737434,22.6704343796021
4443,新莊分隊,地下,左營區,至真路121號旁,120.305183457672,22.6704732247065
4444,新莊分隊,地下,左營區,至真路154巷2弄1號,120.304997186508,22.6713955734184
4445,新莊分隊,地下,左營區,至真路15號,120.307070915344,22.6697867245706
4446,新莊分隊,地下,左營區,至真路250號（皇宮救世堂前）,120.302380728836,22.6720266776325
4447,新莊分隊,地下,左營區,至真路298號前,120.301147991402,22.6724748284043
4448,新莊分隊,地下,左營區,至真路326號旁（文直路口）,120.300617703041,22.672793076594
4449,新莊分隊,地下,左營區,至真路522號前,120.29930230423,22.6735826722841
4450,新莊分隊,地下,左營區,至真路574號前,120.298303906746,22.6742931815229
4451,新莊分隊,地下,左營區,至真路58巷口,120.306558357672,22.670036074981
4452,新莊分隊,地下,左營區,至真路63號,120.306174457672,22.6701160746582
4453,新莊分隊,地下,左營區,至真路上（新莊仔路73巷正對面）,120.300102939117,22.6730132204549
4454,新莊分隊,地下,左營區,至真路與文直路口,120.300554849321,22.672753499418
4455,新莊分隊,地下,左營區,至聖路、忠貞街口,120.308137298287,22.659635426857
4456,新莊分隊,地下,左營區,至聖路、富民路口,120.305299521149,22.6596106751691
4457,新莊分隊,地下,左營區,至聖路、富國路口(南方),120.306645990074,22.6595463207594
4458,新莊分隊,地下,左營區,至聖路25號,120.310754813492,22.6596109288992
4459,新莊分隊,地下,左營區,至聖路277號,120.30481350423,22.6595373724499
4460,新莊分隊,地下,左營區,至聖路300號前,120.304039795107,22.6596339261813
4461,新莊分隊,地下,左營區,至聖路３號,120.311437542328,22.6595732772098
4462,新莊分隊,地下,左營區,至聖路67號,120.309501186508,22.659592276526
4463,新莊分隊,地下,左營區,至聖與光興街口,120.310122091277,22.6596034371198
4464,新莊分隊,地下,左營區,辛亥路101巷2號旁,120.308971033591,22.6634047303643
4465,新莊分隊,地下,左營區,辛亥路203巷口,120.310044932016,22.6652828210137
4466,新莊分隊,地下,左營區,辛亥路205之3號前,120.310182619049,22.6658334473901
4467,新莊分隊,地下,左營區,辛亥路205號之1號前(裕誠路270巷口),120.30952547784,22.6660166014695
4468,新莊分隊,地下,左營區,辛亥路61號前,120.309453445438,22.6622411765843
4469,新莊分隊,地下,左營區,孟子路、立大路口（火雞肉飯前）,120.304023356314,22.6776864903444
4470,新莊分隊,地下,左營區,孟子路174巷52號,120.31306759259,22.6745407681836
4471,新莊分隊,地下,左營區,孟子路18號前,120.31587872016,22.6726872165631
4472,新莊分隊,地下,左營區,孟子路260巷１弄19號,120.310811669975,22.6751714073847
4473,新莊分隊,地下,左營區,孟子路260巷口,120.310854164418,22.6744243796661
4474,新莊分隊,地下,左營區,孟子路288號左前,120.310131084656,22.6747352782405
4475,新莊分隊,地下,左營區,孟子路318巷10弄７號,120.310342119049,22.6751109816043
4476,新莊分隊,地下,左營區,忠言路39號前對面路口,120.307359341105,22.6582860260151
4477,新莊分隊,地下,左營區,忠言路52號左側巷口,120.305841855473,22.6583299278869
4478,新莊分隊,地下,左營區,忠貞街、忠言路口,120.308129833135,22.6582949782674
4479,新莊分隊,地下,左營區,忠貞街70號前(嘉慶街口),120.308108375463,22.6589385268735
4480,新莊分隊,地下,左營區,明華一路56號前,120.309769,22.6627037466231
4481,新莊分隊,地下,左營區,明誠二路261巷22號對面,120.309540003635,22.6601818663379
4482,新莊分隊,地下,左營區,明誠路、忠貞街口,120.308113116724,22.6610439780057
4483,新莊分隊,地下,左營區,明誠路、修明街口,120.303998608096,22.6611231825643
4484,新莊分隊,地下,左營區,明誠路、富民路口,120.30525561685,22.6610919745733
4485,新莊分隊,地下,左營區,東門路、華泰路口,120.294767813245,22.6711000785275
4486,新莊分隊,地下,左營區,東門路107巷1號前(太子寶座大樓右斜對面),120.297486067459,22.6682884755495
4487,新莊分隊,地下,左營區,東門路117與131巷口,120.298168171164,22.6674189246375
4488,新莊分隊,地下,左營區,東門路19號前,120.293623906746,22.6725436279382
4489,新莊分隊,地下,左營區,東門路35巷1號前,120.294547279762,22.6713735787375
4490,新莊分隊,地下,左營區,南屏路、華欣路口,120.296264264279,22.6707949684075
4491,新莊分隊,地下,左營區,南屏路219巷12號前,120.297805711639,22.6703635486279
4492,新莊分隊,地下,左營區,南屏路219巷9弄25號旁,120.297550271164,22.6708044262481
4493,新莊分隊,地下,左營區,南屏路249巷24號旁,120.298544813492,22.6700481247161
4494,新莊分隊,地下,左營區,南屏路263巷39號前,120.29922946627,22.6702802757484
4495,新莊分隊,地下,左營區,南屏路263巷與南屏路249巷26弄口,120.298920755156,22.669837329107
4496,新莊分隊,地下,左營區,南屏路268巷16號右側,120.297838457672,22.6687855248614
4497,新莊分隊,地下,左營區,南屏路284巷口(東門路107巷12號前),120.298001003566,22.6684706241057
4498,新莊分隊,地下,左營區,南屏路293巷22號前,120.2991487705,22.6689612750878
4499,新莊分隊,地下,左營區,南屏路68號對面,120.295683398811,22.6713619223818
4500,新莊分隊,地下,左營區,政德路102號右側,120.29905,22.675748
4501,新莊分隊,地下,左營區,政德路53巷27號前,120.297633690807,22.6748648020487
4502,新莊分隊,地下,左營區,政德路611巷底,120.302225076057,22.680471839687
4503,新莊分隊,地下,左營區,政德路769號,120.30472846627,22.6823721611645
4504,新莊分隊,地下,左營區,政德路78巷10弄口,120.298990172422,22.6752050686705
4505,新莊分隊,地下,左營區,政德路796號,120.305488973888,22.6828598910574
4506,新莊分隊,地下,左營區,政德路99號前,120.298366927578,22.6751945938702
4507,新莊分隊,地下,左營區,政德路上（左新加油站前）,120.299675654878,22.6767602886445
4508,新莊分隊,地下,左營區,重上街184號,120.304297262566,22.6762839828533
4509,新莊分隊,地下,左營區,重上路、文萊路口,120.302627999289,22.6774160731649
4510,新莊分隊,地下,左營區,重化街、文奇路口,120.309221391541,22.6742789911769
4511,新莊分隊,地下,左營區,重平路17號左側,120.310815611639,22.6846703494338
4512,新莊分隊,地下,左營區,重立路198巷口,120.314444195106,22.6753476530023
4513,新莊分隊,地下,左營區,重立路232巷2號,120.314998046627,22.6758834196852
4514,新莊分隊,地下,左營區,重立路502巷18號前,120.311988079693,22.6792441579681
4515,新莊分隊,地下,左營區,重立路598巷口,120.309932099336,22.6798080798118
4516,新莊分隊,地下,左營區,重立路700巷29號旁,120.309158412897,22.6810578782744
4517,新莊分隊,地下,左營區,重立路782巷20號前,120.30818887368,22.68189176642
4518,新莊分隊,地下,左營區,重立路833號,120.305584877316,22.6836862115226
4519,新莊分隊,地下,左營區,重立路875號,120.305816606152,22.6841095867823
4520,新莊分隊,地下,左營區,重吉路20號前,120.298607991402,22.6748752553741
4521,新莊分隊,地下,左營區,重吉路50號前,120.297619898811,22.6755112834795
4522,新莊分隊,地下,左營區,重安路2號前,120.299587186508,22.6755202559561
4523,新莊分隊,地下,左營區,重安路43巷22號旁,120.298136046558,22.6757044015946
4524,新莊分隊,地下,左營區,重安路43巷口,120.298570564418,22.676194426696
4525,新莊分隊,地下,左營區,重安路路底左側,120.297669342189,22.6768081930397
4526,新莊分隊,地下,左營區,重孝路31號前,120.318518288361,22.6847947161736
4527,新莊分隊,地下,左營區,重和路與文川路口,120.312375968787,22.6845073386015
4528,新莊分隊,地下,左營區,重治、文寧街口,120.303067881567,22.6821281023677
4529,新莊分隊,地下,左營區,重信路146巷口,120.315846961516,22.6815706649761
4530,新莊分隊,地下,左營區,重建路間停車位出口處,120.309570657533,22.6838296821737
4531,新莊分隊,地下,左營區,重偉路、自由三路口,120.310503561144,22.6700046295868
4532,新莊分隊,地下,左營區,重清路、文德路口,120.310959637296,22.6690587621242
4533,新莊分隊,地下,左營區,重清路188巷口,120.312826759525,22.6693199501455
4534,新莊分隊,地下,左營區,重清路219號,120.311833364418,22.6707312735059
4535,新莊分隊,地下,左營區,重清路234巷17號前,120.313504084656,22.6699925504125
4536,新莊分隊,地下,左營區,重清路278巷13號,120.3125672,22.6713542
4537,新莊分隊,地下,左營區,重清路278巷39號左前方,120.312021,22.671522
4538,新莊分隊,地下,左營區,重清路278巷口,120.31243443995,22.6706172656696
4539,新莊分隊,地下,左營區,重惠路102號前,120.309299826622,22.6833310258456
4540,新莊分隊,地下,左營區,重惠路161巷19號前,120.307897830688,22.6841664549406
4541,新莊分隊,地下,左營區,重惠路與文川路167巷口,120.30911865477,22.6833637949866
4542,新莊分隊,地下,左營區,重景街32號前,120.306965746033,22.6806687734727
4543,新莊分隊,地下,左營區,重愛路、文學路口,120.312846256067,22.6879595616098
4544,新莊分隊,地下,左營區,重愛路22巷46號前,120.319468319077,22.6839771263492
4545,新莊分隊,地下,左營區,修明街、忠言路口,120.30396242209,22.6581908932584
4546,新莊分隊,地下,左營區,修明街、嘉慶街口,120.3039356,22.6589384
4547,新莊分隊,地下,左營區,修明街、維新街口,120.303951693254,22.6603294447543
4548,新莊分隊,地下,左營區,崇德409巷7弄37號左前30公尺,120.300464423279,22.6765283574199
4549,新莊分隊,地下,左營區,崇德路25號,120.308961635582,22.6731450206444
4550,新莊分隊,地下,左營區,崇德路410巷52號,120.301857,22.678367
4551,新莊分隊,地下,左營區,博愛二路、忠言路口,120.303332671164,22.6581953546491
4552,新莊分隊,地下,左營區,博愛二路、明誠路口,120.303275338947,22.6611126498155
4553,新莊分隊,地下,左營區,博愛二路200號(至聖路口),120.30329417791,22.659695816186
4554,新莊分隊,地下,左營區,博愛二路226號(麥當勞前),120.303351,22.6605612424619
4555,新莊分隊,地下,左營區,博愛二路柏仁醫院大門前(人行道上),120.303482874869,22.6643931018425
4556,新莊分隊,地下,左營區,博愛三路、文自路口（人行道上）,120.304101442575,22.672479695208
4557,新莊分隊,地下,左營區,博愛三路37號前（人行道上）,120.303795670747,22.6716357391408
4558,新莊分隊,地下,左營區,博愛三路524號前,120.308818,22.679398
4559,新莊分隊,地下,左營區,博愛三路677號（裕昌汽車前人行道）,120.30917382209,22.6804545335272
4560,新莊分隊,地下,左營區,博愛三路8號前,120.303890067459,22.670724550703
4561,新莊分隊,地下,左營區,富民路、忠言路口,120.305255330689,22.6582479358974
4562,新莊分隊,地下,左營區,富民路、維新街口北方,120.305287517197,22.6604062877431
4563,新莊分隊,地下,左營區,富民路、維新街口南方,120.305188275463,22.6603431712844
4564,新莊分隊,地下,左營區,富民路13巷口,120.305148992222,22.6570356965517
4565,新莊分隊,地下,左營區,富民路13巷與修明街口,120.3039078,22.6570934
4566,新莊分隊,地下,左營區,富民路387巷口,120.305305,22.6661567
4567,新莊分隊,地下,左營區,富民路421號左前方,120.3056202,22.6674254
4568,新莊分隊,地下,左營區,富民路435號之1門口左側,120.305707279762,22.6678121230326
4569,新莊分隊,地下,左營區,富民路與立文路口,120.305228233337,22.664556355314
4570,新莊分隊,地下,左營區,富民路與立信路口,120.305389441139,22.6665878473019
4571,新莊分隊,地下,左營區,富民路與安吉街口,120.305217504501,22.6650860213723
4572,新莊分隊,地下,左營區,富民路與安吉街口（南）,120.305308974869,22.6616413843665
4573,新莊分隊,地下,左營區,富民路與明華一路口,120.305266059525,22.662997750216
4574,新莊分隊,地下,左營區,富民路與保靖街口,120.305104851723,22.6637890784257
4575,新莊分隊,地下,左營區,富民路與保靖街口(馥民牙醫),120.305206775665,22.6636851244528
4576,新莊分隊,地下,左營區,富民路與新下街口北方（路燈下）,120.305834687836,22.6683240790981
4577,新莊分隊,地下,左營區,富民路與新下街口南方,120.305791772491,22.6681557781894
4578,新莊分隊,地下,左營區,富民路與裕誠路口,120.305102169514,22.6656924122464
4579,新莊分隊,地下,左營區,富民路與德威街口,120.305266059525,22.6622057133923
4580,新莊分隊,地下,左營區,富國路、忠言路口,120.306583242328,22.6582542598123
4581,新莊分隊,地下,左營區,富國路、嘉慶街口(西方),120.306558609009,22.6589328587442
4582,新莊分隊,地下,左營區,富國路、嘉慶街口(東方),120.306649804115,22.658962560916
4583,新莊分隊,地下,左營區,富國路、維新街口(北方),120.30665834418,22.6603989982079
4584,新莊分隊,地下,左營區,富國路、維新街口(南方),120.306508140475,22.6603123677625
4585,新莊分隊,地下,左營區,富國路292號右前,120.306724626984,22.6636211264553
4586,新莊分隊,地下,左營區,富國路353巷32號前,120.306625262566,22.6669394735978
4587,新莊分隊,地下,左營區,富國路365巷口,120.307615538762,22.6672310744083
4588,新莊分隊,地下,左營區,富國路397之1號前,120.30788464418,22.6677181744013
4589,新莊分隊,地下,左營區,富國路450巷口,120.307427417058,22.6666920285808
4590,新莊分隊,地下,左營區,富國路474巷32弄5號前,120.308325160713,22.6666413252965
4591,新莊分隊,地下,左營區,富國路474巷口476號旁,120.307747854492,22.667286629827
4592,新莊分隊,地下,左營區,富國路與立文路口,120.306776361377,22.6644779927007
4593,新莊分隊,地下,左營區,富國路與安吉街口,120.306918025017,22.6648979159035
4594,新莊分隊,地下,左營區,富國路與安吉街口（南）,120.306636886508,22.6616167689681
4595,新莊分隊,地下,左營區,富國路與保靖街口,120.306636886508,22.6637453667008
4596,新莊分隊,地下,左營區,富國路與德威街口,120.306636886508,22.6622207000521
4597,新莊分隊,地下,左營區,曾子路210巷13號,120.309165,22.6789901656995
4598,新莊分隊,地下,左營區,曾子路274巷60號之1旁,120.308482661377,22.6802409326893
4599,新莊分隊,地下,左營區,曾子路59巷２弄32號,120.310342898148,22.6765883574784
4600,新莊分隊,地下,左營區,曾子路59巷4弄25號,120.31025964418,22.6763152408448
4601,新莊分隊,地下,左營區,曾子路５巷口,120.312236820901,22.676024428083
4602,新莊分隊,地下,左營區,華欣路100號前,120.295713813492,22.6700882494206
4603,新莊分隊,地下,左營區,華夏路、東門路口,120.296213328838,22.6693232762258
4604,新莊分隊,地下,左營區,華夏路、新莊仔路282巷口,120.299309307874,22.6741321878496
4605,新莊分隊,地下,左營區,華夏路226巷口,120.296575427055,22.6699395483021
4606,新莊分隊,地下,左營區,華夏路305巷（第一支路燈下）,120.297030632016,22.6712280613267
4607,新莊分隊,地下,左營區,華夏路328之1號前(啄木鳥藥局前),120.298333,22.672263
4608,新莊分隊,地下,左營區,華夏路337巷3號前,120.297374087836,22.6718505608863
4609,新莊分隊,地下,左營區,華夏路586巷1號前,120.30095417791,22.6759182689194
4610,新莊分隊,地下,左營區,華夏路586巷25號,120.300396626984,22.6751033744482
4611,新莊分隊,地下,左營區,華夏路785號前,120.303504119049,22.6795684824857
4612,新莊分隊,地下,左營區,華夏路800號前(新光國小大門前),120.304421014715,22.6802595536584
4613,新莊分隊,地下,左營區,菜公一路115巷26號前,120.314607830688,22.6775877257771
4614,新莊分隊,地下,左營區,菜公一路62巷21號前,120.31670892209,22.6783016965629
4615,新莊分隊,地下,左營區,菜公一路62巷口,120.31578031891,22.6775290022125
4616,新莊分隊,地下,左營區,新下街120號,120.309571,22.667113
4617,新莊分隊,地下,左營區,新下街124號前,120.309064,22.667275
4618,新莊分隊,地下,左營區,新下街180號右側,120.307185728836,22.6678943236883
4619,新莊分隊,地下,左營區,新下街61號前,120.311107728836,22.6665386265693
4620,新莊分隊,地下,左營區,新下街7巷12弄30號前,120.311461093254,22.6649505220566
4621,新莊分隊,地下,左營區,新下街7巷22弄口,120.3119056,22.6644645
4622,新莊分隊,地下,左營區,新下街7巷口,120.312561719713,22.6660629580296
4623,新莊分隊,地下,左營區,新下街80號,120.310314271164,22.6668387231601
4624,新莊分隊,地下,左營區,新上街148號前,120.309032522754,22.6684004247152
4625,新莊分隊,地下,左營區,新上街149號前,120.309393296959,22.6682325255604
4626,新莊分隊,地下,左營區,新上街160號前,120.307947449074,22.6685901153942
4627,新莊分隊,地下,左營區,新上街196號前,120.307028711639,22.6688281249452
4628,新莊分隊,地下,左營區,新上街199號前,120.307514830688,22.6686490251217
4629,新莊分隊,地下,左營區,新上街245號前,120.306617110451,22.668871975063
4630,新莊分隊,地下,左營區,新上街263號前,120.305979568123,22.6690452749913
4631,新莊分隊,地下,左營區,新上街307巷10號左側,120.304237017197,22.6693478748483
4632,新莊分隊,地下,左營區,新上街307巷與新下街口,120.304283287732,22.6688081632046
4633,新莊分隊,地下,左營區,新上街320號前,120.304335728836,22.6694737755119
4634,新莊分隊,地下,左營區,新上街38號前,120.312696565641,22.6675334193266
4635,新莊分隊,地下,左營區,新上街北極殿前,120.310732442963,22.6679086569865
4636,新莊分隊,地下,左營區,新上街與富民路口,120.306145530272,22.6690348635078
4637,新莊分隊,地下,左營區,新上街與富國路口,120.308154169548,22.66850204159
4638,新莊分隊,地下,左營區,新中街100號前,120.309677084656,22.667775574935
4639,新莊分隊,地下,左營區,新中街173號前,120.307699220901,22.6681887248732
4640,新莊分隊,地下,左營區,新中街59號前,120.311198652779,22.667363675987
4641,新莊分隊,地下,左營區,新中街91號前,120.310118682209,22.6676330886788
4642,新莊分隊,地下,左營區,新中街與新莊仔路744巷口,120.310604138237,22.6675764852423
4643,新莊分隊,地下,左營區,新中街與群英街口,120.306983156067,22.6683499284785
4644,新莊分隊,地下,左營區,新吉街62號前,120.311110457672,22.6669761726773
4645,新莊分隊,地下,左營區,新南街106號前,120.297298985983,22.6729420087073
4646,新莊分隊,地下,左營區,新南街22號旁,120.296285110976,22.6717490879719
4647,新莊分隊,地下,左營區,新南街66號對面,120.296558696295,22.672194578257
4648,新莊分隊,地下,左營區,新南街72號前,120.296698171164,22.672239127206
4649,新莊分隊,地下,左營區,新莊一路、新勝街口,120.301304463507,22.6707373480159
4650,新莊分隊,地下,左營區,新莊一路148號轉角(華夏市場路口),120.298082135829,22.6725642074895
4651,新莊分隊,地下,左營區,新莊一路185號前,120.299064908321,22.6722666549807
4652,新莊分隊,地下,左營區,新莊一路187號前(後方新路上),120.299193263054,22.6725159810942
4653,新莊分隊,地下,左營區,新莊一路220號左側10M,120.299165748271,22.6718180124545
4654,新莊分隊,地下,左營區,新莊一路290巷口,120.300317412303,22.6711350183901
4655,新莊分隊,地下,左營區,新莊仔路、至真路口,120.30244410038,22.6718477466897
4656,新莊分隊,地下,左營區,新莊仔路、富民路口,120.306336392868,22.6694121540531
4657,新莊分隊,地下,左營區,新莊仔路、富國路口,120.30831854533,22.6689678922313
4658,新莊分隊,地下,左營區,新莊仔路49巷口,120.299730307252,22.676051985104
4659,新莊分隊,地下,左營區,新莊仔路515巷19號,120.313905586708,22.6695631284951
4660,新莊分隊,地下,左營區,新莊仔路515巷口,120.313602554816,22.668840824232
4661,新莊分隊,地下,左營區,新莊仔路545巷23之１號,120.313878764618,22.6699294264506
4662,新莊分隊,地下,左營區,新莊仔路546巷底與新下街口,120.305102576721,22.6685632290968
4663,新莊分隊,地下,左營區,新莊仔路65之6號前,120.299882997978,22.6739388401181
4664,新莊分隊,地下,左營區,新莊仔路712巷8號,120.308738311041,22.668658207478
4665,新莊分隊,地下,左營區,新莊仔路712巷與新下街口(天公廟前),120.308377146721,22.6675016686814
4666,新莊分隊,地下,左營區,新莊仔路712巷與新中街口,120.308551226962,22.6679756455819
4667,新莊分隊,地下,左營區,新莊仔路766巷口,120.311545242775,22.6683008780478
4668,新莊分隊,地下,左營區,新莊仔路788巷30號與新中街口,120.312081684578,22.6672811692052
4669,新莊分隊,地下,左營區,群英街24號左側車道前,120.306364169312,22.666075574843
4670,新莊分隊,地下,左營區,裕誠路168巷口,120.311254476057,22.6642448124509
4671,新莊分隊,地下,左營區,裕誠路192巷口,120.310522493254,22.664473925897
4672,新莊分隊,地下,左營區,裕誠路267巷27號前,120.308874525131,22.6639565747283
4673,新莊分隊,地下,左營區,裕誠路267巷5弄19號,120.309406982803,22.6642765713922
4674,新莊分隊,地下,左營區,裕誠路267巷口,120.309121520901,22.6648226501328
4675,新莊分隊,地下,左營區,裕誠路270巷19號前,120.309320735582,22.6654597881694
4676,新莊分隊,地下,左營區,裕誠路330巷口,120.307854240228,22.6653082657433
4677,新莊分隊,地下,左營區,裕誠路472巷與富民路387巷口,120.3041615,22.6662126
4678,新莊分隊,地下,左營區,裕誠路與辛亥路口,120.309930270006,22.664679597475
4679,新莊分隊,地下,左營區,裕誠路與群英街口,120.306183099747,22.6656453861112
4680,新莊分隊,地下,左營區,裕興路176號右前方(裕興路口),120.29431,22.6717025472266
4681,新莊分隊,地下,左營區,嘉慶街、富民路口,120.305331308459,22.6588673431
4682,新莊分隊,地下,左營區,嘉慶街100號,120.305813720238,22.6589092622143
4683,新莊分隊,地下,左營區,嘉慶街123號,120.30479682209,22.6588983335971
4684,新莊分隊,地下,左營區,嘉慶街上(富國大街大樓車道出口對面),120.307391244983,22.6589292226468
4685,新莊分隊,地下,左營區,榮富路與榮成一街口,120.320710230025,22.6789284003844
4686,新莊分隊,地下,左營區,榮華街1號右前(榮總路442巷口),120.323052719188,22.6854190467772
4687,新莊分隊,地下,左營區,榮德街155號前,120.3204743,22.6829907
4688,新莊分隊,地下,左營區,榮德路、榮佑路口,120.320345487033,22.6819190594985
4689,新莊分隊,地下,左營區,榮德路、榮耀路口,120.319959248935,22.6802065103848
4690,新莊分隊,地下,左營區,榮德路225號前,120.320775490144,22.6843868241538
4691,新莊分隊,地下,左營區,榮德路313號前,120.321053279762,22.6860636265422
4692,新莊分隊,地下,左營區,榮德路347號前,120.321255784061,22.6868849016994
4693,新莊分隊,地下,左營區,榮德路34巷口,120.320070513492,22.6810441486946
4694,新莊分隊,地下,左營區,榮德路350號轉角處(榮光街口),120.320999169312,22.6852932841484
4695,新莊分隊,地下,左營區,榮德路431號前,120.321591341734,22.68859631622
4696,新莊分隊,地下,左營區,榮德路456號前,120.321412796295,22.6874601333524
4697,新莊分隊,地下,左營區,榮德路530巷28號前,120.321968525131,22.6886948378838
4698,新莊分隊,地下,左營區,榮德路532號右前,120.321766449074,22.6890795384535
4699,新莊分隊,地下,左營區,榮總路、榮佑路口,120.321745557672,22.6816727818507
4700,新莊分隊,地下,左營區,榮總路141巷15號前,120.320997542328,22.680372545488
4701,新莊分隊,地下,左營區,榮總路183巷18號前,120.321226,22.681334
4702,新莊分隊,地下,左營區,榮總路203巷口,120.321651121189,22.6827714968224
4703,新莊分隊,地下,左營區,榮總路265巷口,120.321689651065,22.6842368429917
4704,新莊分隊,地下,左營區,榮總路287巷21號,120.321538694443,22.6847227646571
4705,新莊分隊,地下,左營區,榮總路440號,120.322087665012,22.6860424467002
4706,新莊分隊,地下,左營區,榮總路442巷17號,120.322786101852,22.6859569425373
4707,新莊分隊,地下,左營區,榮總路460巷35號前,120.323180271164,22.6861888921498
4708,新莊分隊,地下,左營區,榮總路478巷口,120.322245537959,22.6866583164016
4709,新莊分隊,地下,左營區,榮總路490巷27號前,120.322491549599,22.6869223227343
4710,新莊分隊,地下,左營區,榮總路491巷16號前,120.321695536107,22.6870784629446
4711,新莊分隊,地下,左營區,榮總路506巷38號前,120.323099728836,22.6871462589879
4712,新莊分隊,地下,左營區,榮總路520號前,120.322424084656,22.6875826132761
4713,新莊分隊,地下,左營區,榮總路522巷20號前,120.322961813492,22.6875614973182
4714,新莊分隊,地下,左營區,榮總路536巷11號前,120.322104941139,22.6878793131383
4715,新莊分隊,地下,左營區,榮總路541號前,120.321503271164,22.6877362584659
4716,新莊分隊,地下,左營區,榮總路與榮光街口,120.321944041139,22.6851126703055
4717,新莊分隊,地下,左營區,榮耀路、榮富街口,120.321089769312,22.6796135557766
4718,新莊分隊,地下,左營區,榮耀路、榮總路口,120.321824694582,22.6793487510525
4719,新莊分隊,地下,左營區,維新街、忠貞街口(忠貞街136號),120.308133645647,22.6603348229763
4720,新莊分隊,地下,左營區,維新街165號,120.304409457672,22.6603447858552
4721,新莊分隊,地下,左營區,德威街106號(安吉街1巷23號),120.303793652779,22.6622919229552
4722,新莊分隊,地下,左營區,德威街169巷口,120.30445204418,22.6622520521288
4723,新莊分隊,地下,左營區,德威街171號右前,120.304386856483,22.662294081948
4724,新莊分隊,地下,左營區,蓮潭會館右側（人行道上）,120.300219085983,22.6778917528141
4725,新莊分隊,地下,左營區,蓮潭會館左側（人行道上）,120.299455957855,22.6781789559073
4726,中華分隊,地下,鼓山區,中華一路2133巷28號左前,120.29562257424,22.6531796844294
4727,中華分隊,地下,三民區,九如三路268巷口（川東）,120.284607031877,22.6444448037401
4728,中華分隊,地下,鼓山區,九如四路、吳鳳路口(北側) （內惟）,120.280677470183,22.6612305091012
4729,中華分隊,地下,鼓山區,九如四路1011號之1（建國）,120.27801,22.6576
4730,中華分隊,地下,鼓山區,九如四路1157號前（內惟派出所前）（內惟）,120.279444444444,22.6595555555556
4731,中華分隊,地下,鼓山區,九如四路1315巷28號前（前峰）,120.281707,22.663604
4732,中華分隊,地下,鼓山區,九如四路1315巷口（前峰）,120.282191,22.663348
4733,中華分隊,地下,鼓山區,九如四路1325巷16號前（前峰）,120.282035413527,22.6637911919344
4734,中華分隊,地下,鼓山區,九如四路1382巷24號前（光榮）,120.279601,22.657003
4735,中華分隊,地下,鼓山區,九如四路1382巷9號前（光榮）,120.279629,22.657486
4736,中華分隊,地下,鼓山區,九如四路1440巷48號前（光榮）,120.280267,22.65847
4737,中華分隊,地下,鼓山區,九如四路1460巷1號前（市場入口內） （光榮）,120.279867,22.65953
4738,中華分隊,地下,鼓山區,九如四路1598巷11號前（前峰）,120.282820758266,22.6625597465451
4739,中華分隊,地下,鼓山區,九如四路1990巷15弄口（鼓峰）,120.286722222222,22.6668055555556
4740,中華分隊,地下,鼓山區,九如四路1990巷1弄、2014巷交叉口（鼓峰）,120.286472222222,22.6678611111111
4741,中華分隊,地下,鼓山區,九如四路1991巷1弄口（雄峰）,120.285111111111,22.6679722222222
4742,中華分隊,地下,鼓山區,九如四路1991巷30號(右前) （雄峰）,120.283277777778,22.6675277777778
4743,中華分隊,地下,鼓山區,九如四路2000巷、1990巷1弄交叉口（鼓峰）,120.286111111111,22.6676388888889
4744,中華分隊,地下,鼓山區,九如四路2000巷口（鼓峰）,120.285833333333,22.6677777777778
4745,中華分隊,地下,鼓山區,九如四路2014巷23號前（鼓峰）,120.287666666667,22.6673055555556
4746,中華分隊,地下,鼓山區,九如四路2016巷口(圓環汽車快車道上) （鼓峰）,120.286611111111,22.66825
4747,中華分隊,地下,三民區,力行路、同盟三路口（東北側）（裕民）,120.28541586152,22.6376735241297
4748,中華分隊,地下,三民區,力行路77號前（豐裕）,120.289027777778,22.6388055555556
4749,中華分隊,地下,三民區,力行路79巷7號前（豐裕）,120.288961370535,22.6383486155384
4750,中華分隊,地下,三民區,十全三路與同盟三路口以南20公尺紅磚道旁,120.284328,22.647231
4751,中華分隊,地下,鼓山區,大順一路1011巷口,120.296191653898,22.6543828968905
4752,中華分隊,地下,鼓山區,大順一路432巷54號前,120.304395008598,22.6554155642662
4753,中華分隊,地下,鼓山區,大順一路432巷62號前,120.304618060324,22.6549233503803
4754,中華分隊,地下,鼓山區,大順一路617巷1號左側,120.301219920238,22.6553277069128
4755,中華分隊,地下,鼓山區,大順一路841號對面,120.299802606152,22.6553513960569
4756,中華分隊,地下,鼓山區,大順一路909巷12號前,120.298880961971,22.6544501184619
4757,中華分隊,地下,鼓山區,大順一路927號前,120.298116228172,22.6549467729622
4758,中華分隊,地下,鼓山區,大順一路977巷口,120.297407883398,22.6547092806851
4759,中華分隊,地下,鼓山區,大順一路與博愛二路口,120.302022545716,22.6558514750281
4760,中華分隊,地下,三民區,川東085路燈對面,120.284765,22.645024
4761,中華分隊,地下,三民區,川東135路燈旁,120.285812,22.644702
4762,中華分隊,地下,三民區,中仁街43巷18號前（豐裕）,120.289638544809,22.6384761534308
4763,中華分隊,地下,三民區,中仁街43巷口（豐裕）,120.290153627122,22.6386214905316
4764,中華分隊,地下,三民區,中仁街69號（豐裕）,120.289752652779,22.6395450489386
4765,中華分隊,地下,三民區,中和街188巷口（裕民）,120.28615317057,22.6387121193579
4766,中華分隊,地下,三民區,中原街、中庸街,120.287666634081,22.6400108371853
4767,中華分隊,地下,三民區,中原街16號右前（德西）,120.290999889549,22.6410675333782
4768,中華分隊,地下,三民區,中原街47號前（德西）,120.290022720238,22.6407414612131
4769,中華分隊,地下,三民區,中峰街、中華橫路,120.2885,22.6412222222222
4770,中華分隊,地下,三民區,中峰街13號前（德西）,120.288660597554,22.6414122298892
4771,中華分隊,地下,三民區,中庸街、力行路口（豐裕）,120.288196820901,22.6385839620506
4772,中華分隊,地下,三民區,中庸街、中和街口（豐裕）,120.2879286,22.6393291
4773,中華分隊,地下,三民區,中庸街133號前（千秋）,120.28864682209,22.6373733289903
4774,中華分隊,地下,三民區,中庸街153巷口（千秋）,120.288470460258,22.6378587631276
4775,中華分隊,地下,三民區,中庸街177號前,120.28779,22.639637
4776,中華分隊,地下,三民區,中都街、力行路口（力行）,120.287341064557,22.6382776749696
4777,中華分隊,地下,三民區,中都街、中和街口（力行）,120.287067479237,22.6390252901204
4778,中華分隊,地下,三民區,中都街、中庸街153巷口（千秋）,120.287641471966,22.637589469347
4779,中華分隊,地下,三民區,中都街63巷33號前（裕民）,120.285777777778,22.63975
4780,中華分隊,地下,三民區,中都街63巷69號前（裕民）,120.28517435582,22.6393751192464
4781,中華分隊,地下,三民區,中都街69巷40號前（裕民）,120.285609961971,22.6399986853853
4782,中華分隊,地下,三民區,中都街69巷78號前（裕民）,120.284967326389,22.639596262073
4783,中華分隊,地下,三民區,中都街75巷59號前（裕民）,120.285638888889,22.6403611111111
4784,中華分隊,地下,三民區,中都街97巷25號前（川東）,120.285886483467,22.6411114322532
4785,中華分隊,地下,三民區,中都街97巷96號前（川東）,120.28472740741,22.6407552449128
4786,中華分隊,地下,三民區,中都濕地公園遊客中心前同盟三路上（身障專用機車格旁）,120.284978,22.647905
4787,中華分隊,地下,鼓山區,中華一路、美術東五路口（北）（龍水）,120.292048938623,22.6589855004719
4788,中華分隊,地下,鼓山區,中華一路131巷1弄2號前（明誠）,120.293572419643,22.6638856743578
4789,中華分隊,地下,鼓山區,中華一路131巷1弄30號前（明誠）,120.293557760748,22.6633410726722
4790,中華分隊,地下,鼓山區,中華一路131巷8號前（明誠）,120.293173495701,22.6637036015289
4791,中華分隊,地下,鼓山區,中華一路19巷68號（裕興）,120.290275330025,22.6696151258385
4792,中華分隊,地下,鼓山區,中華一路19巷76號（裕興）,120.290812682209,22.6702526988669
4793,中華分隊,地下,鼓山區,中華一路2133巷13-2號前,120.294615,22.653204
4794,中華分隊,地下,鼓山區,中華一路2133巷17號前,120.295138253967,22.6529726867638
4795,中華分隊,地下,鼓山區,中華一路2133巷2號前,120.294316272491,22.6512767176241
4796,中華分隊,地下,鼓山區,中華一路2133巷31之1號,120.29622482209,22.6525043222636
4797,中華分隊,地下,鼓山區,中華一路2133巷32-1號前,120.295305555556,22.6531111111111
4798,中華分隊,地下,鼓山區,中華一路2133巷32號（果園右前）,120.293027777778,22.6501111111111
4799,中華分隊,地下,鼓山區,中華一路2133巷38號前,120.296753009752,22.6537045756378
4800,中華分隊,地下,鼓山區,中華一路2133巷43-5號前,120.298140402447,22.6536227830518
4801,中華分隊,地下,鼓山區,中華一路2133巷46弄1號,120.299316982803,22.6536204642293
4802,中華分隊,地下,鼓山區,中華一路2133巷4弄1號前,120.293469354492,22.6527131837377
4803,中華分隊,地下,鼓山區,中華一路2286號旁(龍水),120.291585,22.651721
4804,中華分隊,地下,鼓山區,中華一路2320號（分隊前）,120.291688,22.650006
4805,中華分隊,地下,鼓山區,中華一路247巷15弄12號前,120.293685393848,22.6623488009586
4806,中華分隊,地下,鼓山區,中華一路247巷15弄58號（明誠）,120.293701122685,22.6629247013143
4807,中華分隊,地下,鼓山區,中華一路247巷6弄口（明誠）,120.293259,22.661832
4808,中華分隊,地下,鼓山區,中華一路247巷vs裕誠路口（明誠）,120.294186,22.661834
4809,中華分隊,地下,鼓山區,中華一路27之7號前（裕興）,120.289739402447,22.6676093487291
4810,中華分隊,地下,鼓山區,中華一路29巷20弄6號前（裕興）,120.290538923943,22.6677977502156
4811,中華分隊,地下,鼓山區,中華一路29巷24弄11-1號前 （裕興）,120.290745991402,22.667967450413
4812,中華分隊,地下,鼓山區,中華一路29巷24弄36號（裕興）,120.290403262566,22.668476349877
4813,中華分隊,地下,鼓山區,中華一路29巷24弄43號（裕興）,120.289931737434,22.6690036000468
4814,中華分隊,地下,鼓山區,中華一路29巷48弄73號（裕興）,120.290963008598,22.6696695002575
4815,中華分隊,地下,三民區,中華二路、九如三路口（西南側）（德西）,120.291389725149,22.6420131032791
4816,中華分隊,地下,三民區,中華二路157巷內（德西）,120.290871485844,22.6428038207536
4817,中華分隊,地下,三民區,中華二路與德利街交叉口（往德利街約40公尺）,120.290642,22.645588
4818,中華分隊,地下,三民區,中華橫巷32號前（德西）,120.289712381614,22.6413512849837
4819,中華分隊,地下,三民區,中華橫路、中庸街口（斑馬線上）（力行）,120.287151167949,22.6414028269647
4820,中華分隊,地下,三民區,中華橫路、中道街口（北側）（德西）,120.289464573225,22.6406997839389
4821,中華分隊,地下,三民區,中華橫路220號前（西側燈柱下）（川東）,120.285795965607,22.641473882173
4822,中華分隊,地下,三民區,中愛街、力行路口（裕民）,120.286669496959,22.6380683555122
4823,中華分隊,地下,三民區,中道街上（近潼關街口）（德西）,120.29003298532,22.6420573217714
4824,中華分隊,地下,三民區,中道與潼關街口（德西）,120.2899082626,22.641813486235
4825,中華分隊,地下,三民區,仁愛街1巷1號前（裕民）,120.285081581951,22.6391270877995
4826,中華分隊,地下,鼓山區,內惟路、吳鳳路89巷口（內惟）,120.279847653165,22.6614318316551
4827,中華分隊,地下,鼓山區,內惟路307巷8號右側（內惟）,120.278825618385,22.6613618950812
4828,中華分隊,地下,鼓山區,內惟路319巷口（內惟）,120.279432075498,22.6610033162122
4829,中華分隊,地下,鼓山區,內惟路379巷22號前（右後） （民族）,120.27957,22.662751
4830,中華分隊,地下,鼓山區,內惟路384號前左側（前峰）,120.280766,22.662409
4831,中華分隊,地下,鼓山區,內惟路399號左側（民族）,120.280677699406,22.6624722488281
4832,中華分隊,地下,鼓山區,內惟路401巷39號左側（民族）,120.27941,22.663244
4833,中華分隊,地下,鼓山區,內惟路435巷22號(左前) （民族）,120.280647402447,22.6638564945339
4834,中華分隊,地下,鼓山區,內惟路459巷口（民族）,120.281388,22.663748
4835,中華分隊,地下,鼓山區,內惟路482號前（前峰）,120.281687393848,22.664414797387
4836,中華分隊,地下,鼓山區,內惟路540號,120.282072,22.665407
4837,中華分隊,地下,鼓山區,文忠路、明倫路口,120.298090327895,22.6651924498634
4838,中華分隊,地下,鼓山區,文忠路、篤敬路口,120.302515972769,22.6652320509512
4839,中華分隊,地下,鼓山區,文忠路173號前,120.296145,22.664903
4840,中華分隊,地下,鼓山區,文忠路26號前,120.301555555556,22.6646666666667
4841,中華分隊,地下,鼓山區,文忠路43號前（維也納皇苑大樓）,120.30121833086,22.665162748529
4842,中華分隊,地下,鼓山區,文忠路76之5號前,120.298733,22.665281
4843,中華分隊,地下,鼓山區,文信路、南屏路口,120.299916666667,22.6645277777778
4844,中華分隊,地下,鼓山區,文信路、華榮路口,120.297034141386,22.6645146983976
4845,中華分隊,地下,鼓山區,文信路210號前面,120.301722222222,22.6645
4846,中華分隊,地下,鼓山區,文信路218號前,120.301070195106,22.6646066978081
4847,中華分隊,地下,鼓山區,文信路252號前,120.299222222222,22.6647777777778
4848,中華分隊,地下,鼓山區,文信路262號前,120.298777777778,22.6646666666667
4849,中華分隊,地下,鼓山區,文信路338號前,120.296305555556,22.6644722222222
4850,中華分隊,地下,鼓山區,文信路827號前,120.296092,22.664256
4851,中華分隊,地下,鼓山區,文信路866號,120.295647110451,22.6639664021838
4852,中華分隊,地下,鼓山區,文信路與明倫路口,120.297916666667,22.6645
4853,中華分隊,地下,鼓山區,日昌路、吳鳳路33巷口（光榮）,120.281042,22.659204
4854,中華分隊,地下,鼓山區,日昌路106巷5弄15號前（內惟）,120.278182509895,22.6614000744629
4855,中華分隊,地下,鼓山區,日昌路106巷口（內惟）,120.278423325795,22.6608229284286
4856,中華分隊,地下,鼓山區,日昌路123巷6-2號前（內惟）,120.278361111111,22.6605555555556
4857,中華分隊,地下,鼓山區,日昌路157號旁（136巷口對面） （內惟）,120.277685,22.661226
4858,中華分隊,地下,鼓山區,日昌路33巷34號前（光榮）,120.280861111111,22.6584166666667
4859,中華分隊,地下,鼓山區,日昌路59號（右前巷口） （光榮）,120.280361,22.65955
4860,中華分隊,地下,鼓山區,日昌路85巷口(＃1) （內惟）,120.279083333333,22.6604722222222
4861,中華分隊,地下,鼓山區,日昌路85巷口(＃2) （內惟）,120.279166666667,22.6604166666667
4862,中華分隊,地下,三民區,台安街、中庸街口（豐裕）,120.28742082209,22.6406872469398
4863,中華分隊,地下,三民區,台安街、中都街口（力行）,120.286499483293,22.6404495977577
4864,中華分隊,地下,三民區,台安街28號前（豐裕）,120.287823110451,22.6407961756574
4865,中華分隊,地下,三民區,市中ㄧ路450巷7號前（千秋）,120.287819509839,22.6371348631538
4866,中華分隊,地下,三民區,市中一路、市中一路450巷口（千秋）,120.286774687016,22.6369121740822
4867,中華分隊,地下,三民區,市中一路443巷口（千秋）,120.28674186391,22.636918419954
4868,中華分隊,地下,三民區,市中一路456巷9號前（千秋）,120.287237101852,22.6372383549962
4869,中華分隊,地下,鼓山區,民利街、民康街口,120.295082338029,22.6620112485788
4870,中華分隊,地下,鼓山區,民利街116號前,120.295612504369,22.6646391172571
4871,中華分隊,地下,鼓山區,民利街97號前,120.295253,22.664353
4872,中華分隊,地下,鼓山區,民泰街30巷口,120.2965,22.6616666666667
4873,中華分隊,地下,鼓山區,民泰路50號,120.296506,22.662623
4874,中華分隊,地下,鼓山區,民康街187巷17號前,120.295388,22.662499
4875,中華分隊,地下,鼓山區,民強街250號,120.295067,22.662761
4876,中華分隊,地下,鼓山區,民富街32號,120.295836,22.662308
4877,中華分隊,地下,鼓山區,永德街109巷口（前峰）,120.284078935057,22.6672195922413
4878,中華分隊,地下,鼓山區,永德街121號（前峰）,120.283729451521,22.6674173002271
4879,中華分隊,地下,鼓山區,永德街145號前（前峰）,120.283416666667,22.6671388888889
4880,中華分隊,地下,鼓山區,永德街160巷4號前（前峰）,120.282805555556,22.6671666666667
4881,中華分隊,地下,鼓山區,永德街165巷與91巷口（前峰）,120.283861111111,22.6663611111111
4882,中華分隊,地下,鼓山區,永德街165巷與九如四路口（前峰）,120.285638888889,22.6661111111111
4883,中華分隊,地下,鼓山區,永德街77號（前峰）,120.284730784061,22.6668087761551
4884,中華分隊,地下,三民區,同盟三路170巷16弄口（千秋）,120.2860962,22.6372406
4885,中華分隊,地下,三民區,同盟三路246巷8號（裕民）,120.285090129955,22.638920083127
4886,中華分隊,地下,三民區,同盟三路334號前（左前）（川東）,120.283676,22.641699
4887,中華分隊,地下,鼓山區,吳鳳路、九如四路口(東側) （光榮）,120.280894506781,22.6610846191976
4888,中華分隊,地下,鼓山區,吳鳳路112號前（內惟）,120.2793479,22.6620493
4889,中華分隊,地下,鼓山區,吳鳳路31之1號右側（光榮）,120.281251296208,22.6608426160513
4890,中華分隊,地下,鼓山區,吳鳳路31之1號左側（光榮）,120.28125464897,22.6608450911981
4891,中華分隊,地下,鼓山區,吳鳳路33巷口（光榮）,120.281924223348,22.6604076845076
4892,中華分隊,地下,鼓山區,吳鳳路66巷16號左側（光榮）,120.281573487102,22.6612139502803
4893,中華分隊,地下,鼓山區,吳鳳路89號右側（內惟）,120.279252597553,22.6619260111662
4894,中華分隊,地下,鼓山區,昌盛路、明倫路口,120.298027777778,22.664
4895,中華分隊,地下,鼓山區,昌盛路291號對面,120.298904055225,22.6638439539314
4896,中華分隊,地下,鼓山區,明倫路、東門路370巷口（華豐）,120.296485503427,22.6685334457804
4897,中華分隊,地下,鼓山區,明倫路115號前（華豐）,120.298095720238,22.665898245176
4898,中華分隊,地下,鼓山區,明倫路128-1號前（華豐）,120.298035450401,22.6658975610472
4899,中華分隊,地下,鼓山區,明倫路46號前（瑞豐街口）（華豐）,120.297079283398,22.6678962244515
4900,中華分隊,地下,鼓山區,明倫路492巷18號,120.297586023314,22.6627009910802
4901,中華分隊,地下,鼓山區,明倫路492巷口,120.298099138727,22.6627186223218
4902,中華分隊,地下,鼓山區,明倫路502巷18號,120.297587519014,22.6620852226223
4903,中華分隊,地下,鼓山區,明倫路514巷口,120.298083333333,22.6617222222222
4904,中華分隊,地下,鼓山區,明倫路91號前（華豐）,120.29802371164,22.666311017014
4905,中華分隊,地下,鼓山區,明華路122號,120.296637,22.663105
4906,中華分隊,地下,鼓山區,明華路206號、華榮路口,120.297195539846,22.6632140084653
4907,中華分隊,地下,鼓山區,明誠四路210號（觀美術大樓前）（龍水）,120.288039439812,22.6613627049763
4908,中華分隊,地下,鼓山區,東門路36巷44號（左側）（裕興）,120.294488668442,22.6713453312712
4909,中華分隊,地下,鼓山區,河西一路1355號旁10m(龍水),120.284086813492,22.6485312662599
4910,中華分隊,地下,鼓山區,河西一路1355號龍水化龍宮福德祠對面(龍水),120.284591077246,22.6489459863925
4911,中華分隊,地下,鼓山區,河西一路1411號對面(龍水),120.285567401328,22.6497628531974
4912,中華分隊,地下,鼓山區,河西一路與美術東二路口西側(龍水),120.287861115097,22.6509008436477
4913,中華分隊,地下,鼓山區,青峰街、九如四路口（內惟國小邊2）（建國）,120.278042295072,22.6575454605397
4914,中華分隊,地下,鼓山區,青峰街、青雲街85巷口（建國）,120.276713260505,22.6584334379151
4915,中華分隊,地下,鼓山區,青海路129號前(龍水),120.28906775477,22.6512285859559
4916,中華分隊,地下,鼓山區,青海路276號(龍水),120.287010984547,22.6514489936851
4917,中華分隊,地下,鼓山區,青海路290號前,120.285907255538,22.6514477560273
4918,中華分隊,地下,鼓山區,青海路48號前(龍水),120.290599780209,22.6513202771827
4919,中華分隊,地下,鼓山區,青雲街57巷10號（建國）,120.277435766865,22.6581008747414
4920,中華分隊,地下,鼓山區,青雲街59號前（左側57巷口）（建國）,120.277731,22.658528
4921,中華分隊,地下,鼓山區,青雲街83之1號前（建國）,120.277126093254,22.6589386989085
4922,中華分隊,地下,鼓山區,南屏路、文忠路口,120.30005,22.665232
4923,中華分隊,地下,鼓山區,南屏路511號,120.3001725,22.6649653
4924,中華分隊,地下,鼓山區,南屏路551號前（頂好超市門口）,120.300133377314,22.6638138293601
4925,中華分隊,地下,鼓山區,南屏路552號前（昌盛燒臘快餐）,120.300084426999,22.6638286799185
4926,中華分隊,地下,鼓山區,南屏路577號前（薇薇安美語補習班）,120.30010856688,22.6624170900204
4927,中華分隊,地下,鼓山區,南屏路879號（臻美大樓門口）,120.300039320238,22.655916196746
4928,中華分隊,地下,鼓山區,建榮路120巷口（建國）,120.278194444444,22.6593055555556
4929,中華分隊,地下,鼓山區,建榮路127巷30號右側（建國）,120.27746482209,22.6592836561452
4930,中華分隊,地下,鼓山區,建榮路140巷、九如四路1131巷口（內惟）,120.277722222222,22.6600277777778
4931,中華分隊,地下,鼓山區,建榮路191巷1弄口（建國）,120.276654,22.659661
4932,中華分隊,地下,鼓山區,建榮路193號（建國）,120.2768,22.660076
4933,中華分隊,地下,鼓山區,建榮路22號前（光榮）,120.280972222222,22.6574722222222
4934,中華分隊,地下,鼓山區,建榮路49號左側（光榮）,120.280473,22.657716
4935,中華分隊,地下,鼓山區,建榮路89巷13號（光榮）,120.279368,22.657989
4936,中華分隊,地下,鼓山區,美明路33號（龍水）,120.290270980426,22.6653555971657
4937,中華分隊,地下,鼓山區,美術北ㄧ街61號前（龍水）,120.286800707132,22.6628258393229
4938,中華分隊,地下,鼓山區,美術北三路、美術東六街口(西南角) （龍水）,120.291596929639,22.6624130422778
4939,中華分隊,地下,鼓山區,美術北三路、美術東四路口(東南角) （龍水）,120.290397982209,22.6625664995376
4940,中華分隊,地下,鼓山區,美術北三路123號遠見御苑,120.287884,22.662952
4941,中華分隊,地下,鼓山區,美術北三路78號（龍水）,120.290298740475,22.6625937258077
4942,中華分隊,地下,鼓山區,美術北五街1號前（龍水）,120.290295142606,22.6638666952631
4943,中華分隊,地下,鼓山區,美術北五街VS美術東二路（龍水）,120.288861111111,22.6641388888889
4944,中華分隊,地下,鼓山區,美術北五街上.美術東二路與東四路中間北側,120.289479751065,22.6640152007181
4945,中華分隊,地下,鼓山區,美術東一路32號與裕國街口,120.293099560713,22.6558057637662
4946,中華分隊,地下,鼓山區,美術東七街、近東四路口西側（龍水）,120.290105025725,22.6619621000002
4947,中華分隊,地下,鼓山區,美術東七街、近東四路口東側5m（龍水）,120.290482225201,22.6619582540773
4948,中華分隊,地下,鼓山區,美術東七街喬安室內設計工作室前（龍水）,120.288472222222,22.6616666666667
4949,中華分隊,地下,鼓山區,美術東二路、美術館路口（東北側） （龍水）,120.288417073016,22.6548832322335
4950,中華分隊,地下,鼓山區,美術東二路161號前(悅美術大樓前人行道上) （龍水）,120.28839135582,22.6616538429279
4951,中華分隊,地下,鼓山區,美術東三路12號與裕國街口(龍子),120.293185391402,22.6572413940885
4952,中華分隊,地下,鼓山區,美術東三路76號前（龍水）,120.291107579098,22.6574073
4953,中華分隊,地下,鼓山區,美術東五75號與裕國街口(龍子),120.29329804418,22.6589542299315
4954,中華分隊,地下,鼓山區,美術東五路上於東二路及東四路中間（龍水）,120.28922249892,22.6590740086291
4955,中華分隊,地下,鼓山區,美術東六街211號旁(路.香儂咖啡館旁在紅線上) （龍水）,120.291619444444,22.6618611111111
4956,中華分隊,地下,鼓山區,美術東六街81號貝多芬大樓前（龍水）,120.291401110451,22.6583561984683
4957,中華分隊,地下,鼓山區,美術東四路、美術北五街口(東北角5m) （龍水）,120.29059219577,22.6641313980947
4958,中華分隊,地下,鼓山區,美術東四路、美術東五路口(西北側) （龍水）,120.2901845,22.6590425238734
4959,中華分隊,地下,鼓山區,美術東四路436號前（龍水）,120.290333333333,22.6599444444444
4960,中華分隊,地下,鼓山區,美術東四路6號前,120.289829107306,22.6506025218945
4961,中華分隊,地下,鼓山區,美術南一街70號(龍水),120.286444444444,22.6540555555556
4962,中華分隊,地下,鼓山區,美術南二路11號(龍水),120.284477336771,22.6498854695567
4963,中華分隊,地下,鼓山區,美術南五街196號(龍水),120.284353955156,22.6524548529828
4964,中華分隊,地下,鼓山區,美術南五街326號(龍水),120.282685621149,22.6524845565563
4965,中華分隊,地下,鼓山區,美術南五街72號前(龍水),120.286422986772,22.6523630369331
4966,中華分隊,地下,鼓山區,美術南五街93號 (龍水),120.284958793288,22.6524102976106
4967,中華分隊,地下,鼓山區,美術館路261號(龍水),120.282999117791,22.6548205505109
4968,中華分隊,地下,鼓山區,美術館路40號與裕國街口(龍子),120.293104288422,22.6545540640083
4969,中華分隊,地下,鼓山區,美術館路75號前（龍水）,120.291024652779,22.6546470020697
4970,中華分隊,地下,鼓山區,美術館路87號前（龍水）,120.290048857355,22.6547630507138
4971,中華分隊,地下,鼓山區,美術館路89號中華藝校與美術東四路口（龍水）,120.289713976227,22.6548510949119
4972,中華分隊,地下,三民區,美都路300巷口,120.288319,22.647428
4973,中華分隊,地下,三民區,美都路與遼寧三街交叉口（往遼寧三街西側5公尺）,120.287825,22.644062
4974,中華分隊,地下,鼓山區,馬卡道路、美術館路口(東南角) (龍水),120.282121747221,22.6547564419449
4975,中華分隊,地下,鼓山區,逢甲路108號左前（前峰）,120.282536023313,22.6644517974084
4976,中華分隊,地下,鼓山區,逢甲路115號(左前)（前峰）,120.282159,22.6645994549863
4977,中華分隊,地下,鼓山區,逢甲路182號,120.281542588955,22.6651334460495
4978,中華分隊,地下,鼓山區,逢甲路211號(右前)（民族）,120.281528133764,22.6650861028461
4979,中華分隊,地下,鼓山區,逢甲路30巷3號前（前峰）,120.284362,22.664195
4980,中華分隊,地下,鼓山區,逢甲路32號旁巷口（前峰）,120.284096673611,22.6634059960131
4981,中華分隊,地下,鼓山區,逢甲路37號前(右前) （前峰）,120.284204445438,22.6632801493838
4982,中華分隊,地下,鼓山區,逢甲路72巷32號前（前峰）,120.284125411045,22.664679953298
4983,中華分隊,地下,鼓山區,逢甲路75號前(左前) （前峰）,120.283430550926,22.6637303026696
4984,中華分隊,地下,鼓山區,博愛一路433巷118號前,120.299944444444,22.6518611111111
4985,中華分隊,地下,鼓山區,博愛一路433巷122號前,120.298973919273,22.6517168846329
4986,中華分隊,地下,鼓山區,博愛一路433巷130號,120.298166065437,22.6520882938132
4987,中華分隊,地下,鼓山區,博愛一路433巷130號右側約50m處,120.297111111111,22.6524722222222
4988,中華分隊,地下,鼓山區,博愛一路439巷26號右側約5m處,120.302704797484,22.6538072643116
4989,中華分隊,地下,鼓山區,博愛一路495巷54號前,120.301792417162,22.6550547424247
4990,中華分隊,地下,鼓山區,博愛一路495巷口125號前,120.300654174049,22.6548234251899
4991,中華分隊,地下,鼓山區,博愛一路495巷內,120.302901194651,22.6552046139848
4992,中華分隊,地下,鼓山區,富農路上（近龍德路口）,120.297332014156,22.6565574238801
4993,中華分隊,地下,鼓山區,華夏路、東門路口（華豐）,120.296160365082,22.669305999719
4994,中華分隊,地下,鼓山區,華泰路、華寧路口（裕豐）,120.291898575919,22.6681412976596
4995,中華分隊,地下,鼓山區,華泰路、華豐街口（裕興）,120.29303851475,22.6693589997054
4996,中華分隊,地下,鼓山區,華泰路158號前（裕豐）,120.292302262566,22.6685359748847
4997,中華分隊,地下,鼓山區,華泰路185巷11號（裕興）,120.292452,22.669627
4998,中華分隊,地下,鼓山區,華泰路211巷口、裕興路口（裕興）,120.292655779098,22.6701089985142
4999,中華分隊,地下,鼓山區,華泰路213號（裕興）,120.293212923943,22.6696188999543
5000,中華分隊,地下,鼓山區,華泰路295號（裕興）,120.294646918774,22.6709815120607
5001,中華分隊,地下,鼓山區,華泰路300巷口（華豐）,120.294476,22.670707
5002,中華分隊,地下,鼓山區,華泰路31號（裕興）,120.291242186508,22.6676083996096
5003,中華分隊,地下,鼓山區,華泰路9號（裕興）,120.290639,22.66714
5004,中華分隊,地下,鼓山區,華寧路42號左前（裕豐）,120.292767046627,22.667063421259
5005,中華分隊,地下,鼓山區,華榮路、明誠三路口,120.297123230827,22.6611594606824
5006,中華分隊,地下,鼓山區,華榮路、華欣路口（華豐）,120.294687785042,22.6689980086084
5007,中華分隊,地下,鼓山區,華榮路343巷15號前（華豐）,120.295377155577,22.6673181347017
5008,中華分隊,地下,鼓山區,華榮路545號前（人行道上）,120.293464373016,22.6699950746953
5009,中華分隊,地下,鼓山區,華榮路608號（裕興）,120.292356965607,22.6710718998495
5010,中華分隊,地下,鼓山區,華榮路630巷3號（裕興）,120.292211897484,22.6716342093418
5011,中華分隊,地下,鼓山區,華榮路630巷口（裕興）,120.292002685181,22.6714362130292
5012,中華分隊,地下,鼓山區,華榮路與昌盛路口西北側斑馬線旁,120.297004580498,22.6638893196822
5013,中華分隊,地下,鼓山區,華豐街、慶豐街口（裕豐）,120.29461925582,22.6674576001103
5014,中華分隊,地下,鼓山區,華豐街120巷8號前（華豐）,120.293855758266,22.6690354249989
5015,中華分隊,地下,鼓山區,華豐街124巷17號前（華豐）,120.293818450401,22.6690636999825
5016,中華分隊,地下,鼓山區,華豐街45巷28號前（裕豐）,120.295303288361,22.6655762493881
5017,中華分隊,地下,鼓山區,華豐街47巷24號前（裕豐）,120.295070457672,22.6657618480515
5018,中華分隊,地下,鼓山區,華豐街47巷口（裕豐）,120.295666074344,22.6661980109333
5019,中華分隊,地下,鼓山區,華豐街48巷18弄1號前（華豐）,120.296254712967,22.6664301515903
5020,中華分隊,地下,鼓山區,華豐街49巷24號前（裕豐）,120.294854008598,22.6659508980612
5021,中華分隊,地下,鼓山區,華豐街75號前（裕豐）,120.294827559524,22.6672627003751
5022,中華分隊,地下,鼓山區,華豐街94號前（裕豐）,120.294117796295,22.668076549652
5023,中華分隊,地下,鼓山區,新疆路40巷7號前（光榮）,120.2804,22.65684
5024,中華分隊,地下,鼓山區,新疆路56巷口（光榮）,120.280001,22.656505
5025,中華分隊,地下,鼓山區,瑞豐街、華豐街口（裕豐）,120.295276786508,22.6668013503954
5026,中華分隊,地下,鼓山區,瑞豐街148號前（華豐）,120.296077626984,22.6673629013274
5027,中華分隊,地下,鼓山區,瑞豐街167號前（華豐）,120.296947157078,22.6677255004618
5028,中華分隊,地下,鼓山區,葆禎路239巷11弄21號（民族）,120.280567,22.662932
5029,中華分隊,地下,鼓山區,葆禎路270巷、內惟路435巷口（民族）,120.280166757603,22.6641606819507
5030,中華分隊,地下,鼓山區,葆禎路68巷36弄8號前（前峰）,120.282881,22.662875
5031,中華分隊,地下,鼓山區,裕國街與中華一路317巷口(龍子),120.293365099406,22.6601324109639
5032,中華分隊,地下,鼓山區,裕誠路、民利街口（東側）,120.295206863963,22.6650546354478
5033,中華分隊,地下,鼓山區,裕誠路1503號前,120.296055555556,22.6657222222222
5034,中華分隊,地下,鼓山區,裕誠路1600號,120.294305555556,22.6628888888889
5035,中華分隊,地下,鼓山區,裕誠路1635號旁,120.294368,22.661693
5036,中華分隊,地下,鼓山區,裕興路、華榮路口（裕興）,120.29307826267,22.6705929756328
5037,中華分隊,地下,鼓山區,裕興路123號左側（裕興）,120.29394092527,22.6714913180575
5038,中華分隊,地下,鼓山區,裕興路124號（裕興）,120.293840250332,22.6712571212995
5039,中華分隊,地下,鼓山區,裕興路155巷底（裕興）,120.293511286508,22.6721722002307
5040,中華分隊,地下,鼓山區,裕興路29號（裕興）,120.291709101852,22.6692915501342
5041,中華分隊,地下,鼓山區,裕興路37巷30弄23號（裕興）,120.291491,22.670478
5042,中華分隊,地下,鼓山區,裕興路37巷9號（裕興）,120.291407457672,22.6698950736098
5043,中華分隊,地下,鼓山區,裕興路60號（裕興）,120.292125176057,22.6696076996217
5044,中華分隊,地下,鼓山區,裕豐街、瑞豐街口（明誠）,120.294360806885,22.6660099803369
5045,中華分隊,地下,鼓山區,裕豐街106巷9號前（裕豐）,120.293863775463,22.6673907746872
5046,中華分隊,地下,鼓山區,裕豐街110巷14號前（裕豐）,120.293504084656,22.6679364504253
5047,中華分隊,地下,鼓山區,裕豐街110巷口（裕豐）,120.293049877771,22.6676072948622
5048,中華分隊,地下,鼓山區,裕豐街114巷5號前（裕豐）,120.293234868717,22.6680790999353
5049,中華分隊,地下,鼓山區,裕豐街114巷口（裕豐）,120.292942250787,22.6678393961204
5050,中華分隊,地下,鼓山區,裕豐街124巷9號前（裕豐）,120.292980271164,22.6682030747415
5051,中華分隊,地下,鼓山區,裕豐街6號前（明誠）,120.29492635582,22.6653129923815
5052,中華分隊,地下,鼓山區,裕豐街6號前（華豐）,120.295176916672,22.6651915359248
5053,中華分隊,地下,鼓山區,裕豐街70巷15號前（裕豐）,120.294670915344,22.666905798825
5054,中華分隊,地下,鼓山區,裕豐街70巷口（裕豐）,120.294060910312,22.6664704039562
5055,中華分隊,地下,鼓山區,鼓山三路、青雲街口（建國）,120.276152,22.659627
5056,中華分隊,地下,鼓山區,鼓山三路、雄峰路口北約5m處（雄峰）,120.283333333333,22.6691666666667
5057,中華分隊,地下,鼓山區,鼓山三路101巷11號前（自強）,120.274688,22.658817
5058,中華分隊,地下,鼓山區,鼓山三路101巷5號前（自強）,120.27525,22.6588611111111
5059,中華分隊,地下,鼓山區,鼓山三路108-45號前（內惟）,120.278335932541,22.6617198404297
5060,中華分隊,地下,鼓山區,鼓山三路109巷7號前（自強）,120.275246,22.659313
5061,中華分隊,地下,鼓山區,鼓山三路109巷口（自強）,120.275991,22.659505
5062,中華分隊,地下,鼓山區,鼓山三路114號前（內惟）,120.278406487103,22.6626244977157
5063,中華分隊,地下,鼓山區,鼓山三路115巷12號前（自強）,120.275416,22.659808
5064,中華分隊,地下,鼓山區,鼓山三路119巷14號前（自強）,120.275694444444,22.6602777777778
5065,中華分隊,地下,鼓山區,鼓山三路125巷11號之1前（自強）,120.276017,22.660691
5066,中華分隊,地下,鼓山區,鼓山三路125巷15之3號前（自強）,120.276027777778,22.6608333333333
5067,中華分隊,地下,鼓山區,鼓山三路132號之1前（民族）,120.280234224537,22.6647721058992
5068,中華分隊,地下,鼓山區,鼓山三路137巷8號（自強）,120.276911,22.661752
5069,中華分隊,地下,鼓山區,鼓山三路142之37號(左前) （民族）,120.280807758267,22.6649727008709
5070,中華分隊,地下,鼓山區,鼓山三路142之49號(右前)（民族）,120.281257419643,22.6646818972371
5071,中華分隊,地下,鼓山區,鼓山三路142巷25號(右前) （民族）,120.281055235092,22.6644104345505
5072,中華分隊,地下,鼓山區,鼓山三路142巷口（民族）,120.280314945404,22.6649153504408
5073,中華分隊,地下,鼓山區,鼓山三路145巷7號前（自強）,120.276996,22.662171
5074,中華分隊,地下,鼓山區,鼓山三路145巷口（自強）,120.277751,22.662072
5075,中華分隊,地下,鼓山區,鼓山三路153巷3號前（自強）,120.277587,22.662502
5076,中華分隊,地下,鼓山區,鼓山三路161巷3號前（自強）,120.27793,22.662898
5077,中華分隊,地下,鼓山區,鼓山三路169巷口（自強）,120.278834742432,22.6632179497922
5078,中華分隊,地下,鼓山區,鼓山三路177巷3號前（自強）,120.278530968088,22.6636120537125
5079,中華分隊,地下,鼓山區,鼓山三路185巷口（自強）,120.279513046067,22.6640041256296
5080,中華分隊,地下,鼓山區,鼓山三路190號前,120.280896,22.665649
5081,中華分隊,地下,鼓山區,鼓山三路193巷7號前（自強）,120.278990370535,22.6643897309929
5082,中華分隊,地下,鼓山區,鼓山三路193巷口（自強）,120.279926236211,22.6644881790248
5083,中華分隊,地下,鼓山區,鼓山三路194巷6號,120.281400521496,22.6655880498777
5084,中華分隊,地下,鼓山區,鼓山三路201巷口,120.280214231422,22.664823398509
5085,中華分隊,地下,鼓山區,鼓山三路201巷底,120.2793747,22.6648729
5086,中華分隊,地下,鼓山區,鼓山三路204巷12號前,120.281858527613,22.6656861258966
5087,中華分隊,地下,鼓山區,鼓山三路209巷口,120.280453329569,22.6652332493262
5088,中華分隊,地下,鼓山區,鼓山三路214巷口,120.28133225208,22.666380305327
5089,中華分隊,地下,鼓山區,鼓山三路217巷7號,120.279986215939,22.665584603501
5090,中華分隊,地下,鼓山區,鼓山三路223巷底,120.280173,22.6659069
5091,中華分隊,地下,鼓山區,鼓山三路224巷6號,120.281914320272,22.6663869260881
5092,中華分隊,地下,鼓山區,鼓山三路224巷口,120.281534144111,22.6666335545514
5093,中華分隊,地下,鼓山區,鼓山三路224巷對面,120.281497934289,22.6666756302648
5094,中華分隊,地下,鼓山區,鼓山三路229巷底,120.2802853,22.6661112
5095,中華分隊,地下,鼓山區,鼓山三路235巷口,120.281002521515,22.6660017943129
5096,中華分隊,地下,鼓山區,鼓山三路235巷底,120.280466750264,22.6662981816782
5097,中華分隊,地下,鼓山區,鼓山三路241巷底,120.280555,22.666552
5098,中華分隊,地下,鼓山區,鼓山三路262號前（雄峰）,120.285277777778,22.6711111111111
5099,中華分隊,地下,鼓山區,鼓山三路49號前（自強）,120.275358,22.656515
5100,中華分隊,地下,鼓山區,鼓山三路58號前（左側）,120.275524796295,22.656970981129
5101,中華分隊,地下,鼓山區,鼓山三路61巷10號前（自強）,120.274729737434,22.6567598031719
5102,中華分隊,地下,鼓山區,鼓山三路61巷口（58號對面）（自強）,120.275399,22.656938
5103,中華分隊,地下,鼓山區,鼓山三路69巷10號前（自強）,120.274808046627,22.6572005846355
5104,中華分隊,地下,鼓山區,鼓山三路69巷18號前（自強）,120.274138888889,22.6570555555556
5105,中華分隊,地下,鼓山區,鼓山三路79巷10號前（自強）,120.274666666667,22.6575833333333
5106,中華分隊,地下,鼓山區,鼓山三路79巷口（88號對面）（自強）,120.275472222222,22.6577777777778
5107,中華分隊,地下,鼓山區,鼓山三路84巷5號前（建國）,120.276104008598,22.6577096343541
5108,中華分隊,地下,鼓山區,鼓山三路85巷12號前（自強）,120.274666666667,22.6579444444444
5109,中華分隊,地下,鼓山區,鼓山三路85巷18號前（自強）,120.274208,22.657856
5110,中華分隊,地下,鼓山區,鼓山三路93巷8號前（自強）,120.275027777778,22.6584722222222
5111,中華分隊,地下,鼓山區,鼓山三路93巷口（自強）,120.275583333333,22.6585833333333
5112,中華分隊,地下,鼓山區,鼓山三路中山國小北邊牆角（雄峰）,120.2825,22.66825
5113,中華分隊,地下,鼓山區,鼓山三路中山國小西側門口（雄峰）,120.284416666667,22.6702222222222
5114,中華分隊,地下,鼓山區,嘉興木材廠前,120.300575971339,22.6521535137159
5115,中華分隊,地下,鼓山區,翠華路、新疆路口（光榮）,120.281398,22.656526
5116,中華分隊,地下,鼓山區,翠華路353巷1弄口（光榮）,120.282046988955,22.6596759107401
5117,中華分隊,地下,鼓山區,翠華路353巷25號左10m（光榮）,120.281249152115,22.6603286929211
5118,中華分隊,地下,鼓山區,翠華路397巷58號前（前峰）,120.283798419643,22.6630843941134
5119,中華分隊,地下,鼓山區,翠華路497巷31號前（前峰）,120.285444444444,22.6664444444444
5120,中華分隊,地下,鼓山區,銘傳路114號前（前峰）,120.2825,22.6667222222222
5121,中華分隊,地下,鼓山區,銘傳路133號,120.282187807375,22.6667285748783
5122,中華分隊,地下,鼓山區,銘傳路19巷底（前峰）,120.2848245,22.6640956
5123,中華分隊,地下,鼓山區,銘傳路2號前（前峰）,120.285684,22.664553
5124,中華分隊,地下,鼓山區,銘傳路54號前（前峰）,120.2846,22.665262
5125,中華分隊,地下,鼓山區,銘傳路75巷48號（右前） （前峰）,120.282786900629,22.6647617477368
5126,中華分隊,地下,鼓山區,銘傳路75巷口（前峰）,120.283588759594,22.6657866918375
5127,中華分隊,地下,鼓山區,銘傳路78巷口（前峰）,120.283416666667,22.6663611111111
5128,中華分隊,地下,鼓山區,銘傳路85巷17號（前峰）,120.282921,22.665346
5129,中華分隊,地下,鼓山區,銘傳路85巷4弄口,120.282847,22.665393
5130,中華分隊,地下,三民區,德西051電線桿對面,120.285929,22.64498
5131,中華分隊,地下,三民區,德西293路燈旁,120.286909,22.644303
5132,中華分隊,地下,三民區,德西299路燈旁,120.286709,22.644411
5133,中華分隊,地下,三民區,德西300路燈旁,120.286064,22.644638
5134,中華分隊,地下,三民區,德利街81號,120.29003,22.645636
5135,中華分隊,地下,三民區,德利街與美都路交叉口（往東德利街約20公尺）,120.288749,22.64575
5136,中華分隊,地下,三民區,德旺街與德利街交叉口（職業技能中心前）,120.289476,22.645753
5137,中華分隊,地下,三民區,德勝街26號前,120.290732,22.644432
5138,中華分隊,地下,三民區,德勝街與德旺街交叉口（德勝街東側10公尺）,120.289854,22.64451
5139,中華分隊,地下,三民區,德裕街28號（華頓中都幼兒園前）,120.287225,22.648404
5140,中華分隊,地下,鼓山區,慶豐街、華寧路口（裕豐）,120.29332746837,22.6663752274702
5141,中華分隊,地下,鼓山區,慶豐街、裕豐街口（裕豐）,120.293778079485,22.6668355854407
5142,中華分隊,地下,三民區,潼關街、中峰街,120.288916666667,22.6422222222222
5143,中華分隊,地下,三民區,熱河三街245號前（停車場前）,120.291151,22.644813
5144,中華分隊,地下,三民區,熱河三街與美都路交叉口（往熱河三街約25公尺）,120.288737,22.645048
5145,中華分隊,地下,三民區,熱河三街與德旺街交叉口（往熱河三街東側15公尺）,120.289934,22.644992
5146,中華分隊,地下,三民區,熱河三街與德旺街交叉口（往熱河三街側約5公尺）,120.289402,22.645048
5147,中華分隊,地下,鼓山區,篤敬路、文信路口,120.302305555556,22.6645
5148,中華分隊,地下,鼓山區,篤敬路、昌盛路口,120.302760601044,22.6637593772987
5149,中華分隊,地下,鼓山區,篤敬路與昌盛路口西南側,120.302253,22.663781
5150,中華分隊,地下,三民區,遼北街170號與自行一巷口,120.290857,22.648067
5151,中華分隊,地下,三民區,遼北街211號右側,120.289619746033,22.648032621226
5152,中華分隊,地下,三民區,遼北街220號（華陀扶元堂旁）,120.289125,22.648243
5153,中華分隊,地下,三民區,遼北街與德興街交叉口（德興街往南30公尺）,120.290909,22.647806
5154,中華分隊,地下,三民區,遼寧三街3號,120.291128,22.643519
5155,中華分隊,地下,三民區,遼寧三街與美都路交叉口（往遼寧三街東側5公尺）,120.288227,22.643951
5156,中華分隊,地下,三民區,遼寧三街與德旺街交叉口（往遼寧三街西側15公尺）,120.289139,22.643757
5157,中華分隊,地下,三民區,遼寧三街與德旺街交叉口（往遼寧三街東側約15公尺）,120.289637,22.643683
5158,中華分隊,地下,鼓山區,龍子橋(東側),120.295117675993,22.6520520262352
5159,中華分隊,地下,鼓山區,龍心橋西南側,120.3013456,22.6525709
5160,中華分隊,地下,鼓山區,龍水二路18號前(龍水),120.284197126653,22.6497871301973
5161,中華分隊,地下,鼓山區,龍勝路70號,120.295854,22.655605
5162,中華分隊,地下,鼓山區,龍德路118巷37號前,120.299472222222,22.6549722222222
5163,中華分隊,地下,鼓山區,龍德路118巷口,120.299696041734,22.6541829898972
5164,中華分隊,地下,鼓山區,龍德路257號前,120.297226813492,22.654078237683
5165,中華分隊,地下,鼓山區,龍德路2號,120.303356775177,22.654406399666
5166,中華分隊,地下,鼓山區,龍德路34巷26號左側,120.30247479266,22.6551595842543
5167,中華分隊,地下,鼓山區,龍德路34巷4號前,120.302536,22.6546
5168,中華分隊,地下,鼓山區,龍德路361號前（管理室前人行道上）,120.297027582209,22.6555455535004
5169,中華分隊,地下,鼓山區,龍德路383號,120.297037567494,22.6565989840357
5170,中華分隊,地下,鼓山區,龍德路43號,120.301932,22.654138
5171,中華分隊,地下,鼓山區,龍德路58巷口,120.30175,22.6543888888889
5172,中華分隊,地下,鼓山區,龍德路83巷20號前,120.301204028853,22.6535789250802
5173,中華分隊,地下,鼓山區,龍德路87號前,120.301073,22.65402
5174,中華分隊,地下,鼓山區,龍德路92號左前,120.300597321426,22.6541004645669
5175,鼓山分隊,地下,鹽埕區,七賢二路458號前,120.285196,22.629738
5176,鼓山分隊,地下,鹽埕區,七賢三路、大公路口東北側(上光眼鏡行前),120.282966,22.627572
5177,鼓山分隊,地下,鹽埕區,七賢三路、北斗街口（七賢三路278號-佳適大飯店西北側）,120.28506,22.631376
5178,鼓山分隊,地下,鹽埕區,七賢三路207號前(富野路口),120.283261,22.62845
5179,鼓山分隊,地下,鹽埕區,七賢三路6號、必信街口(東南側，高雄港牌門下),120.279819,22.621666
5180,鼓山分隊,地下,鼓山區,九如四路1000號前(九如四路、西藏街口-北側),120.279219300594,22.6548751881352
5181,鼓山分隊,地下,鼓山區,九如四路1040-1號前(與新疆路口),120.279157,22.656253
5182,鼓山分隊,地下,鼓山區,九如四路496巷底、與翠華路63巷口,120.280134814951,22.646777744433
5183,鼓山分隊,地下,鼓山區,九如四路576-1號(厚生里活動中心後門),120.280456,22.646017
5184,鼓山分隊,地下,鼓山區,九如四路588巷27號前(由翠華110巷進入),120.280025,22.648031
5185,鼓山分隊,地下,鼓山區,九如四路600巷54號前(由翠華113巷進入),120.280326,22.648376
5186,鼓山分隊,地下,鼓山區,九如四路673巷20號前,120.278387,22.649649
5187,鼓山分隊,地下,鼓山區,九如四路698號前,120.279142,22.650153
5188,鼓山分隊,地下,鼓山區,九如四路700巷60號前,120.280423,22.650401
5189,鼓山分隊,地下,鼓山區,九如四路703號前,120.278944,22.650278
5190,鼓山分隊,地下,鼓山區,九如四路711巷2弄5號前,120.278457911709,22.6505067400248
5191,鼓山分隊,地下,鼓山區,九如四路741巷口右側,120.278822,22.650961
5192,鼓山分隊,地下,鼓山區,九如四路744號前,120.279119,22.651031
5193,鼓山分隊,地下,鼓山區,九如四路753巷56號,120.277192,22.651317
5194,鼓山分隊,地下,鼓山區,九如四路917巷與大榮街58巷口,120.278235,22.654401
5195,鼓山分隊,地下,鼓山區,九如四路924號前(九如四路、西藏街口-南側),120.279235,22.654743
5196,鼓山分隊,地下,鼓山區,九如四路955巷與新疆路89巷口,120.278391,22.655666
5197,鼓山分隊,地下,鼓山區,九如四路與銀川街口(南側),120.279159339881,22.6488022694869
5198,鼓山分隊,地下,鼓山區,九如陸橋下往公園前(九如四路、鼓山三路6巷交叉口),120.279301916416,22.646309687677
5199,鼓山分隊,地下,鼓山區,千光路37號前,120.274523,22.624014
5200,鼓山分隊,地下,鼓山區,千光路56-2號前,120.273683,22.624241
5201,鼓山分隊,地下,鼓山區,千光路8號前,120.275482,22.623555
5202,鼓山分隊,地下,鼓山區,千光路上往中山大學後門,120.272166,22.625625
5203,鼓山分隊,地下,鹽埕區,大仁路237號左側（與大安街195號前）,120.280381,22.627402
5204,鼓山分隊,地下,鹽埕區,大仁路245號前,120.279839,22.627733
5205,鼓山分隊,地下,鹽埕區,大仁路260巷17號前(近鐵路),120.280156,22.628475
5206,鼓山分隊,地下,鹽埕區,大仁路260巷2號前(近鐵路),120.279928,22.628161
5207,鼓山分隊,地下,鹽埕區,大仁路43號前(大仁、莒光路),120.285586,22.624931
5208,鼓山分隊,地下,鹽埕區,大仁路上、鹽埕街口（南側）,120.284037,22.62575
5209,鼓山分隊,地下,鹽埕區,大仁路與光榮街口,120.286256,22.624642
5210,鼓山分隊,地下,鹽埕區,大公路、新興街口(南側),120.282298,22.627749
5211,鼓山分隊,地下,鹽埕區,大公路、瀨南街北側路口（大公路56號-桃樂絲便當旁）,120.28377,22.62718
5212,鼓山分隊,地下,鹽埕區,大公路、鹽埕街南側口(大公路上李嘉義火雞飯前),120.2846,22.626639
5213,鼓山分隊,地下,鹽埕區,大公路121巷8號前(巷底),120.28108,22.628254
5214,鼓山分隊,地下,鹽埕區,大公路之路中央、瀨南街口(大公路63號),120.283749,22.627146
5215,鼓山分隊,地下,鹽埕區,大安街、必忠街口（中選會旁）,120.27895,22.624553
5216,鼓山分隊,地下,鹽埕區,大安街、新樂街路口北側（新樂街252號西南角）,120.280025,22.626582
5217,鼓山分隊,地下,鹽埕區,大安街、新樂街路口南側（新樂街247號西側）,120.279982,22.626467
5218,鼓山分隊,地下,鹽埕區,大安街56號右側靠近橋下,120.278359,22.623573
5219,鼓山分隊,地下,鹽埕區,大有街26號前（丹尼爾歐風精品）-近與鹽埕街叉口北側,120.285426,22.62844
5220,鼓山分隊,地下,鹽埕區,大有街6巷口,120.286176,22.628614
5221,鼓山分隊,地下,鹽埕區,大勇路151巷14號前,120.285045,22.627197
5222,鼓山分隊,地下,鹽埕區,大勇路2-1號前,120.281811,22.619792
5223,鼓山分隊,地下,鹽埕區,大勇路50號前(與必忠街口),120.283233,22.622411
5224,鼓山分隊,地下,鹽埕區,大勇路76巷口,120.284067,22.623822
5225,鼓山分隊,地下,鹽埕區,大勇路與大仁路口(路中央),120.284789,22.625456
5226,鼓山分隊,地下,鹽埕區,大勇路與五福四路口(華南銀行前),120.283694,22.623578
5227,鼓山分隊,地下,鹽埕區,大勇路與必信街口(西側),120.282133575892,22.6207051166244
5228,鼓山分隊,地下,鹽埕區,大勇路與必信街口(東側)-必信街內,120.282322,22.620594
5229,鼓山分隊,地下,鹽埕區,大勇路與富野路口,120.285931,22.627253
5230,鼓山分隊,地下,鹽埕區,大勇路與新化街口,120.281953,22.619972
5231,鼓山分隊,地下,鹽埕區,大智路141巷4號,120.286458,22.623871
5232,鼓山分隊,地下,鹽埕區,大智路58-1號前,120.285589,22.621569
5233,鼓山分隊,地下,鹽埕區,大智路底靠鐵路旁,120.28395,22.618789
5234,鼓山分隊,地下,鹽埕區,大義街、五福路口,120.286561,22.622211
5235,鼓山分隊,地下,鹽埕區,大義街高雄關保稅倉庫前,120.285083,22.619205
5236,鼓山分隊,地下,鹽埕區,大義街與新化街口,120.284747,22.618744
5237,鼓山分隊,地下,鹽埕區,大義路與必信街口,120.284973,22.619358
5238,鼓山分隊,地下,鼓山區,大榮街55號旁,120.277406,22.653667
5239,鼓山分隊,地下,鼓山區,大榮路22巷口,120.280026,22.653761
5240,鼓山分隊,地下,鼓山區,大榮路27-1號前,120.278193,22.653677
5241,鼓山分隊,地下,鼓山區,大榮路31巷口,120.278053,22.653667
5242,鼓山分隊,地下,鼓山區,大榮路31巷與迪化街口(34號),120.278053,22.652591
5243,鼓山分隊,地下,鹽埕區,大禮街18號前,120.286628,22.620537
5244,鼓山分隊,地下,鹽埕區,大禮街23號前,120.286722,22.620722
5245,鼓山分隊,地下,鹽埕區,工商展覽館前(中正四路之人行道上，近大勇路口),120.285528,22.626347
5246,鼓山分隊,地下,鹽埕區,五福四路108-1號,120.286089,22.622436
5247,鼓山分隊,地下,鹽埕區,五福四路14巷與大成街68巷口,120.288906,22.621467
5248,鼓山分隊,地下,鹽埕區,五福四路151號,120.283839,22.623353
5249,鼓山分隊,地下,鹽埕區,五福四路220前(五福四路、瀨南街口-北側),120.282154408228,22.6243496362174
5250,鼓山分隊,地下,鹽埕區,五福四路298巷15號,120.28015,22.626055
5251,鼓山分隊,地下,鹽埕區,五福四路301巷口,120.279769,22.625342
5252,鼓山分隊,地下,鹽埕區,五福四路308號前（近五福四路、大安街口）,120.279597151117,22.6256763372812
5253,鼓山分隊,地下,鹽埕區,五福四路上、近鹽埕街口(東北側),120.283151611767,22.6238605746213
5254,鼓山分隊,地下,鹽埕區,五福四路與大智路口,120.285958,22.622246
5255,鼓山分隊,地下,鹽埕區,五福四路與大禮街口(北側，人蔘世界旁),120.287415497185,22.6218364380626
5256,鼓山分隊,地下,鹽埕區,五福四路與河西路口,120.289143,22.620942
5257,鼓山分隊,地下,鹽埕區,五福四路與莒光街口,120.284514,22.623022
5258,鼓山分隊,地下,鹽埕區,五福四路與新興街口,120.28075,22.62485
5259,鼓山分隊,地下,鼓山區,內惟路18巷5-6號前,120.276099,22.655597
5260,鼓山分隊,地下,鹽埕區,公園二路、大禮街口(西南側-靠停車場旁之人行道上),120.286308131194,22.619828941363
5261,鼓山分隊,地下,鹽埕區,公園二路147號前,120.282767,22.621433
5262,鼓山分隊,地下,鹽埕區,公園二路169號前(人行道上),120.281948,22.621849
5263,鼓山分隊,地下,鹽埕區,公園二路189號前,120.281124,22.62222
5264,鼓山分隊,地下,鹽埕區,公園二路199巷21號對面,120.280381,22.621924
5265,鼓山分隊,地下,鹽埕區,公園二路199巷口,120.280711,22.6224
5266,鼓山分隊,地下,鹽埕區,公園二路199巷口之對面(在公園二路北側),120.28081,22.622541
5267,鼓山分隊,地下,鹽埕區,公園二路199巷與必信街口,120.280267734451,22.6215920282925
5268,鼓山分隊,地下,鹽埕區,公園二路20號前,120.288779,22.619306
5269,鼓山分隊,地下,鹽埕區,公園二路217號前(華后旅館旁人行道上),120.279748,22.622894
5270,鼓山分隊,地下,鹽埕區,公園二路22-10號前,120.28819,22.619012
5271,鼓山分隊,地下,鹽埕區,公園二路22-6號前,120.288369,22.618924
5272,鼓山分隊,地下,鹽埕區,公園二路與大成街口(東北側),120.28713,22.619521
5273,鼓山分隊,地下,鹽埕區,公園二路與大勇路口(路中),120.282807,22.621554
5274,鼓山分隊,地下,鹽埕區,公園二路與大智路口(北側),120.284889,22.620619
5275,鼓山分隊,地下,鹽埕區,公園二路與大智路口(南側),120.28481,22.620466
5276,鼓山分隊,地下,鹽埕區,公園二路與大義街口(西南側-近大義街停車場),120.285536,22.620058
5277,鼓山分隊,地下,鹽埕區,公園二路與必信街92巷口,120.281503,22.622043
5278,鼓山分隊,地下,鹽埕區,公園二路與光榮街口,120.284097,22.620947
5279,鼓山分隊,地下,鹽埕區,公園二路與新興街口,120.2798,22.623064
5280,鼓山分隊,地下,鹽埕區,北端街110號前(南興前街口),120.284083,22.633822
5281,鼓山分隊,地下,鹽埕區,北端街58號(北端街與北斗街口),120.283033,22.632242
5282,鼓山分隊,地下,鹽埕區,北端街7巷44號前(建國四路257巷口),120.281133,22.629442
5283,鼓山分隊,地下,鹽埕區,北端街7巷72號前,120.280703,22.629348
5284,鼓山分隊,地下,鹽埕區,北端街85號前,120.283574,22.63326
5285,鼓山分隊,地下,鹽埕區,北端街9號前(建國四路311巷),120.282322,22.630775
5286,鼓山分隊,地下,鹽埕區,北端街與壽星街口(千歲廟前),120.282067,22.630297
5287,鼓山分隊,地下,鹽埕區,北端街與興華街口(北端街32號前),120.282614,22.631272
5288,鼓山分隊,地下,鼓山區,平川街18號,120.278339,22.650056
5289,鼓山分隊,地下,鼓山區,平川街29號,120.2778,22.649922
5290,鼓山分隊,地下,鹽埕區,必忠街15巷口,120.288685,22.61983
5291,鼓山分隊,地下,鹽埕區,必忠街247號前（新興街口）,120.280328,22.6239
5292,鼓山分隊,地下,鹽埕區,必忠街49號前(大成街口),120.287413,22.620439
5293,鼓山分隊,地下,鹽埕區,必忠街與光榮街口(忠孝國小後門南側),120.284625,22.621822
5294,鼓山分隊,地下,鹽埕區,必忠街與瀨南街口,120.281624,22.623292
5295,鼓山分隊,地下,鹽埕區,必信街130號前(新興街口),120.279197242718,22.6221058291878
5296,鼓山分隊,地下,鹽埕區,必信街92巷13-1號(巷底),120.281132409793,22.6216890447015
5297,鼓山分隊,地下,鹽埕區,必信街94號左側(必信街、與必信街92巷交叉路口),120.281032,22.621182
5298,鼓山分隊,地下,鹽埕區,必信街與大智路口,120.284342387732,22.6196212044529
5299,鼓山分隊,地下,鼓山區,正德路106號前,120.275324,22.649127
5300,鼓山分隊,地下,鼓山區,正德路152號,120.274982,22.65055
5301,鼓山分隊,地下,鼓山區,正德路153巷口,120.274904,22.650473
5302,鼓山分隊,地下,鼓山區,正德路轉角-統聯調度站對面,120.275697112083,22.6469499833437
5303,鼓山分隊,地下,鹽埕區,田單街12巷1號前,120.280638,22.627993
5304,鼓山分隊,地下,鹽埕區,田單街23號前(近大仁路260巷口),120.280742,22.628556
5305,鼓山分隊,地下,鹽埕區,田單街7號前(近大仁路260巷6號口),120.280403,22.627947
5306,鼓山分隊,地下,鼓山區,伊犁街106號前,120.27737,22.655868
5307,鼓山分隊,地下,鼓山區,伊犁街115巷1弄2號前,120.276875,22.655864
5308,鼓山分隊,地下,鼓山區,伊犁街32號前,120.277431,22.653172
5309,鼓山分隊,地下,鼓山區,伊犁街與大榮街口(92號旁),120.277355,22.653745
5310,鼓山分隊,地下,鹽埕區,光榮街2-2號旁,120.283253,22.619214
5311,鼓山分隊,地下,鹽埕區,安石街12號前,120.279306,22.626408
5312,鼓山分隊,地下,鹽埕區,安石街28號右前,120.279619,22.626975
5313,鼓山分隊,地下,鹽埕區,安石街7巷13弄口,120.278828,22.626392
5314,鼓山分隊,地下,鼓山區,安海街32巷口(開臺福德宮進入口前),120.267902,22.618508
5315,鼓山分隊,地下,鼓山區,安船街30巷口斜坡下,120.268586,22.61959
5316,鼓山分隊,地下,鼓山區,安船街與安海街口,120.268639,22.619052
5317,鼓山分隊,地下,鼓山區,早覺園前,120.275687,22.627286
5318,鼓山分隊,地下,鼓山區,西子灣停車場入口,120.266317,22.618179
5319,鼓山分隊,地下,鼓山區,西藏街281號前,120.277851,22.654762
5320,鼓山分隊,地下,鼓山區,西藏街316巷口,120.276858,22.654739
5321,鼓山分隊,地下,鼓山區,西藏街350巷口,120.276062,22.654582
5322,鼓山分隊,地下,鼓山區,西藏街與大榮街22巷9弄口,120.280043,22.654762
5323,鼓山分隊,地下,鼓山區,西藏街與大榮街22巷9弄口對面,120.280064,22.654868
5324,鼓山分隊,地下,鹽埕區,府北路21巷5號前,120.285719,22.627928
5325,鼓山分隊,地下,鹽埕區,府北路21巷口處（金鹽埕大樓旁）,120.285865366459,22.6281121560235
5326,鼓山分隊,地下,鹽埕區,府北路39號前（羅沙莉乾洗店）,120.285442,22.629067
5327,鼓山分隊,地下,鼓山區,延平街與鼓南街口,120.271467,22.620714
5328,鼓山分隊,地下,鼓山區,明德路93號前,120.273489,22.650925
5329,鼓山分隊,地下,鼓山區,明德路與正德路口,120.274781,22.651168
5330,鼓山分隊,地下,鼓山區,河川街103巷16號右側,120.282864,22.636072
5331,鼓山分隊,地下,鼓山區,河川街103巷22弄11-1號旁巷口,120.2823,22.6373
5332,鼓山分隊,地下,鼓山區,河川街103巷22弄6-3號旁,120.282406,22.63685
5333,鼓山分隊,地下,鼓山區,河川街27巷24號前,120.28314,22.63452
5334,鼓山分隊,地下,鼓山區,河川街39巷20號前,120.283088,22.634765
5335,鼓山分隊,地下,鼓山區,河川街65號前,120.283586,22.635368
5336,鼓山分隊,地下,鼓山區,河川街76巷、與河川街76巷6弄交叉口,120.283987,22.635938
5337,鼓山分隊,地下,鼓山區,河川街7巷2-3號後面(轉彎處),120.283173,22.633949
5338,鼓山分隊,地下,鼓山區,河川街83巷10號右側,120.282903,22.635683
5339,鼓山分隊,地下,鼓山區,河川街84號前,120.28356,22.63609
5340,鼓山分隊,地下,鼓山區,河川街9號右前方5M,120.283778,22.634215
5341,鼓山分隊,地下,鼓山區,河川街與綠川街口,120.283689,22.635245
5342,鼓山分隊,地下,鼓山區,河西一路127號,120.284269,22.636902
5343,鼓山分隊,地下,鼓山區,河西一路211號前(河邊里活動中心前),120.283517,22.639821
5344,鼓山分隊,地下,鼓山區,河西一路319號右前方,120.281821,22.642454
5345,鼓山分隊,地下,鼓山區,河西一路329巷口,120.281567,22.642973
5346,鼓山分隊,地下,鼓山區,河西一路與河邊街56巷口,120.284082,22.637987
5347,鼓山分隊,地下,鹽埕區,河西路100號與大勇路口,120.286847,22.62795
5348,鼓山分隊,地下,鹽埕區,河西路129號與大為街口（浪漫無比情趣店）,120.286197,22.629236
5349,鼓山分隊,地下,鹽埕區,河西路139巷口（信昇藥局）,120.286057,22.629525
5350,鼓山分隊,地下,鹽埕區,河西路152號(嘉聖鋁門窗前，溫王廟入口處),120.285567,22.630548
5351,鼓山分隊,地下,鹽埕區,河西路166號前(七賢三路口),120.285108,22.631893
5352,鼓山分隊,地下,鼓山區,河邊街115巷22號,120.282414,22.639046
5353,鼓山分隊,地下,鼓山區,河邊街117號,120.283344,22.639332
5354,鼓山分隊,地下,鼓山區,河邊街11巷21弄3-4號,120.282198,22.637946
5355,鼓山分隊,地下,鼓山區,河邊街11巷4弄12號對面,120.283276,22.636803
5356,鼓山分隊,地下,鼓山區,河邊街11巷4弄18-1號（圍籬外側）,120.28333671391,22.6370554639563
5357,鼓山分隊,地下,鼓山區,河邊街11巷4弄18-7號、河邊街17弄1-1號間,120.283133,22.636963
5358,鼓山分隊,地下,鼓山區,河邊街11巷口,120.283784,22.636579
5359,鼓山分隊,地下,鼓山區,河邊街157-1號前,120.282672,22.641253
5360,鼓山分隊,地下,鼓山區,河邊街17號正面,120.283757,22.63675
5361,鼓山分隊,地下,鼓山區,河邊街36號前,120.283697,22.637474
5362,鼓山分隊,地下,鼓山區,河邊街37巷12號,120.283216,22.637465
5363,鼓山分隊,地下,鼓山區,河邊街39號前,120.283653,22.637513
5364,鼓山分隊,地下,鼓山區,河邊街83號前(81巷口),120.283505,22.638491
5365,鼓山分隊,地下,鼓山區,河邊街89號、河邊街92號間,120.283524,22.638627
5366,鼓山分隊,地下,鼓山區,河邊街95巷27號,120.282534,22.63869
5367,鼓山分隊,地下,鼓山區,河邊街97號(95巷口),120.283423,22.638798
5368,鼓山分隊,地下,鼓山區,河邊街鼓岩國小守衛室左前方10M,120.283244,22.639954
5369,鼓山分隊,地下,鼓山區,金川街、九如四路口,120.279169,22.649872
5370,鼓山分隊,地下,鼓山區,金川街9號前,120.280489,22.649872
5371,鼓山分隊,地下,鼓山區,長安街2-10號前,120.270503,22.622106
5372,鼓山分隊,地下,鼓山區,長安街2-2號前,120.270361,22.621921
5373,鼓山分隊,地下,鼓山區,青泉街101-3號前,120.273774,22.652587
5374,鼓山分隊,地下,鼓山區,青泉街107巷26號前,120.273162,22.653935
5375,鼓山分隊,地下,鼓山區,青泉街107巷2-6號前,120.273479775463,22.6531080000001
5376,鼓山分隊,地下,鼓山區,青泉街114號前,120.2741,22.653342
5377,鼓山分隊,地下,鼓山區,青泉街130巷26號前,120.273912,22.654422
5378,鼓山分隊,地下,鼓山區,青泉街130巷口,120.2747,22.654492
5379,鼓山分隊,地下,鼓山區,青泉街142巷21號前,120.274536,22.655258
5380,鼓山分隊,地下,鼓山區,青泉街80號左側轉角處,120.27357,22.649149
5381,鼓山分隊,地下,鼓山區,青泉街82巷1號前,120.273479,22.649511
5382,鼓山分隊,地下,鼓山區,青泉街84巷口,120.27338,22.649868
5383,鼓山分隊,地下,鼓山區,青泉街98-1號前,120.273529,22.651554
5384,鼓山分隊,地下,鼓山區,青泉街慈壽塔後牆處,120.273182,22.654709
5385,鼓山分隊,地下,鼓山區,青泉街與正德路口,120.275269,22.649494
5386,鼓山分隊,地下,鼓山區,青泉街龍泉寺後方巷內,120.273223,22.655589
5387,鼓山分隊,地下,鼓山區,青海路559號對面,120.278493,22.651783
5388,鼓山分隊,地下,鼓山區,青海路569號前,120.278254,22.651679
5389,鼓山分隊,地下,鼓山區,青海路611號對面,120.277413,22.651822
5390,鼓山分隊,地下,鹽埕區,南興後街4巷口,120.284286,22.633667
5391,鼓山分隊,地下,鼓山區,厚生路與鼓山三路口,120.277950386929,22.6446252110346
5392,鼓山分隊,地下,鼓山區,厚安街與厚德路街口,120.279433,22.64505
5393,鼓山分隊,地下,鼓山區,厚德路151號對面(厚德路、鼓山三路6巷交叉東北角),120.278438,22.646196
5394,鼓山分隊,地下,鹽埕區,建國四路、必忠街口東側（南部打擊犯罪中心北側）,120.279720081688,22.6242620312741
5395,鼓山分隊,地下,鹽埕區,建國四路、河西路口,120.284591,22.633363
5396,鼓山分隊,地下,鹽埕區,建國四路、建國四路340巷口（東城金香舖斜對面）,120.284337848425,22.6328642505178
5397,鼓山分隊,地下,鹽埕區,建國四路175號前（與新樂街口）,120.280608,22.626142
5398,鼓山分隊,地下,鹽埕區,建國四路1號前,120.278054,22.621477
5399,鼓山分隊,地下,鹽埕區,建國四路209號前（與大仁路交叉口）,120.281073600054,22.6271515668171
5400,鼓山分隊,地下,鹽埕區,建國四路2-47號前(與新興街口),120.278713,22.621119
5401,鼓山分隊,地下,鹽埕區,建國四路257號前(建國四路派出所),120.28188,22.628555
5402,鼓山分隊,地下,鹽埕區,建國四路2-5號前,120.278127,22.621374
5403,鼓山分隊,地下,鹽埕區,建國四路273號(廟前),120.282114,22.629058
5404,鼓山分隊,地下,鹽埕區,建國四路311巷口（近鹽埕加油站北側）,120.282914,22.630539
5405,鼓山分隊,地下,鹽埕區,建國四路3-5號前（巷內）,120.277953,22.6217
5406,鼓山分隊,地下,鹽埕區,建國四路393號前(東城金香舖前-近南興後街口),120.284192,22.632858
5407,鼓山分隊,地下,鹽埕區,建國四路49巷口（53號右側）,120.278698,22.622778
5408,鼓山分隊,地下,鹽埕區,建國四路73號前（與公園二路交叉口）,120.27897,22.623228
5409,鼓山分隊,地下,鹽埕區,建國四路與大公路口(舊台銀),120.281678,22.627953
5410,鼓山分隊,地下,鹽埕區,建國路與壽星街口,120.282622,22.630033
5411,鼓山分隊,地下,鼓山區,迪化街與伊犁街口,120.277422,22.652564
5412,鼓山分隊,地下,鼓山區,哨船街11號前(開臺福德宮大牌前旁),120.268124,22.617975
5413,鼓山分隊,地下,鼓山區,哨船街33號(哨船街、安船街的南處交叉點),120.269056,22.61911
5414,鼓山分隊,地下,鼓山區,哨船街57號（哨船街、安船街的北處交叉點西南角）,120.269129,22.620096
5415,鼓山分隊,地下,鼓山區,哨船街66號前,120.269292,22.620971
5416,鼓山分隊,地下,鼓山區,哨船街7巷15號(海關宿舍內),120.267394,22.618469
5417,鼓山分隊,地下,鼓山區,哨船街7號海關宿舍對面(一港口海巡安檢所入口處),120.267706,22.617519
5418,鼓山分隊,地下,鼓山區,哨船街85-2號前,120.269353,22.623819
5419,鼓山分隊,地下,鼓山區,柴山31號--海岸咖啡(山海宮車站牌、舊柴山國小校門),120.254234,22.644384
5420,鼓山分隊,地下,鼓山區,柴山高幹47以南約10m（△形陸戰隊入口南側）,120.255893,22.640906
5421,鼓山分隊,地下,鼓山區,柴山高幹55前（柴山3-1號、山盟海誓咖啡館之間）,120.254056,22.64359
5422,鼓山分隊,地下,鼓山區,柴山高幹61往北約20m（V形陸戰隊入口南側）,120.253927,22.645321
5423,鼓山分隊,地下,鼓山區,柴山高幹65前（慈德樓牌枋-往山盟海誓、大自然叉口）,120.253669,22.647357
5424,鼓山分隊,地下,鼓山區,高雄港旅運大樓右側路口,120.274139,22.619308
5425,鼓山分隊,地下,鹽埕區,莒光街、公園二路口(北側),120.283477105272,22.6213280972023
5426,鼓山分隊,地下,鹽埕區,莒光街、公園二路口(南側),120.283433,22.621092
5427,鼓山分隊,地下,鹽埕區,莒光街103號前(莒光街與必忠街口),120.283932,22.622102
5428,鼓山分隊,地下,鹽埕區,莒光街2-1號前,120.282589,22.619511
5429,鼓山分隊,地下,鹽埕區,莒光路166號前,120.284781,22.623628
5430,鼓山分隊,地下,鹽埕區,莒光路181號前,120.284886,22.623842
5431,鼓山分隊,地下,鹽埕區,莒光路205號前,120.285339,22.624697
5432,鼓山分隊,地下,鹽埕區,堀江街11號與必信街口,120.281455,22.621001
5433,鼓山分隊,地下,鹽埕區,堀江街17巷4號,120.28142549206,22.6214494344808
5434,鼓山分隊,地下,鹽埕區,富野路122號前(近與新興街交叉口北側),120.282922,22.628844
5435,鼓山分隊,地下,鹽埕區,富野路168巷6號前(大廟左側),120.281643,22.629583
5436,鼓山分隊,地下,鹽埕區,富野路56巷與大有街口（廣新百貨）,120.285028,22.62854
5437,鼓山分隊,地下,鼓山區,港務局大樓右前（西子灣隧道口正前方）,120.269511,22.624365
5438,鼓山分隊,地下,鼓山區,登山街60巷30-10號前,120.270301,22.625703
5439,鼓山分隊,地下,鼓山區,登山街60巷口,120.270304,22.625089
5440,鼓山分隊,地下,鼓山區,登山街70號前(面對登山街68巷口),120.270006,22.624875
5441,鼓山分隊,地下,鼓山區,登山街76巷13號前,120.269517,22.625077
5442,鼓山分隊,地下,鼓山區,登山街與延平街口,120.273448,22.623723
5443,鼓山分隊,地下,鼓山區,登山街與鼓波街口,120.272736,22.624122
5444,鼓山分隊,地下,鼓山區,登山街與壽山街口,120.271447,22.624872
5445,鼓山分隊,地下,鼓山區,華安街72號前,120.280580930059,22.6475444922774
5446,鼓山分隊,地下,鼓山區,華安街96-2號前(濟龍宮前),120.279658069941,22.6475393853741
5447,鼓山分隊,地下,鼓山區,華安街與厚德路口,120.278186,22.647253
5448,鼓山分隊,地下,鼓山區,華安街與裕民街口,120.277836,22.647303
5449,鼓山分隊,地下,鹽埕區,新化街103號前,120.282679,22.619652
5450,鼓山分隊,地下,鹽埕區,新化街111號前,120.282489,22.619775
5451,鼓山分隊,地下,鹽埕區,新化街124號前,120.282409,22.61984
5452,鼓山分隊,地下,鹽埕區,新化街55號對面,120.283675,22.619251
5453,鼓山分隊,地下,鹽埕區,新化與大智路口,120.283996,22.61902
5454,鼓山分隊,地下,鹽埕區,新樂街264-2號前,120.279617,22.626739
5455,鼓山分隊,地下,鹽埕區,新樂街274巷4號左前,120.279425,22.627169
5456,鼓山分隊,地下,鹽埕區,新樂街274巷8號前,120.279511,22.627458
5457,鼓山分隊,地下,鹽埕區,新樂街67號前,120.287271,22.622773
5458,鼓山分隊,地下,鹽埕區,新樂街與大勇路口(西南側),120.28415,22.624489
5459,鼓山分隊,地下,鹽埕區,新樂街與大勇路口(東南側),120.284371,22.624386
5460,鼓山分隊,地下,鹽埕區,新樂街與大義街(北側)口(在光榮國小旁之人行磚上),120.287126,22.623096
5461,鼓山分隊,地下,鹽埕區,新樂街與大禮街口(西南側),120.287628,22.622567
5462,鼓山分隊,地下,鹽埕區,新樂街與大禮街口(鹽埕國中校門口),120.287797,22.622681
5463,鼓山分隊,地下,鹽埕區,新樂街與光榮街口,120.285739,22.623683
5464,鼓山分隊,地下,鹽埕區,新樂街與莒光街口,120.285003,22.624039
5465,鼓山分隊,地下,鹽埕區,新興街11號前,120.279413,22.622433
5466,鼓山分隊,地下,鹽埕區,新興街150號前(近大公路口),120.282261,22.627675
5467,鼓山分隊,地下,鹽埕區,新興街226號前,120.283345,22.629679
5468,鼓山分隊,地下,鹽埕區,新興街251巷5弄21號(由壽星18-藝賓髮廊旁之弄口進入),120.283145,22.630032
5469,鼓山分隊,地下,鹽埕區,新興街251巷口,120.283699,22.630388
5470,鼓山分隊,地下,鹽埕區,新興街306號前(近新興街308巷口),120.284745,22.632231
5471,鼓山分隊,地下,鹽埕區,新興街5-2號前,120.279097,22.621803
5472,鼓山分隊,地下,鹽埕區,新興街與大仁路口（新興街109號對面）,120.281798,22.626742
5473,鼓山分隊,地下,鹽埕區,新興街與北斗街口(南側),120.284378,22.631589
5474,鼓山分隊,地下,鹽埕區,新興街與富野路口(南側),120.282775,22.628686
5475,鼓山分隊,地下,鹽埕區,新興街與新樂街口（北側）-近無刺虱目魚專賣店,120.281331,22.625944
5476,鼓山分隊,地下,鹽埕區,新興街與新樂街口（南側）-近歐亭傢飾精品店,120.28131339748,22.625835242482
5477,鼓山分隊,地下,鹽埕區,新興街與壽星街口,120.283318,22.629722
5478,鼓山分隊,地下,鼓山區,新疆路71巷口內,120.279667,22.656334
5479,鼓山分隊,地下,鼓山區,新疆路9巷32號前,120.28048,22.655594
5480,鼓山分隊,地下,鼓山區,萬壽路100號前(南巡局大門前),120.278769,22.629473
5481,鼓山分隊,地下,鼓山區,萬壽路1號公廁前,120.278553,22.627705
5482,鼓山分隊,地下,鼓山區,裕民街174號前,120.277101,22.650401
5483,鼓山分隊,地下,鼓山區,裕民街36號前,120.277658,22.648058
5484,鼓山分隊,地下,鼓山區,裕民街46巷45號前,120.278593,22.648469
5485,鼓山分隊,地下,鼓山區,裕民街與銀川街口,120.277506,22.648567
5486,鼓山分隊,地下,鼓山區,鼓山一路119巷9號前(水溝旁),120.278621,22.628185
5487,鼓山分隊,地下,鼓山區,鼓山一路119巷口,120.27927,22.628055
5488,鼓山分隊,地下,鼓山區,鼓山一路133巷11-1號前,120.279373,22.629178
5489,鼓山分隊,地下,鼓山區,鼓山一路133巷口,120.279886,22.628936
5490,鼓山分隊,地下,鼓山區,鼓山一路161巷34號前,120.2798,22.630314
5491,鼓山分隊,地下,鼓山區,鼓山一路161巷50弄63號前(籃球場旁往韓國教會路上),120.278705,22.631645
5492,鼓山分隊,地下,鼓山區,鼓山一路161巷51前,120.279321,22.6306
5493,鼓山分隊,地下,鼓山區,鼓山一路161巷62前,120.279229,22.630655
5494,鼓山分隊,地下,鼓山區,鼓山一路161巷地檢署宿舍側門前,120.279204,22.630614
5495,鼓山分隊,地下,鼓山區,鼓山一路53-3號前,120.276644,22.62435
5496,鼓山分隊,地下,鼓山區,鼓山一路53-9號前,120.27691,22.624545
5497,鼓山分隊,地下,鼓山區,鼓山一路53巷53號前,120.276552,22.625526
5498,鼓山分隊,地下,鼓山區,鼓山一路53巷81-1號前,120.277007,22.625987
5499,鼓山分隊,地下,鼓山區,鼓山一路53巷口,120.276448,22.624143
5500,鼓山分隊,地下,鼓山區,鼓山一路87巷口,120.277584,22.625719
5501,鼓山分隊,地下,鼓山區,鼓山一路與五福四路口,120.278217,22.626319
5502,鼓山分隊,地下,鼓山區,鼓山一路與鼓元街口,120.274317,22.62035
5503,鼓山分隊,地下,鼓山區,鼓山一路與臨海二路口(中油南鼓山站前),120.274945,22.621405
5504,鼓山分隊,地下,鼓山區,鼓山二路112號前,120.282189399004,22.6353002696341
5505,鼓山分隊,地下,鼓山區,鼓山二路121巷13號,120.280460026786,22.6363092292018
5506,鼓山分隊,地下,鼓山區,鼓山二路131巷6號前,120.280096,22.637269
5507,鼓山分隊,地下,鼓山區,鼓山二路145巷12弄20號,120.27958,22.638314
5508,鼓山分隊,地下,鼓山區,鼓山二路145巷12弄41號前,120.279478,22.638537
5509,鼓山分隊,地下,鼓山區,鼓山二路160巷22弄2號、鼓山二路160巷27弄1號間,120.281964,22.636806
5510,鼓山分隊,地下,鼓山區,鼓山二路160巷27弄12號（鼓山二路160巷22弄底）,120.281903,22.63708
5511,鼓山分隊,地下,鼓山區,鼓山二路166-7號前,120.280751,22.637116
5512,鼓山分隊,地下,鼓山區,"鼓山二路166巷49號前(166巷底，與51,56號之間)",120.281736,22.637548
5513,鼓山分隊,地下,鼓山區,鼓山二路166巷58號、166巷97號間,120.281828,22.637173
5514,鼓山分隊,地下,鼓山區,鼓山二路166巷80號、166巷85號間,120.281472,22.637077
5515,鼓山分隊,地下,鼓山區,鼓山二路168巷14弄1號(廟前),120.281173,22.637599
5516,鼓山分隊,地下,鼓山區,鼓山二路168巷3弄口,120.281719,22.63773
5517,鼓山分隊,地下,鼓山區,鼓山二路178巷3號、178巷6號之間,120.281414,22.638042
5518,鼓山分隊,地下,鼓山區,鼓山二路182-6號(182巷口南側),120.28039,22.638132
5519,鼓山分隊,地下,鼓山區,鼓山二路182巷與樹興街口,120.280947,22.638406
5520,鼓山分隊,地下,鼓山區,鼓山二路187巷31號旁,120.279137,22.639301
5521,鼓山分隊,地下,鼓山區,鼓山二路202巷口(208號旁),120.280194,22.638807
5522,鼓山分隊,地下,鼓山區,鼓山二路218巷32號前,120.280785,22.639405
5523,鼓山分隊,地下,鼓山區,鼓山二路218巷57號前,120.281388,22.63953
5524,鼓山分隊,地下,鼓山區,鼓山二路225巷14號前,120.277959,22.641748
5525,鼓山分隊,地下,鼓山區,鼓山二路267號對面（士敏公司高雄機械廠）,120.278180837631,22.6435734999229
5526,鼓山分隊,地下,鼓山區,鼓山二路33巷4號前,120.280868,22.630915
5527,鼓山分隊,地下,鼓山區,鼓山二路33巷與25巷26弄口(北極殿前),120.280582,22.63109
5528,鼓山分隊,地下,鼓山區,鼓山二路37巷38弄25號前(壽山國小前),120.28033,22.632571
5529,鼓山分隊,地下,鼓山區,鼓山二路37巷39號前,120.280409,22.631613
5530,鼓山分隊,地下,鼓山區,鼓山二路37巷63號前,120.279508,22.631886
5531,鼓山分隊,地下,鼓山區,鼓山二路37巷75號前,120.278952,22.631893
5532,鼓山分隊,地下,鼓山區,鼓山二路37巷80弄內,120.279069,22.632319
5533,鼓山分隊,地下,鼓山區,鼓山二路37巷與鼓山一路161巷50弄口,120.280078,22.631648
5534,鼓山分隊,地下,鼓山區,鼓山二路45巷12弄口,120.281545,22.633306
5535,鼓山分隊,地下,鼓山區,鼓山二路5號前,120.280529,22.629915
5536,鼓山分隊,地下,鼓山區,鼓山二路61巷38號前,120.281692,22.63373
5537,鼓山分隊,地下,鼓山區,鼓山二路69巷4號左前,120.282544,22.633969
5538,鼓山分隊,地下,鼓山區,鼓山二路73-3號右前方20m,120.282267,22.634402
5539,鼓山分隊,地下,鼓山區,鼓山二路79巷24號前,120.281752,22.634042
5540,鼓山分隊,地下,鼓山區,鼓山二路台泥製品廠前,120.278668,22.641758
5541,鼓山分隊,地下,鼓山區,鼓山二路與鐵路街口（鐵路街北側處）,120.278898,22.64121
5542,鼓山分隊,地下,鼓山區,鼓山三路26-3號前(聖蒙幼稚園對面),120.276628,22.650231
5543,鼓山分隊,地下,鼓山區,鼓山三路50巷與西藏街316巷口,120.276872,22.655273
5544,鼓山分隊,地下,鼓山區,鼓山三路50巷與西藏街350巷口,120.275993,22.655095
5545,鼓山分隊,地下,鼓山區,鼓山三路51巷17號前,120.274571,22.656481
5546,鼓山分隊,地下,鼓山區,鼓山三路51巷31弄19號前,120.27432,22.655753
5547,鼓山分隊,地下,鼓山區,鼓山三路51巷43號前,120.273919,22.656324
5548,鼓山分隊,地下,鼓山區,鼓山三路51巷47弄口,120.273675,22.655883
5549,鼓山分隊,地下,鼓山區,鼓山三路51巷57弄14-1號前,120.273752,22.657539
5550,鼓山分隊,地下,鼓山區,鼓山三路51巷口,120.275344,22.656542
5551,鼓山分隊,地下,鼓山區,鼓山三路6巷口,120.277653,22.646039
5552,鼓山分隊,地下,鼓山區,鼓山三路8-20號前(加油站斜對面),120.277143,22.647942
5553,鼓山分隊,地下,鼓山區,鼓山三路8-28號（路燈）前,120.276920199394,22.6489327622647
5554,鼓山分隊,地下,鼓山區,鼓山三路與大榮街口(113號前),120.27588,22.653354
5555,鼓山分隊,地下,鼓山區,鼓山圖書館左側10米處(近大榮街口),120.275596,22.65364
5556,鼓山分隊,地下,鼓山區,鼓元街與鼓波街口,120.271342,22.622069
5557,鼓山分隊,地下,鼓山區,鼓波街27巷19號前,120.27149,22.622904
5558,鼓山分隊,地下,鼓山區,鼓波街27巷底（代天宮公廁旁）,120.271259,22.622599
5559,鼓山分隊,地下,鼓山區,鼓南街50巷前,120.271139,22.620914
5560,鼓山分隊,地下,鼓山區,鼓南街口78號前,120.270394,22.621303
5561,鼓山分隊,地下,鹽埕區,壽星街、七賢三路口(時代華廈前、與7+1五金行之間),120.283791,22.629571
5562,鼓山分隊,地下,鹽埕區,壽星街17巷15號前,120.282842,22.629461
5563,鼓山分隊,地下,鼓山區,綠川街29巷口,120.282926,22.635243
5564,鼓山分隊,地下,鹽埕區,綠川街往愛河方向、近河西一路口(折翼天使工作坊前),120.284410923806,22.635459390888
5565,鼓山分隊,地下,鼓山區,翠華路110巷口,120.281056187766,22.6483847724011
5566,鼓山分隊,地下,鼓山區,翠華路2號前,120.280615,22.64348
5567,鼓山分隊,地下,鼓山區,翠華路50號對面10m,120.280836,22.645586
5568,鼓山分隊,地下,鼓山區,翠華路與西藏街口(西北側),120.281221,22.654847
5569,鼓山分隊,地下,鼓山區,翠華路與西藏街口(西南側),120.281219,22.654753
5570,鼓山分隊,地下,鼓山區,翠華路與厚德路口,120.280661,22.644639
5571,鼓山分隊,地下,鼓山區,翠華路與翠華路63巷口,120.280758,22.646608
5572,鼓山分隊,地下,鼓山區,翠華路與銀川街口,120.280967,22.648761
5573,鼓山分隊,地下,鼓山區,銀川街30巷口,120.280269,22.648836
5574,鼓山分隊,地下,鼓山區,銀川街48巷口,120.279869,22.648842
5575,鼓山分隊,地下,鼓山區,蓮海路1號前,120.266855833747,22.6174929064694
5576,鼓山分隊,地下,鼓山區,樹興街18號前,120.280882,22.638899
5577,鼓山分隊,地下,鼓山區,樹興街47號對面花圃,120.280491,22.64038
5578,鼓山分隊,地下,鼓山區,樹興街與鐵路街18巷口(13號前),120.280527,22.64005
5579,鼓山分隊,地下,鼓山區,樹興街與鐵路街口(35號旁),120.280266,22.641326
5580,鼓山分隊,地下,鹽埕區,興華街12巷口(遠大茶莊旁，溫王廟鐵拱門下方),120.285401,22.630173
5581,鼓山分隊,地下,鹽埕區,興華街43號前汽車美容店(近新興街口),120.283828,22.630675
5582,鼓山分隊,地下,鹽埕區,興華街52號前海產店(新興街口),120.284014,22.630811
5583,鼓山分隊,地下,鼓山區,興隆路12號前(興隆路、河川街口北側),120.283463,22.636474
5584,鼓山分隊,地下,鼓山區,興隆路36號前,120.282943,22.636405
5585,鼓山分隊,地下,鼓山區,興隆路58號旁(河川街103巷口、鄰舊鐵道),120.282541,22.636384
5586,鼓山分隊,地下,鼓山區,興隆路與鼓山二路160巷22弄口,120.282167,22.636327
5587,鼓山分隊,地下,鼓山區,濱海一路25號(羅師傅麵食館)前,120.272542,22.619874
5588,鼓山分隊,地下,鼓山區,濱海一路與捷興二街口(1號前),120.273561,22.620044
5589,鼓山分隊,地下,鼓山區,濱海一路與麗雄街口(西北),120.271800611603,22.6199330199883
5590,鼓山分隊,地下,鼓山區,濱海一路與麗雄街口(東南),120.271863798777,22.6199194630647
5591,鼓山分隊,地下,鼓山區,濱海二路鼓山輪渡站前,120.270232,22.619788
5592,鼓山分隊,地下,鼓山區,濱海二路與鼓元街口,120.270039,22.622752
5593,鼓山分隊,地下,鼓山區,濱海二路與壽山街口,120.270136,22.623036
5594,鼓山分隊,地下,鼓山區,臨海一路與臨海三路口,120.274492,22.622306
5595,鼓山分隊,地下,鼓山區,臨海二路18巷9-3號巷底,120.274042,22.622567
5596,鼓山分隊,地下,鼓山區,臨海二路與延平街口(變電所前),120.272727,22.622593
5597,鼓山分隊,地下,鼓山區,臨海二路與長安街口（西側-長安路33-1號）,120.271284,22.623346
5598,鼓山分隊,地下,鼓山區,臨海二路與捷興二街口,120.274611317513,22.6215528353498
5599,鼓山分隊,地下,鼓山區,臨海二路與鼓波街口,120.27195,22.622936
5600,鼓山分隊,地下,鼓山區,臨海二路與壽山街口,120.270621,22.623758
5601,鼓山分隊,地下,鼓山區,臨海二路與濱海二路口,120.270039,22.623947
5602,鼓山分隊,地下,鼓山區,臨海三路與捷興二街口(加油站),120.274933,22.622106
5603,鼓山分隊,地下,鹽埕區,瀨南街125號(五福四路、瀨南街口-南側)堀江商場牌樓下,120.282113351515,22.6241412964926
5604,鼓山分隊,地下,鹽埕區,瀨南街158號左側,120.282814,22.625356
5605,鼓山分隊,地下,鹽埕區,瀨南街224號前（徐太太百貨）,120.284192,22.627886
5606,鼓山分隊,地下,鹽埕區,瀨南街252號前（大榮眼鏡）,120.284536,22.628492
5607,鼓山分隊,地下,鹽埕區,瀨南街270巷內（府北路39號旁巷內5公尺）,120.285275,22.629033
5608,鼓山分隊,地下,鹽埕區,瀨南街27號前,120.280775,22.621668
5609,鼓山分隊,地下,鹽埕區,瀨南街52號對面,120.281323,22.622687
5610,鼓山分隊,地下,鹽埕區,瀨南街與大仁路口,120.283189,22.626061
5611,鼓山分隊,地下,鹽埕區,瀨南街與富野路口（尚芳土魠魚羹）,120.284329,22.628147
5612,鼓山分隊,地下,鼓山區,麗雄街20號前,120.272389,22.620672
5613,鼓山分隊,地下,鼓山區,麗雄街與登山街口,120.274157,22.623299
5614,鼓山分隊,地下,鼓山區,麗雄街與鼓元街口,120.272786,22.621316
5615,鼓山分隊,地下,鼓山區,麗雄街與臨海二路口,120.273360908031,22.6223225237704
5616,鼓山分隊,地下,鼓山區,鐵路街13巷15號前,120.279783,22.640792
5617,鼓山分隊,地下,鼓山區,鐵路街15號前,120.279651,22.641245
5618,鼓山分隊,地下,鼓山區,鐵路街18巷40號右前方,120.279898,22.640006
5619,鼓山分隊,地下,鹽埕區,鹽埕街、新樂街口(東南側),120.283590979326,22.6247550031581
5620,鼓山分隊,地下,鹽埕區,鹽埕街10號對面,120.283271,22.624287
5621,鼓山分隊,地下,鹽埕區,鹽埕街36巷3號右側,120.283576,22.625285
5622,鼓山分隊,地下,鹽埕區,鹽埕街40巷2號前,120.283717,22.625565
5623,鼓山分隊,地下,鹽埕區,鹽埕街44號、近大仁路口（框精品店、第一銀行之間）,120.284003,22.625691
5624,鼓山分隊,地下,鹽埕區,鹽埕街53巷7號(可由大勇131號-土銀旁小巷子進入),120.284542,22.62604
5625,鼓山分隊,地下,鹽埕區,鹽埕街上、近五福四路口(展耀進口飾品旁),120.283195666657,22.623997319007
5626,鼓山分隊,地下,鹽埕區,鹽埕街與富野路口（永昌服飾）,120.285103,22.627743
5627,鳳祥分隊,地下,鳳山區,七聖街112巷36號前(社區內),120.34743299451,22.6092051982715
5628,鳳祥分隊,地下,鳳山區,七聖街38號,120.346034097255,22.6081906115532
5629,鳳祥分隊,地下,鳳山區,七聖街77號,120.346064616898,22.6086497309814
5630,鳳祥分隊,地下,鳳山區,七聖街82號,120.34636725982,22.6090429136196
5631,鳳祥分隊,地下,鳳山區,七聖街與南福街口,120.347342795245,22.6107056027906
5632,鳳祥分隊,地下,鳳山區,中崙一路496巷29號,120.349827400955,22.6002194155021
5633,鳳祥分隊,地下,鳳山區,中崙四路86號前,120.3504616,22.5996083
5634,鳳祥分隊,地下,鳳山區,中崙路1-8號前,120.349982547604,22.6023491888527
5635,鳳祥分隊,地下,鳳山區,五甲一路332巷19號旁,120.351908,22.614891
5636,鳳祥分隊,地下,鳳山區,五甲一路352號,120.350882783532,22.612768540459
5637,鳳祥分隊,地下,鳳山區,五甲一路724號前,120.347504145735,22.6080534643071
5638,鳳祥分隊,地下,鳳山區,五甲一路瑞隆路口,120.34669415844,22.6067719671648
5639,鳳祥分隊,地下,鳳山區,五甲一路與七聖街口,120.347188430291,22.6075647263886
5640,鳳祥分隊,地下,鳳山區,五甲一路與國泰路口,120.35313810636,22.6160596920179
5641,鳳祥分隊,地下,鳳山區,公園一街26巷30號前,120.333638828207,22.5874549440296
5642,鳳祥分隊,地下,鳳山區,公園一街65巷15號前,120.3335615,22.58837
5643,鳳祥分隊,地下,鳳山區,公園一街與公園二街口,120.332775156904,22.5870946174066
5644,鳳祥分隊,地下,鳳山區,公園一街與公園三街口,120.333967398811,22.5879000885041
5645,鳳祥分隊,地下,鳳山區,公園二街46巷22號前,120.332394598148,22.5866828574371
5646,鳳祥分隊,地下,鳳山區,公園二街56巷22號前,120.332625009193,22.5866143247996
5647,鳳祥分隊,地下,鳳山區,公園二街58巷21號前,120.332814977083,22.5865754125232
5648,鳳祥分隊,地下,鳳山區,公園二街60巷17號前,120.333117726984,22.5865564746439
5649,鳳祥分隊,地下,鳳山區,公園三街39巷20號前,120.334330066934,22.5872981352934
5650,鳳祥分隊,地下,鳳山區,公園三街63巷18號前,120.334174800664,22.5863484574249
5651,鳳祥分隊,地下,鳳山區,公園三街63巷9號前,120.334241855889,22.5868493262709
5652,鳳祥分隊,地下,鳳山區,公園街279巷8號前,120.333491706746,22.5886526714967
5653,鳳祥分隊,地下,鳳山區,公園街375巷31號前,120.3318679,22.5867062
5654,鳳祥分隊,地下,鳳山區,甲智路與鳳燕二街口,120.345082973958,22.5988285693894
5655,鳳祥分隊,地下,鳳山區,老爺二街48號,120.348407,22.6108381
5656,鳳祥分隊,地下,鳳山區,老爺四街111號,120.3496036,22.6123978
5657,鳳祥分隊,地下,鳳山區,老爺四街137號前,120.349035,22.6127776
5658,鳳祥分隊,地下,鳳山區,老爺四街32巷口,120.348158525131,22.6111422813073
5659,鳳祥分隊,地下,鳳山區,老爺四街82號前,120.349259179762,22.6118780924999
5660,鳳祥分隊,地下,鳳山區,西湖街10巷-黃埔大樓前,120.3759935,22.6214215
5661,鳳祥分隊,地下,鳳山區,和成路290號前,120.340278503705,22.5920027513537
5662,鳳祥分隊,地下,鳳山區,和成路431號對面,120.3414363,22.5928333
5663,鳳祥分隊,地下,鳳山區,和成路529巷對面,120.3405376,22.5921309
5664,鳳祥分隊,地下,鳳山區,和成路559號對面,120.3435429,22.5942766
5665,鳳祥分隊,地下,鳳山區,和成路575號對面（豐新羊乳旁）,120.3438494,22.5944776
5666,鳳祥分隊,地下,鳳山區,杭州西街141號-花都大樓前,120.3741734,22.6190612
5667,鳳祥分隊,地下,鳳山區,杭州西街與西湖街口,120.3740688,22.6202581
5668,鳳祥分隊,地下,鳳山區,杭州東街與西湖街口,120.376122266934,22.6217719690447
5669,鳳祥分隊,地下,鳳山區,杭州街與杭州東街口(紫金城大樓前),120.374820779762,22.6218032919154
5670,鳳祥分隊,地下,鳳山區,油管路3巷11-3號旁（巷口）,120.35529503542,22.6081050257968
5671,鳳祥分隊,地下,鳳山區,保安一街與南二街口,120.33778100318,22.5925982510056
5672,鳳祥分隊,地下,鳳山區,保安一街與祥和街口,120.336697390738,22.5895869449791
5673,鳳祥分隊,地下,鳳山區,保成二路51號前,120.352832747996,22.5927205742457
5674,鳳祥分隊,地下,鳳山區,保孝路1號旁,120.352925362162,22.5927556863982
5675,鳳祥分隊,地下,鳳山區,保南二街與保孝路口,120.349633837994,22.5931140099987
5676,鳳祥分隊,地下,鳳山區,保華一路與七成街口,120.346642771996,22.5882999446289
5677,鳳祥分隊,地下,鳳山區,保華一路與六成街口（飛鳳宮對面）,120.346695437715,22.5879080636883
5678,鳳祥分隊,地下,鳳山區,保華一路與南華一路口,120.346872523908,22.5918660677764
5679,鳳祥分隊,地下,鳳山區,保華一路與海涵路口,120.346833335924,22.5904456072328
5680,鳳祥分隊,地下,鳳山區,保華一路與寶陽路口,120.346746984337,22.5893007529298
5681,鳳祥分隊,地下,鳳山區,保華二路與保孝街口（對面）,120.346794619574,22.5934406363845
5682,鳳祥分隊,地下,鳳山區,保華二路與保信街口（對面）,120.34705751762,22.5946381229117
5683,鳳祥分隊,地下,鳳山區,保華二路與南華一路口（斑馬線上）,120.346897987749,22.5921759855245
5684,鳳祥分隊,地下,鳳山區,南京路272號旁,120.345710323008,22.6130876747713
5685,鳳祥分隊,地下,鳳山區,南京路330巷16號前,120.346537604928,22.6167598155025
5686,鳳祥分隊,地下,鳳山區,南京路346巷-人行道上,120.345851,22.617863
5687,鳳祥分隊,地下,鳳山區,南京路78號,120.345721542835,22.6084472109043
5688,鳳祥分隊,地下,鳳山區,南華一路人行道上（位於保華二路與紅毛港路中間）,120.345901542991,22.592824506477
5689,鳳祥分隊,地下,鳳山區,南福街127號,120.346265,22.612661
5690,鳳祥分隊,地下,鳳山區,紅毛港路上（國慶十一街斜對面）,120.343562132446,22.588409481032
5691,鳳祥分隊,地下,鳳山區,紅毛港路上與保雅路（人行道）,120.346559914914,22.5948289993421
5692,鳳祥分隊,地下,鳳山區,紅毛港路往保雅路方向花圃上,120.346003006343,22.5940383850856
5693,鳳祥分隊,地下,鳳山區,紅毛港路近鳳南ㄧ路人行道花圃上,120.343901834973,22.5898597202629
5694,鳳祥分隊,地下,鳳山區,紅毛港路與南華一路（人行道花圃）,120.344595893873,22.5939764911587
5695,鳳祥分隊,地下,鳳山區,紅毛港路與南華一路人行道上,120.345980139944,22.5923852592749
5696,鳳祥分隊,地下,鳳山區,紅毛港路與海涵路口（人行道花圃上）,120.34458754401,22.5914475853565
5697,鳳祥分隊,地下,鳳山區,紅毛港路與鳳和ㄧ街（人行道花圃上）,120.344584058092,22.5920719839949
5698,鳳祥分隊,地下,鳳山區,紅毛港路與鳳南ㄧ路口,120.343771687164,22.5896533846339
5699,鳳祥分隊,地下,鳳山區,家和6街與紅毛港路口（騎樓）,120.343265607657,22.5867129928015
5700,鳳祥分隊,地下,鳳山區,家和八街近偉成街口,120.344880320305,22.5875005293261
5701,鳳祥分隊,地下,鳳山區,家和八街與紅毛港路口,120.343460549025,22.5875487400991
5702,鳳祥分隊,地下,鳳山區,家和八街與智成街口,120.346070634404,22.5874573815129
5703,鳳祥分隊,地下,鳳山區,海洋二路37巷16弄14號旁,120.346148014069,22.610898766552
5704,鳳祥分隊,地下,鳳山區,海涵路（保華一路與紅毛港路中間空地）,120.346052857299,22.5907662379565
5705,鳳祥分隊,地下,鳳山區,海涵路上（和成與紅毛港路中間空地上中間）,120.343138887322,22.5934587341948
5706,鳳祥分隊,地下,鳳山區,海涵路上與紅毛港路口,120.34430255842,22.5919619845797
5707,鳳祥分隊,地下,鳳山區,真君路80號前,120.361431132541,22.5945212861123
5708,鳳祥分隊,地下,鳳山區,國民街19號前,120.348014,22.617512
5709,鳳祥分隊,地下,鳳山區,國民街2號前,120.349071,22.61777
5710,鳳祥分隊,地下,鳳山區,國民街36號與國隆路口,120.34715653373,22.6176931982127
5711,鳳祥分隊,地下,鳳山區,國泰路二段13巷2弄12號前,120.352014,22.616628
5712,鳳祥分隊,地下,鳳山區,國泰路與誠義路口,120.360308218783,22.6143455214867
5713,鳳祥分隊,地下,鳳山區,國富路21巷3弄22號前,120.350505,22.613962
5714,鳳祥分隊,地下,鳳山區,國富路21巷3弄2號前,120.3494988,22.6140537
5715,鳳祥分隊,地下,鳳山區,國富路29-1號,120.349020659924,22.6158728067254
5716,鳳祥分隊,地下,鳳山區,國隆路11巷12號前,120.346541886804,22.6160726373888
5717,鳳祥分隊,地下,鳳山區,國隆路11巷1號-騎樓下,120.347486195107,22.6160884660303
5718,鳳祥分隊,地下,鳳山區,國隆路27巷11號前,120.346594,22.617562
5719,鳳祥分隊,地下,鳳山區,國隆路33巷12號前,120.346582559525,22.618099938455
5720,鳳祥分隊,地下,鳳山區,國慶8街與明龍路口,120.338178800247,22.5885585720081
5721,鳳祥分隊,地下,鳳山區,國興街1巷1號,120.347763559525,22.6180554702029
5722,鳳祥分隊,地下,鳳山區,國興街與南京路口,120.345744953165,22.6187532228622
5723,鳳祥分隊,地下,鳳山區,頂中街第2巷口,120.354444610433,22.5901128517809
5724,鳳祥分隊,地下,鳳山區,頂中街第一巷口,120.354400353985,22.5890176504149
5725,鳳祥分隊,地下,鳳山區,頂庄一街與頂明路口,120.354916252423,22.5885132738442
5726,鳳祥分隊,地下,鳳山區,頂庄路129號前,120.3626487482,22.588221075541
5727,鳳祥分隊,地下,鳳山區,頂庄路139巷52號旁,120.362154471164,22.5866593748836
5728,鳳祥分隊,地下,鳳山區,頂庄路139巷與過昌街108巷口,120.362177269941,22.588192928258
5729,鳳祥分隊,地下,鳳山區,頂庄路近溪濱一街50公尺前,120.352833283194,22.588565897226
5730,鳳祥分隊,地下,鳳山區,頂庄路停車場前,120.364912748337,22.5883407106975
5731,鳳祥分隊,地下,鳳山區,頂庄路與頂中街口,120.354379576691,22.588534322505
5732,鳳祥分隊,地下,鳳山區,頂庄路與溪濱一街口,120.352357861646,22.5885798272477
5733,鳳祥分隊,地下,鳳山區,頂明路與頂園路口,120.3549176,22.5879873
5734,鳳祥分隊,地下,鳳山區,頂茂路與頂賢路口,120.358179339278,22.5855519179148
5735,鳳祥分隊,地下,鳳山區,頂圃街教堂前,120.353253943903,22.5894380599008
5736,鳳祥分隊,地下,鳳山區,頂圃街與頂中街口,120.354423387033,22.5895321643127
5737,鳳祥分隊,地下,鳳山區,頂圃街與頂興街口,120.355485541803,22.5895321643127
5738,鳳祥分隊,地下,鳳山區,頂新11街37號前,120.362108162046,22.5894390304396
5739,鳳祥分隊,地下,鳳山區,頂新街96號,120.365591444302,22.5868788075646
5740,鳳祥分隊,地下,鳳山區,頂興街126號前,120.355354035582,22.587397817632
5741,鳳祥分隊,地下,鳳山區,頂興路與頂聖街口,120.355319837417,22.5861527670025
5742,鳳祥分隊,地下,鳳山區,頂豐街137號旁,120.356463820238,22.5873746884976
5743,鳳祥分隊,地下,鳳山區,頂豐街與頂昌街口,120.356597900391,22.5889466146345
5744,鳳祥分隊,地下,鳳山區,凱旋路317巷76號,120.346873,22.612681
5745,鳳祥分隊,地下,鳳山區,凱旋路332巷口-人行道上,120.3465363,22.6153043
5746,鳳祥分隊,地下,鳳山區,凱旋路351巷口,120.346642779684,22.6151995030309
5747,鳳祥分隊,地下,鳳山區,黃埔七村口,120.374181885914,22.6184443814023
5748,鳳祥分隊,地下,鳳山區,新富路345號旁,120.34588,22.61298
5749,鳳祥分隊,地下,鳳山區,新富路399巷31號前,120.34724453373,22.6172419250294
5750,鳳祥分隊,地下,鳳山區,新富路399巷3號,120.349062941139,22.6171845026343
5751,鳳祥分隊,地下,鳳山區,新富路458巷口,120.346502833262,22.6131466796775
5752,鳳祥分隊,地下,鳳山區,新富路與凱旋路口公園內,120.347615545552,22.6145257453844
5753,鳳祥分隊,地下,鳳山區,溪濱一街與頂圃街口,120.3528739,22.5895543
5754,鳳祥分隊,地下,鳳山區,誠義路18巷與鳳頂路451巷口,120.361618,22.607962
5755,鳳祥分隊,地下,鳳山區,過仁街38號前,120.3667,22.590662
5756,鳳祥分隊,地下,鳳山區,過昌街105巷2號,120.360969326984,22.5875438873389
5757,鳳祥分隊,地下,鳳山區,過昌街16巷60號,120.362459733411,22.5853744339595
5758,鳳祥分隊,地下,鳳山區,過昌街16巷口,120.3610446,22.585463
5759,鳳祥分隊,地下,鳳山區,過昌街38巷39號,120.361632665813,22.5861372247533
5760,鳳祥分隊,地下,鳳山區,過昌街38巷口,120.3610149,22.5861419
5761,鳳祥分隊,地下,鳳山區,過昌街與過勇路79巷,120.361023142328,22.587228736184
5762,鳳祥分隊,地下,鳳山區,過勇路55號之1,120.362696509787,22.5866982752699
5763,鳳祥分隊,地下,鳳山區,過勇路65巷45號前,120.361428151111,22.5869610118196
5764,鳳祥分隊,地下,鳳山區,過勇路79巷15號前,120.362047182803,22.5872586823931
5765,鳳祥分隊,地下,鳳山區,過勇路95號,120.362728696295,22.5873223473202
5766,鳳祥分隊,地下,鳳山區,過勇路與過雄街口,120.362707238623,22.586564545177
5767,鳳祥分隊,地下,鳳山區,過埤路與過勇路口,120.362906016604,22.5898384619421
5768,鳳祥分隊,地下,鳳山區,過智街5-3號,120.366636,22.591003
5769,鳳祥分隊,地下,鳳山區,過智街79號,120.364813,22.591157
5770,鳳祥分隊,地下,鳳山區,過雄一街9號前,120.358006385458,22.5866767173982
5771,鳳祥分隊,地下,鳳山區,過雄街144號前,120.363763603705,22.5865155529707
5772,鳳祥分隊,地下,鳳山區,過雄街25號前,120.359585737248,22.5866903924078
5773,鳳祥分隊,地下,鳳山區,過雄街55巷口,120.360457757078,22.5866868458382
5774,鳳祥分隊,地下,鳳山區,過雄街停87號前,120.360855402461,22.5866861752732
5775,鳳祥分隊,地下,鳳山區,鳳甲一街（悅讀ABC前）,120.346712160186,22.5963294919146
5776,鳳祥分隊,地下,鳳山區,鳳甲一街59號前,120.3454092,22.5953574
5777,鳳祥分隊,地下,鳳山區,鳳甲一街與鳳燕一街口,120.3457732,22.5955586
5778,鳳祥分隊,地下,鳳山區,鳳甲路與南和一路口,120.337503566101,22.5911151809989
5779,鳳祥分隊,地下,鳳山區,鳳和ㄧ街上（中間空地）近紅毛港路,120.344530067571,22.5928721210828
5780,鳳祥分隊,地下,鳳山區,鳳和ㄧ街上近和成路口,120.3436527179,22.5941364315493
5781,鳳祥分隊,地下,鳳山區,鳳和二街上近和成路口,120.344044090696,22.5939775392428
5782,鳳祥分隊,地下,鳳山區,鳳和二街上近紅毛港路,120.344642592944,22.5930507917621
5783,鳳祥分隊,地下,鳳山區,鳳東路416號前,120.3764891,22.6209992
5784,鳳祥分隊,地下,鳳山區,鳳林路與仁愛(鳳東)路口,120.372948066132,22.6222724629998
5785,鳳祥分隊,地下,鳳山區,鳳南ㄧ路236號對面,120.342576232444,22.5910684573315
5786,鳳祥分隊,地下,鳳山區,鳳南ㄧ路與明學路口,120.343149393371,22.5904653833768
5787,鳳祥分隊,地下,鳳山區,鳳南ㄧ路與富新路口,120.341905403469,22.5917951490251
5788,鳳祥分隊,地下,鳳山區,鳳南一路與和成路口（和成路417號前）,120.3411118,22.5926
5789,鳳祥分隊,地下,鳳山區,鳳頂路451巷口,120.362598191402,22.6080150282959
5790,鳳祥分隊,地下,鳳山區,鳳頂路469巷口,120.362486067459,22.6083939478166
5791,鳳祥分隊,地下,鳳山區,鳳頂路86號前,120.358880237468,22.5867685483617
5792,鳳祥分隊,地下,鳳山區,寶陽路上（保華一路與紅毛港路中間空地）,120.345808006439,22.5894662864601
5793,鳳祥分隊,地下,鳳山區,寶陽路空地變電箱對面,120.35056885054,22.588964929827
5794,五甲分隊,地下,鳳山區,七雄街29號,120.3259919,22.5980629
5795,五甲分隊,地下,鳳山區,七雄街49號,120.326073,22.5984257
5796,五甲分隊,地下,鳳山區,二和街28號前,120.3346811,22.5936967
5797,五甲分隊,地下,鳳山區,三光街88號旁,120.3265448,22.5946506
5798,五甲分隊,地下,鳳山區,三光街與自強二路5巷口,120.327266,22.5947
5799,五甲分隊,地下,鳳山區,三商街與五甲二路口,120.336582,22.598489
5800,五甲分隊,地下,鳳山區,三商街與善志街口,120.334789,22.601106
5801,五甲分隊,地下,鳳山區,三誠路186巷口,120.324178,22.5951921
5802,五甲分隊,地下,鳳山區,三誠路與五甲三路路口（江海豆漿前）,120.326652,22.592212
5803,五甲分隊,地下,鳳山區,三誠路與福祥街口,120.3262008,22.5926168
5804,五甲分隊,地下,鳳山區,三誠路與福誠二街口,120.3250437,22.5936439
5805,五甲分隊,地下,鳳山區,三誠路與福誠三街口,120.3242487,22.5943654
5806,五甲分隊,地下,鳳山區,大仁街27號前,120.33289,22.591468
5807,五甲分隊,地下,鳳山區,大明路15巷56號,120.3405968,22.6082058
5808,五甲分隊,地下,鳳山區,大明路33巷口,120.341854,22.607422
5809,五甲分隊,地下,鳳山區,大明路55巷15號,120.341209,22.6079718
5810,五甲分隊,地下,鳳山區,大明路和大明路128巷口,120.341726,22.609378
5811,五甲分隊,地下,鳳山區,大明路和海洋一路口,120.341702,22.60974
5812,五甲分隊,地下,鳳山區,大明路和新康街口,120.341908,22.607455
5813,五甲分隊,地下,鳳山區,大明路與輜汽路口（變電箱前）,120.341329,22.616924
5814,五甲分隊,地下,鳳山區,大德街141號前,120.330778,22.594149
5815,五甲分隊,地下,鳳山區,大德街40號,120.332453,22.592246
5816,五甲分隊,地下,鳳山區,大德街與南光街口,120.331306529955,22.5936729676261
5817,五甲分隊,地下,鳳山區,五甲二路149巷35號前,120.3412053,22.60052
5818,五甲分隊,地下,鳳山區,五甲二路149巷口,120.3406419,22.6014414
5819,五甲分隊,地下,鳳山區,五甲二路195號,120.339742,22.600793
5820,五甲分隊,地下,鳳山區,五甲二路278巷18號前,120.338626860119,22.6007721410654
5821,五甲分隊,地下,鳳山區,五甲二路2巷13號旁,120.34508,22.605241
5822,五甲分隊,地下,鳳山區,五甲二路472號（派出所前）,120.334891,22.597365
5823,五甲分隊,地下,鳳山區,五甲二路529巷與五甲二路口,120.332364454492,22.59602453348
5824,五甲分隊,地下,鳳山區,五甲二路565巷19號旁,120.331835,22.595122
5825,五甲分隊,地下,鳳山區,五甲二路565巷40號旁,120.331964,22.594757
5826,五甲分隊,地下,鳳山區,五甲二路與鳳南路口（金礦咖啡前）,120.337243867397,22.5990944531832
5827,五甲分隊,地下,鳳山區,五甲三路103巷9號旁,120.326153182526,22.5915958482908
5828,五甲分隊,地下,鳳山區,五甲三路112巷2-1號旁,120.32600986837,22.5917709209421
5829,五甲分隊,地下,鳳山區,五甲三路157巷3弄6號前,120.325996,22.590891
5830,五甲分隊,地下,鳳山區,五甲三路279巷28號前,120.323997,22.58814
5831,五甲分隊,地下,鳳山區,五甲三路279巷46號旁,120.324358,22.587741
5832,五甲分隊,地下,鳳山區,五甲三路與五福一路口,120.326731119852,22.5920624746225
5833,五甲分隊,地下,鳳山區,五甲三路與福德街口,120.3253471,22.5910422
5834,五甲分隊,地下,鳳山區,五甲國小前,120.333932,22.597968
5835,五甲分隊,地下,鳳山區,五常街與自強二路口（全家超商旁）,120.327236582348,22.5966226720141
5836,五甲分隊,地下,鳳山區,五福一路與五福二路口,120.328275246033,22.5875550988237
5837,五甲分隊,地下,鳳山區,五福一路與南進三街口,120.328404,22.589384
5838,五甲分隊,地下,鳳山區,五福二路100巷55號旁,120.325315,22.587292
5839,五甲分隊,地下,鳳山區,五福二路185號前,120.3288569,22.5871615
5840,五甲分隊,地下,鳳山區,五福二路46巷口,120.3250794,22.5889099
5841,五甲分隊,地下,鳳山區,五福二路70巷60號前,120.3245331,22.5876847
5842,五甲分隊,地下,鳳山區,五福二路81巷27號前,120.326879347638,22.5887537941046
5843,五甲分隊,地下,鳳山區,仁和街圓環（21號前）,120.325462,22.5947409
5844,五甲分隊,地下,鳳山區,六法街42號,120.326594279763,22.5970173837221
5845,五甲分隊,地下,鳳山區,六法街4號,120.325693277281,22.5968410485481
5846,五甲分隊,地下,鳳山區,天下第一家大樓車道前,120.336574,22.596249
5847,五甲分隊,地下,鳳山區,天興街193號前,120.332855,22.590205
5848,五甲分隊,地下,鳳山區,文豐街11巷33號前,120.3364804,22.597609
5849,五甲分隊,地下,鳳山區,文豐街13巷33號旁,120.3368585,22.597567
5850,五甲分隊,地下,鳳山區,四海街11巷1號前,120.326425,22.595308
5851,五甲分隊,地下,鳳山區,四海街62巷口,120.327064690213,22.5956306208715
5852,五甲分隊,地下,鳳山區,正義街105巷8號前,120.337249,22.604139
5853,五甲分隊,地下,鳳山區,正義街11號前,120.339881,22.601608
5854,五甲分隊,地下,鳳山區,永安街80巷10號前,120.3321967,22.5982916
5855,五甲分隊,地下,鳳山區,永安街與鎮南街口,120.3319148,22.5976555
5856,五甲分隊,地下,鳳山區,永和街36號前,120.3288424,22.5949263
5857,五甲分隊,地下,鳳山區,永和街7號,120.329218,22.595274
5858,五甲分隊,地下,鳳山區,光榮街27號旁,120.3387344,22.6030712
5859,五甲分隊,地下,鳳山區,光榮街51號前,120.339179,22.603446
5860,五甲分隊,地下,鳳山區,光榮街和南榮路口,120.3381572,22.6026598
5861,五甲分隊,地下,鳳山區,同明街114巷2號前,120.343751,22.604555
5862,五甲分隊,地下,鳳山區,同明街168號前,120.34492,22.604777
5863,五甲分隊,地下,鳳山區,同明街25號旁,120.342535,22.605346
5864,五甲分隊,地下,鳳山區,自強一路119巷31號前,120.328334,22.590189
5865,五甲分隊,地下,鳳山區,自強一路119巷55號前,120.327542,22.58967
5866,五甲分隊,地下,鳳山區,自強一路22號前,120.330489,22.588472
5867,五甲分隊,地下,鳳山區,自強二路234巷8號前,120.326863601189,22.5981993867719
5868,五甲分隊,地下,鳳山區,自強二路5巷34號前,120.326358906746,22.5960146329001
5869,五甲分隊,地下,鳳山區,自強二路88號旁,120.327655,22.5953
5870,五甲分隊,地下,鳳山區,忠誠路124巷口,120.325847198078,22.5956247180779
5871,五甲分隊,地下,鳳山區,忠誠路45號與三誠路60巷口,120.326409974205,22.5938819527057
5872,五甲分隊,地下,鳳山區,忠誠路與一致街口,120.326948424081,22.5929652542774
5873,五甲分隊,地下,鳳山區,忠誠路與自強二路5巷口,120.325464,22.597038
5874,五甲分隊,地下,鳳山區,林森路139巷44號,120.333567,22.594475
5875,五甲分隊,地下,鳳山區,林森路185巷18號前,120.333947,22.594827
5876,五甲分隊,地下,鳳山區,林森路263號對面,120.335932,22.595695
5877,五甲分隊,地下,鳳山區,林森路76巷58號前,120.332378,22.591678
5878,五甲分隊,地下,鳳山區,武慶二路56巷43弄5號,120.3347597,22.6118684
5879,五甲分隊,地下,鳳山區,武慶二路80巷26號前,120.333705233868,22.611765143587
5880,五甲分隊,地下,鳳山區,武慶二路與輜汽路口,120.332382409787,22.6158233211299
5881,五甲分隊,地下,鳳山區,武營路106巷55號,120.3388432,22.6084039
5882,五甲分隊,地下,鳳山區,武營路134巷54號,120.339079,22.609066
5883,五甲分隊,地下,鳳山區,武營路21號,120.3376841,22.60836
5884,五甲分隊,地下,鳳山區,武營路230巷23號,120.338146,22.611219
5885,五甲分隊,地下,鳳山區,武營路230巷口,120.3377544,22.6111854
5886,五甲分隊,地下,鳳山區,武營路255巷32號前,120.3363542,22.6115589
5887,五甲分隊,地下,鳳山區,武營路273巷32號前,120.3364335,22.6119866
5888,五甲分隊,地下,鳳山區,武營路287巷32號前,120.336354,22.612262
5889,五甲分隊,地下,鳳山區,武營路52巷21號前,120.3386223,22.6072371
5890,五甲分隊,地下,鳳山區,武營路52巷25弄14號,120.33873,22.607833
5891,五甲分隊,地下,鳳山區,武營路52巷52號,120.3391166,22.6072407
5892,五甲分隊,地下,鳳山區,武營路52巷58號前,120.3392658,22.6072515
5893,五甲分隊,地下,鳳山區,武營路52巷82號,120.339972,22.6072947
5894,五甲分隊,地下,鳳山區,武營路與崗山北街口,120.337542761377,22.6103179646034
5895,五甲分隊,地下,鳳山區,武營路與新富路口（正中央）,120.337253082803,22.6126503906236
5896,五甲分隊,地下,鳳山區,武營路與輜汽路口,120.33668981891,22.6164634010643
5897,五甲分隊,地下,鳳山區,保泰路220巷25號前,120.331885,22.60049
5898,五甲分隊,地下,鳳山區,保泰路220巷與保泰路口,120.331501037296,22.6010591328008
5899,五甲分隊,地下,鳳山區,保泰路270巷26-2號前,120.33324,22.60033
5900,五甲分隊,地下,鳳山區,保泰路370巷與善和街口,120.3353897,22.6027588
5901,五甲分隊,地下,鳳山區,保泰路與南華路口,120.336768610342,22.604227557242
5902,五甲分隊,地下,鳳山區,保泰路與善美路口（永和豆漿前）,120.333169085844,22.6019965129558
5903,五甲分隊,地下,鳳山區,保泰路與鳳南路口（中油華豐加油站前）,120.334579927786,22.6027517539722
5904,五甲分隊,地下,鳳山區,勇志街25號,120.324897530025,22.5955682228066
5905,五甲分隊,地下,鳳山區,南正一路48巷與南正一路（南成國小旁）,120.336598873472,22.5951203502887
5906,五甲分隊,地下,鳳山區,南正一路與南光街口,120.335505,22.596521
5907,五甲分隊,地下,鳳山區,南正二路128巷17號前,120.332133,22.599389
5908,五甲分隊,地下,鳳山區,南正二路150巷8號旁,120.331572,22.599598
5909,五甲分隊,地下,鳳山區,南正二路185號前,120.330380861377,22.5998436448698
5910,五甲分隊,地下,鳳山區,南正二路53號前,120.3334673,22.5981172
5911,五甲分隊,地下,鳳山區,南正二路64巷47弄2號旁,120.334257,22.598999
5912,五甲分隊,地下,鳳山區,南正二路64巷95號前,120.334838,22.599682
5913,五甲分隊,地下,鳳山區,南正二路67號前,120.333088,22.598298
5914,五甲分隊,地下,鳳山區,南正二路99號前,120.332269,22.598677
5915,五甲分隊,地下,鳳山區,南正二路和南榮路1巷口交叉路口,120.331564,22.598998
5916,五甲分隊,地下,鳳山區,南正二路與保泰路口,120.330085732788,22.6003603832447
5917,五甲分隊,地下,鳳山區,南光街206號前,120.3337058,22.5953159
5918,五甲分隊,地下,鳳山區,南光街27號,120.329531728836,22.5924157953111
5919,五甲分隊,地下,鳳山區,南光街89號前,120.331524899475,22.5938017774971
5920,五甲分隊,地下,鳳山區,南光街與天興街口,120.330625447607,22.593132176213
5921,五甲分隊,地下,鳳山區,南安路38號前,120.32468,22.587377
5922,五甲分隊,地下,鳳山區,南安路與五福二路口,120.325833685983,22.5881544044745
5923,五甲分隊,地下,鳳山區,南安路與福安一街口,120.3252436,22.5867973
5924,五甲分隊,地下,鳳山區,南成街與五甲二路口,120.3342874,22.5929218
5925,五甲分隊,地下,鳳山區,南江街118號前,120.338374836806,22.6013847627749
5926,五甲分隊,地下,鳳山區,南江街168號前,120.339777,22.602261
5927,五甲分隊,地下,鳳山區,南江街197巷4弄20號旁,120.3403697,22.6035342
5928,五甲分隊,地下,鳳山區,南江街202號旁,120.340439,22.602686
5929,五甲分隊,地下,鳳山區,南江街53巷口,120.337328193918,22.6006693791913
5930,五甲分隊,地下,鳳山區,南江街與三商街口,120.335696463915,22.5996053465474
5931,五甲分隊,地下,鳳山區,南京路143號,120.3453646,22.6088924
5932,五甲分隊,地下,鳳山區,南京路387巷11號前,120.34488,22.613888
5933,五甲分隊,地下,鳳山區,南京路393巷4號前,120.344899,22.614871
5934,五甲分隊,地下,鳳山區,南京路393巷和南京路路口,120.345449,22.614839
5935,五甲分隊,地下,鳳山區,南京路421巷10號前,120.3450841,22.6156466
5936,五甲分隊,地下,鳳山區,南京路435號前,120.3455054,22.6158258
5937,五甲分隊,地下,鳳山區,南京路445巷1號前,120.345381,22.616583
5938,五甲分隊,地下,鳳山區,南京路與海洋一路診所前,120.34536,22.609995
5939,五甲分隊,地下,鳳山區,南京路與輜汽路交叉路口,120.345559,22.61741
5940,五甲分隊,地下,鳳山區,南和街175巷21弄11號,120.336675,22.594295
5941,五甲分隊,地下,鳳山區,南昌街102巷9號旁,120.340386,22.604906
5942,五甲分隊,地下,鳳山區,南昌街126號前,120.3397324,22.6051029
5943,五甲分隊,地下,鳳山區,南昌街54巷19號,120.341438,22.60415
5944,五甲分隊,地下,鳳山區,南昌街與五甲二路口,120.341506,22.6021
5945,五甲分隊,地下,鳳山區,南富街52號前（林森路373巷19號旁）,120.339221395141,22.5988214116814
5946,五甲分隊,地下,鳳山區,南華路32巷17號前,120.3407982,22.6002232
5947,五甲分隊,地下,鳳山區,南華路34號前,120.3403074,22.5998868
5948,五甲分隊,地下,鳳山區,南華路和華興街路口（OK超商前）,120.337419,22.603556
5949,五甲分隊,地下,鳳山區,南華路與南榮路口,120.338077351837,22.6025600644116
5950,五甲分隊,地下,鳳山區,南華路與華興街口（全家超商）,120.337397411852,22.6035096825734
5951,五甲分隊,地下,鳳山區,南貴街91號前,120.338084,22.5991203
5952,五甲分隊,地下,鳳山區,南進三街79號前,120.328849,22.58957
5953,五甲分隊,地下,鳳山區,南進五街121號前,120.329466,22.587802
5954,五甲分隊,地下,鳳山區,南進五街2號前,120.32865,22.588532
5955,五甲分隊,地下,鳳山區,南進五街80號,120.329646,22.588645
5956,五甲分隊,地下,鳳山區,南進六街6號前,120.3278572,22.587989
5957,五甲分隊,地下,鳳山區,南進四街66號左前方,120.327972,22.588957
5958,五甲分隊,地下,鳳山區,南進四街76號前,120.328007,22.589114
5959,五甲分隊,地下,鳳山區,南榮路45巷40號旁,120.332734,22.600343
5960,五甲分隊,地下,鳳山區,南榮路45巷89號旁,120.332966,22.601031
5961,五甲分隊,地下,鳳山區,南榮路與善士街口,120.336781167737,22.6018193170598
5962,五甲分隊,地下,鳳山區,海洋一路122號前,120.344947,22.609972
5963,五甲分隊,地下,鳳山區,海洋一路60巷55號,120.343693,22.608082
5964,五甲分隊,地下,鳳山區,海洋一路60巷口,120.343565,22.609841
5965,五甲分隊,地下,鳳山區,崗山北街172巷口,120.333807,22.610086
5966,五甲分隊,地下,鳳山區,崗山北街2巷13號前,120.33823,22.611516
5967,五甲分隊,地下,鳳山區,崗山北街2巷19號前,120.338126,22.611707
5968,五甲分隊,地下,鳳山區,崗山北街4號前,120.338670186508,22.6107140538442
5969,五甲分隊,地下,鳳山區,崗山北街78巷口,120.336073,22.610032
5970,五甲分隊,地下,鳳山區,凱旋路344巷11號旁（轉角處）,120.344275,22.616974
5971,五甲分隊,地下,鳳山區,凱旋路352號前,120.3442521,22.6167153
5972,五甲分隊,地下,鳳山區,凱興街福誠一街路口,120.322776,22.591162
5973,五甲分隊,地下,鳳山區,善士街與保泰路口,120.335459254492,22.6034874846656
5974,五甲分隊,地下,鳳山區,善士街與華興街口,120.3361459,22.6026852
5975,五甲分隊,地下,鳳山區,善志街37號旁,120.335883,22.601914
5976,五甲分隊,地下,鳳山區,善志街和善美路口,120.334137,22.600715
5977,五甲分隊,地下,鳳山區,善志街與鳳南路口（7-11旁）,120.335539660049,22.601506891566
5978,五甲分隊,地下,鳳山區,善和街與三商街口,120.334209528033,22.6018871772572
5979,五甲分隊,地下,鳳山區,善和街與善政街口,120.33650549895,22.6034026087087
5980,五甲分隊,地下,鳳山區,善政街與善志街口,120.337067478574,22.6026723427987
5981,五甲分隊,地下,鳳山區,善美路29巷3號前,120.33393,22.600738
5982,五甲分隊,地下,鳳山區,善美路47號旁,120.333709,22.601096
5983,五甲分隊,地下,鳳山區,華江街57號旁,120.337769627683,22.6016466651003
5984,五甲分隊,地下,鳳山區,華興街103號前,120.338791,22.604573
5985,五甲分隊,地下,鳳山區,華興街125巷56號旁,120.3381544,22.6046739
5986,五甲分隊,地下,鳳山區,華興街154巷與南昌街76巷口,120.341282,22.604722
5987,五甲分隊,地下,鳳山區,華興街61號前交叉路口,120.337916,22.603979
5988,五甲分隊,地下,鳳山區,新民街與新安街口,120.3426579,22.6120047
5989,五甲分隊,地下,鳳山區,新安街86號,120.344168,22.612462
5990,五甲分隊,地下,鳳山區,新昌街82號前,120.342926,22.609437
5991,五甲分隊,地下,鳳山區,新國街17巷口左前方（人行道）,120.343899,22.610583
5992,五甲分隊,地下,鳳山區,新康街102號,120.3445138,22.6076162
5993,五甲分隊,地下,鳳山區,新康街316-2號前,120.343783,22.614916
5994,五甲分隊,地下,鳳山區,新康街356巷13號前（衛武首席大樓）,120.344484,22.616083
5995,五甲分隊,地下,鳳山區,新康街上（385巷口和387巷口中間）,120.344207,22.613792
5996,五甲分隊,地下,鳳山區,新康街和凱旋路口（全家超商前）,120.343391,22.616848
5997,五甲分隊,地下,鳳山區,新康街和新強路路口（洗車場旁）,120.344387,22.61116
5998,五甲分隊,地下,鳳山區,新強路120巷35號,120.340854830689,22.6115090000001
5999,五甲分隊,地下,鳳山區,新強路235巷16號前,120.338941,22.611858
6000,五甲分隊,地下,鳳山區,新強路249巷20號,120.338834,22.612279
6001,五甲分隊,地下,鳳山區,新強路305巷底停車場前,120.338334,22.613972
6002,五甲分隊,地下,鳳山區,新強路85號右前,120.3420246,22.6107083
6003,五甲分隊,地下,鳳山區,新強路與大明路口,120.341586657425,22.6106891314748
6004,五甲分隊,地下,鳳山區,新強路與新民街口,120.342970677277,22.6111793885855
6005,五甲分隊,地下,鳳山區,新富路12號前,120.333203,22.612222
6006,五甲分隊,地下,鳳山區,新富路231號旁,120.338621,22.61282
6007,五甲分隊,地下,鳳山區,新富路324巷口,120.342461,22.612746
6008,五甲分隊,地下,鳳山區,新富路388號對面停車格,120.344098,22.613023
6009,五甲分隊,地下,鳳山區,新富路和大明路口,120.34138,22.612809
6010,五甲分隊,地下,鳳山區,新富路和新強路口,120.339315,22.612799
6011,五甲分隊,地下,鳳山區,新富路新甲國小前（停車格）,120.339989,22.612842
6012,五甲分隊,地下,鳳山區,新富路與新甲路口,120.335420417166,22.6124412456438
6013,五甲分隊,地下,鳳山區,新富路與新康街口,120.344260978079,22.6129463525697
6014,五甲分隊,地下,鳳山區,新樂街168號,120.340375,22.6096416666667
6015,五甲分隊,地下,鳳山區,新樂街177號,120.340659,22.608534
6016,五甲分隊,地下,鳳山區,新樂街95號前,120.343594,22.608793
6017,五甲分隊,地下,鳳山區,新樂街與新昌街口,120.3429297,22.6087208
6018,五甲分隊,地下,鳳山區,瑞隆東路268巷15號,120.339097,22.606709
6019,五甲分隊,地下,鳳山區,漢慶街131號,120.333512,22.613208
6020,五甲分隊,地下,鳳山區,漢慶街94號,120.334446,22.613278
6021,五甲分隊,地下,鳳山區,漁村街116前,120.328787,22.587814
6022,五甲分隊,地下,鳳山區,漁村街35號前,120.326787,22.586522
6023,五甲分隊,地下,鳳山區,漁村街67號前,120.327437,22.586889
6024,五甲分隊,地下,鳳山區,漁村街92巷18號前,120.3282184,22.5867468
6025,五甲分隊,地下,鳳山區,漁村街92巷8號前,120.328141,22.5868441
6026,五甲分隊,地下,鳳山區,漁村街92巷9弄8號前,120.3283864,22.5870372
6027,五甲分隊,地下,鳳山區,漁村街與南安路口（地下式）,120.325914,22.585902
6028,五甲分隊,地下,鳳山區,福安一街106號前,120.328096371164,22.5885569305195
6029,五甲分隊,地下,鳳山區,福安一街40號前,120.3260294,22.5872982
6030,五甲分隊,地下,鳳山區,福安一街97號前,120.327368,22.588318
6031,五甲分隊,地下,鳳山區,福安一街與五福二路口,120.326993150263,22.5877364547884
6032,五甲分隊,地下,鳳山區,福安二街105巷12弄35號前,120.334872,22.592803
6033,五甲分隊,地下,鳳山區,福安二街105巷27號,120.3342078,22.5922885
6034,五甲分隊,地下,鳳山區,福安二街121號前,120.334911,22.592082
6035,五甲分隊,地下,鳳山區,福安二街133巷31號前,120.3344299,22.593025
6036,五甲分隊,地下,鳳山區,福安二街165巷20號前,120.335316,22.593013
6037,五甲分隊,地下,鳳山區,福安二街20巷27弄11號前,120.331063,22.588818
6038,五甲分隊,地下,鳳山區,福安二街21巷口,120.330754,22.58915
6039,五甲分隊,地下,鳳山區,福安二街280號前,120.335579,22.592499
6040,五甲分隊,地下,鳳山區,福安二街52巷42號前,120.331845,22.588782
6041,五甲分隊,地下,鳳山區,福安二街72巷口,120.331754,22.589824
6042,五甲分隊,地下,鳳山區,福安二街86巷27號前,120.332553,22.589568
6043,五甲分隊,地下,鳳山區,福安二街與錦田路口,120.33409860318,22.591299690711
6044,五甲分隊,地下,鳳山區,福祥街3號旁,120.324354419644,22.5912631713964
6045,五甲分隊,地下,鳳山區,福誠一街與福誠五街口,120.324769,22.592366
6046,五甲分隊,地下,鳳山區,福誠二街79-99號（哲林大樓對面）,120.32365,22.592655
6047,五甲分隊,地下,鳳山區,福誠二街與福誠五街口,120.324147,22.593059
6048,五甲分隊,地下,鳳山區,福誠三街尾轉角處,120.322733,22.593119
6049,五甲分隊,地下,鳳山區,福誠三街與福誠五街口,120.323518,22.593805
6050,五甲分隊,地下,鳳山區,福誠五街公園旁,120.323363,22.593978
6051,五甲分隊,地下,鳳山區,福德街53巷1號左前方,120.328365796295,22.5910830422518
6052,五甲分隊,地下,鳳山區,鳳南路85巷與鳳南路口,120.337868945508,22.5982165353266
6053,五甲分隊,地下,鳳山區,鳳南路與南江街口,120.336489299267,22.6000939575487
6054,五甲分隊,地下,鳳山區,輜汽北二路11-1號前（通航汽車前）,120.334158,22.617835
6055,五甲分隊,地下,鳳山區,輜汽南路9號前（安發汽車前）,120.33359,22.614832
6056,五甲分隊,地下,鳳山區,輜汽路300號大門右前,120.3420008,22.6168771
6057,五甲分隊,地下,鳳山區,輜汽路與輜汽北一路口（貴賓汽車旁）,120.332902,22.616022
6058,五甲分隊,地下,鳳山區,輜汽路與輜汽北二路口,120.334472550232,22.6162068257513
6059,五甲分隊,地下,鳳山區,興隆街33巷10號旁,120.344155,22.605077
6060,五甲分隊,地下,鳳山區,興隆街33巷30號旁,120.343776,22.604752
6061,五甲分隊,地下,鳳山區,興隆街33巷口,120.343982,22.605547
6062,五甲分隊,地下,鳳山區,錦田路71號前,120.333253,22.592296
6063,五甲分隊,地下,鳳山區,龍成路109巷19號旁,120.328246,22.59775
6064,五甲分隊,地下,鳳山區,龍成路123巷28號前,120.328718122684,22.5990311424397
6065,五甲分隊,地下,鳳山區,龍成路123巷與保泰路口（東急屋旁）,120.328291306082,22.5994915857711
6066,五甲分隊,地下,鳳山區,龍成路123巷與龍成路口,120.329329320971,22.5981973253531
6067,五甲分隊,地下,鳳山區,龍成路143巷7號旁,120.329665146558,22.5986987890407
6068,五甲分隊,地下,鳳山區,龍成路173號旁,120.330313327717,22.5989278686158
6069,五甲分隊,地下,鳳山區,龍成路34巷33號旁,120.3305384,22.5960763
6070,五甲分隊,地下,鳳山區,龍成路34巷與龍成路口,120.329645,22.595607
6071,五甲分隊,地下,鳳山區,龍成路與五甲二路口,120.330201,22.594826
6072,五甲分隊,地下,鳳山區,龍成路與南正二路口,120.330839638376,22.599283599996
6073,五甲分隊,地下,鳳山區,鎮南街131號前,120.3309313,22.5971509
6074,五甲分隊,地下,鳳山區,鎮南街59巷與龍成路口,120.329075,22.597944
6075,鳳山分隊,地下,鳳山區,中山東路385巷18之2號前,120.37722107023,22.6281161790956
6076,鳳山分隊,地下,鳳山區,八德路431號前,120.354679450393,22.6417797093431
6077,鳳山分隊,地下,鳳山區,八德路二段181號,120.354954467348,22.6427899904217
6078,鳳山分隊,地下,鳳山區,八德路二段216號前,120.353137850761,22.6456766949558
6079,鳳山分隊,地下,鳳山區,力行路與明和街口,120.367516358826,22.6389816074222
6080,鳳山分隊,地下,鳳山區,三民路139號前,120.360773008598,22.6231689885333
6081,鳳山分隊,地下,鳳山區,三民路與光遠路口（多拿之前）,120.358125904599,22.6261069487291
6082,鳳山分隊,地下,鳳山區,大東一路10巷1號前,120.362136997283,22.6249311069901
6083,鳳山分隊,地下,鳳山區,大東一路48號前,120.362052507699,22.6239262404206
6084,鳳山分隊,地下,鳳山區,大東一路與光遠路口,120.362617447972,22.6253671555199
6085,鳳山分隊,地下,鳳山區,大東二路102巷10號前,120.358424542328,22.6190566453659
6086,鳳山分隊,地下,鳳山區,大東二路114號前叉口,120.358560942113,22.6185901428172
6087,鳳山分隊,地下,鳳山區,大東二路170巷口,120.357468277216,22.6173271143483
6088,鳳山分隊,地下,鳳山區,大東二路210號左前叉口,120.356891937554,22.6165796906659
6089,鳳山分隊,地下,鳳山區,大東二路與立德街口,120.360257774591,22.6207484988495
6090,鳳山分隊,地下,鳳山區,工協街25號前,120.373182334006,22.6299185035633
6091,鳳山分隊,地下,鳳山區,中山西路152巷15號前,120.351628635582,22.6286229542032
6092,鳳山分隊,地下,鳳山區,中山西路155巷口,120.351129211485,22.6274260657708
6093,鳳山分隊,地下,鳳山區,中山西路248號前,120.345689079467,22.628093182182
6094,鳳山分隊,地下,鳳山區,中山東路129號前,120.367891006172,22.6228362598167
6095,鳳山分隊,地下,鳳山區,中山東路130巷117號前,120.375742837787,22.6238974591018
6096,鳳山分隊,地下,鳳山區,中山東路130巷157號前,120.375681722229,22.6239353802424
6097,鳳山分隊,地下,鳳山區,中山東路130巷45號前,120.374486893415,22.6248918037544
6098,鳳山分隊,地下,鳳山區,中山東路152巷106號前,120.376283638179,22.6242641883588
6099,鳳山分隊,地下,鳳山區,中山東路152巷44號前,120.375376716256,22.6250307576632
6100,鳳山分隊,地下,鳳山區,中山東路168巷108號前,120.376777164638,22.6242966833091
6101,鳳山分隊,地下,鳳山區,中山東路168巷52號前,120.375735983673,22.625115190944
6102,鳳山分隊,地下,鳳山區,中山東路178巷24號前,120.375581870412,22.6256886486337
6103,鳳山分隊,地下,鳳山區,中山東路178巷66號前,120.376609861851,22.6248549763029
6104,鳳山分隊,地下,鳳山區,中山東路192巷101弄口,120.378023071025,22.6248762702188
6105,鳳山分隊,地下,鳳山區,中山東路192巷105弄1號前,120.378593020141,22.6244473978829
6106,鳳山分隊,地下,鳳山區,中山東路214巷2號前,120.376194790006,22.6263562285348
6107,鳳山分隊,地下,鳳山區,中山東路229巷15弄46號前,120.370887368917,22.6267285216966
6108,鳳山分隊,地下,鳳山區,中山東路229巷15弄71號前,120.370043814187,22.6263410925779
6109,鳳山分隊,地下,鳳山區,中山東路229巷15弄口,120.371381901205,22.6271360933535
6110,鳳山分隊,地下,鳳山區,中山東路229巷2-5號前,120.373235145421,22.62562633387
6111,鳳山分隊,地下,鳳山區,中山東路234巷5 0號前,120.377089977264,22.62562463704
6112,鳳山分隊,地下,鳳山區,中山東路262巷8弄5號前,120.377675369382,22.6264221458513
6113,鳳山分隊,地下,鳳山區,中山東路274巷13號前,120.37903893739,22.6270961718095
6114,鳳山分隊,地下,鳳山區,中山東路287巷25號前,120.375744514167,22.6266168029069
6115,鳳山分隊,地下,鳳山區,中山東路290巷108號前,120.380373001099,22.6252631724617
6116,鳳山分隊,地下,鳳山區,中山東路290巷21號前,120.379491560161,22.6270658438071
6117,鳳山分隊,地下,鳳山區,中山東路290巷44號前,120.37983186543,22.6263129025818
6118,鳳山分隊,地下,鳳山區,中山東路290巷57弄45號前,120.380835011601,22.6266140176727
6119,鳳山分隊,地下,鳳山區,中山東路325巷9弄1號前,120.375970155001,22.627223054196
6120,鳳山分隊,地下,鳳山區,中山東路371巷44號前,120.376820790371,22.6279797308
6121,鳳山分隊,地下,鳳山區,中山東路380巷56弄尾,120.381213811657,22.626400318942
6122,鳳山分隊,地下,鳳山區,中山東路380巷81號前,120.382581464946,22.6262556504087
6123,鳳山分隊,地下,鳳山區,中山東路38巷31號前,120.369284166253,22.6225501003699
6124,鳳山分隊,地下,鳳山區,中山東路38巷53弄一號前（汽車道上）,120.369768887758,22.6221055780322
6125,鳳山分隊,地下,鳳山區,中山東路46巷16號後面,120.369346775115,22.6229987361788
6126,鳳山分隊,地下,鳳山區,中山東路46巷43號前,120.369950038029,22.6226536283045
6127,鳳山分隊,地下,鳳山區,中山東路58巷1號前,120.369637794793,22.6236115024454
6128,鳳山分隊,地下,鳳山區,中山東路60巷9號前,120.370456428819,22.6233232379116
6129,鳳山分隊,地下,鳳山區,中山東路66巷33號前,120.371234003058,22.6233321063803
6130,鳳山分隊,地下,鳳山區,中山東路66巷90號前,120.371918678284,22.6227062785888
6131,鳳山分隊,地下,鳳山區,中山東路69號前,120.3667614609,22.6218267357176
6132,鳳山分隊,地下,鳳山區,中山東路76巷30號前,120.371680798777,22.6232934236217
6133,鳳山分隊,地下,鳳山區,中山東路76巷56號前,120.372226116568,22.6227693289571
6134,鳳山分隊,地下,鳳山區,中山東路82巷13號前,120.372024530671,22.6234490038851
6135,鳳山分隊,地下,鳳山區,中山東路90巷與四維街口,120.373373441398,22.6244340904426
6136,鳳山分隊,地下,鳳山區,中山路154號前,120.356694753985,22.6257218105508
6137,鳳山分隊,地下,鳳山區,中山路30號關帝廟前,120.360694009175,22.6212728708174
6138,鳳山分隊,地下,鳳山區,中正路32號,120.359310284257,22.6252541977297
6139,鳳山分隊,地下,鳳山區,中正路與鳳明街口,120.360038504004,22.6269219404392
6140,鳳山分隊,地下,鳳山區,中正路與鳳崗路口,120.360500605169,22.6283130390727
6141,鳳山分隊,地下,鳳山區,中利街56號前,120.345049984753,22.6273941904977
6142,鳳山分隊,地下,鳳山區,中利街90號前,120.345942489803,22.6274777470232
6143,鳳山分隊,地下,鳳山區,中和街100號前,120.351716950536,22.6265994725602
6144,鳳山分隊,地下,鳳山區,中和街142號前,120.350575335324,22.6265722391538
6145,鳳山分隊,地下,鳳山區,中和街166號前,120.350032187998,22.6265545993309
6146,鳳山分隊,地下,鳳山區,中和街中安街口,120.349917188287,22.6265573845662
6147,鳳山分隊,地下,鳳山區,中信街41號前,120.347063653171,22.6274437054819
6148,鳳山分隊,地下,鳳山區,中泰街23巷口,120.34598339349,22.6260625402003
6149,鳳山分隊,地下,鳳山區,中泰街33巷15號前,120.345727913082,22.6263599421872
6150,鳳山分隊,地下,鳳山區,中泰街33巷底(與中利街口),120.345050655305,22.6263596327162
6151,鳳山分隊,地下,鳳山區,"中泰街45巷側與中利街口(中利街87,89之間)",120.345048643649,22.6269055385404
6152,鳳山分隊,地下,鳳山區,中泰街59巷27號前,120.34594014287,22.6277776216912
6153,鳳山分隊,地下,鳳山區,中泰街與中利街口,120.345988087356,22.625715003036
6154,鳳山分隊,地下,鳳山區,中華街23號前,120.35586733371,22.6267795842711
6155,鳳山分隊,地下,鳳山區,中華街與忠義街口,120.35615131259,22.6279051223838
6156,鳳山分隊,地下,鳳山區,中樂街12號前,120.34650541842,22.625715621981
6157,鳳山分隊,地下,鳳山區,五甲一路104巷1號前（玉山銀行旁）,120.35691909492,22.6208846715955
6158,鳳山分隊,地下,鳳山區,五甲一路150巷13號前,120.355531723296,22.6202434113216
6159,鳳山分隊,地下,鳳山區,五甲一路192巷巷口,120.355467476283,22.6188987917683
6160,鳳山分隊,地下,鳳山區,五甲一路224巷口,120.355025455356,22.6183623590744
6161,鳳山分隊,地下,鳳山區,五權路130號前,120.354524888098,22.6300512631364
6162,鳳山分隊,地下,鳳山區,五權路132巷2弄19號前,120.355132073164,22.6298176185805
6163,鳳山分隊,地下,鳳山區,五權路55號前,120.35397503525,22.6275863704305
6164,鳳山分隊,地下,鳳山區,五權路與忠義街口,120.353992784638,22.6278742372426
6165,鳳山分隊,地下,鳳山區,仁愛路60巷口,120.372551009059,22.6245182677177
6166,鳳山分隊,地下,鳳山區,仁義街83巷口,120.351813845336,22.6316904774147
6167,鳳山分隊,地下,鳳山區,仁義街與忠孝街口,120.351565405726,22.6298210226762
6168,鳳山分隊,地下,鳳山區,文中街163號前,120.355224944651,22.6412972972877
6169,鳳山分隊,地下,鳳山區,文中街34號前,120.358452983201,22.6407789886693
6170,鳳山分隊,地下,鳳山區,文中街與青年路二段口,120.351348482072,22.6419727974652
6171,鳳山分隊,地下,鳳山區,文化西路160巷23號,120.34601585138,22.6358659976623
6172,鳳山分隊,地下,鳳山區,文化西路88巷8號前（28早餐旁巷子）,120.3478384763,22.635345787014
6173,鳳山分隊,地下,鳳山區,文化路45之9號前對面,120.356880873442,22.6335719754612
6174,鳳山分隊,地下,鳳山區,文化路6號前,120.354720349702,22.633943209641
6175,鳳山分隊,地下,鳳山區,文化路87號前,120.353081023314,22.6342156632149
6176,鳳山分隊,地下,鳳山區,文西街125號,120.353881157935,22.6376533141666
6177,鳳山分隊,地下,鳳山區,文和街62號前,120.360317909804,22.6339110540759
6178,鳳山分隊,地下,鳳山區,文武街120號,120.3452052176,22.6355478301351
6179,鳳山分隊,地下,鳳山區,文武街160巷巷口,120.344545729458,22.6347059819571
6180,鳳山分隊,地下,鳳山區,文建街101巷36號前,120.345589444041,22.6321679718746
6181,鳳山分隊,地下,鳳山區,文英路49巷15號前,120.359365269542,22.6374633144335
6182,鳳山分隊,地下,鳳山區,文英路49巷口,120.359873883426,22.6373463437831
6183,鳳山分隊,地下,鳳山區,文英路79巷口,120.36007001996,22.6378965381972
6184,鳳山分隊,地下,鳳山區,文苑街與明昌西街口,120.358579717577,22.6326835278667
6185,鳳山分隊,地下,鳳山區,文康街與團管處後門,120.355772785842,22.6327160208266
6186,鳳山分隊,地下,鳳山區,文教路15號前,120.351963043213,22.6336038493015
6187,鳳山分隊,地下,鳳山區,文清街112號前,120.353520736098,22.6449167388367
6188,鳳山分隊,地下,鳳山區,文清街119巷口,120.352471280701,22.644842105962
6189,鳳山分隊,地下,鳳山區,文清街90巷口對面,120.353532069933,22.6449419141747
6190,鳳山分隊,地下,鳳山區,文智街57號前,120.356243513525,22.6404918293809
6191,鳳山分隊,地下,鳳山區,文雅東街47號前,120.359510317791,22.6345850119872
6192,鳳山分隊,地下,鳳山區,文雅街123號前,120.351126194,22.635830048562
6193,鳳山分隊,地下,鳳山區,文雅街48巷26號前,120.354905426502,22.6358411887512
6194,鳳山分隊,地下,鳳山區,文雅街與文昌街口,120.353779569268,22.6354051734508
6195,鳳山分隊,地下,鳳山區,文雅街與文明街口,120.354969128966,22.6351950562862
6196,鳳山分隊,地下,鳳山區,文殿街69號,120.351733714342,22.638483863661
6197,鳳山分隊,地下,鳳山區,文聖街181號前,120.352956582838,22.6319431809437
6198,鳳山分隊,地下,鳳山區,文聖街93號前,120.352532342076,22.6291562940221
6199,鳳山分隊,地下,鳳山區,文聖街與中和街口,120.352456904948,22.6266362995443
6200,鳳山分隊,地下,鳳山區,文福街10號旁,120.349726751447,22.6331421420758
6201,鳳山分隊,地下,鳳山區,文福街36號前（大樓前）,120.34854054451,22.6333519529243
6202,鳳山分隊,地下,鳳山區,文學街18巷2弄6號前,120.347597748041,22.6364563733512
6203,鳳山分隊,地下,鳳山區,文學街40號前,120.346628129482,22.6359804410397
6204,鳳山分隊,地下,鳳山區,文興街與文康街24巷口,120.357215982803,22.6328972403398
6205,鳳山分隊,地下,鳳山區,文衡路115巷口,120.356563928363,22.6375431972247
6206,鳳山分隊,地下,鳳山區,文衡路236號(郵局前),120.356181487441,22.6384770558987
6207,鳳山分隊,地下,鳳山區,文衡路307號與文德路口,120.353227034211,22.6404030202984
6208,鳳山分隊,地下,鳳山區,文衡路與文雅東街口,120.358239946896,22.6345825943176
6209,鳳山分隊,地下,鳳山區,文衡路與和平路口,120.357775054872,22.6322530727869
6210,鳳山分隊,地下,鳳山區,文龍東路503巷3號前,120.35925462842,22.6407650639332
6211,鳳山分隊,地下,鳳山區,文龍東路539巷口（園藝試驗所大門前）,120.358558595181,22.6412812065421
6212,鳳山分隊,地下,鳳山區,文龍東路585號對面,120.357524603605,22.6415553678347
6213,鳳山分隊,地下,鳳山區,文龍東路59號右側10公尺處,120.37339925766,22.6413582564414
6214,鳳山分隊,地下,鳳山區,文龍東路747號前,120.353867411613,22.6426872830438
6215,鳳山分隊,地下,鳳山區,文龍東路791巷口對面,120.352204442024,22.6430586036612
6216,鳳山分隊,地下,鳳山區,文龍東路園藝試驗所大門東方50公尺處,120.360436812043,22.6408662503169
6217,鳳山分隊,地下,鳳山區,文龍東路與八德路口,120.355008356273,22.6423871314778
6218,鳳山分隊,地下,鳳山區,文龍東路與北文街口,120.368520319462,22.64076135067
6219,鳳山分隊,地下,鳳山區,文龍東路與北辰街15巷口,120.3656604141,22.6405462906714
6220,鳳山分隊,地下,鳳山區,文龍東路與北辰街41號旁,120.366494581103,22.6405923970879
6221,鳳山分隊,地下,鳳山區,文龍東路與北賢街口10公尺處,120.370079018176,22.6409310916914
6222,鳳山分隊,地下,鳳山區,文龍東路與鳳仁路110巷口10公尺處,120.374837256968,22.6417196786857
6223,鳳山分隊,地下,鳳山區,文龍東路與鳳仁路97之4號前,120.371568985283,22.6411045176539
6224,鳳山分隊,地下,鳳山區,文藝街20巷口,120.35665422678,22.6423728974697
6225,鳳山分隊,地下,鳳山區,文藝街260號前,120.352223217487,22.6436050620107
6226,鳳山分隊,地下,鳳山區,文藝街80號,120.355133414268,22.6428766566841
6227,鳳山分隊,地下,鳳山區,文藝街與文湖街口,120.353051684797,22.643398051714
6228,鳳山分隊,地下,鳳山區,王生明路23巷21號前,120.361702479422,22.6170689983059
6229,鳳山分隊,地下,鳳山區,王生明路87號前,120.362332798541,22.618838042902
6230,鳳山分隊,地下,鳳山區,北文街與鳳誠路口,120.368829444051,22.6439200636276
6231,鳳山分隊,地下,鳳山區,北平路108號前,120.367352530671,22.6371200682809
6232,鳳山分隊,地下,鳳山區,北平路176巷口,120.365851856768,22.6373562460643
6233,鳳山分隊,地下,鳳山區,北平路214號前,120.364757180214,22.6374976629389
6234,鳳山分隊,地下,鳳山區,北榮街61巷與鎮北北巷28-1號C棟前路口,120.366484858096,22.6411366991846
6235,鳳山分隊,地下,鳳山區,北維街20號前,120.369521118701,22.641401577651
6236,鳳山分隊,地下,鳳山區,北維街與北文街口,120.368563234806,22.6412861575409
6237,鳳山分隊,地下,鳳山區,北興街46號前,120.36783836782,22.6383492555705
6238,鳳山分隊,地下,鳳山區,北興街89號旁,120.366511009634,22.638511094707
6239,鳳山分隊,地下,鳳山區,平等路102號前,120.352174993884,22.6230364777309
6240,鳳山分隊,地下,鳳山區,平等路154號前,120.351755172014,22.6214460732654
6241,鳳山分隊,地下,鳳山區,平等路172號前,120.351313679151,22.620473407649
6242,鳳山分隊,地下,鳳山區,平等路與復華街口,120.352347940207,22.6246058708317
6243,鳳山分隊,地下,鳳山區,民生路21-2號,120.360670090196,22.6249166445498
6244,鳳山分隊,地下,鳳山區,民安街2號前,120.369388883432,22.6448117250438
6245,鳳山分隊,地下,鳳山區,民安街78號前,120.368249780426,22.6448962551265
6246,鳳山分隊,地下,鳳山區,永忠街60號旁,120.369002111256,22.6460300607417
6247,鳳山分隊,地下,鳳山區,永忠街96號前,120.368206501007,22.6457364144563
6248,鳳山分隊,地下,鳳山區,永福街17號前,120.369528830051,22.6458880337969
6249,鳳山分隊,地下,鳳山區,立人街9巷34號前,120.36567664418,22.6303158797806
6250,鳳山分隊,地下,鳳山區,立志街與復興街口,120.354409191666,22.6238832554018
6251,鳳山分隊,地下,鳳山區,立信街與和興街口,120.358555912971,22.6206018035131
6252,鳳山分隊,地下,鳳山區,光明路153號前,120.359975136817,22.6251916840635
6253,鳳山分隊,地下,鳳山區,光明路34巷10弄19號前,120.363564938307,22.6224345555297
6254,鳳山分隊,地下,鳳山區,光明路34巷19號前,120.36333963275,22.6229346740932
6255,鳳山分隊,地下,鳳山區,光明路57號對面與大東一路口,120.361840696347,22.6234090502959
6256,鳳山分隊,地下,鳳山區,光復路127巷口,120.358774440799,22.6290153957341
6257,鳳山分隊,地下,鳳山區,光復路140號前,120.358115360141,22.6290359121855
6258,鳳山分隊,地下,鳳山區,光復路174巷9號前,120.35661097616,22.6294533798514
6259,鳳山分隊,地下,鳳山區,光復路1段71號前,120.352372241734,22.6291368481201
6260,鳳山分隊,地下,鳳山區,光復路2段與家樂福賣場後面（機車道上地下式）,120.348397655834,22.6292732073052
6261,鳳山分隊,地下,鳳山區,光復路90號前,120.35970825702,22.6290300323502
6262,鳳山分隊,地下,鳳山區,光復路一段143號前,120.350580723079,22.6291972261976
6263,鳳山分隊,地下,鳳山區,光復路一段160號前,120.349622495701,22.6292312117282
6264,鳳山分隊,地下,鳳山區,光復路一段1號前,120.354216769338,22.6290885212273
6265,鳳山分隊,地下,鳳山區,光復路一段98號前,120.351464023313,22.6291698972313
6266,鳳山分隊,地下,鳳山區,光復路一段與華西街口,120.353612266481,22.6290879022975
6267,鳳山分隊,地下,鳳山區,光復路二段225號前,120.344580824455,22.6293661321429
6268,鳳山分隊,地下,鳳山區,光復路二段279號對面（都會營大樓）對面,120.342619504911,22.6294655721014
6269,鳳山分隊,地下,鳳山區,光復路二段與中山西路口,120.339546427131,22.629487420895
6270,鳳山分隊,地下,鳳山區,光復路二段與澄清路口,120.344565846026,22.6293787989901
6271,鳳山分隊,地下,鳳山區,光復路與中正路口,120.360630601645,22.6289316224373
6272,鳳山分隊,地下,鳳山區,光復路與曹公路口,120.357103161514,22.6290244619796
6273,鳳山分隊,地下,鳳山區,光復路與華明街口,120.355172306299,22.6290653113584
6274,鳳山分隊,地下,鳳山區,光華東路167巷31號前,120.360110253096,22.6176514609184
6275,鳳山分隊,地下,鳳山區,光華東路與大東二路口,120.358103960752,22.618040490099
6276,鳳山分隊,地下,鳳山區,光華東路與和興街口,120.357096791267,22.6186730857168
6277,鳳山分隊,地下,鳳山區,光華南路28號,120.361711867154,22.6164772484286
6278,鳳山分隊,地下,鳳山區,光華南路58號,120.361118093133,22.6164763199487
6279,鳳山分隊,地下,鳳山區,光華南路與王生明路口,120.362504281418,22.6164897671413
6280,鳳山分隊,地下,鳳山區,光華路100巷口,120.351112782955,22.6221151719309
6281,鳳山分隊,地下,鳳山區,光華路112號與自治街口,120.350324884057,22.6220715351606
6282,鳳山分隊,地下,鳳山區,光遠路155巷71號前,120.363756716251,22.623289645757
6283,鳳山分隊,地下,鳳山區,光遠路219號前,120.360311754048,22.625795156387
6284,鳳山分隊,地下,鳳山區,光遠路238巷9弄7號,120.362621806562,22.6261767352121
6285,鳳山分隊,地下,鳳山區,光遠路317號前,120.35689274107,22.6260615508515
6286,鳳山分隊,地下,鳳山區,光遠路346號前,120.359160415828,22.6260099300003
6287,鳳山分隊,地下,鳳山區,光遠路70巷口,120.366350747645,22.6239017917738
6288,鳳山分隊,地下,鳳山區,合作街14號前,120.362154384096,22.6290732346417
6289,鳳山分隊,地下,鳳山區,合作街與中正路口,120.360674451417,22.6292075727695
6290,鳳山分隊,地下,鳳山區,安寧街28號前,120.353703126311,22.6192905135649
6291,鳳山分隊,地下,鳳山區,安寧街2巷10號左前,120.353800271164,22.6187590128932
6292,鳳山分隊,地下,鳳山區,安寧街與松江街口,120.355089828372,22.6209044785292
6293,鳳山分隊,地下,鳳山區,安寧街與長明街口,120.35552971065,22.6213321838065
6294,鳳山分隊,地下,鳳山區,成功路36-1號前,120.358615592122,22.623604384469
6295,鳳山分隊,地下,鳳山區,自由路117號前,120.352491773665,22.6259074947885
6296,鳳山分隊,地下,鳳山區,自由路189號前,120.350911282003,22.6256989104657
6297,鳳山分隊,地下,鳳山區,自由路208號人行道上,120.349237248302,22.6255166310284
6298,鳳山分隊,地下,鳳山區,自由路與中泰街口,120.346027314663,22.6251155535207
6299,鳳山分隊,地下,鳳山區,自立街122號前,120.352684341105,22.6284909453544
6300,鳳山分隊,地下,鳳山區,自立街48號前,120.354771093254,22.6285254417336
6301,鳳山分隊,地下,鳳山區,自立街68-1號前,120.353876464069,22.6285262223673
6302,鳳山分隊,地下,鳳山區,自立街與忠水街口,120.35058002919,22.6284386434166
6303,鳳山分隊,地下,鳳山區,自治街15巷19號,120.350908264518,22.6250873913986
6304,鳳山分隊,地下,鳳山區,自治街15巷口與平等路交叉,120.35237878561,22.6251430966894
6305,鳳山分隊,地下,鳳山區,自治街35巷26弄10號,120.35166028887,22.6239992768586
6306,鳳山分隊,地下,鳳山區,自治街55號前,120.350379595072,22.6240310715712
6307,鳳山分隊,地下,鳳山區,協和路與中正路口,120.360574610531,22.6301908307544
6308,鳳山分隊,地下,鳳山區,協和路與開明街口,120.358128783311,22.6304900277917
6309,鳳山分隊,地下,鳳山區,和平路60號前,120.358739644289,22.6320791574117
6310,鳳山分隊,地下,鳳山區,和平路與文和街口,120.359898133066,22.6318628160546
6311,鳳山分隊,地下,鳳山區,和德街67號,120.360686592758,22.6194610407678
6312,鳳山分隊,地下,鳳山區,和興街與長明街口,120.357870619852,22.6197690943397
6313,鳳山分隊,地下,鳳山區,府前路29號前,120.343819219246,22.6293578451544
6314,鳳山分隊,地下,鳳山區,府前路42號前,120.343794375658,22.6293104073762
6315,鳳山分隊,地下,鳳山區,忠孝街與文聖街口,120.35256318748,22.6297770788886
6316,鳳山分隊,地下,鳳山區,忠孝街與華西街口,120.353658731658,22.6297754526833
6317,鳳山分隊,地下,鳳山區,忠義街18號前,120.355281941593,22.6279134780076
6318,鳳山分隊,地下,鳳山區,忠義街與文聖街口,120.352382808924,22.6278562265011
6319,鳳山分隊,地下,鳳山區,明和街30號前,120.36729555577,22.6379720427705
6320,鳳山分隊,地下,鳳山區,明昌街5號前,120.361344404519,22.632219651344
6321,鳳山分隊,地下,鳳山區,東門街56號前,120.374040640891,22.622736607553
6322,鳳山分隊,地下,鳳山區,東福街14巷32號前,120.375363305211,22.6233883691867
6323,鳳山分隊,地下,鳳山區,松江街13號左前,120.358527414501,22.6186096405929
6324,鳳山分隊,地下,鳳山區,武松街102號左前,120.363532111028,22.6377446092846
6325,鳳山分隊,地下,鳳山區,武松街142號前,120.363728921461,22.6385588204231
6326,鳳山分隊,地下,鳳山區,花園街25號前,120.361552682209,22.6275450438507
6327,鳳山分隊,地下,鳳山區,花園街與民生路口,120.361255556345,22.6276680700307
6328,鳳山分隊,地下,鳳山區,長安街39號前,120.357292257249,22.6178182762707
6329,鳳山分隊,地下,鳳山區,長明街7號前,120.358973873051,22.6190572517339
6330,鳳山分隊,地下,鳳山區,長興街36號前,120.356737375259,22.6174320318817
6331,鳳山分隊,地下,鳳山區,青年路2段236號前,120.350810028613,22.6385284235516
6332,鳳山分隊,地下,鳳山區,青年路2段與文藝街口(小北百貨對面),120.351674035192,22.6436864426548
6333,鳳山分隊,地下,鳳山區,青年路一段248巷24號與光華路92巷叉口,120.351688787341,22.6226530481457
6334,鳳山分隊,地下,鳳山區,青年路一段262巷5弄19號前,120.349817946553,22.6250016671015
6335,鳳山分隊,地下,鳳山區,青年路一段262巷口,120.349345207214,22.6239318109978
6336,鳳山分隊,地下,鳳山區,青年路一段光華路口,120.349411927164,22.6219944744474
6337,鳳山分隊,地下,鳳山區,青年路一段與自由路口2,120.349257700145,22.6255030142186
6338,鳳山分隊,地下,鳳山區,青年路二段103巷22號(王母宮廟前),120.349068269134,22.6320689452921
6339,鳳山分隊,地下,鳳山區,青年路二段155巷,120.349024421722,22.6337785425686
6340,鳳山分隊,地下,鳳山區,青年路二段180號,120.350509285927,22.6367664401992
6341,鳳山分隊,地下,鳳山區,信義街與五權路口,120.353880487382,22.6272611188891
6342,鳳山分隊,地下,鳳山區,建國路一段17巷口,120.377592891455,22.6358941046375
6343,鳳山分隊,地下,鳳山區,建國路一段289巷1號前,120.371744334698,22.6343186878577
6344,鳳山分隊,地下,鳳山區,建國路一段31巷62號前,120.37788759917,22.6346046222389
6345,鳳山分隊,地下,鳳山區,建國路一段377巷1號前,120.369802415371,22.6339940711561
6346,鳳山分隊,地下,鳳山區,建國路一段522巷35弄7號前,120.364305563271,22.6358062209322
6347,鳳山分隊,地下,鳳山區,建國路一段53巷137號前,120.378304682672,22.6324331770893
6348,鳳山分隊,地下,鳳山區,建國路一段53巷139弄37號前,120.379355690808,22.6328187763229
6349,鳳山分隊,地下,鳳山區,建國路一段53巷2弄22號前,120.375683158636,22.6350734419336
6350,鳳山分隊,地下,鳳山區,建國路一段53巷2弄口,120.376834567195,22.6355108727329
6351,鳳山分隊,地下,鳳山區,建國路一段53巷34號前,120.377359585897,22.6345544467564
6352,鳳山分隊,地下,鳳山區,建國路二段192巷14號,120.358883477747,22.6366686547219
6353,鳳山分隊,地下,鳳山區,建國路二段192巷與文南街口,120.359023287892,22.6372132818111
6354,鳳山分隊,地下,鳳山區,建國路三段209巷19弄口,120.352553464472,22.6360732758203
6355,鳳山分隊,地下,鳳山區,建國路三段209巷口,120.352602079511,22.6371470602235
6356,鳳山分隊,地下,鳳山區,建國路三段267巷90號前,120.351026616991,22.6353856780573
6357,鳳山分隊,地下,鳳山區,建國路三段319巷10弄2號前,120.349786765873,22.6369539653185
6358,鳳山分隊,地下,鳳山區,建國路三段與文昌街口,120.354046113789,22.6368629878173
6359,鳳山分隊,地下,鳳山區,國光路與平等路口,120.35096420189,22.619732868535
6360,鳳山分隊,地下,鳳山區,國泰路二段50巷6弄2號前,120.350983764718,22.6190422607172
6361,鳳山分隊,地下,鳳山區,國泰路與青年路口,120.349533297122,22.6187950240679
6362,鳳山分隊,地下,鳳山區,埤北路1號,120.382240153849,22.6293723002409
6363,鳳山分隊,地下,鳳山區,埤頂街112號對面,120.380249619484,22.6308728842151
6364,鳳山分隊,地下,鳳山區,埤頂街172號前,120.37952857424,22.630591143836
6365,鳳山分隊,地下,鳳山區,埤頂街247號前,120.378581332507,22.6296583864334
6366,鳳山分隊,地下,鳳山區,埤頂街7號,120.381097868085,22.6292370642955
6367,鳳山分隊,地下,鳳山區,曹公路85號前,120.357221849263,22.6295731423948
6368,鳳山分隊,地下,鳳山區,曹公路8號前,120.357208102942,22.6281694074234
6369,鳳山分隊,地下,鳳山區,曹公路國民黨高雄縣黨部前,120.357356965542,22.6270738900125
6370,鳳山分隊,地下,鳳山區,曹公路曹公圳旁,120.358918346465,22.6307156780008
6371,鳳山分隊,地下,鳳山區,勝利路2-4號前,120.373824258058,22.6269708086126
6372,鳳山分隊,地下,鳳山區,勝利路鳳山新城前公車站,120.373840270587,22.6295539604976
6373,鳳山分隊,地下,鳳山區,博愛路242巷口,120.369920767844,22.6294524514592
6374,鳳山分隊,地下,鳳山區,博愛路306號前,120.368832755496,22.6303343845535
6375,鳳山分隊,地下,鳳山區,復華街19-5號前,120.354020297527,22.624657222004
6376,鳳山分隊,地下,鳳山區,復華街46號前,120.353207588196,22.6246321545374
6377,鳳山分隊,地下,鳳山區,復興街與自由路口（鳳山捷運站旁）,120.3555964306,22.6260483045011
6378,鳳山分隊,地下,鳳山區,華山街165號前,120.35081807524,22.6323019671054
6379,鳳山分隊,地下,鳳山區,華山街167巷16號前,120.350734873611,22.6320664189287
6380,鳳山分隊,地下,鳳山區,華山街226號前,120.350487492979,22.6323672626555
6381,鳳山分隊,地下,鳳山區,華山街236號前,120.350240253373,22.632428747443
6382,鳳山分隊,地下,鳳山區,華山街262號前,120.349297971164,22.6325913663822
6383,鳳山分隊,地下,鳳山區,華山街308號前,120.348095451521,22.6328015581523
6384,鳳山分隊,地下,鳳山區,華山街386號前,120.346080958843,22.6331489501024
6385,鳳山分隊,地下,鳳山區,華山街408號前,120.345466732979,22.6332801592776
6386,鳳山分隊,地下,鳳山區,華山街428號前,120.345260538161,22.6333210073915
6387,鳳山分隊,地下,鳳山區,華山街與文建街口,120.347238711869,22.6329515812125
6388,鳳山分隊,地下,鳳山區,華北街320號前,120.348913224537,22.6318279962046
6389,鳳山分隊,地下,鳳山區,華北街文建街口,120.347059629858,22.6321255761277
6390,鳳山分隊,地下,鳳山區,華明街77巷口,120.355247743428,22.6295508609992
6391,鳳山分隊,地下,鳳山區,黃埔新村西三巷巷口,120.364215373993,22.6186910360392
6392,鳳山分隊,地下,鳳山區,黃埔路32巷62號前,120.3667389974,22.6224633371548
6393,鳳山分隊,地下,鳳山區,黃埔路57號,120.365834395358,22.6234050181591
6394,鳳山分隊,地下,鳳山區,新生街199號前,120.355404652655,22.6266870526827
6395,鳳山分隊,地下,鳳山區,新生街56號前,120.355443544686,22.6302883113792
6396,鳳山分隊,地下,鳳山區,新生街一段與華西街口,120.353642776608,22.6303378253209
6397,鳳山分隊,地下,鳳山區,新生街與自立街口,120.355603136122,22.628514772119
6398,鳳山分隊,地下,鳳山區,新生街與信義街口,120.355542786419,22.6272753544627
6399,鳳山分隊,地下,鳳山區,瑞大街15號前,120.369963683188,22.6316258004614
6400,鳳山分隊,地下,鳳山區,瑞大街87號前,120.368036851287,22.6317257557401
6401,鳳山分隊,地下,鳳山區,瑞光街56巷口,120.370396524668,22.6330588984498
6402,鳳山分隊,地下,鳳山區,瑞竹路144號前,120.368131982803,22.6268187530898
6403,鳳山分隊,地下,鳳山區,瑞竹路178號前,120.368776606728,22.6274070415588
6404,鳳山分隊,地下,鳳山區,瑞竹路與瑞興路口,120.366860758704,22.6256601493377
6405,鳳山分隊,地下,鳳山區,瑞明街33巷1號左側,120.370702631772,22.6280623318128
6406,鳳山分隊,地下,鳳山區,瑞芳街24巷32號前,120.368077754974,22.6276968505602
6407,鳳山分隊,地下,鳳山區,瑞芳街40巷口,120.367281237365,22.6274059185305
6408,鳳山分隊,地下,鳳山區,瑞智街38號前,120.36973670125,22.6329744169488
6409,鳳山分隊,地下,鳳山區,瑞智街95號前,120.368397839864,22.6321973838536
6410,鳳山分隊,地下,鳳山區,瑞智街與瑞中街口,120.368635319173,22.6328428980252
6411,鳳山分隊,地下,鳳山區,瑞順街125巷16弄8號前,120.367333777249,22.6287456336987
6412,鳳山分隊,地下,鳳山區,經武路196巷15號前,120.364853921461,22.6366264034467
6413,鳳山分隊,地下,鳳山區,經武路304號,120.364589079116,22.6389568043323
6414,鳳山分隊,地下,鳳山區,經武路與建國路口（7-11前）,120.363858666409,22.6351811572587
6415,鳳山分隊,地下,鳳山區,裕昌街15巷口,120.347701348364,22.6258715960256
6416,鳳山分隊,地下,鳳山區,裕昌街24號前,120.347718112171,22.6261058662322
6417,鳳山分隊,地下,鳳山區,裕昌街與信義街口,120.347675196826,22.627081626748
6418,鳳山分隊,地下,鳳山區,誠德街80號前,120.375280220435,22.6239918277604
6419,鳳山分隊,地下,鳳山區,誠德街83號前,120.375024209822,22.6241919435807
6420,鳳山分隊,地下,鳳山區,誠德街與四維街口,120.374132506549,22.6249335827841
6421,鳳山分隊,地下,鳳山區,誠德街與鳳東路口,120.376795269549,22.6230986977309
6422,鳳山分隊,地下,鳳山區,實踐四村大門口,120.364737734199,22.6443192296681
6423,鳳山分隊,地下,鳳山區,維新路與三民路口,120.360072979099,22.6236321812928
6424,鳳山分隊,地下,鳳山區,鳳山火車站前,120.357491558414,22.6311887679379
6425,鳳山分隊,地下,鳳山區,鳳仁路50巷47號前,120.367080643773,22.6333872308231
6426,鳳山分隊,地下,鳳山區,鳳明街70號前(城隍廟旁),120.358977019787,22.627113811563
6427,鳳山分隊,地下,鳳山區,鳳明街與民生路口,120.361018851399,22.626642179482
6428,鳳山分隊,地下,鳳山區,鳳東二街72號前,120.383376026339,22.6266246639198
6429,鳳山分隊,地下,鳳山區,鳳東二街88號旁50m,120.382795371115,22.6277968086962
6430,鳳山分隊,地下,鳳山區,鳳東路193號右前,120.377357813492,22.6256992206984
6431,鳳山分隊,地下,鳳山區,鳳東路29號前,120.381330214441,22.6273926431541
6432,鳳山分隊,地下,鳳山區,鳳東路73號前,120.380496717989,22.6270271601209
6433,鳳山分隊,地下,鳳山區,鳳林路37-3號對面機車道上(地下式),120.371419787407,22.6222569139684
6434,鳳山分隊,地下,鳳山區,鳳林路53號前之汽車道上,120.372069217265,22.622302717041
6435,鳳山分隊,地下,鳳山區,鳳林路與仁愛路口,120.372979156673,22.6223596613803
6436,鳳山分隊,地下,鳳山區,鳳松路25巷與文和路口,120.360148318034,22.6329745434694
6437,鳳山分隊,地下,鳳山區,鳳松路加油站前,120.362486690283,22.6369595353677
6438,鳳山分隊,地下,鳳山區,鳳埤街177號前,120.380002856255,22.6301125367422
6439,鳳山分隊,地下,鳳山區,鳳埤街60巷13號前,120.379231204911,22.6289572987691
6440,鳳山分隊,地下,鳳山區,鳳埤街96號前,120.379467085004,22.6298516595339
6441,鳳山分隊,地下,鳳山區,鳳崗路31巷3號前（巷內右轉死巷底）,120.358146205544,22.62813258085
6442,鳳山分隊,地下,鳳山區,鳳崗路48號前,120.358366817236,22.628373964933
6443,鳳山分隊,地下,鳳山區,鳳捷路28之1號前,120.386012345552,22.6267272838158
6444,鳳山分隊,地下,鳳山區,鳳翔新村14號前,120.370684862137,22.6306831845679
6445,鳳山分隊,地下,鳳山區,鳳翔新村9號前,120.370670109987,22.6303799121573
6446,鳳山分隊,地下,鳳山區,鳳翔新村入口處,120.370660051703,22.6301998051641
6447,鳳山分隊,地下,鳳山區,鳳誠路86號前,120.367659665644,22.6440070138484
6448,鳳山分隊,地下,鳳山區,鳳誠路與北盛街62巷口,120.365988314152,22.6440815372502
6449,鳳山分隊,地下,鳳山區,樂園街129號前,120.356407463551,22.6215073507069
6450,鳳山分隊,地下,鳳山區,澄清路129巷17號前,120.343439653516,22.6313550234126
6451,鳳山分隊,地下,鳳山區,澄清路129巷28號前,120.343498662114,22.6322143905605
6452,鳳山分隊,地下,鳳山區,澄清路129巷46號,120.343587845564,22.6325207534947
6453,鳳山分隊,地下,鳳山區,澄清路155巷5號前,120.3441339705,22.6323563378302
6454,鳳山分隊,地下,鳳山區,澄清路161巷17號前,120.344042144716,22.6328862219198
6455,鳳山分隊,地下,鳳山區,澄清路93號前(人行道上),120.344398207963,22.6288183581106
6456,鳳山分隊,地下,鳳山區,濱山街59號對面,120.351600846015,22.6463924303336
6457,鳳山分隊,地下,鳳山區,鎮東街109號前,120.363629981875,22.6213219708885
6458,鳳山分隊,地下,鳳山區,鎮東路二巷12-37號前,120.36874294281,22.6256534179972
6459,鳳山分隊,地下,鳳山區,鎮東路二巷69-6號前,120.369161367416,22.6261420744055
6460,鳳山分隊,地下,鳳山區,鎮東路二巷北極殿左側(瑞竹路44巷口),120.367974501085,22.6249031684193
6461,鳳山分隊,地下,鳳山區,顯惠新村一巷22號前,120.374684132863,22.6267492933555
6462,鳳山分隊,地下,鳳山區,顯惠新村一巷2號前,120.375333227444,22.6263878317343
6463,鳳山分隊,地下,鳳山區,顯惠新村一巷58號前,120.374359488487,22.6269089427082
6464,鳳山分隊,地下,鳳山區,顯惠新村二巷3號前,120.374967776466,22.6267390808399
6465,林園分隊,地下,林園區,力行路156-1號,120.400592163205,22.4872171364478
6466,林園分隊,地下,林園區,力行路98之2號,120.400248169899,22.4858782462524
6467,林園分隊,地下,林園區,三官路35號,120.398654937744,22.5299055117031
6468,林園分隊,地下,林園區,三官路91號旁,120.3981471,22.530104
6469,林園分隊,地下,林園區,下厝路27號前,120.370906636913,22.5040453550061
6470,林園分隊,地下,林園區,下厝路70巷口(金興宮牌樓前),120.370842441916,22.5027252619759
6471,林園分隊,地下,林園區,大安路19號前,120.366888195276,22.5101193840256
6472,林園分隊,地下,林園區,大和街31號前,120.367755889893,22.5097817756398
6473,林園分隊,地下,林園區,工業一路224巷39號前（東興宮前）,120.406537950039,22.5142641566644
6474,林園分隊,地下,林園區,工業一路30巷口,120.404581883259,22.5086823194515
6475,林園分隊,地下,林園區,工業一路與石化二路口（沿海路一段8號前）,120.406334198165,22.4991186296247
6476,林園分隊,地下,林園區,工業二路250巷50號前,120.414827,22.52339
6477,林園分隊,地下,林園區,工業二路270巷77號旁（巷內底300M處）,120.408192873001,22.5247720323267
6478,林園分隊,地下,林園區,工業二路300巷55-5號,120.410593,22.525802
6479,林園分隊,地下,林園區,中芸二路8號前,120.397217273712,22.4871619949972
6480,林園分隊,地下,林園區,中芸三路1之8號前,120.395656228065,22.4884506883254
6481,林園分隊,地下,林園區,中芸三路9巷前,120.396358966827,22.4884358188554
6482,林園分隊,地下,林園區,中芸路83巷3號前,120.396991968155,22.4829092218873
6483,林園分隊,地下,林園區,中門路339巷26弄25號前,120.364647880197,22.5082832800292
6484,林園分隊,地下,林園區,中門路3號旁路口,120.372347831726,22.5048470239405
6485,林園分隊,地下,林園區,中厝路105號左側,120.398850739002,22.5293146262301
6486,林園分隊,地下,林園區,中厝路51號右側,120.398095697165,22.5277048530876
6487,林園分隊,地下,林園區,五福路165巷42號前,120.400626087534,22.5025286756627
6488,林園分隊,地下,林園區,五福路252巷15弄51號,120.400492250919,22.5043229362752
6489,林園分隊,地下,林園區,仁愛路164巷口,120.4001,22.492868
6490,林園分隊,地下,林園區,仁愛路216巷15弄19號,120.39988,22.49194
6491,林園分隊,地下,林園區,仁愛路67巷20號右側,120.391949334866,22.5052024982886
6492,林園分隊,地下,林園區,文化街158號前,120.3935445,22.5057323
6493,林園分隊,地下,林園區,文昌街1號前,120.391928761719,22.5051939878026
6494,林園分隊,地下,林園區,文賢北路與忠義三街口,120.3915831,22.5045001
6495,林園分隊,地下,林園區,文賢南路１００號前,120.392897930059,22.5014894971333
6496,林園分隊,地下,林園區,王公一路169號前,120.386426926425,22.5115941235811
6497,林園分隊,地下,林園區,王公一路與王公路口統一超商旁,120.388577227873,22.5079517234552
6498,林園分隊,地下,林園區,北汕二路50巷88弄19號前,120.40947496891,22.4834891531865
6499,林園分隊,地下,林園區,北汕二路73巷口,120.408195,22.482113
6500,林園分隊,地下,林園區,北汕路201號前,120.409838,22.483965
6501,林園分隊,地下,林園區,北汕路33巷口,120.410348,22.478376
6502,林園分隊,地下,林園區,北汕路71巷口,120.410196,22.47978
6503,林園分隊,地下,林園區,北汕路與北汕二路口,120.409981,22.481641
6504,林園分隊,地下,林園區,半部路16巷5號前,120.387667616495,22.4899015634199
6505,林園分隊,地下,林園區,田厝路64巷口,120.38747549057,22.5016628200319
6506,林園分隊,地下,林園區,西汕路與東汕路口相接處,120.41181759676,22.477845969488
6507,林園分隊,地下,林園區,西溪路143號之 11前,120.39409250021,22.4894580911958
6508,林園分隊,地下,林園區,西溪路15號前,120.393045768142,22.487714647644
6509,林園分隊,地下,林園區,西溪路4-6號(堤防邊),120.392174050212,22.4860411937846
6510,林園分隊,地下,林園區,西溪路54巷口,120.392716526985,22.4870108205705
6511,林園分隊,地下,林園區,西溪路與中港路口,120.393156409264,22.4900987113471
6512,林園分隊,地下,林園區,忠孝西路８８號前,120.390929480985,22.5069364236523
6513,林園分隊,地下,林園區,忠孝東路81巷16弄13號,120.398759543896,22.5059819209189
6514,林園分隊,地下,林園區,忠義一街16巷口,120.390269,22.503942
6515,林園分隊,地下,林園區,東汕路44號前（爐濟殿前）,120.413375,22.476918
6516,林園分隊,地下,林園區,東林西路105巷23號旁,120.393135622144,22.5028578343338
6517,林園分隊,地下,林園區,東林西路24號前,120.399376,22.49032
6518,林園分隊,地下,林園區,東林西路298巷195號,120.387167848432,22.5061330370138
6519,林園分隊,地下,林園區,東林西路92號前,120.393584,22.504184
6520,林園分隊,地下,林園區,東林西路與文聖街口,120.389695694634,22.5032157104458
6521,林園分隊,地下,林園區,東林西路與文賢南口,120.39203323979,22.5033941249194
6522,林園分隊,地下,林園區,東林東路188巷125弄22號,120.39992,22.504169
6523,林園分隊,地下,林園區,東林東路42號前,120.409885,22.490393
6524,林園分隊,地下,林園區,東林東路與安和街口,120.396670652931,22.5036287772284
6525,林園分隊,地下,林園區,林內路122巷口,120.401118546724,22.5345879109654
6526,林園分隊,地下,林園區,林內路50號旁,120.400147587061,22.5322776994243
6527,林園分隊,地下,林園區,林內路70巷76之7號,120.399434790015,22.5328109715246
6528,林園分隊,地下,林園區,林內路70巷90-9號,120.399205461144,22.533471829679
6529,林園分隊,地下,林園區,林家路118巷18號,120.402323,22.497896
6530,林園分隊,地下,林園區,林家路220巷12號,120.381396352184,22.512663772801
6531,林園分隊,地下,林園區,林家路236巷尾與龍潭路120巷路口,120.379733,22.513378
6532,林園分隊,地下,林園區,林家路與龍潭路口(龍潭寺前),120.380918491779,22.5111038064573
6533,林園分隊,地下,林園區,林園北路３２６號前,120.394727976686,22.5103844640762
6534,林園分隊,地下,林園區,林園北路３６５巷1弄1號旁,120.394282731029,22.5109654255647
6535,林園分隊,地下,林園區,林園北路７０巷口,120.395593320849,22.5049298492271
6536,林園分隊,地下,林園區,林園南路與開南街口,120.395908,22.50267
6537,林園分隊,地下,林園區,沿海路一段107號前（西河宮前）,120.404372818403,22.4998528926942
6538,林園分隊,地下,林園區,沿海路一段69巷51弄13號前,120.405435562134,22.4988638814279
6539,林園分隊,地下,林園區,沿海路二段4巷6號前,120.399829745293,22.5017284872342
6540,林園分隊,地下,林園區,沿海路二段林園motel左側路口,120.399952590474,22.5013510490702
6541,林園分隊,地下,林園區,沿海路三段126號,120.389578,22.500005
6542,林園分隊,地下,林園區,沿海路三段174號,120.388333,22.500073
6543,林園分隊,地下,林園區,沿海路四段344號前,120.376372747937,22.5042189650009
6544,林園分隊,地下,林園區,金潭路44巷5弄23號前,120.395607948303,22.5281960247963
6545,林園分隊,地下,林園區,信義路與和平路口,120.390603588037,22.5075874
6546,林園分隊,地下,林園區,後厝路180巷16弄7號前,120.374761819839,22.5093221313381
6547,林園分隊,地下,林園區,後厝路226號前,120.374010801315,22.5097384130352
6548,林園分隊,地下,林園區,校前路32號前,120.378802358301,22.5046564837302
6549,林園分隊,地下,林園區,海漧路109巷口,120.367335453629,22.5036631777025
6550,林園分隊,地下,林園區,清水岩路廣濟宮前,120.392642095685,22.5194723571319
6551,林園分隊,地下,林園區,頂厝路130巷與50巷口,120.379786267877,22.4998687304446
6552,林園分隊,地下,林園區,頂厝路91號前,120.381345301867,22.5003717717235
6553,林園分隊,地下,林園區,頂嗂溝119巷29號前,120.38840903294,22.5138872746341
6554,林園分隊,地下,林園區,頂嗂溝119巷71之6號前,120.389565065025,22.5147647189323
6555,林園分隊,地下,林園區,港埔一路36巷旁（清龍宮後方）,120.381400957704,22.4973082715437
6556,林園分隊,地下,林園區,港埔一路74號旁,120.3807156533,22.4961522394877
6557,林園分隊,地下,林園區,港埔二路115巷13號,120.37835329771,22.4966311328243
6558,林園分隊,地下,林園區,港埔三路64號前,120.384712144732,22.4972295922836
6559,林園分隊,地下,林園區,港埔三路66巷63弄口,120.382491993814,22.4961911628192
6560,林園分隊,地下,林園區,港埔三路與頂厝路口,120.381378519019,22.4982857752791
6561,林園分隊,地下,林園區,港嘴二路153巷口,120.383017659187,22.4937242929131
6562,林園分隊,地下,林園區,港嘴二路78號前,120.384004041553,22.4955085497135
6563,林園分隊,地下,林園區,開南街７1號前(75巷口),120.394601641122,22.5028363113222
6564,林園分隊,地下,林園區,溪州一路223巷86號前,120.404435098171,22.5199901931681
6565,林園分隊,地下,林園區,溪州一路238巷11號,120.406170487404,22.519953027967
6566,林園分隊,地下,林園區,溪州一路376巷14弄24號,120.40603838861,22.5215951009008
6567,林園分隊,地下,林園區,溪州一路380號前,120.406797453761,22.5221401830379
6568,林園分隊,地下,林園區,溪州一路54號前,120.405371414104,22.5135545698097
6569,林園分隊,地下,林園區,溪州一路天師廟口,120.40547075492,22.5171535404965
6570,林園分隊,地下,林園區,溪州二路與溪州三路口,120.400642,22.509158
6571,林園分隊,地下,林園區,溪州三路15號前,120.402441407987,22.5037382296382
6572,林園分隊,地下,林園區,溪州三路22巷口,120.402597011657,22.5040346288122
6573,林園分隊,地下,林園區,溪州三路46巷口,120.402926437417,22.5047947588954
6574,林園分隊,地下,林園區,溪洲三路373巷,120.402356228767,22.5091096637195
6575,林園分隊,地下,林園區,福興街99巷口,120.394549816847,22.5050966772954
6576,林園分隊,地下,林園區,鳳林路三段242巷188弄47之10號前,120.400384,22.493598
6577,林園分隊,地下,林園區,鳳林路三段與潭頭路口,120.397114978401,22.5223407957452
6578,林園分隊,地下,林園區,鳳芸路19號前,120.396857857704,22.4854718059444
6579,林園分隊,地下,林園區,鳳芸路85號(鳳芸宮),120.397673249245,22.4822896344816
6580,林園分隊,地下,林園區,廣應街22巷口,120.385411230591,22.5076438287302
6581,林園分隊,地下,林園區,廣應街5巷89號右前,120.383669471112,22.5071061231575
6582,林園分隊,地下,林園區,潭頭路178之1號前,120.396904796362,22.524306863271
6583,林園分隊,地下,林園區,潭頭路與潭平路路口,120.397114679217,22.5256881196693
6584,林園分隊,地下,林園區,龍潭路51巷208號前,120.37729382515,22.5106787590409
6585,林園分隊,地下,林園區,龔厝路109號前(龔厝路104巷口),120.377097958913,22.5086113803323
6586,林園分隊,地下,林園區,龔厝路46巷口,120.378753542849,22.5086682869233
6587,林園分隊,地下,林園區,龔厝路8巷前,120.380239892899,22.509518599841
6588,大寮分隊,地下,大寮區,三隆路111號前（旭康前）,120.40225498725,22.6014084030798
6589,大寮分隊,地下,大寮區,三隆路223號*（慈隆路口）,120.408209491263,22.6023394576839
6590,大寮分隊,地下,大寮區,三隆路283巷,120.4091429,22.6022206
6591,大寮分隊,地下,大寮區,上寮路144-1號(交通錐工廠旁),120.418304789905,22.6008571592524
6592,大寮分隊,地下,大寮區,上寮路146-8號,120.4239267,22.5995398
6593,大寮分隊,地下,大寮區,上寮路152號（大樓路口）,120.424818530164,22.601497687846
6594,大寮分隊,地下,大寮區,上寮路153-21號,120.42518331059,22.6017750237387
6595,大寮分隊,地下,大寮區,上寮路184-20號,120.4317,22.602324
6596,大寮分隊,地下,大寮區,上寮路207-24號,120.424544622754,22.6030183185143
6597,大寮分隊,地下,大寮區,上寮路225-36號,120.432351,22.602356
6598,大寮分隊,地下,大寮區,上寮路70號（T字路口）,120.423518965082,22.5958297395177
6599,大寮分隊,地下,大寮區,上寮路7號,120.4227159,22.5941144
6600,大寮分隊,地下,大寮區,上寮路慈誠宮巷,120.423683913245,22.5972788127372
6601,大寮分隊,地下,大寮區,大仁街3號前,120.41575,22.59286
6602,大寮分隊,地下,大寮區,大明街280巷26號,120.4159176,22.5855821
6603,大寮分隊,地下,大寮區,大明街54號,120.418853185983,22.5898841650296
6604,大寮分隊,地下,大寮區,大信街382巷口,120.41307,22.59655
6605,大寮分隊,地下,大寮區,大智街162號,120.4119289,22.5955865
6606,大寮分隊,地下,大寮區,大寮區萬丹路中油加油站前,120.391347358236,22.612296654367
6607,大寮分隊,地下,大寮區,大寮路330號對面,120.407155253659,22.5937884034262
6608,大寮分隊,地下,大寮區,大寮路539號,120.411560185914,22.592384430688
6609,大寮分隊,地下,大寮區,大寮路618號,120.413089807935,22.5919444166552
6610,大寮分隊,地下,大寮區,大寮路665巷（大寮路口）,120.4158992,22.5960639
6611,大寮分隊,地下,大寮區,大寮路843巷口,120.418194069312,22.5909726860298
6612,大寮分隊,地下,大寮區,大寮路周廣街17巷,120.417013586941,22.5905807050611
6613,大寮分隊,地下,大寮區,大寮路與慈隆街,120.405812682095,22.5944933807292
6614,大寮分隊,地下,大寮區,山頂路215號,120.3883881,22.6070093
6615,大寮分隊,地下,大寮區,山頂路與景隆街口,120.387485256713,22.6061088293331
6616,大寮分隊,地下,大寮區,仁德路與崇惠路口,120.40213505162,22.591525978949
6617,大寮分隊,地下,大寮區,"內坑路101號旁(往仁德路,五府千歲",120.39081502337,22.5947614491783
6618,大寮分隊,地下,大寮區,內坑路109-56號旁(內坑轉歐洲瑞士橋口),120.389785055109,22.5939789244624
6619,大寮分隊,地下,大寮區,內坑路136-4號（人行道上）,120.389634851404,22.5921563180092
6620,大寮分隊,地下,大寮區,"內坑路78-5號旁對向車道（輔英後門過公墓50M,紅綠燈下）",120.390691641756,22.5969653714665
6621,大寮分隊,地下,大寮區,內坑路86-6號佳佳超商旁,120.391576246588,22.5958274660348
6622,大寮分隊,地下,大寮區,內坑路90-11號對面反光鏡下,120.390943769403,22.5967226941115
6623,大寮分隊,地下,大寮區,內坑路五府千歲旁,120.390224937387,22.5942859916532
6624,大寮分隊,地下,大寮區,內厝路132號,120.392267256449,22.6074064725262
6625,大寮分隊,地下,大寮區,內厝路62巷口,120.393310809263,22.6082960756097
6626,大寮分隊,地下,大寮區,內厝路與新中街口,120.386729465121,22.6097469747219
6627,大寮分隊,地下,大寮區,水源路117號前,120.387306511402,22.6118740778556
6628,大寮分隊,地下,大寮區,水源路255號旁10M,120.384451299906,22.6108613782273
6629,大寮分隊,地下,大寮區,水源路51巷25號,120.3890971,22.611558
6630,大寮分隊,地下,大寮區,水源路與鳳林四路口,120.390124171972,22.6129635263443
6631,大寮分隊,地下,大寮區,正氣路26巷口,120.396087459525,22.6027447237146
6632,大寮分隊,地下,大寮區,正氣路43-8號,120.3955061,22.6023171
6633,大寮分隊,地下,大寮區,正氣路46-17號前,120.3946734,22.6017961
6634,大寮分隊,地下,大寮區,正氣路73之17號,120.3944534,22.6016585
6635,大寮分隊,地下,大寮區,正氣路游泳池左前側,120.392028476444,22.6000977855361
6636,大寮分隊,地下,大寮區,正隆街208號,120.4068572,22.6046641
6637,大寮分隊,地下,大寮區,正隆街92號*,120.406685538623,22.6040995346239
6638,大寮分隊,地下,大寮區,光明路二段599-1號,120.417879185181,22.5994376753515
6639,大寮分隊,地下,大寮區,光明路二段近821之1號,120.415744146805,22.6047565637703
6640,大寮分隊,地下,大寮區,和祥街187巷,120.41853426349,22.576595528712
6641,大寮分隊,地下,大寮區,周廣街周廣宮前巷口*,120.417147697392,22.5879012010064
6642,大寮分隊,地下,大寮區,明月潭加油站斜對面,120.380273758776,22.5891411639246
6643,大寮分隊,地下,大寮區,長春街與山頂路口,120.391992851451,22.6103870358773
6644,大寮分隊,地下,大寮區,青山街37號,120.390244541878,22.6107011523107
6645,大寮分隊,地下,大寮區,青山街水源路口,120.389182,22.612332
6646,大寮分隊,地下,大寮區,青峰街46號,120.3877109,22.6107526
6647,大寮分隊,地下,大寮區,青雲街18巷66弄口,120.390384750332,22.6107845516184
6648,大寮分隊,地下,大寮區,拷潭路88號前,120.387449309084,22.5850550466648
6649,大寮分隊,地下,大寮區,景秀街15號,120.3878454,22.6048545
6650,大寮分隊,地下,大寮區,景明街45巷2弄1號,120.3877958,22.605395
6651,大寮分隊,地下,大寮區,景隆街10巷52號,120.386831,22.6049433
6652,大寮分隊,地下,大寮區,景隆街25巷口,120.3881951,22.6056936
6653,大寮分隊,地下,大寮區,進學路118巷50號*,120.39277419364,22.6050972894344
6654,大寮分隊,地下,大寮區,進學路129巷34號,120.393996290738,22.6043828673231
6655,大寮分隊,地下,大寮區,進學路147巷35號,120.394131775394,22.6038958042554
6656,大寮分隊,地下,大寮區,進學路34巷40號,120.3934996,22.607576
6657,大寮分隊,地下,大寮區,進學路70巷內,120.393528006151,22.6060456186337
6658,大寮分隊,地下,大寮區,新三街50號,120.409405358069,22.5606273040304
6659,大寮分隊,地下,大寮區,新五街90巷,120.409039664046,22.5607348531505
6660,大寮分隊,地下,大寮區,新厝路59號與新三街口,120.409126884131,22.5602794200928
6661,大寮分隊,地下,大寮區,新厝路85巷,120.407566425687,22.5611559788103
6662,大寮分隊,地下,大寮區,新強街45號,120.388432,22.6086732
6663,大寮分隊,地下,大寮區,會結路14號北極宮前,120.42539,22.55522
6664,大寮分隊,地下,大寮區,會結路37-3號萊爾富前,120.423221290112,22.5539128954903
6665,大寮分隊,地下,大寮區,會興三街112號,120.42497,22.55396
6666,大寮分隊,地下,大寮區,瑞隆街60號,120.40383110423,22.5986559898659
6667,大寮分隊,地下,大寮區,過溪路121號,120.41874680531,22.5765481099505
6668,大寮分隊,地下,大寮區,鳳明路420號,120.419612511514,22.5778635746464
6669,大寮分隊,地下,大寮區,鳳明路與正心路三叉路口,120.414069381671,22.5777438547826
6670,大寮分隊,地下,大寮區,鳳林一路34巷38號,120.40517,22.53788
6671,大寮分隊,地下,大寮區,鳳林一路34巷41號,120.40681,22.53752
6672,大寮分隊,地下,大寮區,鳳林一路9巷31之1號前,120.40126,22.53917
6673,大寮分隊,地下,大寮區,鳳林二路台灣電力公司前,120.409977998148,22.5737347259941
6674,大寮分隊,地下,大寮區,鳳林二路與鳳明路口,120.4088126471,22.5774812955327
6675,大寮分隊,地下,大寮區,鳳林三路19巷42號,120.400747112609,22.5942695259657
6676,大寮分隊,地下,大寮區,鳳林三路19巷口,120.40183548606,22.594617063744
6677,大寮分隊,地下,大寮區,鳳林三路1號,120.402256716679,22.5935590793227
6678,大寮分隊,地下,大寮區,鳳林三路247巷23-8號,120.398662,22.5996054
6679,大寮分隊,地下,大寮區,鳳林三路274號對面,120.3986516,22.6006565
6680,大寮分隊,地下,大寮區,鳳林三路301巷115號*,120.396472010945,22.5998839502994
6681,大寮分隊,地下,大寮區,鳳林三路344巷與力行路,120.398501297623,22.6031114952322
6682,大寮分隊,地下,大寮區,鳳林三路373巷22號*,120.3967607,22.6014714
6683,大寮分隊,地下,大寮區,鳳林三路373巷73號,120.396251753798,22.6016576971384
6684,大寮分隊,地下,大寮區,鳳林三路382巷口,120.397398232016,22.6036715356908
6685,大寮分隊,地下,大寮區,鳳林三路439巷口,120.396090478049,22.6038184970374
6686,大寮分隊,地下,大寮區,鳳林三路450號,120.3958317,22.604367
6687,大寮分隊,地下,大寮區,鳳林三路485巷口*,120.395791320624,22.6043398936044
6688,大寮分隊,地下,大寮區,鳳林三路771號與青雲街口*,120.392791,22.610532
6689,大寮分隊,地下,大寮區,鳳林路四段109號前,120.407904,22.536846
6690,大寮分隊,地下,大寮區,濃公路與濃三街,120.413185938715,22.5741683769995
6691,大寮分隊,地下,大寮區,鎮潭路上稻田旁（距拷潭路口50M）,120.381401761888,22.5857539263572
6692,中庄分隊,地下,大寮區,八德路497-1號（崇誠）對面右側,120.401671349998,22.6318326056907
6693,中庄分隊,地下,大寮區,八德路570號（真安養護中心）右側約50公尺,120.403060197814,22.6312281696096
6694,中庄分隊,地下,大寮區,中正路88巷128弄129號前,120.38918279033,22.616807415718
6695,中庄分隊,地下,大寮區,中庄里八德路300號消防隊右側約10公尺,120.397319094813,22.6323840516711
6696,中庄分隊,地下,大寮區,中庄里八德路35號前(順興海產),120.392784386881,22.6351290441552
6697,中庄分隊,地下,大寮區,中庄里八德路410巷與勝利街口,120.399500504136,22.6322584202119
6698,中庄分隊,地下,大寮區,中庄里八德路與立德路口(朝中宮牌樓對面),120.394156202674,22.6334930273369
6699,中庄分隊,地下,大寮區,中庄里中庄路1號與仁愛路口,120.395193412892,22.6341838528749
6700,中庄分隊,地下,大寮區,中庄里仁愛路48號與民富路口,120.395013839006,22.6360767045317
6701,中庄分隊,地下,大寮區,中庄里文華街139巷6號前,120.4059907794,22.6300512260023
6702,中庄分隊,地下,大寮區,中庄里四維路175巷18號前,120.393503482515,22.6364055480611
6703,中庄分隊,地下,大寮區,中庄里四維路261-13號前,120.395458936505,22.6368076705306
6704,中庄分隊,地下,大寮區,中庄里四維路314巷52號前,120.39836271106,22.6363685766461
6705,中庄分隊,地下,大寮區,中庄里打鐵店街130號龍鳳宮前,120.40511108802,22.6301427765435
6706,中庄分隊,地下,大寮區,中庄里民和街49號前,120.396956563004,22.637644983896
6707,中庄分隊,地下,大寮區,中庄里永吉街34號前,120.398995310072,22.6351588752639
6708,中庄分隊,地下,大寮區,中庄里永吉街39號前,120.399396208651,22.6351617030496
6709,中庄分隊,地下,大寮區,中庄里永興街28號,120.400596730977,22.6336281658309
6710,中庄分隊,地下,大寮區,中庄里同德路67號前,120.396772160648,22.6354823276379
6711,中庄分隊,地下,大寮區,中庄里老人活動中心前,120.403618144232,22.6331311502099
6712,中庄分隊,地下,大寮區,中庄里自立路49號前,120.390047997232,22.6330096578113
6713,中庄分隊,地下,大寮區,中庄里自強路1號前,120.391671848285,22.635604704293
6714,中庄分隊,地下,大寮區,中庄里忠孝路53號右前,120.398415684688,22.6375442283572
6715,中庄分隊,地下,大寮區,中庄里承德路1號旁,120.396326097991,22.6334203429511
6716,中庄分隊,地下,大寮區,中庄里保德街7號前,120.395955428003,22.6350769468915
6717,中庄分隊,地下,大寮區,中庄里保德街97號前,120.396680831909,22.6329478037179
6718,中庄分隊,地下,大寮區,中庄里保德路99號,120.396755397308,22.6329847775387
6719,中庄分隊,地下,大寮區,中庄里國華街48巷口,120.400541603569,22.6308401061254
6720,中庄分隊,地下,大寮區,中庄里瑞祥街22號左前,120.400638833646,22.6325698581512
6721,中庄分隊,地下,大寮區,中庄里萬隆街39號左側,120.387889757744,22.6315720411972
6722,中庄分隊,地下,大寮區,中庄里德昌街89號與中庄路口,120.399173408269,22.6342197638181
6723,中庄分隊,地下,大寮區,中庄里興中街60號前,120.387532138937,22.6281981948144
6724,中庄分隊,地下,大寮區,中興里中正路102巷42號前,120.390355788113,22.6187792326014
6725,中庄分隊,地下,大寮區,中興里中正路102巷口,120.389827846846,22.6196999190297
6726,中庄分隊,地下,大寮區,中興里中正路3號與中興路口(統一超商旁中興路上),120.385736107104,22.6175602075435
6727,中庄分隊,地下,大寮區,中興里中正路46巷19號,120.3885783,22.6177843
6728,中庄分隊,地下,大寮區,中興里中正路68巷32號,120.389079518097,22.6180937475362
6729,中庄分隊,地下,大寮區,中興里中正路68巷口對面,120.3885216,22.6190223
6730,中庄分隊,地下,大寮區,中興里中正路82巷65號,120.389594412574,22.6183434386857
6731,中庄分隊,地下,大寮區,中興里中正路88巷128弄111號（從自由路155巷進去到底右轉）,120.389708549933,22.6171067004197
6732,中庄分隊,地下,大寮區,中興里中正路88巷53號前,120.3901629,22.6186389
6733,中庄分隊,地下,大寮區,中興里中正路與明德路口,120.387314387426,22.6183859832175
6734,中庄分隊,地下,大寮區,中興里中興路10巷20號前,120.384084090651,22.6203917215225
6735,中庄分隊,地下,大寮區,中興里中興路15號旁,120.384994132725,22.618501340752
6736,中庄分隊,地下,大寮區,中興里中興路9巷22號前,120.383951321305,22.6200156973746
6737,中庄分隊,地下,大寮區,中興里平等路50號前,120.3880103982,22.6162771560284
6738,中庄分隊,地下,大寮區,中興里自由路159號前,120.390485941058,22.6162229400114
6739,中庄分隊,地下,大寮區,中興里自由路1號與鳳林四路口,120.388586973514,22.6142627927531
6740,中庄分隊,地下,大寮區,中興里自由路91巷24號前,120.388828938255,22.6152962528811
6741,中庄分隊,地下,大寮區,中興里自由路91巷口,120.388463658493,22.614915529628
6742,中庄分隊,地下,大寮區,中興里明德路14巷(上福社區),120.388283792221,22.6166234354912
6743,中庄分隊,地下,大寮區,中興里明德路57巷12號,120.388128773143,22.6181929553863
6744,中庄分隊,地下,大寮區,中興里莊敬路22號前,120.388435097499,22.6157535463665
6745,中庄分隊,地下,大寮區,中興里莊敬路6號前,120.387945859879,22.6152772090208
6746,中庄分隊,地下,大寮區,中興里復興南路20號與水源路口,120.383894093124,22.6099444661305
6747,中庄分隊,地下,大寮區,中興里復興南路30號前,120.383495755944,22.609457907946
6748,中庄分隊,地下,大寮區,中興里萬丹路243巷55號前,120.396320208429,22.6141069199818
6749,中庄分隊,地下,大寮區,中興里萬丹路365巷47號旁,120.400663912296,22.6145801901021
6750,中庄分隊,地下,大寮區,中興里萬丹路381巷47號旁,120.401054173708,22.6146575644627
6751,中庄分隊,地下,大寮區,中興里萬丹路395巷66號旁,120.401697172962,22.6147864236337
6752,中庄分隊,地下,大寮區,中興里萬丹路與鳳林三路口(靠近鐵路餐廳),120.391003143149,22.6123120560965
6753,中庄分隊,地下,大寮區,中興里義發路28號,120.386594518541,22.6181402467713
6754,中庄分隊,地下,大寮區,中興里鳳林四路11號對面(三多服飾),120.390049203752,22.6130694767182
6755,中庄分隊,地下,大寮區,中興里鳳林四路262號與光華路口,120.383443928777,22.6189659623772
6756,中庄分隊,地下,大寮區,中興里鳳林四路70巷50號前,120.387948213527,22.6157037660278
6757,中庄分隊,地下,大寮區,中興路43號（小田園早餐）前,120.384142644225,22.6194481433355
6758,中庄分隊,地下,大寮區,中興路57號前（中興路10巷口）,120.383622252762,22.6200684474262
6759,中庄分隊,地下,大寮區,四維路106巷32號前,120.392333239313,22.634069231292
6760,中庄分隊,地下,大寮區,民忠街美山路70巷口,120.385097712278,22.6411052850607
6761,中庄分隊,地下,大寮區,民富街43號前,120.396364331245,22.6364464710052
6762,中庄分隊,地下,大寮區,永芳里永芳路15-14號,120.406489957273,22.6150382524646
6763,中庄分隊,地下,大寮區,永芳里永芳路15-24號,120.406720072015,22.6148523000777
6764,中庄分隊,地下,大寮區,永芳里永芳路28-13號,120.404547204565,22.6147321858042
6765,中庄分隊,地下,大寮區,永芳里永芳路6-1巷26號,120.40561311159,22.6157150455576
6766,中庄分隊,地下,大寮區,永芳路15-8號巷口前,120.40611210091,22.6150289355647
6767,中庄分隊,地下,大寮區,立德路836號前,120.397876703107,22.6338206165759
6768,中庄分隊,地下,大寮區,立德路860號左側,120.398451904086,22.6337746133942
6769,中庄分隊,地下,大寮區,江山里江山路108號前,120.4093436743,22.6398535557928
6770,中庄分隊,地下,大寮區,江山里江山路33號左前,120.410302564023,22.6365307419149
6771,中庄分隊,地下,大寮區,江山里江山路45-11號右前,120.411716088174,22.6365103183367
6772,中庄分隊,地下,大寮區,江山里江山路94號(好奇公司)前,120.40936446142,22.6397706256739
6773,中庄分隊,地下,大寮區,江山里鳳屏二路180巷85號前,120.413872584222,22.6403746528582
6774,中庄分隊,地下,大寮區,江山里鳳屏二路222號前,120.414135441192,22.6415018600247
6775,中庄分隊,地下,大寮區,江山里鳳屏二路251號右側,120.416412770724,22.6419350710386
6776,中庄分隊,地下,大寮區,江山里鳳屏二路4號旁,120.401626268763,22.6393206403026
6777,中庄分隊,地下,大寮區,江山路77-21號鐵皮圍牆旁（惠莆公司）,120.406523144453,22.6364397602378
6778,中庄分隊,地下,大寮區,江山路80號（台灣三美）前,120.405822747573,22.6378523856754
6779,中庄分隊,地下,大寮區,忠義里鳳林四路171號前,120.386146254359,22.6162263501561
6780,中庄分隊,地下,大寮區,忠義里鳳林四路227號前(忠義國小),120.385179988561,22.6171814448428
6781,中庄分隊,地下,大寮區,林厝路60巷底(23號旁),120.407191872605,22.6149197703932
6782,中庄分隊,地下,大寮區,河堤路一段139號,120.41871316731,22.6393808349781
6783,中庄分隊,地下,大寮區,河堤路一段93號,120.418376013158,22.640929786156
6784,中庄分隊,地下,大寮區,保德街118號旁優詩美第大樓,120.397262871265,22.632595642108
6785,中庄分隊,地下,大寮區,前庄里前庄路5-1號,120.397410392761,22.6226110022799
6786,中庄分隊,地下,大寮區,前庄里前庄路6-20號大樓前,120.39754267263,22.6218372673503
6787,中庄分隊,地下,大寮區,前庄里前庄路6-2號前,120.397241634887,22.6222854294775
6788,中庄分隊,地下,大寮區,前庄路52號與中正路口,120.394866766769,22.622335565262
6789,中庄分隊,地下,大寮區,巷尾路89-47號前,120.411733636213,22.616184682132
6790,中庄分隊,地下,大寮區,後庄里大漢路330號(大來加油站)前,120.382719531651,22.6364340559442
6791,中庄分隊,地下,大寮區,後庄里民光街53號左側車道,120.392818927867,22.6396732146804
6792,中庄分隊,地下,大寮區,後庄里民成街118-6號前,120.385489635276,22.6405670298297
6793,中庄分隊,地下,大寮區,後庄里民成街139號與民忠街口,120.384055670858,22.6402778324611
6794,中庄分隊,地下,大寮區,後庄里民成街48號與民忠街口,120.389042299694,22.641286086569
6795,中庄分隊,地下,大寮區,後庄里民成街76號前,120.387617195874,22.6409974108912
6796,中庄分隊,地下,大寮區,後庄里民昌街101號,120.3917647451,22.6388485983252
6797,中庄分隊,地下,大寮區,後庄里民昌街76號前,120.392041604028,22.6382542170572
6798,中庄分隊,地下,大寮區,後庄里民族路152號前,120.387877436675,22.6350365172014
6799,中庄分隊,地下,大寮區,後庄里民族路236巷口,120.390459045764,22.6368165335742
6800,中庄分隊,地下,大寮區,後庄里民族路32巷口,120.384570305438,22.6340639067549
6801,中庄分隊,地下,大寮區,後庄里民族路455巷口,120.395507097228,22.6388639466806
6802,中庄分隊,地下,大寮區,後庄里民族路與成功路66號路口,120.391294956207,22.6373485346729
6803,中庄分隊,地下,大寮區,後庄里民族路與鳳屏一路365巷口,120.393656507126,22.6382498868713
6804,中庄分隊,地下,大寮區,後庄里民貴街60巷10號前,120.384863515477,22.6323713295183
6805,中庄分隊,地下,大寮區,後庄里民貴街82號,120.384147968752,22.6332570997431
6806,中庄分隊,地下,大寮區,後庄里民興街59號前,120.394489064809,22.6392828079338
6807,中庄分隊,地下,大寮區,後庄里成功路116巷1號前,120.390913009639,22.6384709536627
6808,中庄分隊,地下,大寮區,後庄里成功路172巷與民權街口(天公廟)前,120.39122521542,22.6417903363726
6809,中庄分隊,地下,大寮區,後庄里後庄街79號前,120.392187058922,22.6394851828056
6810,中庄分隊,地下,大寮區,後庄里鳳屏一路199巷28號前,120.389154553413,22.6348540035766
6811,中庄分隊,地下,大寮區,後庄里鳳屏一路199巷與民族路口,120.388612210738,22.6355107827305
6812,中庄分隊,地下,大寮區,後庄里鳳屏一路215巷65號前,120.388932600617,22.6357015278501
6813,中庄分隊,地下,大寮區,後庄里鳳屏一路271巷內,120.391674622415,22.6360510964706
6814,中庄分隊,地下,大寮區,後庄里鳳屏一路523巷1號右前,120.398486226773,22.6389571508478
6815,中庄分隊,地下,大寮區,後庄里濱北街38號,120.394204616068,22.6393077014032
6816,中庄分隊,地下,大寮區,後庄里濱南街85號前,120.395401443245,22.6396881294547
6817,中庄分隊,地下,大寮區,琉球里光明路三段245號前,120.41244417429,22.6195151018727
6818,中庄分隊,地下,大寮區,琉球里光明路三段75號前,120.412779718633,22.6147974572048
6819,中庄分隊,地下,大寮區,琉球里林厝路13號,120.407687142483,22.6171238650319
6820,中庄分隊,地下,大寮區,琉球里林厝路42號左側叉口,120.40867982757,22.6163402438435
6821,中庄分隊,地下,大寮區,琉球里林厝路81號前,120.407784305035,22.6141335368601
6822,中庄分隊,地下,大寮區,琉球里巷尾路1-80號左前,120.407475918523,22.6183994606262
6823,中庄分隊,地下,大寮區,琉球里巷尾路23號,120.409184888001,22.6197344656847
6824,中庄分隊,地下,大寮區,琉球里巷尾路53-1號與林厝路口,120.410274937749,22.6184880115661
6825,中庄分隊,地下,大寮區,琉球里琉球路101-11號右前,120.412225372611,22.6126145095725
6826,中庄分隊,地下,大寮區,琉球里琉球路13-2號旁,120.410814865945,22.6139732165168
6827,中庄分隊,地下,大寮區,琉球里琉球路203號前,120.40890915644,22.6138042300053
6828,中庄分隊,地下,大寮區,琉球里琉球路22-22號前,120.412152484059,22.6169766706348
6829,中庄分隊,地下,大寮區,琉球里琉球路44-2號,120.412748403369,22.6134569713583
6830,中庄分隊,地下,大寮區,琉球里琉球路70號前,120.41194508177,22.6134953493622
6831,中庄分隊,地下,大寮區,琉球里黃厝路20-127號左前,120.411587006866,22.6158221506018
6832,中庄分隊,地下,大寮區,琉球里黃厝路42-1號,120.410375989495,22.6150954550008
6833,中庄分隊,地下,大寮區,琉球里農場路1-10號和春學院大門左側約20公尺,120.428463801263,22.605544683893
6834,中庄分隊,地下,大寮區,翁園里光明路三段與溪寮路106-39號路口,120.411432579156,22.6254870701692
6835,中庄分隊,地下,大寮區,翁園里翁園路120-11號前,120.408543619713,22.6214543747513
6836,中庄分隊,地下,大寮區,翁園里翁園路130-58號前,120.412888798317,22.6229008863758
6837,中庄分隊,地下,大寮區,翁園里翁園路13巷135號右前,120.407759073576,22.6239469208164
6838,中庄分隊,地下,大寮區,翁園里翁園路13巷155號,120.407481866318,22.624396482989
6839,中庄分隊,地下,大寮區,翁園里翁園路13巷253號,120.406955081424,22.6237528789337
6840,中庄分隊,地下,大寮區,翁園里翁園路13巷85號前,120.408531549772,22.6239345417574
6841,中庄分隊,地下,大寮區,翁園里翁園路151-48號,120.407484147152,22.6203711832109
6842,中庄分隊,地下,大寮區,翁園里翁園路151-50號,120.407068404755,22.6204801217174
6843,中庄分隊,地下,大寮區,翁園里翁園路151-68號,120.407588753304,22.6205630634771
6844,中庄分隊,地下,大寮區,翁園里翁園路224號前(北極殿前）,120.408130559525,22.6197209547053
6845,中庄分隊,地下,大寮區,翁園里翁園路37-32號,120.408087596297,22.6251629896618
6846,中庄分隊,地下,大寮區,翁園里翁園路54-20號前(勝光蠟蠋工廠),120.4101167353,22.6289711794556
6847,中庄分隊,地下,大寮區,翁園里翁園路58-1號前（月天寺後面）,120.410661175847,22.6252189425113
6848,中庄分隊,地下,大寮區,翁園里翁園路70之34號（農會前）,120.408782336315,22.62443558329
6849,中庄分隊,地下,大寮區,翁園里翁園路98-6號前（花鄉汽車旅館）後方,120.410509678921,22.622993111034
6850,中庄分隊,地下,大寮區,翁園里翁園路99-69號前光明路三段395巷進入,120.41039635559,22.6210133620828
6851,中庄分隊,地下,大寮區,翁園路126-3號,120.410561544868,22.6207948726259
6852,中庄分隊,地下,大寮區,翁園路130-34號（飛封宮約50公尺）,120.411390535055,22.6191652722977
6853,中庄分隊,地下,大寮區,捷西路298號（舊振南前）,120.388941787181,22.6222247713434
6854,中庄分隊,地下,大寮區,溪寮里溪寮路22-6號前,120.421059492131,22.6264051957067
6855,中庄分隊,地下,大寮區,溪寮里溪寮路49號右側路口,120.420837027571,22.6274678873557
6856,中庄分隊,地下,大寮區,溪寮里溪寮路72號前,120.419695077082,22.6289683930904
6857,中庄分隊,地下,大寮區,溪寮里溪寮路95號(北極殿)前,120.419224577386,22.6272784924779
6858,中庄分隊,地下,大寮區,溪寮里溪寮路二段15號前,120.418145343183,22.6277495611125
6859,中庄分隊,地下,大寮區,溪寮里溪寮路二段71號前,120.418404846906,22.6288172212456
6860,中庄分隊,地下,大寮區,溪寮路65-9號,120.420783611376,22.6293063286472
6861,中庄分隊,地下,大寮區,義和里九和路24之3號（八羊牛排館右側）,120.41964456439,22.644644836893
6862,中庄分隊,地下,大寮區,義和里義和路154號前,120.420895948528,22.6409864133397
6863,中庄分隊,地下,大寮區,義和里義和路227-14號前,120.42346470058,22.6407619695472
6864,中庄分隊,地下,大寮區,義和里義和路227號前,120.423859655857,22.6413492827606
6865,中庄分隊,地下,大寮區,義和里鳳屏二路351-1號,120.42074225843,22.6429156886581
6866,中庄分隊,地下,大寮區,義和里鳳屏二路362巷2號前,120.41999164222,22.6422794109496
6867,中庄分隊,地下,大寮區,鳳林四路386號對面（全國加油站斜對面）,120.381461321494,22.6205207863034
6868,中庄分隊,地下,大寮區,鳳林四路453號,120.379845161719,22.6217413312391
6869,中庄分隊,地下,大寮區,鳳林四路商協路口,120.383571285978,22.6188224290755
6870,中庄分隊,地下,大寮區,鳳屏二路大于橡膠公司前,120.415399298072,22.6430245659797
6871,大林分隊,地下,小港區,大林消防隊前（於大林派出所前面）,120.3459,22.527001
6872,大林分隊,地下,小港區,中心路111之1號前,120.346397225385,22.5256295873191
6873,大林分隊,地下,小港區,中心路81號前,120.347688702753,22.5264886105695
6874,大林分隊,地下,小港區,丹山一路1之14號前,120.361101227018,22.5110419307528
6875,大林分隊,地下,小港區,丹山二路100號前,120.358317133764,22.5107287532697
6876,大林分隊,地下,小港區,丹山二路1號前（鳳鳴路與丹山二路口）,120.360898,22.512091
6877,大林分隊,地下,小港區,丹山二路28之1號,120.360496119646,22.5115135917033
6878,大林分隊,地下,小港區,丹山二路69號旁,120.359484930348,22.5104017751782
6879,大林分隊,地下,小港區,丹山二路81之6號前（叉路口）,120.35932065249,22.5101332646555
6880,大林分隊,地下,小港區,丹山三路48號前,120.35842736136,22.5114355459744
6881,大林分隊,地下,小港區,丹山三路8號前,120.359499014427,22.5123564180852
6882,大林分隊,地下,小港區,岐山一路69之1號,120.353108516244,22.5166469636139
6883,大林分隊,地下,小港區,岐山一路71號旁,120.353964867275,22.5158338956574
6884,大林分隊,地下,小港區,岐山一路和鳳池街叉路口,120.355203726643,22.5170477206716
6885,大林分隊,地下,小港區,沿海四路79號前,120.358646,22.515205
6886,大林分隊,地下,小港區,沿海四路三角公園浮標旁,120.359803,22.514511
6887,大林分隊,地下,小港區,沿海四路順龍機車行前,120.361493,22.512753
6888,大林分隊,地下,小港區,南星路往鳳鼻頭港（南星路叉路中央）,120.359256738193,22.5095896149364
6889,大林分隊,地下,小港區,朝福街和朝德街叉路口,120.357889055514,22.5143448723821
6890,大林分隊,地下,小港區,朝鳳街25巷口（由龍鳳路轉朝鳳街50公尺）,120.359068,22.513065
6891,大林分隊,地下,小港區,朝鳳街79號旁,120.357647883127,22.5123764559812
6892,大林分隊,地下,小港區,朝鳳街與朝德街口,120.358789775771,22.5135114057123
6893,大林分隊,地下,小港區,鳳北路191巷14弄6號前,120.343383,22.527748
6894,大林分隊,地下,小港區,鳳北路與鳳林路138巷口,120.344391217967,22.5283750162941
6895,大林分隊,地下,小港區,鳳池街121號前,120.355603832881,22.5165383084921
6896,大林分隊,地下,小港區,鳳池街和146巷叉路口,120.355224884604,22.5162131483573
6897,大林分隊,地下,小港區,鳳西街100號前,120.343845,22.525656
6898,大林分隊,地下,小港區,鳳西街10號左側（鳳西、鳳盛街口）,120.346877099082,22.523483910315
6899,大林分隊,地下,小港區,鳳西街118號旁巷口（鳳林國小右側門前）,120.343698,22.525835
6900,大林分隊,地下,小港區,鳳西街13巷口,120.345796,22.524068
6901,大林分隊,地下,小港區,鳳西街13巷底,120.345252199403,22.5234636938715
6902,大林分隊,地下,小港區,鳳西街37巷口,120.344516,22.524726
6903,大林分隊,地下,小港區,鳳西街37巷底左側,120.344653,22.524113
6904,大林分隊,地下,小港區,鳳西街66之1號前,120.344281,22.525233
6905,大林分隊,地下,小港區,鳳西街7巷底右側,120.346054750829,22.5227311955579
6906,大林分隊,地下,小港區,鳳西街88號旁巷口,120.344078,22.525466
6907,大林分隊,地下,小港區,鳳西街與中心路口,120.345203,22.524338
6908,大林分隊,地下,小港區,鳳東街16號,120.341505,22.527673
6909,大林分隊,地下,小港區,鳳林國小右側門旁,120.343596,22.525775
6910,大林分隊,地下,小港區,鳳林路102巷12號旁,120.346625,22.526994
6911,大林分隊,地下,小港區,鳳林路123巷17之1號與鳳源路口（源吉鴿園旁）,120.34443,22.526531
6912,大林分隊,地下,小港區,鳳林路123巷2之2號,120.345579733357,22.5267739893814
6913,大林分隊,地下,小港區,鳳林路123巷4之14號旁,120.344558,22.526308
6914,大林分隊,地下,小港區,鳳林路123巷7號前（停車場前）,120.344303,22.52663
6915,大林分隊,地下,小港區,鳳林路126巷10號,120.346346871776,22.5278051749136
6916,大林分隊,地下,小港區,鳳林路126巷12之1號（大林蒲敬老亭旁）,120.34691,22.527838
6917,大林分隊,地下,小港區,鳳林路12號（大林外語補習班前）,120.34789,22.5249563
6918,大林分隊,地下,小港區,鳳林路136之1號（瑞發煤氣行前）,120.345103,22.527683
6919,大林分隊,地下,小港區,鳳林路139巷口,120.345453455312,22.5273661774516
6920,大林分隊,地下,小港區,鳳林路166巷15號（張氏宗祠旁）,120.342321,22.527056
6921,大林分隊,地下,小港區,鳳林路166巷5弄1-5號左側10m,120.342218,22.52797
6922,大林分隊,地下,小港區,鳳林路166巷7之16號,120.342732,22.527685
6923,大林分隊,地下,小港區,鳳林路166巷公園旁,120.342295,22.527678
6924,大林分隊,地下,小港區,鳳林路222號,120.341571391078,22.526822648101
6925,大林分隊,地下,小港區,鳳林路2巷21號前（大林課後托育中心旁巷底）,120.348215,22.525523
6926,大林分隊,地下,小港區,鳳林路2巷2號前,120.348323,22.52531
6927,大林分隊,地下,小港區,鳳林路52號前,120.347091,22.52584
6928,大林分隊,地下,小港區,鳳林路55號前,120.347218,22.525601
6929,大林分隊,地下,小港區,鳳林路83號前,120.34665,22.52623
6930,大林分隊,地下,小港區,鳳林路與中心路口,120.346936,22.52598
6931,大林分隊,地下,小港區,鳳林路與鳳西街口,120.342906,22.52677
6932,大林分隊,地下,小港區,鳳林路與鳳東街口,120.341196,22.527336
6933,大林分隊,地下,小港區,鳳林路與鳳華路口（左側）,120.349136,22.524413
6934,大林分隊,地下,小港區,鳳林路鳳林宮旁,120.344191,22.527388
6935,大林分隊,地下,小港區,鳳林路鳳林宮旁便利商店前,120.344113,22.52734
6936,大林分隊,地下,小港區,鳳林路靠近鳳北路口,120.340295,22.527985
6937,大林分隊,地下,小港區,鳳城街410號,120.348432440187,22.524369432474
6938,大林分隊,地下,小港區,鳳盛街23號前,120.347341,22.523915
6939,大林分隊,地下,小港區,鳳華路隆旺五金行右側7m,120.348337961188,22.5237530695641
6940,大林分隊,地下,小港區,鳳華路與龍鳳路口檳榔攤旁,120.347573,22.523143
6941,大林分隊,地下,小港區,鳳源路35之1號旁,120.345265,22.525966
6942,大林分隊,地下,小港區,鳳源路與中心路口,120.345863790573,22.5251968727763
6943,大林分隊,地下,小港區,鳳鳴宮前,120.358910397954,22.5118956631631
6944,大林分隊,地下,小港區,鳳鳴路、丹山三路口（左側）,120.360008,22.512943
6945,大林分隊,地下,小港區,鳳鳴路126之2號（鳳鳴托兒所旁）,120.35888,22.514113
6946,大林分隊,地下,小港區,鳳鳴路141號前,120.359098,22.513851
6947,大林分隊,地下,小港區,鳳鳴路46號前,120.360601,22.512445
6948,大林分隊,地下,小港區,鳳鳴路94巷4之1號,120.359803,22.514185
6949,大林分隊,地下,小港區,鳳鳴路94巷口（119號對面）,120.359556,22.513456
6950,大林分隊,地下,小港區,鳳鳴路淯勝鋼構前,120.352239448332,22.5208069878887
6951,大林分隊,地下,小港區,鳳興街35號,120.346586153288,22.5227993095042
6952,大林分隊,地下,小港區,鳳興街37號,120.345916069973,22.523316858467
6953,大林分隊,地下,小港區,鳳興路3號前,120.347465,22.52484
6954,大林分隊,地下,小港區,鳳興路51號前（雜貨店前）,120.346673947256,22.5240690449936
6955,大林分隊,地下,小港區,鳳興路60號前,120.346468,22.52453
6956,大林分隊,地下,小港區,鳳興路79號前,120.346183,22.5249
6957,大林分隊,地下,小港區,鳳興路86號,120.345438,22.524693
6958,大林分隊,地下,小港區,龍門街69號前（69和71號中央）,120.356666260718,22.513219945775
6959,大林分隊,地下,小港區,龍門街71號左旁（往龍興路3公尺）,120.356526785849,22.513347139507
6960,大林分隊,地下,小港區,龍門街萬善公祠廟旁（往朝福街5公尺）,120.355552361665,22.5142713553822
6961,大林分隊,地下,小港區,龍鳳路242號,120.35395381378,22.5167142713875
6962,大林分隊,地下,小港區,龍鳳路27號,120.358281,22.51248
6963,大林分隊,地下,小港區,龍鳳路559號,120.34849,22.521885
6964,大林分隊,地下,小港區,龍鳳路74號前,120.357219020544,22.513539983151
6965,大林分隊,地下,小港區,龍鳳路與岐山一路口,120.354395222943,22.5162188765774
6966,大林分隊,地下,小港區,龍鳳路與朝鳳街口,120.358030733745,22.5127731129724
6967,大林分隊,地下,小港區,龍鳳路與龍興路口,120.355838027875,22.5147452284821
6968,大林分隊,地下,小港區,龍興路萬善公祠廟,120.355440936838,22.5143816872138
6969,高桂分隊,地下,小港區,大平路192號旁（7-11旁）,120.389240204282,22.5629267562448
6970,高桂分隊,地下,小港區,大平路與高坪15路552號前,120.393247369763,22.5612709357094
6971,高桂分隊,地下,小港區,大房路15號右斜對面,120.390041700278,22.566219882372
6972,高桂分隊,地下,小港區,大房路2號圍牆邊,120.388526731894,22.5647139676077
6973,高桂分隊,地下,小港區,大房路43之2號轉彎處,120.387499283398,22.5662298680291
6974,高桂分隊,地下,小港區,大房路5號前,120.387099310756,22.5652512223269
6975,高桂分隊,地下,小港區,大房路-大潭路,120.389217353546,22.565490621593
6976,高桂分隊,地下,小港區,大潭路（無極主公殿）左前,120.389308533868,22.5653626212271
6977,高桂分隊,地下,小港區,大潭路5號右斜對面,120.388757613878,22.5656429501096
6978,高桂分隊,地下,小港區,大潭路-永和街口,120.388845852813,22.5649861371653
6979,高桂分隊,地下,小港區,大潭路與大平路口,120.3881873705,22.564399117202
6980,高桂分隊,地下,小港區,大鵬路3號前,120.358491304928,22.5628709000846
6981,高桂分隊,地下,小港區,山田路1-27號前,120.377221008598,22.5742828136428
6982,高桂分隊,地下,小港區,山田路3-8號前,120.376775550926,22.5741747204886
6983,高桂分隊,地下,小港區,山田路5號前,120.376261,22.574213
6984,高桂分隊,地下,小港區,山田路73號-松泰街,120.374961487103,22.5737051752688
6985,高桂分隊,地下,小港區,山明路281巷122號前,120.366268163195,22.5632970074793
6986,高桂分隊,地下,小港區,山明路281巷34號,120.365078961971,22.5648216762567
6987,高桂分隊,地下,小港區,山明路281巷-水秀路74巷口,120.365615830059,22.5641904423352
6988,高桂分隊,地下,小港區,山明路307巷25~27號間巷口處,120.36497817791,22.5644539465067
6989,高桂分隊,地下,小港區,山明路307巷49-51號間巷口處,120.365688046627,22.5635518168884
6990,高桂分隊,地下,小港區,山明路391巷口（人行道上）,120.363188966934,22.5663901997347
6991,高桂分隊,地下,小港區,山明路530號前,120.362409804894,22.5689576031927
6992,高桂分隊,地下,小港區,山明路576號前,120.362021440475,22.5697826035781
6993,高桂分隊,地下,小港區,山明路5巷9號前,120.367931931387,22.5653616728582
6994,高桂分隊,地下,小港區,中安路、高鳳路口（靠明義國中）,120.36811381269,22.5848298721604
6995,高桂分隊,地下,小港區,中安路、廈庄1街168號（全家前）,120.361221206074,22.584762387094
6996,高桂分隊,地下,小港區,中安路728巷4號（雙子星檳榔旁小路內）,120.36499868372,22.5845632832555
6997,高桂分隊,地下,小港區,中安路728巷7弄46號前,120.365125780428,22.5842004938758
6998,高桂分隊,地下,小港區,中安路728號前,120.364058909227,22.5846797147775
6999,高桂分隊,地下,小港區,孔宅2街、孔宅5街口,120.373760616515,22.5773742174805
7000,高桂分隊,地下,小港區,孔宅2街236號前,120.372516742085,22.5773934115139
7001,高桂分隊,地下,小港區,孔宅公園左邊（高鳳路422號後面）,120.371555560596,22.5804557468617
7002,高桂分隊,地下,小港區,孔宅街167號,120.371867647503,22.5796038032586
7003,高桂分隊,地下,小港區,孔宅街288號左斜對面,120.372109115124,22.5801685877752
7004,高桂分隊,地下,小港區,孔宅街66號,120.372843003635,22.5799776021177
7005,高桂分隊,地下,小港區,孔宅街73號,120.372627274591,22.5806191611209
7006,高桂分隊,地下,小港區,孔宅街73號直往北未端,120.372387216884,22.5812853625671
7007,高桂分隊,地下,小港區,孔宅街75號前,120.372335692976,22.5798081233942
7008,高桂分隊,地下,小港區,孔祥街、金城路口,120.365729720238,22.5817699531413
7009,高桂分隊,地下,小港區,孔祥街129號前,120.365921274222,22.5817245294334
7010,高桂分隊,地下,小港區,孔祥街168號右前對面,120.366990358475,22.5817204217204
7011,高桂分隊,地下,小港區,孔祥街168號往西20公尺（吊卡車大門左邊）,120.366443187836,22.5817650000001
7012,高桂分隊,地下,小港區,孔祥街26號斜對面,120.367839277628,22.5816944177172
7013,高桂分隊,地下,小港區,孔鳳路、廈庄1街口,120.361094474348,22.5814500140057
7014,高桂分隊,地下,小港區,孔鳳路272巷內與復華路22巷口（美又美前）,120.364208798165,22.5819560432454
7015,高桂分隊,地下,小港區,孔鳳路30之6號（汎益修車廠對面）,120.369595420971,22.5798286912214
7016,高桂分隊,地下,小港區,孔鳳路371巷23號前,120.360588094468,22.5808095302138
7017,高桂分隊,地下,小港區,孔鳳路470巷口,120.359821954596,22.5814947616768
7018,高桂分隊,地下,小港區,孔鳳路528巷口處,120.358762996226,22.5817983
7019,高桂分隊,地下,小港區,水秀路240號前,120.367794892031,22.5614662924207
7020,高桂分隊,地下,小港區,水秀路-永忠街口,120.366601655681,22.5644952802558
7021,高桂分隊,地下,小港區,水秀路-光耀街口,120.368562350471,22.5607539007084
7022,高桂分隊,地下,小港區,水秀路-瑞明街口北面,120.366580198009,22.5649720790293
7023,高桂分隊,地下,小港區,水秀路-瑞明街口南面,120.36652118941,22.5649002497089
7024,高桂分隊,地下,小港區,水秀路-鳳福路口,120.366986552674,22.5626759991397
7025,高桂分隊,地下,小港區,北林路（南區資源回收廠門口左側4M）,120.376765429974,22.5475355286078
7026,高桂分隊,地下,小港區,平治街166前（早安美芝城.摩登四合院）,120.353059491597,22.5674912296493
7027,高桂分隊,地下,小港區,平治街-崇文路口（茶湯會前）,120.352731591545,22.567564915239
7028,高桂分隊,地下,小港區,平治街-樂利路口,120.357029831491,22.5675612000001
7029,高桂分隊,地下,小港區,平治街-龍華街口,120.356034061394,22.5675834914318
7030,高桂分隊,地下,小港區,永和街102之3號對面,120.389370912286,22.5645639900154
7031,高桂分隊,地下,小港區,永和街106號旁[大潭路與永和街口轉角處]於永和街上,120.3889781,22.5647986475013
7032,高桂分隊,地下,小港區,永和街34號旁,120.390528635582,22.5634814637256
7033,高桂分隊,地下,小港區,永和街58號[機車行],120.39010102209,22.5642404382004
7034,高桂分隊,地下,小港區,永和街7號-2,120.390699914014,22.5631028784284
7035,高桂分隊,地下,小港區,永和街89號右邊[城隍堂]旁,120.390427065119,22.5635310256827
7036,高桂分隊,地下,小港區,永和街97號右前,120.389643358301,22.5644184062377
7037,高桂分隊,地下,小港區,永和街活動中心圍牆邊,120.390704146033,22.5626939045916
7038,高桂分隊,地下,小港區,永順街171號前,120.352436,22.569025
7039,高桂分隊,地下,小港區,永順街29號對面,120.357530626984,22.5690999791685
7040,高桂分隊,地下,小港區,永順街-行義街口,120.353131694234,22.5690911767986
7041,高桂分隊,地下,小港區,永順街-崇文路口,120.351783884204,22.569078173606
7042,高桂分隊,地下,小港區,永順街-樂利路口,120.356978652514,22.5690806504047
7043,高桂分隊,地下,小港區,永順街-龍華街口（優福加水站前）,120.356025797762,22.5690738392082
7044,高桂分隊,地下,小港區,立群路-大鵬路口,120.358467760115,22.5636317
7045,高桂分隊,地下,小港區,立群路-紹興街口（德國馬牌輪胎行）,120.355682286053,22.5636094079294
7046,高桂分隊,地下,小港區,立群路-寶山街口（辰欣髮鋪）,120.357342573433,22.5635895927525
7047,高桂分隊,地下,小港區,光耀街-光輝街口（圖書館後方）,120.37026641059,22.5601906689551
7048,高桂分隊,地下,小港區,光耀街到底轉彎處,120.370137664557,22.559249421572
7049,高桂分隊,地下,小港區,安和街-宏平路321巷口（阿羅哈商行）,120.36060322209,22.5693268000001
7050,高桂分隊,地下,小港區,"旭日街50號對面（福德西街,旭日街口）",120.367716087714,22.5868203884905
7051,高桂分隊,地下,小港區,江山街-寶山街口,120.357675554596,22.5622487769215
7052,高桂分隊,地下,小港區,宏平路21號前,120.36517835582,22.5721843488182
7053,高桂分隊,地下,小港區,宏平路368號、青山街123巷口,120.358964936176,22.5700164055423
7054,高桂分隊,地下,小港區,宏平路408號前廠邊三路口,120.35829325893,22.5700321795489
7055,高桂分隊,地下,小港區,宏平路460巷28號30弄口,120.356864839226,22.5707029235955
7056,高桂分隊,地下,小港區,"宏平路85號前（丁丁藥局前,人行道上）",120.363502249004,22.571008218915
7057,高桂分隊,地下,小港區,"宏光,秀峰街1巷口",120.367945809664,22.5672961585942
7058,高桂分隊,地下,小港區,宏光街180號前,120.363290682435,22.5687794748604
7059,高桂分隊,地下,小港區,宏光街237巷10號前,120.363556395388,22.5691685876875
7060,高桂分隊,地下,小港區,宏光街333號前,120.364384472387,22.5666668323917
7061,高桂分隊,地下,小港區,宏光街343號前,120.365028775463,22.5664026843072
7062,高桂分隊,地下,小港區,宏光街406號旁,120.366262833747,22.5664270354817
7063,高桂分隊,地下,小港區,宏光街557號,120.369461997376,22.567162921195
7064,高桂分隊,地下,小港區,宏光街-宏林街口,120.365588124854,22.5714652711533
7065,高桂分隊,地下,小港區,宏光街-宏智街口,120.363112445933,22.5696423668281
7066,高桂分隊,地下,小港區,宏光街-宏裕街口（宏裕車行）,120.364601071936,22.5707816848564
7067,高桂分隊,地下,小港區,宏光街-華仁街口,120.364118944866,22.5671581255201
7068,高桂分隊,地下,小港區,宏信街1號前,120.363531192625,22.570506030646
7069,高桂分隊,地下,小港區,宏信街79號前,120.362871904091,22.5686356603329
7070,高桂分隊,地下,小港區,宏信街-宏智街口,120.362617167459,22.5697752451199
7071,高桂分隊,地下,小港區,宏茂街（順發3C後門）,120.364140539017,22.568016001695
7072,高桂分隊,地下,小港區,宏偉街47號旁,120.366984154236,22.566130493637
7073,高桂分隊,地下,小港區,秀峰街1巷22弄（檢驗局外牆邊）,120.368732348549,22.5665054320684
7074,高桂分隊,地下,小港區,秀峰街1巷22弄38號,120.368283364418,22.5667634495859
7075,高桂分隊,地下,小港區,秀峰街1巷39號前,120.368075604299,22.5667848920999
7076,高桂分隊,地下,小港區,秀峰街-華山路200巷口,120.370064946696,22.5675348713843
7077,高桂分隊,地下,小港區,明義街、孔明街口,120.368048514715,22.5828136320689
7078,高桂分隊,地下,小港區,東昇路廟宇旁（靈威宮）,120.368492380357,22.585504249399
7079,高桂分隊,地下,小港區,松山路16巷38號旁（T字路口）,120.372270047665,22.5717417006904
7080,高桂分隊,地下,小港區,松文街56-1號前,120.371686510416,22.5742130655757
7081,高桂分隊,地下,小港區,松金街17號前,120.366090982803,22.5723338139231
7082,高桂分隊,地下,小港區,松金街1巷108號前,120.366361784061,22.5697127553426
7083,高桂分隊,地下,小港區,松金街1巷160號前,120.366313186508,22.5687950000007
7084,高桂分隊,地下,小港區,松金街1巷46號前,120.36642464418,22.5712310464801
7085,高桂分隊,地下,小港區,松金街62號前,120.365975573659,22.5706773129085
7086,高桂分隊,地下,小港區,松青街156號,120.376634031808,22.5715684199629
7087,高桂分隊,地下,小港區,松南街-松山街口廟門口,120.372835002447,22.5732353353599
7088,高桂分隊,地下,小港區,松泰街126巷7號前,120.375920060188,22.5727404327772
7089,高桂分隊,地下,小港區,松泰街139號前,120.375465408529,22.5732888221775
7090,高桂分隊,地下,小港區,松泰街89號前（山田路21之8號）,120.375190609787,22.572892605031
7091,高桂分隊,地下,小港區,松泰街-松崗路49號鐵捲門口,120.37437426739,22.5750001037158
7092,高桂分隊,地下,小港區,松崗路115號前,120.375547504299,22.5754286994827
7093,高桂分隊,地下,小港區,松崗路117號之3前,120.375534224537,22.5756171139176
7094,高桂分隊,地下,小港區,松崗路132巷2號前,120.3768441,22.575641
7095,高桂分隊,地下,小港區,松崗路23號對面電線桿18巷口,120.373974326389,22.574737838937
7096,高桂分隊,地下,小港區,松崗路64巷33號前,120.375298944775,22.5744782795833
7097,高桂分隊,地下,小港區,松崗路79號對面（公園旁邊）,120.374824635582,22.575023538434
7098,高桂分隊,地下,小港區,松崗路91號對面（泓泉加水站前）,120.375131964684,22.5751174707405
7099,高桂分隊,地下,小港區,松頂街路底（松青街190號旁進入到底，旁邊一支地上已註銷，無水）,120.376335257061,22.5723941968411
7100,高桂分隊,地下,小港區,松富街73巷13號前,120.375154898113,22.5602197997753
7101,高桂分隊,地下,小港區,松華路38號前,120.373860788361,22.5592642235632
7102,高桂分隊,地下,小港區,松華路-松光街口（一）,120.373146290738,22.5718824385366
7103,高桂分隊,地下,小港區,松義街116號前,120.37492275238,22.5613705356455
7104,高桂分隊,地下,小港區,松義街81巷18號前,120.374392387732,22.5604290695429
7105,高桂分隊,地下,小港區,松興路112巷47號前,120.372463399958,22.5756881635452
7106,高桂分隊,地下,小港區,松興路25巷-山田路132巷口,120.373453625062,22.5730797949264
7107,高桂分隊,地下,小港區,松興路27號25巷口,120.373937,22.5738434191721
7108,高桂分隊,地下,小港區,松興路51號旁-松南街（高鳳書局旁）,120.373456720238,22.5741223510076
7109,高桂分隊,地下,小港區,松興路69巷25號前,120.372551187068,22.5740299314451
7110,高桂分隊,地下,小港區,松興路69巷8弄1號前,120.372794419643,22.5741435016111
7111,高桂分隊,地下,小港區,松興路71號69巷口,120.373051915344,22.5743768028587
7112,高桂分隊,地下,小港區,松興路76巷21號前,120.373385209822,22.5750253315789
7113,高桂分隊,地下,小港區,松興路96巷24號前,120.372869382192,22.5752224845351
7114,高桂分隊,地下,小港區,沿海1路-永順街222巷口,120.350572639473,22.5686195947519
7115,高桂分隊,地下,小港區,沿海1路-立群路口（穩榮輪胎行）,120.355787722662,22.5636091849949
7116,高桂分隊,地下,小港區,沿海ㄧ路-長興街口（全家便利商店前）,120.355997407206,22.562631783963
7117,高桂分隊,地下,小港區,社教館東門外右側五米（圍籬後面）,120.360894450315,22.5644727383775
7118,高桂分隊,地下,小港區,社教館游泳池門口（側門口）,120.358527400859,22.5646430238702
7119,高桂分隊,地下,小港區,金府路-43巷口,120.354620150436,22.5661698694475
7120,高桂分隊,地下,小港區,金府路-學府路口,120.354704841716,22.56533681156
7121,高桂分隊,地下,小港區,金城路、孔明街口,120.365801132524,22.5826755247977
7122,高桂分隊,地下,小港區,金城路14號路口,120.365727136246,22.5842153685448
7123,高桂分隊,地下,小港區,金城路15之6號對面巷子口,120.365770360783,22.5835970597431
7124,高桂分隊,地下,小港區,金城路30號前,120.36635557424,22.5835656246189
7125,高桂分隊,地下,小港區,金城路左轉復華路174巷左側第一個路口中,120.364098271415,22.5851875610455
7126,高桂分隊,地下,小港區,長青街19號前,120.363536,22.5726524881692
7127,高桂分隊,地下,小港區,長興街-紹興街口（上仁汽車前）,120.356275179589,22.5628223944328
7128,高桂分隊,地下,小港區,長興街-寶山街口,120.357315876686,22.5631369617808
7129,高桂分隊,地下,小港區,青山街102號前,120.359613023314,22.5709011738066
7130,高桂分隊,地下,小港區,青山街124巷51號對面,120.359628597553,22.5713957437971
7131,高桂分隊,地下,小港區,青山街22巷58號前,120.361269233135,22.572100627916
7132,高桂分隊,地下,小港區,青山街25號前,120.362378186508,22.5725074187399
7133,高桂分隊,地下,小港區,青山街27巷33號對面,120.362902982803,22.5718723720302
7134,高桂分隊,地下,小港區,青山街43號前,120.362036480986,22.5721930407194
7135,高桂分隊,地下,小港區,青山街51巷、松柏街口,120.36234258843,22.571070882982
7136,高桂分隊,地下,小港區,青山街71巷2號,120.361253370535,22.5714352157015
7137,高桂分隊,地下,小港區,青山街93巷2號對面,120.36045646627,22.5709442686164
7138,高桂分隊,地下,小港區,建成街-華明街口,120.3690398,22.5634449
7139,高桂分隊,地下,小港區,後厝路31號,120.390580519014,22.5646316546319
7140,高桂分隊,地下,小港區,後厝路38號（右前方路燈下）,120.390060399948,22.5649171529839
7141,高桂分隊,地下,小港區,茂林街33號前,120.367055623925,22.5644703916682
7142,高桂分隊,地下,小港區,茂林街7巷12弄6號前,120.367565453053,22.5635954264962
7143,高桂分隊,地下,小港區,茂林街7巷-泰興街口,120.36796273871,22.5638833961152
7144,高桂分隊,地下,小港區,茂林街9號前,120.367234655837,22.5638872662657
7145,高桂分隊,地下,小港區,飛機路229號右前,120.357306976686,22.5732111043219
7146,高桂分隊,地下,小港區,飛機路408號前,120.356672635582,22.5732790819337
7147,高桂分隊,地下,小港區,桂華路、華昌街口,120.362521747599,22.5833110642008
7148,高桂分隊,地下,小港區,桂華路、廈庄1街口,120.361043850432,22.5829445353643
7149,高桂分隊,地下,小港區,桂華路、廈庄5街口（路牌旁）,120.35945464159,22.5830460738559
7150,高桂分隊,地下,小港區,高坪10街上20m與高坪9街口,120.381157523387,22.545385154109
7151,高桂分隊,地下,小港區,高坪10街上與（高坪8路180號後門）,120.380345951312,22.5453880278507
7152,高桂分隊,地下,小港區,高坪11路6巷15號右前,120.383420238237,22.5401852071885
7153,高桂分隊,地下,小港區,高坪11路上15公尺與高坪16街口,120.382008129127,22.5488235329217
7154,高桂分隊,地下,小港區,高坪12街90號前,120.380257666111,22.5458819973317
7155,高桂分隊,地下,小港區,高坪12街與高坪9街口（相思樹對面）,120.381549125903,22.5458855524846
7156,高桂分隊,地下,小港區,高坪13街15公尺與高坪35街口,120.383330112689,22.5494477419535
7157,高桂分隊,地下,小港區,高坪13街上與35街口（榕樹園後方）,120.382440289848,22.5486370918269
7158,高桂分隊,地下,小港區,高坪13街轉彎處（過35街第2根路燈）,120.383711656922,22.5506070438667
7159,高桂分隊,地下,小港區,高坪15路296號前,120.393343796703,22.5574424504725
7160,高桂分隊,地下,小港區,高坪16街53-1號對面,120.383566147083,22.5479787834456
7161,高桂分隊,地下,小港區,高坪16街聯邦貨運後方,120.384266203635,22.5479540116673
7162,高桂分隊,地下,小港區,高坪17街 （山園小吃部）前,120.391980236762,22.557238162677
7163,高桂分隊,地下,小港區,高坪17街（靠東邊）之1,120.393994575732,22.556978076238
7164,高桂分隊,地下,小港區,高坪17街120巷20號,120.392008872284,22.5577032103981
7165,高桂分隊,地下,小港區,高坪17街70號左側約5m,120.391999012225,22.5567378054728
7166,高桂分隊,地下,小港區,高坪17街之4,120.391298955672,22.5572926569164
7167,高桂分隊,地下,小港區,高坪17街與高坪20街口,120.391274815791,22.5582128632071
7168,高桂分隊,地下,小港區,高坪17街與高坪32街口[坪頂國小門口]對面,120.391194349521,22.5606811655073
7169,高桂分隊,地下,小港區,高坪17街轉角處之3,120.391328459972,22.5566956961204
7170,高桂分隊,地下,小港區,高坪17街轉角處之4 （T字型轉角處）,120.392607873672,22.5572499284805
7171,高桂分隊,地下,小港區,高坪18路39巷39號 （右側2公尺）,120.395847102214,22.5544540790799
7172,高桂分隊,地下,小港區,高坪18路39巷口,120.395244830616,22.5553135459084
7173,高桂分隊,地下,小港區,高坪18路之1,120.394350966188,22.5548025542539
7174,高桂分隊,地下,小港區,高坪18路之2,120.392788579437,22.5541554220898
7175,高桂分隊,地下,小港區,高坪18路之3（變電箱旁）,120.391297271225,22.5538111093852
7176,高桂分隊,地下,小港區,高坪19街228-1號前（水銀燈第4支）,120.389346652992,22.5564381201766
7177,高桂分隊,地下,小港區,高坪19街之1（水銀燈第10支）,120.390068492287,22.5538631933994
7178,高桂分隊,地下,小港區,高坪19街之2（水銀燈第8支）,120.38986397385,22.5545530562189
7179,高桂分隊,地下,小港區,高坪19街之3（水銀燈第6支）,120.389607822888,22.5555426379748
7180,高桂分隊,地下,小港區,高坪19街之5（水銀燈第1支）,120.389265841239,22.5575403577331
7181,高桂分隊,地下,小港區,高坪20街25巷33號,120.393852590743,22.5572438888465
7182,高桂分隊,地下,小港區,高坪20街79號前,120.392280644172,22.5581843777747
7183,高桂分隊,地下,小港區,高坪20街與25巷口,120.393976145752,22.5581819352722
7184,高桂分隊,地下,小港區,高坪23路151巷17號,120.388216229283,22.5553476417945
7185,高桂分隊,地下,小港區,高坪23路706號  左側約3公尺處,120.388761242601,22.5617622842527
7186,高桂分隊,地下,小港區,高坪23路上往18路，三向景點指標（單車道、植物園、鳳山水庫，於人行道上）右方約3公尺,120.388416578743,22.5558992660425
7187,高桂分隊,地下,小港區,高坪23路與22路口（於植物園人行道上）,120.388835003349,22.5583861871781
7188,高桂分隊,地下,小港區,高坪25路15號左邊30m處,120.387544860813,22.557571254813
7189,高桂分隊,地下,小港區,高坪25路之2（轉彎處）,120.387327601883,22.5574709360581
7190,高桂分隊,地下,小港區,高坪26街79號前,120.392235046619,22.5593708529781
7191,高桂分隊,地下,小港區,高坪27南街67號對面,120.3859341943,22.5536042736423
7192,高桂分隊,地下,小港區,高坪27南街拖板車停車場前,120.386826028797,22.5536575307794
7193,高桂分隊,地下,小港區,高坪27街401巷15號對面,120.383575012967,22.5596445128201
7194,高桂分隊,地下,小港區,高坪27街486巷47號前,120.384785089549,22.5597038904563
7195,高桂分隊,地下,小港區,高坪27街650巷60號左側,120.384163220238,22.5620190691976
7196,高桂分隊,地下,小港區,高坪27街690巷50號前,120.3837664,22.5625379
7197,高桂分隊,地下,小港區,高坪27街852巷底,120.383653464179,22.5631527152924
7198,高桂分隊,地下,小港區,高坪27街876巷底,120.383205535274,22.5635019584754
7199,高桂分隊,地下,小港區,高坪27街906巷12號左前約5公尺,120.382061427825,22.5635147666647
7200,高桂分隊,地下,小港區,高坪27路10公尺與高坪52街口,120.385728353031,22.5561185834867
7201,高桂分隊,地下,小港區,高坪27路37號前,120.386780431244,22.5542148716784
7202,高桂分隊,地下,小港區,高坪27路61號前,120.386400898668,22.5548923474726
7203,高桂分隊,地下,小港區,高坪27路右轉高坪29路60巷66號,120.385993891724,22.5542186872624
7204,高桂分隊,地下,小港區,高坪27路與高坪50路口,120.38572900531,22.5561073368605
7205,高桂分隊,地下,小港區,高坪27路與高坪58街口,120.3852133689,22.557015265966
7206,高桂分隊,地下,小港區,高坪28街212號對面,120.390287762874,22.5598513849165
7207,高桂分隊,地下,小港區,高坪28街27號,120.392204201215,22.5598464309876
7208,高桂分隊,地下,小港區,高坪29路298號前,120.382673969242,22.5583242623953
7209,高桂分隊,地下,小港區,高坪2街23號前,120.382568365329,22.5402547275018
7210,高桂分隊,地下,小港區,高坪30街35號,120.390529161685,22.5603888851523
7211,高桂分隊,地下,小港區,高坪31街45號對面,120.382852679485,22.555073237751
7212,高桂分隊,地下,小港區,高坪31街73號前,120.382611304522,22.5555471334557
7213,高桂分隊,地下,小港區,高坪31街與高坪58街口,120.382761484378,22.555645435171
7214,高桂分隊,地下,小港區,高坪33街90號前,120.381546443694,22.5551822279188
7215,高桂分隊,地下,小港區,高坪33街與高坪70街口（33街上）,120.381846851104,22.5542954417812
7216,高桂分隊,地下,小港區,高坪33街與高坪72街口,120.381731516116,22.5546248909281
7217,高桂分隊,地下,小港區,高坪35街410號前,120.380470877879,22.5553927768626
7218,高桂分隊,地下,小港區,高坪36街之1（廟宇右方60M，路底有一路燈上有226字樣）,120.385728678101,22.552234508964
7219,高桂分隊,地下,小港區,高坪36街之2,120.385647541278,22.5512362335623
7220,高桂分隊,地下,小港區,高坪36街之2（第二根電線桿）,120.386232262843,22.5514647476139
7221,高桂分隊,地下,小港區,高坪36街之3,120.385113111132,22.5520406756575
7222,高桂分隊,地下,小港區,高坪36街之4,120.386657952804,22.5518274830781
7223,高桂分隊,地下,小港區,高坪36街與高坪38街口,120.38508293628,22.5507705343786
7224,高桂分隊,地下,小港區,高坪38街底,120.387002056831,22.5526011194563
7225,高桂分隊,地下,小港區,高坪38街與高坪36街口（廟宇上沿60M，地上有←消字）,120.38607669472,22.5525689172224
7226,高桂分隊,地下,小港區,高坪38街廟宇左邊（正誠宮）,120.385264655941,22.5523614603425
7227,高桂分隊,地下,小港區,高坪39街（高坪70街與72街中間）,120.378166860336,22.5528017639757
7228,高桂分隊,地下,小港區,高坪39街121號前,120.379963269823,22.5517143167277
7229,高桂分隊,地下,小港區,高坪39街138號,120.380521839851,22.5519768901966
7230,高桂分隊,地下,小港區,高坪39街9號對面,120.382682802603,22.5530106466997
7231,高桂分隊,地下,小港區,高坪39街之1（拖板車停車場前）,120.377751117938,22.5532625021381
7232,高桂分隊,地下,小港區,高坪39街左轉彎10m處,120.378808578842,22.551166254929
7233,高桂分隊,地下,小港區,高坪39街與高坪35路口,120.381636968249,22.5525082283763
7234,高桂分隊,地下,小港區,高坪39街與高坪50路口（高坪39街上10m）,120.37848067879,22.5519100083227
7235,高桂分隊,地下,小港區,高坪50路（39路與37街中間）西往東算,120.379274958142,22.5524277572166
7236,高桂分隊,地下,小港區,高坪52街110號右邊5m,120.383753901714,22.5549964491723
7237,高桂分隊,地下,小港區,高坪52街42號,120.385062819713,22.5557048841175
7238,高桂分隊,地下,小港區,高坪56街129號前,120.383457517617,22.5555661698694
7239,高桂分隊,地下,小港區,高坪56街2號前,120.386280542606,22.556864133453
7240,高桂分隊,地下,小港區,高坪56街71號前,120.384797281021,22.5562027680388
7241,高桂分隊,地下,小港區,高坪58街125號前,120.383204048866,22.5559476337164
7242,高桂分隊,地下,小港區,高坪58街1號前,120.386000523309,22.5573630962729
7243,高桂分隊,地下,小港區,高坪58街73號,120.384547835582,22.5565569828684
7244,高桂分隊,地下,小港區,高坪5路100巷9號前,120.382483380357,22.5427719408827
7245,高桂分隊,地下,小港區,高坪5路118巷5號前,120.382913061342,22.5430278703097
7246,高桂分隊,地下,小港區,高坪5路150巷6號前,120.383602829778,22.5444680298192
7247,高桂分隊,地下,小港區,高坪5路218號前,120.383433034393,22.5454011905686
7248,高桂分隊,地下,小港區,高坪5路31號前,120.381440153095,22.5426068537409
7249,高桂分隊,地下,小港區,高坪60街146-1號前,120.383157483943,22.5565663838713
7250,高桂分隊,地下,小港區,高坪60街186號前,120.382560318702,22.5561854288276
7251,高桂分隊,地下,小港區,高坪60街242號右斜對面（5公尺）,120.380701547855,22.5553258966447
7252,高桂分隊,地下,小港區,高坪60街281號前,120.37978959679,22.5548924129646
7253,高桂分隊,地下,小港區,高坪60街517-1號旁（變電箱右邊）,120.378176109479,22.5541031047498
7254,高桂分隊,地下,小港區,高坪60街5m與高坪29路口,120.383335477107,22.5565867071484
7255,高桂分隊,地下,小港區,高坪60街76號前,120.384306436771,22.5570177084889
7256,高桂分隊,地下,小港區,高坪60街底（東方）,120.385486608737,22.5575911363457
7257,高桂分隊,地下,小港區,高坪60街與高坪33街口（中間）,120.381410321587,22.555583509158
7258,高桂分隊,地下,小港區,高坪62街130巷17號,120.382879024537,22.5588014452556
7259,高桂分隊,地下,小港區,高坪62街89巷1至5號間,120.383413606651,22.5579490976003
7260,高桂分隊,地下,小港區,高坪66街（汽車修護廠附近）,120.376944467425,22.557009199592
7261,高桂分隊,地下,小港區,高坪66街500-1號,120.378133194135,22.5580614020876
7262,高桂分隊,地下,小港區,高坪66街與高坪62街口〈62街上〉,120.376989370578,22.5558138737861
7263,高桂分隊,地下,小港區,高坪66路380巷與80街口,120.3800848,22.5595458
7264,高桂分隊,地下,小港區,高坪68街40m與高坪39路口（485電線桿旁）,120.378673127287,22.5515514466126
7265,高桂分隊,地下,小港區,高坪68街43號前,120.3807324,22.5525349
7266,高桂分隊,地下,小港區,高坪68街與37路口（於68街上）,120.379921833414,22.5521448189406
7267,高桂分隊,地下,小港區,高坪6街53號對面（水綠方）,120.381956821674,22.542536316911
7268,高桂分隊,地下,小港區,高坪6街63號前,120.381472706795,22.5430851929729
7269,高桂分隊,地下,小港區,高坪6街右轉高坪1街約 20公尺,120.382659560436,22.5412208774577
7270,高桂分隊,地下,小港區,高坪6街路與高坪3街口（南邊）,120.382573729747,22.5417336773795
7271,高桂分隊,地下,小港區,高坪70街162號,120.379049307101,22.5529008475814
7272,高桂分隊,地下,小港區,高坪70街56號旁,120.380999273055,22.5538396612134
7273,高桂分隊,地下,小港區,高坪70街-高坪37街口（地上有「←水」字）,120.379714494937,22.5532160568286
7274,高桂分隊,地下,小港區,高坪72街100號,120.380109625378,22.5539860914031
7275,高桂分隊,地下,小港區,高坪72街101-1號左前,120.378697291017,22.5533066310113
7276,高桂分隊,地下,小港區,高坪72街65號前,120.380737110972,22.554193423505
7277,高桂分隊,地下,小港區,高坪72街95號前,120.379552915692,22.5536218393314
7278,高桂分隊,地下,小港區,高坪76街310號前,120.377332693332,22.5552837868612
7279,高桂分隊,地下,小港區,高坪76街318號旁巷口,120.37706447243,22.5553779145947
7280,高桂分隊,地下,小港區,高坪78街上與高坪66街,120.37687403559,22.5564058843459
7281,高桂分隊,地下,小港區,高坪7街聯邦貨運350巷8-1號後門前,120.383708649643,22.5484370950381
7282,高桂分隊,地下,小港區,高坪7路與66路北側路口,120.38100130856,22.5589777935976
7283,高桂分隊,地下,小港區,高坪8路180號大門前（金欽沛保養場）,120.380712072843,22.5449631832602
7284,高桂分隊,地下,小港區,高坪9街10m與高坪6街口,120.380637174838,22.5439161523576
7285,高桂分隊,地下,小港區,高坪9街上鐵皮屋右後方,120.381589359039,22.5444883960456
7286,高桂分隊,地下,小港區,高坪9街北上路底,120.381655097008,22.5471503257136
7287,高桂分隊,地下,小港區,高坪十一路328巷31號前,120.380526094451,22.5444236070633
7288,高桂分隊,地下,小港區,高坪十八路39巷32號前,120.395697204552,22.5545030111281
7289,高桂分隊,地下,小港區,高松路（慈濟靜思堂前）,120.374363833435,22.5718096851706
7290,高桂分隊,地下,小港區,高松路102巷24號前,120.368491705523,22.5733500167631
7291,高桂分隊,地下,小港區,高松路102巷46號前,120.367588293783,22.5733721011664
7292,高桂分隊,地下,小港區,高松路11之10號,120.376466152176,22.5703950158253
7293,高桂分隊,地下,小港區,高松路42之2號前（人行道上）,120.372291976686,22.5728442270233
7294,高桂分隊,地下,小港區,高松路4號前（高架橋下）,120.380314302963,22.5685460249315
7295,高桂分隊,地下,小港區,高松路-松華路口,120.373221390881,22.5721771219821
7296,高桂分隊,地下,小港區,高鳳、中安路口（靠泛美大鎮）,120.368107580908,22.5849754571865
7297,高桂分隊,地下,小港區,高鳳路346巷10號（旭日街進入）,120.368251917305,22.5860634086104
7298,高桂分隊,地下,小港區,高鳳路488號前（里長辦公室前旁）,120.370498398884,22.5813813361564
7299,高桂分隊,地下,小港區,高鳳路真君宮後孔宅街口,120.371391358405,22.5800953237831
7300,高桂分隊,地下,小港區,紹興街35號前,120.3568043,22.5622223
7301,高桂分隊,地下,小港區,紹興街56號前,120.356536449074,22.5626866616066
7302,高桂分隊,地下,小港區,博學路507號前,120.370642852709,22.5642648069361
7303,高桂分隊,地下,小港區,博學路555號前,120.370554339812,22.565315002248
7304,高桂分隊,地下,小港區,復華路107號,120.363142,22.583797
7305,高桂分隊,地下,小港區,復華路147號前,120.363157913089,22.5846684953743
7306,高桂分隊,地下,小港區,復華路174巷10號前,120.363522644576,22.5854239351741
7307,高桂分隊,地下,小港區,復華路174巷9號前,120.363529601727,22.5854664405382
7308,高桂分隊,地下,小港區,復華路174巷第二路口左轉約50公尺左側,120.363900325889,22.5859895111748
7309,高桂分隊,地下,小港區,復華路193號,120.363276600838,22.5857816859395
7310,高桂分隊,地下,小港區,復華路2巷口,120.363227718246,22.5816671062902
7311,高桂分隊,地下,小港區,復華路67號前,120.363163195106,22.5829790938049
7312,高桂分隊,地下,小港區,朝興街51號前,120.380468828207,22.5421532157248
7313,高桂分隊,地下,小港區,無名巷子與高坪9街口（鳳梨園旁）,120.381511249908,22.5464596804059
7314,高桂分隊,地下,小港區,華山路170號對面,120.36704510115,22.5670184074311
7315,高桂分隊,地下,小港區,華山路200巷110號前,120.369677,22.5675511987435
7316,高桂分隊,地下,小港區,華山路-建成街口,120.369943845087,22.5634918389224
7317,高桂分隊,地下,小港區,華山路-華山路200巷口,120.366632658058,22.567714267928
7318,高桂分隊,地下,小港區,華山路-華仁街口南側,120.366092863494,22.5680486386543
7319,高桂分隊,地下,小港區,華山路-華文街口,120.369744020515,22.5639686411655
7320,高桂分隊,地下,小港區,華山路-敬業街口,120.368897783571,22.5649172869587
7321,高桂分隊,地下,小港區,華仁街（小港醫院第四停車場前）,120.365154147309,22.5674871634778
7322,高桂分隊,地下,小港區,華立街31號右前巷口,120.368538117791,22.5641175080116
7323,高桂分隊,地下,小港區,華昌路與孔鳳路口,120.362527083829,22.5814082065821
7324,高桂分隊,地下,小港區,華明街13號對面,120.369024993254,22.5639206151323
7325,高桂分隊,地下,小港區,華美街18號前,120.365069335001,22.5669275873605
7326,高桂分隊,地下,小港區,華盛街85巷口,120.359650314597,22.5678893829104
7327,高桂分隊,地下,小港區,華盛街-學成2街口,120.360117719049,22.5663583550896
7328,高桂分隊,地下,小港區,廈庄1街121號前,120.361076169975,22.5839031228939
7329,高桂分隊,地下,小港區,廈庄1街138號前,120.361183458336,22.5838808341018
7330,高桂分隊,地下,小港區,廈庄1街97號前,120.361070805557,22.5834944944659
7331,高桂分隊,地下,小港區,廈庄3街、桂華街口,120.35981016732,22.5831576846683
7332,高桂分隊,地下,小港區,廈庄3街190號前,120.360134044059,22.5840727652488
7333,高桂分隊,地下,小港區,廈庄5街35號前,120.359383696087,22.5826722808646
7334,高桂分隊,地下,小港區,廈庄5街7號前,120.359289818771,22.5821187698482
7335,高桂分隊,地下,小港區,廈庄一街37號前,120.361041650176,22.5825306241945
7336,高桂分隊,地下,小港區,廈庄三街160號前,120.360526102825,22.5832773474196
7337,高桂分隊,地下,小港區,廈莊6街132號前,120.359903990599,22.5843252626631
7338,高桂分隊,地下,小港區,廈莊6街158號旁,120.35935681996,22.5843710783618
7339,高桂分隊,地下,小港區,敬業街59巷16號北側,120.367521851521,22.5643320000001
7340,高桂分隊,地下,小港區,敬業街59巷口,120.367548169941,22.5648397891186
7341,高桂分隊,地下,小港區,敬業街-泰興街口,120.367935551451,22.5648350628303
7342,高桂分隊,地下,小港區,新昌街11-8號（廈莊里活動中心前）,120.361949289515,22.58329798662
7343,高桂分隊,地下,小港區,新昌街28號,120.361281797681,22.5834712413764
7344,高桂分隊,地下,小港區,新厝路1-1號前十字路口,120.392237920654,22.5624629196977
7345,高桂分隊,地下,小港區,新厝路36號前,120.391356236771,22.5633718301539
7346,高桂分隊,地下,小港區,新厝路45號前,120.391763647816,22.5623204463138
7347,高桂分隊,地下,小港區,新厝路62之1號右邊,120.391320766865,22.5641207688798
7348,高桂分隊,地下,小港區,新豐街104號對面（明億電器行）,120.361083796295,22.568508582568
7349,高桂分隊,地下,小港區,新豐街51號前,120.361863076687,22.5666196848006
7350,高桂分隊,地下,小港區,新豐街-安和街口,120.359002454809,22.5688613514981
7351,高桂分隊,地下,小港區,新豐街-宏平路321巷口（王老師美語）,120.360576911501,22.5688409178753
7352,高桂分隊,地下,小港區,新豐街-華盛街口（美芝城前）,120.359685077003,22.5687591833533
7353,高桂分隊,地下,小港區,過雄街、復華路174巷,120.366515562089,22.5864156803281
7354,高桂分隊,地下,小港區,過雄街205號對面巷子,120.365088771551,22.5859536796102
7355,高桂分隊,地下,小港區,漢民路675巷16號前（上芝課後托育）,120.360834407969,22.5677132079421
7356,高桂分隊,地下,小港區,漢民路676巷-新豐街49巷26號右前,120.361381861377,22.566416757724
7357,高桂分隊,地下,小港區,漢民路676巷-學成2街,120.36116862576,22.5667560852782
7358,高桂分隊,地下,小港區,漢民路710巷21弄口,120.362277880986,22.5672005938553
7359,高桂分隊,地下,小港區,漢民路729號旁,120.362812290321,22.5681315139991
7360,高桂分隊,地下,小港區,鳳陽街18巷26號前,120.370152542328,22.5624954846659
7361,高桂分隊,地下,小港區,鳳陽街33巷15號前,120.368790260536,22.5616029259966
7362,高桂分隊,地下,小港區,鳳陽街-水秀路口,120.369525357672,22.5607273011132
7363,高桂分隊,地下,小港區,鳳陽街-鳳德街口,120.369369789549,22.5621069546421
7364,高桂分隊,地下,小港區,鳳福路-鳳陽街口,120.369446680426,22.5628404847155
7365,高桂分隊,地下,小港區,鳳德街131號（由鳳福路38巷進入）,120.368176491402,22.5620548461258
7366,高桂分隊,地下,小港區,鳳德街轉彎處地旁,120.368879589007,22.5612350825061
7367,高桂分隊,地下,小港區,廠邊2路54號前,120.356900616325,22.571976870429
7368,高桂分隊,地下,小港區,廠邊2路83號前,120.357268936176,22.5712243058224
7369,高桂分隊,地下,小港區,廠邊3路102號對面巷口,120.358300612845,22.5703149969242
7370,高桂分隊,地下,小港區,廠邊3路26號前,120.358416325756,22.5725057249739
7371,高桂分隊,地下,小港區,廠邊3路40號前,120.358404971147,22.5719592391415
7372,高桂分隊,地下,小港區,廠邊3路42巷33號前,120.359215512303,22.571805360499
7373,高桂分隊,地下,小港區,廠邊3路61號前,120.358311142536,22.5708716459522
7374,高桂分隊,地下,小港區,學成1.2街口往學府路東面右側100巷口,120.361558967598,22.5655037364183
7375,高桂分隊,地下,小港區,學成1街口往學府路東面右側第一巷口,120.361862057217,22.5654096155955
7376,高桂分隊,地下,小港區,學成1街往南面路口（停車場前）,120.361207826459,22.5647464950198
7377,高桂分隊,地下,小港區,學成1街-學成2街（與學府路交叉口）,120.3608631626,22.5654102963279
7378,高桂分隊,地下,小港區,學成2街25號前,120.360706698078,22.5661323348048
7379,高桂分隊,地下,小港區,學府路39號前,120.362562,22.565397
7380,高桂分隊,地下,小港區,學府路-大鵬路口,120.358524550926,22.5654395686429
7381,高桂分隊,地下,小港區,學府路-華盛街口（用T型五角開關開）,120.360237658024,22.5655044817908
7382,高桂分隊,地下,小港區,營口路21巷55號前花圃中,120.372365,22.5708597434889
7383,高桂分隊,地下,小港區,營口路67號前,120.371020138264,22.5700509425655
7384,高桂分隊,地下,小港區,營口路-松平路口,120.370981525131,22.5678697867794
7385,小港分隊,地下,小港區,二美街18號前,120.347995991402,22.564020351456
7386,小港分隊,地下,小港區,二美街34號前,120.347591833729,22.5644869334699
7387,小港分隊,地下,小港區,二美街64號前,120.34727487113,22.5650775293321
7388,小港分隊,地下,小港區,下橫路64號前（店北路92號旁巷子進入）,120.352772642276,22.5610944545295
7389,小港分隊,地下,小港區,大地街12號斜對面（隆港公司大門對面）,120.347281625339,22.5617516526278
7390,小港分隊,地下,小港區,大地街5號（宏隆工業公司大門北側）,120.346611681055,22.5625063655293
7391,小港分隊,地下,小港區,大業北路加油站出口處,120.344111539309,22.5681116433705
7392,小港分隊,地下,小港區,小港一街73號前,120.338086634874,22.5630862167783
7393,小港分隊,地下,小港區,小港二街、港美街口,120.337455912985,22.5621428028723
7394,小港分隊,地下,小港區,小港路、小港三街口,120.335393173914,22.5637090019909
7395,小港分隊,地下,小港區,小港路116-1號前,120.342538253967,22.5655001639473
7396,小港分隊,地下,小港區,小港路120巷1弄1號前,120.341969361359,22.5658224978822
7397,小港分隊,地下,小港區,小港路120巷2弄20號前,120.34126099446,22.5660917939823
7398,小港分隊,地下,小港區,小港路142巷3弄28號旁,120.340548449074,22.5665600326014
7399,小港分隊,地下,小港區,小港路146號前（公車站對面）,120.340691490161,22.5653232100931
7400,小港分隊,地下,小港區,小港路158號（小港區公所前）,120.33829238532,22.5651356597738
7401,小港分隊,地下,小港區,小港路158號右斜對面（區公所右斜對面）,120.337833057025,22.5650502077482
7402,小港分隊,地下,小港區,小港路192號前,120.336676592013,22.5644939284104
7403,小港分隊,地下,小港區,小港路195號、港信路口,120.337183635582,22.5647778012214
7404,小港分隊,地下,小港區,小港路2號前,120.345470626984,22.5656614663187
7405,小港分隊,地下,小港區,小港路48巷1弄2號旁,120.344706655838,22.5660798472166
7406,小港分隊,地下,小港區,小港路48巷3弄30號前,120.344007081597,22.5666600394768
7407,小港分隊,地下,小港區,小港路63-1號前,120.343430117144,22.5655847041136
7408,小港分隊,地下,小港區,小港路90巷1弄2號旁,120.343385171793,22.5659547441499
7409,小港分隊,地下,小港區,小港路90巷3弄33號前,120.342452626984,22.566524782203
7410,小港分隊,地下,小港區,中山四路、民益路口,120.348065018676,22.5693361568159
7411,小港分隊,地下,小港區,中山四路33號、民益路133巷42弄口,120.347047858896,22.5693605727859
7412,小港分隊,地下,小港區,中光街、廠橫路口,120.355719836788,22.5710724129062
7413,小港分隊,地下,小港區,中安路、桂明街口（人行道上）,120.356145125514,22.5848441121244
7414,小港分隊,地下,小港區,中安路362號前,120.347389472387,22.584190449103
7415,小港分隊,地下,小港區,中船一村32-1號前,120.334726381614,22.561080330702
7416,小港分隊,地下,小港區,台機路28號前,120.340227699445,22.5556367047095
7417,小港分隊,地下,小港區,平心街104號左前,120.333565650297,22.5658568113558
7418,小港分隊,地下,小港區,平心街91號前,120.333833956432,22.5660679920328
7419,小港分隊,地下,小港區,平正街104巷6號左前,120.3342919255,22.5664325177728
7420,小港分隊,地下,小港區,平和二路43巷19號前,120.335888921461,22.5593641760036
7421,小港分隊,地下,小港區,平和十路、鋼平街口,120.333232023313,22.5632969615487
7422,小港分隊,地下,小港區,平和十路5巷底、鋼平街176巷口,120.33287082134,22.5651600971628
7423,小港分隊,地下,小港區,平和南路、港信路口（轉角處）,120.338008795752,22.5637675633047
7424,小港分隊,地下,小港區,平和南路129號前（調查局旁）,120.337704558948,22.5635788206148
7425,小港分隊,地下,小港區,平和南路202號、平順街口,120.3386221122,22.5663426237541
7426,小港分隊,地下,小港區,平和路、平和二路口,120.33647656791,22.5608054089123
7427,小港分隊,地下,小港區,平和路、平和五路口,120.335248786734,22.5626730145338
7428,小港分隊,地下,小港區,平和路、港平路口,120.334383774327,22.5640167337021
7429,小港分隊,地下,小港區,平和路、港後路口,120.33223063104,22.5668936109865
7430,小港分隊,地下,小港區,平和路、港源街口,120.33372730367,22.5649938631957
7431,小港分隊,地下,小港區,平和路132號前,120.332523122685,22.5666923876284
7432,小港分隊,地下,小港區,平和路168號前,120.331939550926,22.5674413770698
7433,小港分隊,地下,小港區,平和路248巷口,120.330795238502,22.5688343647918
7434,小港分隊,地下,小港區,平和路33號對面,120.334388367477,22.5640110053012
7435,小港分隊,地下,小港區,平和路中正體育場-籃球場旁,120.335757735895,22.5619355114896
7436,小港分隊,地下,小港區,平格街26號前,120.336219934359,22.5678065417247
7437,小港分隊,地下,小港區,平格街32號,120.335886120203,22.5675382481162
7438,小港分隊,地下,小港區,平順街、平和南路口,120.338029861186,22.5671318120356
7439,小港分隊,地下,小港區,平順街80號左斜對角,120.339063182209,22.5672507
7440,小港分隊,地下,小港區,民益路133巷36號前,120.347435160136,22.5690200688179
7441,小港分隊,地下,小港區,民益路133巷42弄17號前,120.346898196837,22.5684724519864
7442,小港分隊,地下,小港區,民益路133巷51號前,120.347312851521,22.5679704008206
7443,小港分隊,地下,小港區,民益路134巷口,120.348058111657,22.5689514192003
7444,小港分隊,地下,小港區,民益路27號前,120.347910225391,22.5665255647396
7445,小港分隊,地下,小港區,民益路60號前,120.348012076058,22.5676811257737
7446,小港分隊,地下,小港區,民益路64巷23弄43號前,120.348637020255,22.5689513551986
7447,小港分隊,地下,小港區,民益路64巷29號前,120.34861417237,22.568092364381
7448,小港分隊,地下,小港區,民益路64巷57號前,120.349395559525,22.568338990217
7449,小港分隊,地下,小港區,民益路64巷72弄10號左前,120.349676376075,22.5676567780496
7450,小港分隊,地下,小港區,民益路77巷27弄、民益路133巷42弄口,120.346758175988,22.5676965496768
7451,小港分隊,地下,小港區,民航二街、民航三街口,120.348679493866,22.5704198191938
7452,小港分隊,地下,小港區,民義街、廠西路口,120.350838463911,22.5713820337364
7453,小港分隊,地下,小港區,永義街7號前,120.350399078538,22.5658195799335
7454,小港分隊,地下,小港區,永義街92巷2弄口,120.349900372878,22.5673251865759
7455,小港分隊,地下,小港區,立群路、立憲街口,120.351595270066,22.5635908312022
7456,小港分隊,地下,小港區,立群路、店北路口,120.350995796352,22.5635617276551
7457,小港分隊,地下,小港區,立群路、明芳街口（北側）,120.35221821311,22.5636118848264
7458,小港分隊,地下,小港區,立群路、明芳街口（南側）,120.352219554215,22.5636007387899
7459,小港分隊,地下,小港區,立群路115號前,120.35028989682,22.5631730725389
7460,小港分隊,地下,小港區,光和路（小港區漁會大門右前）,120.340341602303,22.555319668058
7461,小港分隊,地下,小港區,光和路37號（志一鋼鐵前左側機車道）,120.337434827456,22.5589334012784
7462,小港分隊,地下,小港區,光盛街1號對面,120.355215221643,22.5726680023909
7463,小港分隊,地下,小港區,光盛街20號對面,120.355178661954,22.5718105550934
7464,小港分隊,地下,小港區,同利路9號前,120.330591101852,22.5664009913404
7465,小港分隊,地下,小港區,孝先街、百善街口,120.331524238502,22.5697342772102
7466,小港分隊,地下,小港區,孝先街、港安街口,120.332463011657,22.5683596536234
7467,小港分隊,地下,小港區,孝先街、港順街口,120.332023799931,22.5691912406114
7468,小港分隊,地下,小港區,孝先街、港興街口,120.332230330025,22.5687373668756
7469,小港分隊,地下,小港區,孝先街14巷口,120.33283204107,22.5677949126073
7470,小港分隊,地下,小港區,宏平路662號右後角,120.351821180968,22.5699512135435
7471,小港分隊,地下,小港區,宏泰街120巷1號前,120.355060606151,22.5703716595041
7472,小港分隊,地下,小港區,宏泰街82號斜對面,120.356243338046,22.5703017090114
7473,小港分隊,地下,小港區,其明街24號前,120.34886536136,22.5630348126093
7474,小港分隊,地下,小港區,其美街18號前,120.349467076703,22.5632799939612
7475,小港分隊,地下,小港區,其美街59號前,120.348817582838,22.5641067373285
7476,小港分隊,地下,小港區,其美街78號前,120.34858181655,22.5644287470426
7477,小港分隊,地下,小港區,其美街95號、維安街48巷口,120.348395330076,22.564706018043
7478,小港分隊,地下,小港區,店中路、店仔後街口,120.353465117791,22.5623709692427
7479,小港分隊,地下,小港區,店中路、店北路口西側,120.351637862899,22.56231957316
7480,小港分隊,地下,小港區,店中路、店北路口東側,120.351653285602,22.56232019239
7481,小港分隊,地下,小港區,店中路、明芳街西側,120.352312438467,22.5623301000702
7482,小港分隊,地下,小港區,店中路163號前,120.351041411622,22.5621388115394
7483,小港分隊,地下,小港區,店中路48巷37號前,120.354164652778,22.563614613891
7484,小港分隊,地下,小港區,店北路、店鳳街口西側,120.351368811622,22.5628405691879
7485,小港分隊,地下,小港區,店北路、店鳳街口東側,120.351378869906,22.5628449037817
7486,小港分隊,地下,小港區,店北路、宮平街口,120.352449018524,22.5602525590296
7487,小港分隊,地下,小港區,店陽街、南北路54巷口,120.355837494135,22.5614749798019
7488,小港分隊,地下,小港區,店陽街143號前,120.354252478504,22.5599009620478
7489,小港分隊,地下,小港區,店陽街175號斜對面,120.353474028628,22.5593835662567
7490,小港分隊,地下,小港區,店鳳街36號斜對面,120.35312761475,22.5629874118988
7491,小港分隊,地下,小港區,忠德街7巷12號右前,120.346854743551,22.5659786018013
7492,小港分隊,地下,小港區,明芳街、店北路口,120.351703715241,22.5612613856839
7493,小港分隊,地下,小港區,明芳街46號前,120.352425909804,22.5618791884483
7494,小港分隊,地下,小港區,明芳街50號旁（南側）,120.352323510416,22.5623313425374
7495,小港分隊,地下,小港區,明聖街120巷口,120.346502589531,22.5821854839567
7496,小港分隊,地下,小港區,明聖街186巷口,120.345366529448,22.5822310253904
7497,小港分隊,地下,小港區,明聖街196號前,120.345182233135,22.5822294609814
7498,小港分隊,地下,小港區,明聖街22巷32號,120.349001687172,22.5827276943797
7499,小港分隊,地下,小港區,明聖街230巷口,120.34465295264,22.5827147772105
7500,小港分隊,地下,小港區,明聖街245巷28號前,120.344226329331,22.581564865655
7501,小港分隊,地下,小港區,明聖街291巷口,120.343375375463,22.5822873549925
7502,小港分隊,地下,小港區,明聖街50巷口,120.348264107969,22.5821251519739
7503,小港分隊,地下,小港區,明聖街與明聖街245巷交叉口,120.344245,22.582222
7504,小港分隊,地下,小港區,東亞南路、平和二路口（變電箱旁）,120.334646282907,22.5592260060406
7505,小港分隊,地下,小港區,東亞南路轉彎處（公園內）,120.335809020516,22.5578741899438
7506,小港分隊,地下,小港區,沿海一路100號右側（馬自達汽車右側）,120.35033596503,22.5683738275482
7507,小港分隊,地下,小港區,沿海一路200號右後側,120.351107061342,22.5673525723441
7508,小港分隊,地下,小港區,沿海一路48號前,120.349175533135,22.5692814399149
7509,小港分隊,地下,小港區,長春街（漢威鐵工廠大門斜對面東側）,120.345845617947,22.5641984065129
7510,小港分隊,地下,小港區,長春街14號（台泥小港紙廠南側）,120.34413293081,22.5621128075676
7511,小港分隊,地下,小港區,信義二路、鋼平街口,120.332668547239,22.5642533768854
7512,小港分隊,地下,小港區,南北路、店陽街口,120.354762435582,22.5602479407777
7513,小港分隊,地下,小港區,南北路、頂橫路口,120.354762436805,22.5619791038423
7514,小港分隊,地下,小港區,南北路1巷13號前,120.353698886491,22.5609414070896
7515,小港分隊,地下,小港區,南北路1巷6號對面巷口,120.354189672283,22.5608588310266
7516,小港分隊,地下,小港區,南北路50巷口,120.354796567442,22.5611598307071
7517,小港分隊,地下,小港區,南北路53號前,120.354787984708,22.5614666575444
7518,小港分隊,地下,小港區,南北路68號前,120.35477383497,22.5619793230739
7519,小港分隊,地下,小港區,飛機路、廠前路東南側,120.348895511314,22.5721702207447
7520,小港分隊,地下,小港區,飛機路、廠邊一路口,120.35456234841,22.5732934191808
7521,小港分隊,地下,小港區,飛機路、廠邊二路口,120.356166309401,22.5732618409596
7522,小港分隊,地下,小港區,飛機路361巷口,120.35164386034,22.5733602478593
7523,小港分隊,地下,小港區,飛機路411號前,120.350465029478,22.5731850196839
7524,小港分隊,地下,小港區,飛機路492巷口,120.355131529448,22.5732882670366
7525,小港分隊,地下,小港區,飛機路521巷10弄口,120.349001888868,22.5712418362619
7526,小港分隊,地下,小港區,飛機路556號前,120.353937285879,22.5733159283503
7527,小港分隊,地下,小港區,宮田街60號對面,120.35202500554,22.5596204769688
7528,小港分隊,地下,小港區,宮安街37號旁,120.350176778522,22.5618903384959
7529,小港分隊,地下,小港區,宮和街、宮安街口,120.350725164401,22.5610349997425
7530,小港分隊,地下,小港區,宮和街12巷口,120.350831763754,22.5610608157462
7531,小港分隊,地下,小港區,宮和街15巷口,120.351184447256,22.5611529090954
7532,小港分隊,地下,小港區,庫房巷、平允街口,120.339703477298,22.5664015290639
7533,小港分隊,地下,小港區,桂文街、桂江街口,120.350703952761,22.5839551607481
7534,小港分隊,地下,小港區,桂文街129號前,120.351407363298,22.584350761787
7535,小港分隊,地下,小港區,桂文街158-1號前,120.350697246015,22.5843780226833
7536,小港分隊,地下,小港區,桂文街184號前,120.350701300017,22.5836435595028
7537,小港分隊,地下,小港區,桂田街257號前,120.355612209822,22.5824020565749
7538,小港分隊,地下,小港區,桂州街18號前,120.353556184027,22.582933455877
7539,小港分隊,地下,小港區,桂江街118號前,120.352254733443,22.5839079957238
7540,小港分隊,地下,小港區,桂江街129號前,120.351531682209,22.5839269674435
7541,小港分隊,地下,小港區,桂江街33號前,120.354033973628,22.5838598628012
7542,小港分隊,地下,小港區,桂竹街70號前,120.35433846093,22.5831527315773
7543,小港分隊,地下,小港區,桂竹街78號前,120.354372659095,22.5835780776527
7544,小港分隊,地下,小港區,桂和街、桂明街口,120.356424317791,22.5842792808687
7545,小港分隊,地下,小港區,桂和街25號前,120.357205096313,22.5842773604492
7546,小港分隊,地下,小港區,桂忠街50號前,120.358141571759,22.5836101047989
7547,小港分隊,地下,小港區,桂忠街72號前,120.358139974205,22.5840156678561
7548,小港分隊,地下,小港區,桂明路97號、桂田街口,120.356386130706,22.5823788415205
7549,小港分隊,地下,小港區,桂華路、桂平街口,120.35294156755,22.5833977431751
7550,小港分隊,地下,小港區,桂華路、桂明街口,120.356389547239,22.5833277808644
7551,小港分隊,地下,小港區,桂華路、桂聖街口（北側）,120.351224283228,22.5834608949649
7552,小港分隊,地下,小港區,桂華路、桂聖街口（南側）,120.351221601019,22.5834503696686
7553,小港分隊,地下,小港區,桂華路、桂德街口,120.357564354787,22.5833011580289
7554,小港分隊,地下,小港區,桂華路125號、桂忠街口,120.358134233135,22.5831556866286
7555,小港分隊,地下,小港區,桂華路187號前（萊茵幼稚園前）,120.353421012412,22.5833822647909
7556,小港分隊,地下,小港區,桂華路241號前,120.355802661954,22.583335491367
7557,小港分隊,地下,小港區,桂華路472號前,120.350466507357,22.5834808427693
7558,小港分隊,地下,小港區,桂陽路149巷口,120.355923939881,22.5819023054805
7559,小港分隊,地下,小港區,桂陽路175巷4弄20號前,120.355896515956,22.5806438937686
7560,小港分隊,地下,小港區,桂陽路175巷6弄2號前,120.356298125166,22.5800031339092
7561,小港分隊,地下,小港區,桂陽路175巷口,120.355371982209,22.5819033459623
7562,小港分隊,地下,小港區,桂陽路209巷、175巷3弄口,120.354648431733,22.5809964467923
7563,小港分隊,地下,小港區,桂陽路212號前,120.354702163771,22.5819497049713
7564,小港分隊,地下,小港區,桂陽路259號轉角前,120.353424520979,22.5819325923299
7565,小港分隊,地下,小港區,桂陽路47號前,120.357523548445,22.581827217409
7566,小港分隊,地下,小港區,桂園路69號左前,120.354764687749,22.5838279584787
7567,小港分隊,地下,小港區,桂義街242巷口,120.355778003058,22.5828673098703
7568,小港分隊,地下,小港區,桂誠街141巷口,120.35575864418,22.5838029639159
7569,小港分隊,地下,小港區,桂誠街141巷口對面,120.355758630042,22.5838141788962
7570,小港分隊,地下,小港區,桂德街32號前,120.357559782821,22.5828330899707
7571,小港分隊,地下,小港區,桂興街100號右側,120.352403315869,22.5825060167635
7572,小港分隊,地下,小港區,桂興街32號前,120.353776606885,22.5824676301187
7573,小港分隊,地下,小港區,崇本街、崇明街10巷口,120.333500781667,22.5713585292005
7574,小港分隊,地下,小港區,崇本街101號對面,120.331450038605,22.5708410516324
7575,小港分隊,地下,小港區,崇本街147號對面,120.330608495527,22.5702881122859
7576,小港分隊,地下,小港區,崇本街68號前,120.332611653355,22.5712945578
7577,小港分隊,地下,小港區,崇本街82巷口,120.332145456518,22.5712096304789
7578,小港分隊,地下,小港區,崇安街、崇善街口,120.332646481737,22.5730143603802
7579,小港分隊,地下,小港區,崇安街、漢威街口,120.33175196503,22.5724762901788
7580,小港分隊,地下,小港區,崇安街、翠亨南路口,120.333115197761,22.5732576986884
7581,小港分隊,地下,小港區,崇安街37號前,120.332260860696,22.5727804103147
7582,小港分隊,地下,小港區,崇安街61號旁,120.331361481563,22.5722479942145
7583,小港分隊,地下,小港區,崇明街、同利路口,120.328767177649,22.5682289885592
7584,小港分隊,地下,小港區,崇明街97號對面,120.331989947256,22.5706608416248
7585,小港分隊,地下,小港區,崇善街、崇敬街口,120.332972193814,22.5726237618788
7586,小港分隊,地下,小港區,崇善街、漢威街180巷口,120.333271260119,22.5722163383712
7587,小港分隊,地下,小港區,崇善街15號前,120.333543402447,22.571881028956
7588,小港分隊,地下,小港區,崇愛街25號旁巷口,120.351813274223,22.570889848513
7589,小港分隊,地下,小港區,崇愛街55號前,120.351799042939,22.5715047290662
7590,小港分隊,地下,小港區,崇敬街、崇本街82巷口,120.331668727544,22.5718182526003
7591,小港分隊,地下,小港區,崇敬街、漢威街口,120.332075752761,22.5720628313926
7592,小港分隊,地下,小港區,崇敬街23號前,120.332409723296,22.5722657180056
7593,小港分隊,地下,小港區,頂橫、店陽街口,120.355435833335,22.5619697467362
7594,小港分隊,地下,小港區,港中街36號左前,120.333379580356,22.5669687977397
7595,小港分隊,地下,小港區,港安街11號前,120.334832008598,22.5691396751707
7596,小港分隊,地下,小港區,港信路、港平路口,120.336825473034,22.5652712876793
7597,小港分隊,地下,小港區,港後路、港福路口,120.335149652709,22.568220334721
7598,小港分隊,地下,小港區,港後路32號左前,120.333051912863,22.5674212384143
7599,小港分隊,地下,小港區,港後路平交道口,120.336457032628,22.5685920838717
7600,小港分隊,地下,小港區,港順街45號左前,120.332544492643,22.5693390959927
7601,小港分隊,地下,小港區,港源街、平心街口,120.334493177736,22.5655406472452
7602,小港分隊,地下,小港區,港源街、平正街口,120.335214691961,22.566122708645
7603,小港分隊,地下,小港區,港源街、平格街口,120.336738857234,22.5672323337826
7604,小港分隊,地下,小港區,港源街、平誠街口,120.335613,22.5664143576349
7605,小港分隊,地下,小港區,港源街、福祿街口,120.334143820012,22.5652638576111
7606,小港分隊,地下,小港區,港源街103號前,120.33498067361,22.5659322454102
7607,小港分隊,地下,小港區,港壽街、崇本街口,120.331648190057,22.5709787942051
7608,小港分隊,地下,小港區,港壽街、港安街口,120.333024833834,22.5685608316112
7609,小港分隊,地下,小港區,港壽街、港興街口,120.332839090859,22.5689738387246
7610,小港分隊,地下,小港區,港壽街176號前,120.331323370535,22.5714530208143
7611,小港分隊,地下,小港區,港壽街56號左前,120.332915131283,22.5690095440484
7612,小港分隊,地下,小港區,義興街122號前,120.35102414294,22.5670230858883
7613,小港分隊,地下,小港區,義興街90號前,120.351548790178,22.566435939931
7614,小港分隊,地下,小港區,漢民路130號前（人行道上）,120.350550853985,22.5640259311078
7615,小港分隊,地下,小港區,漢民路158巷1弄1號前,120.351148323908,22.5643869646798
7616,小港分隊,地下,小港區,漢民路188巷24號前,120.351942923942,22.5644173807797
7617,小港分隊,地下,小港區,漢民路188巷5號前,120.351693439491,22.5647785260375
7618,小港分隊,地下,小港區,漢民路188巷口,120.351280173524,22.5651221164404
7619,小港分隊,地下,小港區,漢民路236巷17號前,120.352361685268,22.5655235694125
7620,小港分隊,地下,小港區,漢民路236巷49號前,120.352800592013,22.565039
7621,小港分隊,地下,小港區,漢民路244號前,120.352167626984,22.5661683403569
7622,小港分隊,地下,小港區,漢威街、崇明街口,120.332730847169,22.5707796925702
7623,小港分隊,地下,小港區,漢威街、港後路口,120.333935829569,22.5677994891117
7624,小港分隊,地下,小港區,漢威街、達德街口,120.334225508143,22.56711836147
7625,小港分隊,地下,小港區,漢威街111號前,120.333019148479,22.5699846749581
7626,小港分隊,地下,小港區,漢威街180巷20號右前,120.332794588955,22.5718914478376
7627,小港分隊,地下,小港區,漢威街62號前,120.333700038029,22.5684469934972
7628,小港分隊,地下,小港區,漢威街84號前,120.333514813492,22.5688826495557
7629,小港分隊,地下,小港區,福利路、港平路口,120.335455577367,22.5646582640939
7630,小港分隊,地下,小港區,福隆街130巷口,120.341277424537,22.5672069207385
7631,小港分隊,地下,小港區,福隆街158巷口,120.340612200611,22.5672211366449
7632,小港分隊,地下,小港區,福隆街188號前,120.339958860119,22.5672235459626
7633,小港分隊,地下,小港區,福隆街4號前,120.344455757689,22.5672712182555
7634,小港分隊,地下,小港區,福隆街91號斜對面,120.342130909805,22.5671630236466
7635,小港分隊,地下,小港區,福隆街94巷1弄18號前,120.343477209822,22.5674603478431
7636,小港分隊,地下,小港區,福隆街94巷口,120.342123179571,22.5671744293322
7637,小港分隊,地下,小港區,翠亨南路、崇本街口,120.334364652206,22.5718223619502
7638,小港分隊,地下,小港區,翠亨南路、漢威街180巷口,120.333751767446,22.5725406174015
7639,小港分隊,地下,小港區,翠亨南路137號左側,120.339805513193,22.5670464872106
7640,小港分隊,地下,小港區,領港街、小港三街口（小港派出所前路口）,120.335860401432,22.5630228049952
7641,小港分隊,地下,小港區,廠前路67號前,120.349575869295,22.5721697296395
7642,小港分隊,地下,小港區,廠橫路21巷口,120.356474086509,22.5710703032746
7643,小港分隊,地下,小港區,廠橫路65號前,120.355180530671,22.5712540780425
7644,小港分隊,地下,小港區,廠邊一路、廠橫路口,120.354582952761,22.5713927040538
7645,小港分隊,地下,小港區,德仁路77巷38號前,120.348415667494,22.5840018865511
7646,小港分隊,地下,小港區,德仁路77巷78號右前,120.347652723193,22.5837736442113
7647,小港分隊,地下,小港區,德仁路77巷口,120.349596654176,22.583995293878
7648,小港分隊,地下,小港區,德文街20-1號前,120.349007836805,22.583077369652
7649,小港分隊,地下,小港區,鋼平街122號前,120.333833508685,22.5623736930317
7650,小港分隊,地下,小港區,鋼成街東巷、信義二路口,120.332052101852,22.5638778446619
7651,小港分隊,地下,小港區,鋼成街東巷12號前,120.332272731318,22.5635477987587
7652,小港分隊,地下,小港區,鋼成街東巷15號前（東巷底）,120.332464014138,22.5632754069869
7653,小港分隊,地下,小港區,鋼成街東巷6號前,120.331795988344,22.5642199015715
7654,小港分隊,地下,小港區,臨海新村104號前,120.335669026372,22.5583203555286
7655,小港分隊,地下,小港區,臨海新村124號前,120.335452332506,22.5585696360158
7656,小港分隊,地下,小港區,臨海新村144號前,120.335233072999,22.5588287365732
7657,小港分隊,地下,小港區,臨海新村155號前,120.335016137399,22.5590822969446
7658,小港分隊,地下,小港區,臨海新村75-1號左前,120.336382737434,22.5581991167305
7659,小港分隊,地下,小港區,豐田街、港後路口,120.335754398217,22.5684134200203
7660,小港分隊,地下,小港區,豐田街25號前,120.335464504299,22.5691021583703
7661,小港分隊,地下,小港區,豐田街69號左前,120.335074116568,22.5699072508619
7662,小港分隊,地下,小港區,豐登街、豐田街口,120.33414925339,22.5697532197373
7663,小港分隊,地下,小港區,豐登街83號右前,120.333775597553,22.5706027334774
7664,橋頭分隊,地下,橋頭區,三仙路35號前,120.291199609637,22.7518413185193
7665,橋頭分隊,地下,橋頭區,三仙路5-2號前,120.291264653206,22.7533433446098
7666,橋頭分隊,地下,橋頭區,三德西路1號前,120.290567278862,22.7535325653339
7667,橋頭分隊,地下,橋頭區,三德西路31號前,120.288316905499,22.7529432594055
7668,橋頭分隊,地下,橋頭區,五里林肉包店前,120.293377563357,22.7641559547475
7669,橋頭分隊,地下,橋頭區,仁樹街尾,120.303925380482,22.7551099603045
7670,橋頭分隊,地下,橋頭區,仁樹街東齊超市後,120.304666189844,22.7571234117497
7671,橋頭分隊,地下,橋頭區,公園路(1),120.30925,22.7563055555556
7672,橋頭分隊,地下,橋頭區,仕豐里仕豐南路仕龍東巷14號前,120.311399930914,22.7492434009743
7673,橋頭分隊,地下,橋頭區,仕豐路53號前,120.3075,22.7508611111111
7674,橋頭分隊,地下,橋頭區,仕豐路成功巷72號前,120.306953367423,22.7487870383734
7675,橋頭分隊,地下,橋頭區,仕豐路神農巷196號旁,120.3035,22.7547222222222
7676,橋頭分隊,地下,橋頭區,仕豐路神農巷33弄2號前,120.306277777778,22.7507777777778
7677,橋頭分隊,地下,橋頭區,民主街152號東側電桿旁（1）,120.305416666667,22.7605277777778
7678,橋頭分隊,地下,橋頭區,甲昌路261之4號,120.292748794417,22.7359764544784
7679,橋頭分隊,地下,橋頭區,甲南里鹽南路135號對面,120.2875,22.7450277777778
7680,橋頭分隊,地下,橋頭區,甲圍路26號,120.297226630952,22.7428755456551
7681,橋頭分隊,地下,橋頭區,甲樹路30號前,120.299359559685,22.7615621807687
7682,橋頭分隊,地下,橋頭區,白樹路新興巷尾,120.304490045817,22.757723155931
7683,橋頭分隊,地下,橋頭區,合興街137號前,120.301777777778,22.7582777777778
7684,橋頭分隊,地下,橋頭區,合興街73號前,120.302082002163,22.7598509029272
7685,橋頭分隊,地下,橋頭區,成功路新市巷(3),120.309277777778,22.7578611111111
7686,橋頭分隊,地下,橋頭區,成功路新市巷(4),120.30946880579,22.7570909544619
7687,橋頭分隊,地下,橋頭區,成功路新市巷40號旁10公尺,120.308361111111,22.7585277777778
7688,橋頭分隊,地下,橋頭區,成功路新市巷99號前,120.307138888889,22.7581111111111
7689,橋頭分隊,地下,橋頭區,西林路126號前,120.286753177643,22.7643993314181
7690,橋頭分隊,地下,橋頭區,西林路138號,120.288601219654,22.7645922467324
7691,橋頭分隊,地下,橋頭區,西林路37號,120.291222222222,22.7641944444444
7692,橋頭分隊,地下,橋頭區,西林路秋尾巷口,120.287478715181,22.7644389038125
7693,橋頭分隊,地下,橋頭區,西林路福德巷16號,120.290305555556,22.7646388888889
7694,橋頭分隊,地下,橋頭區,芋林路299號久陽公司旁,120.284053534269,22.7639924770733
7695,橋頭分隊,地下,橋頭區,芋林路62號前,120.285597145557,22.7617937113374
7696,橋頭分隊,地下,橋頭區,芋林路90號前,120.285803675652,22.7628466555097
7697,橋頭分隊,地下,橋頭區,芋寮路（燁輝對面公車站牌前）,120.277744917799,22.7621112855616
7698,橋頭分隊,地下,橋頭區,芋寮路101號前,120.281475931406,22.7615080423242
7699,橋頭分隊,地下,橋頭區,芋寮路80號前,120.284070174017,22.7608055196543
7700,橋頭分隊,地下,橋頭區,里林東路公路巷口,120.299185216427,22.7640209198177
7701,橋頭分隊,地下,橋頭區,里林東路頂頭巷16號前,120.297027777778,22.764
7702,橋頭分隊,地下,橋頭區,東林路12號前,120.295029133558,22.7641346907359
7703,橋頭分隊,地下,橋頭區,林北路36號,120.285843908787,22.7659525392879
7704,橋頭分隊,地下,橋頭區,南溝路78號前,120.309583333333,22.7538055555556
7705,橋頭分隊,地下,橋頭區,南溝路中溝巷8號前,120.308972222222,22.7542222222222
7706,橋頭分隊,地下,橋頭區,南溝路義成巷18前,120.30825,22.7536111111111
7707,橋頭分隊,地下,橋頭區,美德街116號前,120.302677452564,22.7621090595542
7708,橋頭分隊,地下,橋頭區,美德街與合興街口,120.302685499191,22.7602395101001
7709,橋頭分隊,地下,橋頭區,海峰路1號前,120.33139165567,22.7634913434803
7710,橋頭分隊,地下,橋頭區,高苑工商棒球練習場右側,120.294629484415,22.7575358207888
7711,橋頭分隊,地下,橋頭區,通樹路242號前,120.302867493771,22.7580698235662
7712,橋頭分隊,地下,橋頭區,通樹路與愛樹路口,120.304404825333,22.756118082586
7713,橋頭分隊,地下,橋頭區,復興西路2號前,120.275361111111,22.7516944444444
7714,橋頭分隊,地下,橋頭區,筆秀路64號,120.309780459987,22.768036033217
7715,橋頭分隊,地下,橋頭區,隆豐路139巷17號,120.307027777778,22.7552777777778
7716,橋頭分隊,地下,橋頭區,隆豐路與隆智街口,120.307388888889,22.7538333333333
7717,橋頭分隊,地下,橋頭區,新市巷(2),120.307361111111,22.7573611111111
7718,橋頭分隊,地下,橋頭區,新市巷兒童公園前,120.308722222222,22.7573888888889
7719,橋頭分隊,地下,橋頭區,新莊路與大昌路口,120.301167742648,22.7447619105216
7720,橋頭分隊,地下,橋頭區,新興路62號對面,120.308305555556,22.75925
7721,橋頭分隊,地下,橋頭區,德松路34號前,120.305174589157,22.7649038785873
7722,橋頭分隊,地下,橋頭區,樹和路17號旁20公尺處,120.305174589157,22.7551341289388
7723,橋頭分隊,地下,橋頭區,樹德路208巷41號前,120.306666666667,22.7616944444444
7724,橋頭分隊,地下,橋頭區,橋南路51號前1,120.3117363,22.7560937
7725,橋頭分隊,地下,橋頭區,橋南路與糖廠路口,120.312440693378,22.7545083464757
7726,橋頭分隊,地下,橋頭區,橋頭里竹林街公園網球場後側,120.306949911328,22.7564425400941
7727,橋頭分隊,地下,橋頭區,橋頭國中游泳池大門前,120.307194444444,22.7611944444444
7728,橋頭分隊,地下,橋頭區,興糖路5巷口,120.3156895,22.7528562
7729,梓官分隊,地下,梓官區,赤崁東路57號巷內,120.24887729,22.73922859
7730,燕巢分隊,地下,燕巢區,安招里安北路統一加油站前,120.349717,22.792088
7731,燕巢分隊,地下,燕巢區,安招里安北路福懋加油站往岡山方向20公尺（不到同信玻璃行前叉路口）,120.349607,22.792218
7732,燕巢分隊,地下,燕巢區,安招里安正路55-3號斜對面,120.341361,22.787409
7733,燕巢分隊,地下,燕巢區,安招里安招路443號前,120.333432901852,22.7896252087291
7734,燕巢分隊,地下,燕巢區,安招里安林五街22號前,120.332206111045,22.7865585356335
7735,燕巢分隊,地下,燕巢區,安招里安林六街13號前,120.333391417197,22.7877620085939
7736,燕巢分隊,地下,燕巢區,安招里安林四街49號前,120.329967892065,22.786548521044
7737,燕巢分隊,地下,燕巢區,安招里安南路26巷,120.342887,22.785424
7738,燕巢分隊,地下,燕巢區,尖山里大埔巷（北辰藥廠前）,120.373899,22.808653
7739,燕巢分隊,地下,燕巢區,尖山里大埔巷115號前,120.378293,22.808063
7740,燕巢分隊,地下,燕巢區,尖山里大埔巷39號前,120.375032,22.808478
7741,燕巢分隊,地下,燕巢區,尖山里和尚巷79號前,120.358662,22.811229
7742,燕巢分隊,地下,燕巢區,尖山里後荷巷43號底T字路口,120.365835,22.825174
7743,燕巢分隊,地下,燕巢區,尖山里紅山巷120-5號前,120.372768,22.805278
7744,燕巢分隊,地下,燕巢區,西燕里中民路659巷口,120.359707,22.793234
7745,燕巢分隊,地下,燕巢區,西燕里中民路714號前(中西中民路口),120.358921760119,22.7931002089811
7746,燕巢分隊,地下,燕巢區,西燕里中竹路2-20號往前30公尺附近,120.347585,22.802719
7747,燕巢分隊,地下,燕巢區,西燕里中西路71巷1號旁,120.358619948688,22.7940615644664
7748,燕巢分隊,地下,燕巢區,西燕里中西路71巷47號旁,120.357624,22.793846
7749,燕巢分隊,地下,燕巢區,角宿里四林路132之6號（瀝青工廠前）,120.34595,22.775146
7750,燕巢分隊,地下,燕巢區,角宿里海峰路66號（中妘生技公司）,120.336483,22.763601
7751,燕巢分隊,地下,燕巢區,角宿里滾水路77號前,120.330764,22.776326
7752,燕巢分隊,地下,燕巢區,角宿里滾水路往滾水羽球紅綠燈路口,120.329589,22.774615
7753,燕巢分隊,地下,燕巢區,東燕里中北路238巷25號前,120.362932,22.796159
7754,燕巢分隊,地下,燕巢區,東燕里中北路238巷資源回收場對面,120.363707,22.796342
7755,燕巢分隊,地下,燕巢區,東燕里中民路193巷口,120.370067,22.794774
7756,燕巢分隊,地下,燕巢區,東燕里中民路415號前,120.365485,22.793615
7757,燕巢分隊,地下,燕巢區,東燕里中華路337號,120.363996052969,22.7951907216154
7758,燕巢分隊,地下,燕巢區,東燕里中華路37號前,120.368452543247,22.7953764843452
7759,燕巢分隊,地下,燕巢區,東燕里中華路與中北路路口,120.362038040388,22.7947836499893
7760,燕巢分隊,地下,燕巢區,東燕里北一路12巷33號對面,120.364428,22.796282
7761,燕巢分隊,地下,燕巢區,東燕里洲仔坑內路燈185前,120.369064,22.798536
7762,燕巢分隊,地下,燕巢區,金山里金山路25號,120.388828,22.804636
7763,燕巢分隊,地下,燕巢區,金山里麒麟巷14-1號民宅叉路口,120.399525,22.808029
7764,燕巢分隊,地下,燕巢區,金山國小前,120.39784,22.811036
7765,燕巢分隊,地下,燕巢區,深水里深興路21號前,120.39248,22.77255
7766,燕巢分隊,地下,燕巢區,新厝巷14之1號前,120.352588,22.793428
7767,燕巢分隊,地下,燕巢區,鳳雄里高鐵總廠路699之9號前,120.342125,22.759064
7768,燕巢分隊,地下,燕巢區,鳳雄里鳳東路77號鳳旗路鳳東加油站旁,120.365578705522,22.7596982715576
7769,燕巢分隊,地下,燕巢區,瓊林里安招路1018之5號正順汽車保養廠旁（往交流道方向約30米）,120.318950641256,22.7874564870839
7770,燕巢分隊,地下,燕巢區,瓊林里瓊林路電塔前50公尺,120.322809,22.797432
7771,燕巢分隊,地下,燕巢區,瓊林里瓊林路電塔旁,120.323757,22.797517
7772,大樹分隊,地下,大樹區,九大路33號旁,120.42000700724,22.6456550331555
7773,大樹分隊,地下,大樹區,九曲路559號大樹國中側門,120.423388888889,22.6584444444444
7774,大樹分隊,地下,大樹區,三和路118號旁,120.4291795,22.7248398
7775,大樹分隊,地下,大樹區,三和路26號旁,120.4387179,22.7182538
7776,大樹分隊,地下,大樹區,大坑路121號之3,120.4442145,22.7134598
7777,大樹分隊,地下,大樹區,大坑路188之9號旁,120.445666666667,22.7133888888889
7778,大樹分隊,地下,大樹區,大坑路67號對面,120.4432389,22.717874
7779,大樹分隊,地下,大樹區,大樹區小坪路23號之3前,120.410214,22.677879
7780,大樹分隊,地下,大樹區,大樹區姑山路19-1號對面（千葉老人養護中心）,120.436555555556,22.7067777777778
7781,大樹分隊,地下,大樹區,大樹路20號前,120.433047222222,22.686775
7782,大樹分隊,地下,大樹區,小坪路15號前,120.411236,22.678235
7783,大樹分隊,地下,大樹區,中山路16巷口,120.411,22.662576
7784,大樹分隊,地下,大樹區,中山路3巷51號旁,120.408433333333,22.6622194444444
7785,大樹分隊,地下,大樹區,中山路3巷83弄2號前,120.408478,22.660486
7786,大樹分隊,地下,大樹區,中山路95-1號,120.4097359,22.6651735
7787,大樹分隊,地下,大樹區,中興東路合作金庫對面,120.433361397432,22.6911959473536
7788,大樹分隊,地下,大樹區,中興南路43號,120.4334569,22.6896843
7789,大樹分隊,地下,大樹區,中興南路新興巷26號旁,120.4310148,22.6885899
7790,大樹分隊,地下,大樹區,井腳路213-3號,120.410627,22.671089
7791,大樹分隊,地下,大樹區,安和街39號,120.408378,22.66551
7792,大樹分隊,地下,大樹區,安和街71號,120.4077268,22.6649693
7793,大樹分隊,地下,大樹區,竹寮路174號旁,120.4257335,22.665795
7794,大樹分隊,地下,大樹區,竹寮路653號旁,120.424827048137,22.669472790511
7795,大樹分隊,地下,大樹區,竹寮路698號旁,120.424126991584,22.669180741229
7796,大樹分隊,地下,大樹區,佛光山大慈育幼院前斜坡上,120.4434556,22.7490656
7797,大樹分隊,地下,大樹區,佛光山東方佛學院實驗室前,120.4447446,22.7484155
7798,大樹分隊,地下,大樹區,佛光山朝山會館前,120.4458751,22.7500947
7799,大樹分隊,地下,大樹區,長春路新春巷口,120.430011,22.684085
7800,大樹分隊,地下,大樹區,長春路與新生街口（集貨場前）,120.430284,22.685949
7801,大樹分隊,地下,大樹區,信義街19號,120.433666666667,22.6926944444444
7802,大樹分隊,地下,大樹區,溪埔路208號前,120.446618156449,22.7309321432857
7803,大樹分隊,地下,大樹區,溪埔路284號前,120.447452398777,22.7338248785149
7804,大樹分隊,地下,大樹區,溪埔路50號（溪埔國小）前,120.443403,22.7227
7805,大樹分隊,地下,大樹區,實踐街105號前（大仁橋頭）,120.430805555556,22.6886388888889
7806,大樹分隊,地下,大樹區,興化?山頂路佑聖宮前,120.4311897,22.7307163
7807,大樹分隊,地下,大樹區,興田路（舊路）33-15號斜對面,120.447976520273,22.7404827262601
7808,鳥松分隊,地下,鳥松區,力行巷上（大埤路2之1號旁）（四角）,120.3627308,22.6591897
7809,鳥松分隊,地下,鳥松區,大仁北路與慈英街交叉口,120.3608143,22.6690139
7810,鳥松分隊,地下,鳥松區,大仁北路與夢裡南巷交叉口,120.3607768,22.6690021
7811,鳥松分隊,地下,鳥松區,大同路25之121號旁（大同老人安養院斜對面右方30公尺）,120.3830975,22.6586358
7812,鳥松分隊,地下,鳥松區,大竹路22-5號前（大竹路與大義街口）,120.39269,22.6658279
7813,鳥松分隊,地下,鳥松區,大竹路2號（大竹里活動中心前）,120.3957679,22.662795
7814,鳥松分隊,地下,鳥松區,大竹路8-1號前（大竹路與中山路180巷口）,120.3947845,22.6644598
7815,鳥松分隊,地下,鳥松區,大昌路348巷22號前,120.3428804,22.6553317
7816,鳥松分隊,地下,鳥松區,大昌路510巷38號前（離山腳路30公尺）,120.3362091,22.6589489
7817,鳥松分隊,地下,鳥松區,大昌路556號前,120.3349669,22.6577649
7818,鳥松分隊,地下,鳥松區,大昌路與大華路交叉口,120.3448274,22.6520832
7819,鳥松分隊,地下,鳥松區,大昌路與昌武街交叉口（大昌路471號旁）,120.3366724,22.6577677
7820,鳥松分隊,地下,鳥松區,大昌路與瑞華街交叉口,120.3439556,22.6537077
7821,鳥松分隊,地下,鳥松區,大埤路23巷13號旁（公園）,120.3618292,22.6579904
7822,鳥松分隊,地下,鳥松區,大埤路29之11號 （山水大廈A棟大門口內）,120.3600144,22.6573521
7823,鳥松分隊,地下,鳥松區,大埤路29之11號（山水大廈A棟大門口前）,120.3597471,22.6573048
7824,鳥松分隊,地下,鳥松區,大埤路涵碧巷1號旁,120.3606128,22.6593437
7825,鳥松分隊,地下,鳥松區,大埤路涵碧巷濱湖天廈大門前,120.360359,22.660111
7826,鳥松分隊,地下,鳥松區,大埤路與中正路交叉口（超商旁）,120.3641785,22.6589514
7827,鳥松分隊,地下,鳥松區,大智路201巷14號旁,120.360072,22.6644846
7828,鳥松分隊,地下,鳥松區,大智路72巷10號前,120.361167,22.6613078
7829,鳥松分隊,地下,鳥松區,大義街34巷與大義街口,120.3921385,22.6648633
7830,鳥松分隊,地下,鳥松區,大義街44巷16號斜對面,120.3912769,22.6649097
7831,鳥松分隊,地下,鳥松區,山腳路184之1號旁（ 麗湖山莊入口黃色網狀線旁）,120.3388246,22.657905
7832,鳥松分隊,地下,鳥松區,山腳路77號前,120.3366101,22.6589304
7833,鳥松分隊,地下,鳥松區,山腳路一巷26號旁（ 林府天帥廟前）,120.3437216,22.6555106
7834,鳥松分隊,地下,鳥松區,中山路160巷與中山路口,120.393087,22.662675
7835,鳥松分隊,地下,鳥松區,中山路52巷與華山二街交叉口,120.393001,22.659605
7836,鳥松分隊,地下,鳥松區,中正路145之10號旁（面對亞伯利床墊右側旁）,120.3651729,22.6514774
7837,鳥松分隊,地下,鳥松區,中正路149號旁（鳳山城檳榔旁）,120.3650737,22.6528487
7838,鳥松分隊,地下,鳥松區,中正路14巷與中正路東豐巷路口,120.3685062,22.6481521
7839,鳥松分隊,地下,鳥松區,中正路177巷（靠近忠信路80公尺）,120.3635582,22.6554453
7840,鳥松分隊,地下,鳥松區,中正路177巷8號斜對面巷子到底（汽車旅館後方）,120.3610785,22.6551631
7841,鳥松分隊,地下,鳥松區,中正路457號（長揚汽車行）,120.3618966,22.6695603
7842,鳥松分隊,地下,鳥松區,中正路46巷13號前旁（靠近中正路46巷1弄口）,120.3667665,22.6551312
7843,鳥松分隊,地下,鳥松區,中正路46巷1弄5號前（岱山企業社前）,120.3679272,22.6558825
7844,鳥松分隊,地下,鳥松區,中正路96號前（鳥松分駐所前）,120.3641671,22.6597023
7845,鳥松分隊,地下,鳥松區,中正路東豐巷與美山路19巷口,120.3752875,22.6500962
7846,鳥松分隊,地下,鳥松區,中正路與大同路交叉口,120.3652577,22.6507314
7847,鳥松分隊,地下,鳥松區,中正路與中正路46巷交叉口,120.3646693,22.6564478
7848,鳥松分隊,地下,鳥松區,中正路與忠仁路交叉口,120.3647247,22.6558011
7849,鳥松分隊,地下,鳥松區,中正路與忠誠路交叉口,120.3649148,22.6542046
7850,鳥松分隊,地下,鳥松區,中正路興農巷29號面對門口右側20公尺（養信鋼材貿易公司）,120.3699436,22.6604904
7851,鳥松分隊,地下,鳥松區,仁美路與介壽路口,120.392719,22.654922
7852,鳥松分隊,地下,鳥松區,仁美路與天津路口,120.39233,22.656715
7853,鳥松分隊,地下,鳥松區,仁愛路27號前,120.3944278,22.6499551
7854,鳥松分隊,地下,鳥松區,仁愛路47號旁,120.3957974,22.6492125
7855,鳥松分隊,地下,鳥松區,仁愛路上（近神農路花圃旁）,120.3945787,22.6490472
7856,鳥松分隊,地下,鳥松區,仁德路68號與72號之間的道路上,120.3958031,22.6499501
7857,鳥松分隊,地下,鳥松區,介壽路與民生路口,120.393376,22.657422
7858,鳥松分隊,地下,鳥松區,介壽路與民族路口,120.3931189,22.6561483
7859,鳥松分隊,地下,鳥松區,公園路32號前（水利會前）,120.3593995,22.6569174
7860,鳥松分隊,地下,鳥松區,公園路51號前（鳥松消防隊門口前）,120.3597049,22.6562581
7861,鳥松分隊,地下,鳥松區,文前路140號旁（面對青年活動中心大門左側110公尺）,120.349302,22.667196
7862,鳥松分隊,地下,鳥松區,文前路上（澄清湖第一景停車場入口旁）,120.3533685,22.663846
7863,鳥松分隊,地下,鳥松區,文前路文北巷44號大門前（鳥松教會）,120.3627542,22.6639045
7864,鳥松分隊,地下,鳥松區,文前路與文前一巷交叉口,120.3604254,22.6626382
7865,鳥松分隊,地下,鳥松區,文前路與文前路文北巷交叉口,120.3629038,22.6625172
7866,鳥松分隊,地下,鳥松區,文前路與鳥松路交叉口（鳥松國小側門前）,120.361623,22.6626911
7867,鳥松分隊,地下,鳥松區,文前路與鳥松路交叉口（福龍宮對面）（四角）,120.3616384,22.6626521
7868,鳥松分隊,地下,鳥松區,文前路與濱湖路交叉口（超商對面）,120.3582733,22.6626382
7869,鳥松分隊,地下,鳥松區,文賢街與本館路387巷交叉口,120.3366979,22.6539771
7870,鳥松分隊,地下,鳥松區,水管路2巷13號旁,120.3863664,22.6487406
7871,鳥松分隊,地下,鳥松區,本昌路上（清華街本昌巷20之1號旁）（離本館路40公尺的巷子口）,120.3454594,22.6481147
7872,鳥松分隊,地下,鳥松區,本華路27號對面,120.3413019,22.6506621
7873,鳥松分隊,地下,鳥松區,本華路上（離汾陽路10公尺）（公園旁）,120.3398502,22.6516615
7874,鳥松分隊,地下,鳥松區,本興路51號對面（靠近永善路）（水方庭大樓旁）,120.3404289,22.6506581
7875,鳥松分隊,地下,鳥松區,本興路9號門口前,120.3412195,22.6500717
7876,鳥松分隊,地下,鳥松區,本館路153巷12號旁,120.3428452,22.649533
7877,鳥松分隊,地下,鳥松區,本館路174號前,120.336487,22.6552058
7878,鳥松分隊,地下,鳥松區,本館路326號（靜思園門口旁）,120.3353981,22.6593041
7879,鳥松分隊,地下,鳥松區,本館路立德巷與立德巷30弄交叉口（本館路立德巷11之2號）,120.3385567,22.6514434
7880,鳥松分隊,地下,鳥松區,本館路立德巷與立德巷66弄交叉口,120.3382794,22.6520907
7881,鳥松分隊,地下,鳥松區,本館路與本館路153巷交叉口,120.3433126,22.6501175
7882,鳥松分隊,地下,鳥松區,本館路與澄清路交叉口,120.347017,22.6474772
7883,鳥松分隊,地下,鳥松區,正修路與公園路交叉口（綠色人行道上）,120.3512315,22.6482941
7884,鳥松分隊,地下,鳥松區,民權路與介壽路口,120.393231,22.656727
7885,鳥松分隊,地下,鳥松區,永昌街32號旁（靠近本昌巷）,120.3426045,22.6495327
7886,鳥松分隊,地下,鳥松區,立志巷與本昌巷交叉口（清華街本昌巷314號前）,120.337866,22.6528945
7887,鳥松分隊,地下,鳥松區,立昌街14號前（四角開關）,120.3616451,22.6681282
7888,鳥松分隊,地下,鳥松區,立昌街40號前（四角開闢）,120.3619378,22.6686058
7889,鳥松分隊,地下,鳥松區,立昌街45號旁,120.3615979,22.6687435
7890,鳥松分隊,地下,鳥松區,光華街7號,120.3440237,22.6545972
7891,鳥松分隊,地下,鳥松區,同富街131巷2弄16號前,120.3854726,22.6546557
7892,鳥松分隊,地下,鳥松區,同富街131巷4弄12號前,120.3857763,22.6546705
7893,鳥松分隊,地下,鳥松區,同富街132巷1弄20號前,120.3848342,22.6546359
7894,鳥松分隊,地下,鳥松區,同富街132巷40號前,120.3836668,22.6550474
7895,鳥松分隊,地下,鳥松區,同富街132巷4弄與同富街132巷30弄交叉口,120.3845123,22.6558655
7896,鳥松分隊,地下,鳥松區,同富街150號前,120.385152,22.6546247
7897,鳥松分隊,地下,鳥松區,江埤路與美勝五街路口,120.3889584,22.6530164
7898,鳥松分隊,地下,鳥松區,江埤路與美勝六街路口,120.3888233,22.6535412
7899,鳥松分隊,地下,鳥松區,江埤路與美德一街路口,120.3896491,22.6523342
7900,鳥松分隊,地下,鳥松區,江埤路與美德三街交叉口,120.3918173,22.6513264
7901,鳥松分隊,地下,鳥松區,竹安街80號右側旁,120.3644997,22.6468343
7902,鳥松分隊,地下,鳥松區,育成一街50號前,120.3622889,22.6674596
7903,鳥松分隊,地下,鳥松區,育成一街86號前（靠近公園）,120.3603,22.6652191
7904,鳥松分隊,地下,鳥松區,育成一街96號前,120.3601344,22.6652051
7905,鳥松分隊,地下,鳥松區,育成一街與琅環二街交叉口,120.3596127,22.665056
7906,鳥松分隊,地下,鳥松區,育成二街87號對面,120.3602853,22.6658604
7907,鳥松分隊,地下,鳥松區,育成二街與琅環二街交叉口,120.3594541,22.6655445
7908,鳥松分隊,地下,鳥松區,育成三街42號旁,120.360054,22.666369
7909,鳥松分隊,地下,鳥松區,育成三街8號對面,120.3607704,22.6665785
7910,鳥松分隊,地下,鳥松區,育成三街與琅環二街交叉口,120.3592,22.6660467
7911,鳥松分隊,地下,鳥松區,育英街135號前（與夢裡西巷交叉口）,120.3577006,22.6684301
7912,鳥松分隊,地下,鳥松區,育英街與琅環二街口（墅也大門旁）,120.3587678,22.6666261
7913,鳥松分隊,地下,鳥松區,和盛西街上（和盛街25號對面籃球場旁）,120.342802,22.6538376
7914,鳥松分隊,地下,鳥松區,和盛西街與和盛西街17巷交叉口,120.341939,22.6536501
7915,鳥松分隊,地下,鳥松區,和盛東街11號旁（地下停車場出入口）,120.3427168,22.6525412
7916,鳥松分隊,地下,鳥松區,和盛街17號對面,120.3427014,22.6534403
7917,鳥松分隊,地下,鳥松區,和盛街26號對面（靠近和盛西街12巷口）,120.3425693,22.6533438
7918,鳥松分隊,地下,鳥松區,和盛街和盛西街交叉口（和盛西街2號旁）（水池旁）,120.3420979,22.6528401
7919,鳥松分隊,地下,鳥松區,忠孝路與忠仁路交叉口,120.3632826,22.6556498
7920,鳥松分隊,地下,鳥松區,忠義路與松竹街交叉口,120.3625252,22.6525938
7921,鳥松分隊,地下,鳥松區,忠誠路125巷5之1號前（公園旁）,120.360878,22.6562528
7922,鳥松分隊,地下,鳥松區,忠誠路與山水路交叉口（山水路1號旁）,120.3611912,22.657074
7923,鳥松分隊,地下,鳥松區,忠誠路與忠誠路41巷交叉口,120.3638124,22.6541402
7924,鳥松分隊,地下,鳥松區,昌明街18號前,120.3444757,22.6478937
7925,鳥松分隊,地下,鳥松區,昌武街42號旁（圍牆旁）,120.3364559,22.6569638
7926,鳥松分隊,地下,鳥松區,昌隆街12號,120.3382804,22.6574923
7927,鳥松分隊,地下,鳥松區,昌隆街與山腳路交叉口（昌隆街70號斜對面轉彎處）,120.3370305,22.6585622
7928,鳥松分隊,地下,鳥松區,明華街12號前,120.3454966,22.6470614
7929,鳥松分隊,地下,鳥松區,東山路1之8號前（明湖山莊門口內）,120.3689468,22.6692565
7930,鳥松分隊,地下,鳥松區,東山路7號前（東山路與松埔北巷交叉口）,120.3675276,22.6686139
7931,鳥松分隊,地下,鳥松區,東山路與東山路27巷交叉口,120.3665791,22.668487
7932,鳥松分隊,地下,鳥松區,東山路與東山路66巷交叉口,120.3652044,22.6682739
7933,鳥松分隊,地下,鳥松區,東山路橫一巷31之3號（禪空寺旁）,120.3679772,22.6712612
7934,鳥松分隊,地下,鳥松區,東山路橫一巷3號旁（健康安養中心前）,120.3665543,22.6699074
7935,鳥松分隊,地下,鳥松區,東山路橫一巷與東山路交叉口,120.3675299,22.6686773
7936,鳥松分隊,地下,鳥松區,松竹街100之1號對面,120.3643495,22.6516878
7937,鳥松分隊,地下,鳥松區,松竹街與松竹西街交叉口（松竹街21號旁）,120.3645597,22.6488328
7938,鳥松分隊,地下,鳥松區,松美路1號對面,120.3823585,22.658841
7939,鳥松分隊,地下,鳥松區,松埔北巷1之1號對面右側30公尺,120.3705454,22.6626942
7940,鳥松分隊,地下,鳥松區,松埔北巷2之7號旁（栗安行旁黃色網狀線區）,120.3715626,22.6659702
7941,鳥松分隊,地下,鳥松區,松埔北巷38之10號前（玄光聖堂看板旁）,120.368982,22.66689
7942,鳥松分隊,地下,鳥松區,松埔北巷42號前（三陽機車行前）,120.3702772,22.6651751
7943,鳥松分隊,地下,鳥松區,松埔北巷4之71號（上景山莊大門口前旁）,120.3748151,22.6677328
7944,鳥松分隊,地下,鳥松區,松埔北巷51號大門口旁（崇義文教會館前）,120.3707573,22.6645075
7945,鳥松分隊,地下,鳥松區,松埔北巷57之1號大門口前（統一速邁自販所）,120.3714087,22.6635707
7946,鳥松分隊,地下,鳥松區,松埔北巷5之1號（鳥松國中大門口前右邊）,120.3710081,22.6664894
7947,鳥松分隊,地下,鳥松區,松埔路11巷1之2號前,120.3813433,22.6630629
7948,鳥松分隊,地下,鳥松區,松埔路11巷37號旁（靠近?埔路15巷）,120.3816913,22.6639295
7949,鳥松分隊,地下,鳥松區,松埔路1之10號前旁,120.3658358,22.6625029
7950,鳥松分隊,地下,鳥松區,松埔路1之22號大門口前（圓升木箱公司旁）,120.3669247,22.6626177
7951,鳥松分隊,地下,鳥松區,松埔路1之7號前旁,120.3646848,22.662584
7952,鳥松分隊,地下,鳥松區,松埔路37巷14弄15號前,120.3835139,22.6608474
7953,鳥松分隊,地下,鳥松區,松埔路37巷63號前,120.3824209,22.661102
7954,鳥松分隊,地下,鳥松區,松埔路37巷63號前（遠離建築物）,120.3824008,22.6610813
7955,鳥松分隊,地下,鳥松區,松埔路77號前（大同路與松埔路口）,120.3851245,22.6583332
7956,鳥松分隊,地下,鳥松區,松埔路南巷10之4號前,120.3679379,22.6626363
7957,鳥松分隊,地下,鳥松區,松埔路南巷6之2號（康妮寢具旁）,120.3691335,22.6626477
7958,鳥松分隊,地下,鳥松區,松埔路與松埔路11巷路口,120.3803214,22.6623944
7959,鳥松分隊,地下,鳥松區,松埔路與松埔路37巷路口,120.382151,22.6604641
7960,鳥松分隊,地下,鳥松區,松埔路與松埔路3巷路口（往鴻福山莊）,120.376223,22.6642853
7961,鳥松分隊,地下,鳥松區,長春路2-8號前路口（車庫大門對面右側10公尺）,120.3911018,22.6770772
7962,鳥松分隊,地下,鳥松區,恆山南巷18弄79號大門口前（4角）,120.3634255,22.6477319
7963,鳥松分隊,地下,鳥松區,美山路150之1號前（ 新都釣蝦場前）,120.391586,22.6486518
7964,鳥松分隊,地下,鳥松區,美山路19巷19弄5號（江益股份有限公司對面）,120.3764935,22.643602
7965,鳥松分隊,地下,鳥松區,美山路306巷27號,120.3955503,22.6568209
7966,鳥松分隊,地下,鳥松區,美山路306巷32號,120.3954822,22.6560984
7967,鳥松分隊,地下,鳥松區,美山路36巷1之28號,120.3820004,22.6406722
7968,鳥松分隊,地下,鳥松區,美山路36巷1之43號旁（凱盛防實業公司）,120.3830022,22.64128
7969,鳥松分隊,地下,鳥松區,美山路388號前（美山路與華榮二街口）,120.3953169,22.6594987
7970,鳥松分隊,地下,鳥松區,美竹街121號前（美竹街與中山路130巷口）,120.3942293,22.6614532
7971,鳥松分隊,地下,鳥松區,美竹街與中山路160巷口,120.3943896,22.6624801
7972,鳥松分隊,地下,鳥松區,美勝一街與美德一街路口,120.3889195,22.6514613
7973,鳥松分隊,地下,鳥松區,美勝一街與美德二街路口,120.3899539,22.650694
7974,鳥松分隊,地下,鳥松區,美勝一街與美德三街交叉口,120.3911937,22.6501686
7975,鳥松分隊,地下,鳥松區,美勝七街136號旁之前面,120.3912353,22.6542377
7976,鳥松分隊,地下,鳥松區,美勝七街直角轉彎右邊（快到美勝六街）,120.3925891,22.6538685
7977,鳥松分隊,地下,鳥松區,美勝七街與江埤路交叉口,120.3886986,22.6539546
7978,鳥松分隊,地下,鳥松區,美勝七街與美德一街路口,120.3897456,22.6540888
7979,鳥松分隊,地下,鳥松區,美勝二街與美德二街路口,120.3903639,22.6512286
7980,鳥松分隊,地下,鳥松區,美勝三街與美德二街路口,120.3909208,22.6523849
7981,鳥松分隊,地下,鳥松區,美勝五街與美德二街路口,120.3911508,22.653108
7982,鳥松分隊,地下,鳥松區,美勝五街與美德三街交叉口,120.3923766,22.6526755
7983,鳥松分隊,地下,鳥松區,美勝六街路底（靠近神農路）,120.3875727,22.6530857
7984,鳥松分隊,地下,鳥松區,美勝六街與美德一街路口（美德一街112號前）,120.3898737,22.6535118
7985,鳥松分隊,地下,鳥松區,美勝六街與美德二街路口,120.3913007,22.6536981
7986,鳥松分隊,地下,鳥松區,神農路136號大門前旁 （祥好鋼鋁）,120.3716075,22.6594687
7987,鳥松分隊,地下,鳥松區,神農路273巷37號與大榮巷路口（詠安糖果公司旁）,120.3748983,22.6606927
7988,鳥松分隊,地下,鳥松區,神農路338號前（愛夢斯小吃部前）,120.3806496,22.6590155
7989,鳥松分隊,地下,鳥松區,神農路479號（統一7-11超商）,120.3815264,22.65869
7990,鳥松分隊,地下,鳥松區,神農路525號前（鳥松農會辦公大樓前）,120.3830338,22.6577138
7991,鳥松分隊,地下,鳥松區,神農路527-1號旁,120.3837093,22.657285
7992,鳥松分隊,地下,鳥松區,神農路56號（維也納幼稚園大門旁）,120.3676955,22.6594164
7993,鳥松分隊,地下,鳥松區,神農路與同富街131巷1弄路口,120.3855027,22.6557955
7994,鳥松分隊,地下,鳥松區,神農路與神農路48巷路口,120.3656125,22.6593007
7995,鳥松分隊,地下,鳥松區,高碼6巷44號旁（高碼一路到底）,120.390241,22.655969
7996,鳥松分隊,地下,鳥松區,高碼一路與高碼一巷口,120.3900558,22.657824
7997,鳥松分隊,地下,鳥松區,琅環一街與育成二街交叉口,120.3602853,22.6658604
7998,鳥松分隊,地下,鳥松區,琅環三街47號,120.3588449,22.6652704
7999,鳥松分隊,地下,鳥松區,琅環三街63號對面,120.3586122,22.6657363
8000,鳥松分隊,地下,鳥松區,琅環三街與育成一街交叉口,120.3590515,22.6649644
8001,鳥松分隊,地下,鳥松區,球場路134號旁（SUM對面）,120.3393101,22.6571962
8002,鳥松分隊,地下,鳥松區,球場路201號往高爾夫球場左側100公尺,120.3385359,22.6598734
8003,鳥松分隊,地下,鳥松區,球場路42巷1號前,120.3369956,22.6557881
8004,鳥松分隊,地下,鳥松區,球場路42巷20號前,120.337168,22.6552349
8005,鳥松分隊,地下,鳥松區,球場路66號前,120.3381497,22.6566068
8006,鳥松分隊,地下,鳥松區,球場路與文心巷交叉口,120.3402555,22.6575084
8007,鳥松分隊,地下,鳥松區,球場路與球場路文化巷交叉口,120.3368817,22.6559694
8008,鳥松分隊,地下,鳥松區,鳥松路53號旁（靠近大仁南路）（四角）,120.3619663,22.6611562
8009,鳥松分隊,地下,鳥松區,鳥松路與力行路交叉口,120.3621417,22.6602756
8010,鳥松分隊,地下,鳥松區,皓東路與文賢路交叉口（黃色網狀線內）,120.3375673,22.6532915
8011,鳥松分隊,地下,鳥松區,華山一街上（靠近華榮三街）,120.3945582,22.659258
8012,鳥松分隊,地下,鳥松區,華山一街與華山路口（華山路18號旁）,120.3946856,22.6600476
8013,鳥松分隊,地下,鳥松區,華美路與美山路交叉口,120.3955939,22.6604718
8014,鳥松分隊,地下,鳥松區,華美路與華山一街交叉口,120.394822,22.660825
8015,鳥松分隊,地下,鳥松區,華榮一街與華山二街口,120.393259,22.660659
8016,鳥松分隊,地下,鳥松區,華榮路37號前,120.394058,22.6606451
8017,鳥松分隊,地下,鳥松區,華榮路與華榮二街交叉口,120.3939071,22.6597197
8018,鳥松分隊,地下,鳥松區,圓山路2之22號旁（靠近圓山北路）,120.342638,22.6575461
8019,鳥松分隊,地下,鳥松區,嘉興街28號前（靠近本昌巷）（4角）,120.3436147,22.6488622
8020,鳥松分隊,地下,鳥松區,嘉興街2號前（靠近澄明街）,120.343041,22.6481044
8021,鳥松分隊,地下,鳥松區,夢祥巷124號,120.3556809,22.6703021
8022,鳥松分隊,地下,鳥松區,夢祥巷160號,120.355344,22.6712401
8023,鳥松分隊,地下,鳥松區,夢祥巷236號（夢祥巷與澄新六街37巷交叉口）,120.3545068,22.6733612
8024,鳥松分隊,地下,鳥松區,夢祥巷88號,120.3561614,22.6693412
8025,鳥松分隊,地下,鳥松區,夢裡路與夢裡東巷口（夢裡路16之1號旁）,120.359772,22.6672276
8026,鳥松分隊,地下,鳥松區,德華街6號前（靠近山腳路）,120.3458828,22.6511203
8027,鳥松分隊,地下,鳥松區,澄明街78巷與本昌巷交叉口,120.344485,22.6482595
8028,鳥松分隊,地下,鳥松區,澄明街96巷28號前（靠近本昌巷）,120.3433384,22.6490271
8029,鳥松分隊,地下,鳥松區,澄明街與三民區黃興路50巷交叉口（4角）,120.3437176,22.6475676
8030,鳥松分隊,地下,鳥松區,澄明街與本昌路交叉口,120.34453,22.6470267
8031,鳥松分隊,地下,鳥松區,澄明街與清華街交叉口,120.3455016,22.6463639
8032,鳥松分隊,地下,鳥松區,澄明路與三民區清興街交叉口,120.3383569,22.651181
8033,鳥松分隊,地下,鳥松區,澄清路723巷與清華街交叉口,120.3461232,22.6470536
8034,鳥松分隊,地下,鳥松區,興華街上（青雲宮廟後方圍牆邊）（青雲街到底轉彎處）,120.3411041,22.6563877
8035,鳥松分隊,地下,鳥松區,龍華北街103號旁,120.3445521,22.651267
8036,鳥松分隊,地下,鳥松區,龍華南街61號旁,120.3459764,22.6492963
8037,鳥松分隊,地下,鳥松區,濱山街80號對面（正修大學宿舍對面）,120.3514859,22.6473841
8038,鳥松分隊,地下,鳥松區,濱湖東路21號旁,120.3572309,22.6661676
8039,鳥松分隊,地下,鳥松區,濱湖路76號大門前,120.3590478,22.6609656
8040,鳥松分隊,地下,鳥松區,濱湖路與澄湖路交叉口（香榭湖畔旁）,120.3552726,22.6670651
8041,鳥松分隊,地下,鳥松區,?埔路20號斜對面,120.3826375,22.6640746
8042,鳥松分隊,地下,鳥松區,?埔路23之1號旁,120.382739,22.664695
8043,鳥松分隊,地下,鳥松區,?埔路與?埔路38巷路口,120.3817208,22.6646687
8044,鳥松分隊,地下,鳥松區,?埔路與?埔路4巷路口,120.3824869,22.6630942
8045,大社分隊,地下,大社區,三民路265號前,120.348326,22.726746
8046,大社分隊,地下,大社區,三民路328號對面（農會側門前）,120.346912,22.729444
8047,大社分隊,地下,大社區,三民路342巷35號旁,120.344546502625,22.7312221803142
8048,大社分隊,地下,大社區,三民路342巷口,120.344546502625,22.7302326265077
8049,大社分隊,地下,大社區,三民路421號對面（大社國小大門前）,120.345825,22.730015
8050,大社分隊,地下,大社區,三民路62巷155號前,120.353248,22.722604
8051,大社分隊,地下,大社區,三民路62巷183號前,120.353763,22.72262
8052,大社分隊,地下,大社區,三民路62巷33號旁,120.351726,22.721903
8053,大社分隊,地下,大社區,三民路62巷與文化路口,120.3504,22.721608
8054,大社分隊,地下,大社區,大仁路2號與文信街口（四角栓）,120.354144,22.724162
8055,大社分隊,地下,大社區,大吉路710巷21號前,120.345264,22.733944
8056,大社分隊,地下,大社區,大同路12-11號斜對面（近食坑巷）,120.3918,22.7475
8057,大社分隊,地下,大社區,大社路25巷口,120.3471,22.7332
8058,大社分隊,地下,大社區,大新路102之27號前,120.352674,22.725237
8059,大社分隊,地下,大社區,中山路197號前,120.34718,22.73202
8060,大社分隊,地下,大社區,中山路76號前〈太師傅前〉,120.34544,22.732135
8061,大社分隊,地下,大社區,中山路觀音山大覺寺入口角邊,120.371448,22.730444
8062,大社分隊,地下,大社區,中正路520巷25號（中天宮）,120.3507,22.7454
8063,大社分隊,地下,大社區,中正路520巷6弄3-12號（巷弄內）,120.3502,22.7448
8064,大社分隊,地下,大社區,中正路520巷6弄3號（路口）,120.3504,22.7451
8065,大社分隊,地下,大社區,中華路39巷口,120.3494,22.7275
8066,大社分隊,地下,大社區,中華路77巷口處,120.350498,22.727768
8067,大社分隊,地下,大社區,中華路與成功六巷口,120.355912,22.72716
8068,大社分隊,地下,大社區,文化路24巷7號邊,120.347896,22.722454
8069,大社分隊,地下,大社區,文明路26巷12號前,120.351536,22.72258
8070,大社分隊,地下,大社區,日新巷17號前（四角栓）,120.383965,22.745985
8071,大社分隊,地下,大社區,日新巷往前10公尺（鐵皮旁）,120.384431,22.745155
8072,大社分隊,地下,大社區,日新巷往前15公尺（鐵皮旁）,120.384935,22.74524
8073,大社分隊,地下,大社區,水哮巷11號前,120.397582054138,22.7467785836373
8074,大社分隊,地下,大社區,民族路37之20號,120.3606,22.7488
8075,大社分隊,地下,大社區,光華路25巷11號,120.3487,22.7462
8076,大社分隊,地下,大社區,自由路1號與文明路口,120.355725,22.723573
8077,大社分隊,地下,大社區,和平路一段117巷11-1號（宥昇公司）,120.3642,22.7459
8078,大社分隊,地下,大社區,和平路一段118號（頡澧鋼鐵旁的工廠前）,120.3622,22.744
8079,大社分隊,地下,大社區,和平路二段289號慈恩堂納骨塔前（廣場紅磚頭上）,120.36114692688,22.7159442304708
8080,大社分隊,地下,大社區,金龍路131號前,120.35372,22.7261346
8081,大社分隊,地下,大社區,金龍路46巷41之14號前,120.3535,22.7289
8082,大社分隊,地下,大社區,信義路38號前,120.351798,22.734285
8083,大社分隊,地下,大社區,保糖街6巷49號前,120.356025,22.751836
8084,大社分隊,地下,大社區,柑宅巷10號邊,120.397946834564,22.7416729901034
8085,大社分隊,地下,大社區,萬金路91號,120.341872,22.750532
8086,大社分隊,地下,大社區,蜈潭巷19號,120.3752,22.7475
8087,大社分隊,地下,大社區,蜈潭巷5號（佛恩寺）,120.3757,22.7422
8088,大社分隊,地下,大社區,蜈潭巷7-1號（普安寺）,120.3758,22.7454
8089,大社分隊,地下,大社區,嘉誠路 21號前育英護校前(四角栓),120.377240180969,22.7482429434831
8090,大社分隊,地下,大社區,嘉誠路1號前(四角栓),120.384922027588,22.7463432303869
8091,大社分隊,地下,大社區,嘉誠路27-4號與蜈潭巷口斜對面,120.376253128052,22.7482033663963
8092,大社分隊,地下,大社區,嘉誠路42號（馬禮遜學校前）,120.372023,22.74934
8093,大社分隊,地下,大社區,旗楠路101號前（佳麗寶）,120.348160373016,22.7488327404246
8094,大社分隊,地下,大社區,旗楠路115號(國榮公司),120.35052,22.750354
8095,大社分隊,地下,大社區,旗楠路26號前（YAMAHA）,120.34136,22.744358
8096,大社分隊,地下,大社區,旗楠路41-1號前,120.343766063824,22.7460888476508
8097,大社分隊,地下,大社區,旗楠路62號前（聯華氣體公司右方20公尺）,120.342784,22.745302
8098,大社分隊,地下,大社區,旗楠路72號旁,120.344656,22.74642
8099,大社分隊,地下,大社區,旗楠路86-12號前,120.347115172877,22.7478680721817
8100,大社分隊,地下,大社區,旗楠路92-2號前,120.34926,22.74928
8101,大社分隊,地下,大社區,旗楠路93-4號前,120.346379847885,22.7476512682943
8102,大社分隊,地下,大社區,翠屏路108巷2號旁（觀音山）,120.370986493918,22.7281346754848
8103,大社分隊,地下,大社區,翠屏路112巷1-10號斜對面近玩山園,120.37195,22.730916
8104,大社分隊,地下,大社區,翠屏路112巷14-2號（白雲山莊前）,120.376866,22.729168
8105,大社分隊,地下,大社區,翠屏路1號前（彩券行）,120.348151,22.728105
8106,大社分隊,地下,大社區,學府路元之寧沉香斜對面,120.378558,22.735898
8107,大社分隊,地下,大社區,學府路極樂寺斜對面,120.376345,22.735713
8108,大社分隊,地下,大社區,鹽埕巷1-50號前,120.353036,22.719288
8109,大社分隊,地下,大社區,鹽埕巷1-55號前,120.353376,22.718461
8110,大社分隊,地下,大社區,鹽埕巷1-71號前,120.353713,22.717478
8111,大社分隊,地下,大社區,鹽埕巷23號斜對面（邑達金屬公司）,120.363936,22.712278
8112,大社分隊,地下,大社區,鹽埕巷土地公廟附近（舊第五公墓前）,120.355866,22.716668
8113,大社分隊,地下,大社區,?埕巷11-1號（正一道堂）,120.366208,22.714354
8114,仁武分隊,地下,仁武區,八德一路與福德街口,120.338807004397,22.687856589366
8115,仁武分隊,地下,仁武區,八德二路11號對面（15之1號對面）,120.331175,22.694754
8116,仁武分隊,地下,仁武區,八德中路295巷68號旁,120.332882656631,22.684522374772
8117,仁武分隊,地下,仁武區,八德北路537號對面（準提苑轉角處）,120.338777974248,22.6924768623337
8118,仁武分隊,地下,仁武區,八德西路1621號旁轉角處,120.331196,22.6908055
8119,仁武分隊,地下,仁武區,八德西路90巷5號前,120.332690542612,22.6747928790796
8120,仁武分隊,地下,仁武區,八德西路與大景二街口,120.332486024175,22.6747118262404
8121,仁武分隊,地下,仁武區,八德東路277巷180號門口,120.343566,22.689276
8122,仁武分隊,地下,仁武區,八德東路277巷88號門口,120.344123,22.687862
8123,仁武分隊,地下,仁武區,八德東路368巷103號門口左方20公尺,120.347096,22.685615
8124,仁武分隊,地下,仁武區,八德東路388巷2-1號後門（寶讚食品公司門口）,120.345253,22.68564
8125,仁武分隊,地下,仁武區,八德南路100巷12弄15號旁,120.337137282226,22.6841736919109
8126,仁武分隊,地下,仁武區,八德南路100巷156號前,120.33691108027,22.6816976890202
8127,仁武分隊,地下,仁武區,八德南路100巷24弄11號旁,120.336215054423,22.6819840113952
8128,仁武分隊,地下,仁武區,八德南路100巷24弄28號前（靠愛河河堤）,120.335367,22.682367
8129,仁武分隊,地下,仁武區,八德南路100巷2弄27號旁(八德教會),120.338384158895,22.6854232066212
8130,仁武分隊,地下,仁武區,八德南路100巷4弄7號旁,120.338510023688,22.6847307129829
8131,仁武分隊,地下,仁武區,八德南路100巷6弄34號旁,120.337267187951,22.6852622754039
8132,仁武分隊,地下,仁武區,八德南路100巷96號前,120.33753,22.6829957
8133,仁武分隊,地下,仁武區,八德南路471號前（生鮮超市）,120.340855896295,22.6776732601449
8134,仁武分隊,地下,仁武區,八德南路499號前,120.341031839864,22.6767668185117
8135,仁武分隊,地下,仁武區,大正二街12號旁,120.339216611115,22.6733234790375
8136,仁武分隊,地下,仁武區,大正三街80巷18號前,120.339029879693,22.6755658067244
8137,仁武分隊,地下,仁武區,大正三街80巷2號前,120.338692927185,22.67536905353
8138,仁武分隊,地下,仁武區,大正五街與大正路口,120.339512,22.674641
8139,仁武分隊,地下,仁武區,大正路288號旁,120.338004923192,22.6737714391224
8140,仁武分隊,地下,仁武區,大正路336巷28號旁,120.33986101183,22.6740684284274
8141,仁武分隊,地下,仁武區,大正路392號斜對面,120.340033679036,22.6751635709311
8142,仁武分隊,地下,仁武區,大正路406號旁,120.340144655434,22.6757117576231
8143,仁武分隊,地下,仁武區,大正路與大正一街口,120.337482054904,22.6735393798085
8144,仁武分隊,地下,仁武區,大正路與大正二街口,120.338766,22.67416
8145,仁武分隊,地下,仁武區,大同一街116號斜前,120.335885417127,22.6914264420891
8146,仁武分隊,地下,仁武區,大同一街14號斜前（7號轉角）,120.335349171164,22.6904810088152
8147,仁武分隊,地下,仁武區,大春一街149號前,120.333075960592,22.6751391955513
8148,仁武分隊,地下,仁武區,大春二街80號斜對面,120.335056688955,22.6749604493535
8149,仁武分隊,地下,仁武區,大春三街51號斜對面,120.335677844076,22.6753836279583
8150,仁武分隊,地下,仁武區,大春街131號旁,120.335015881563,22.6766085809601
8151,仁武分隊,地下,仁武區,大春街223號前,120.33656821003,22.6773429943968
8152,仁武分隊,地下,仁武區,大春街372號前,120.337705466652,22.6778794168896
8153,仁武分隊,地下,仁武區,大春街與大春一街口,120.333985242749,22.6747462343936
8154,仁武分隊,地下,仁武區,大春街與大豐街口,120.336117598916,22.6771400566205
8155,仁武分隊,地下,仁武區,大春街與仁雄路口,120.334170985723,22.673775453016
8156,仁武分隊,地下,仁武區,大景二街159號對面（大千運通公司）,120.331583297161,22.6750296663963
8157,仁武分隊,地下,仁武區,大景二街95號前(101-1號前),120.331273539165,22.6741809227467
8158,仁武分隊,地下,仁武區,大智一街23號對面,120.339570157182,22.6787340744399
8159,仁武分隊,地下,仁武區,大智一街58號門口,120.339975,22.678256
8160,仁武分隊,地下,仁武區,大智二街58巷18號前,120.338105846558,22.6773863956793
8161,仁武分隊,地下,仁武區,大智路與大智一街口,120.338790663754,22.6783449000532
8162,仁武分隊,地下,仁武區,大智路與大智二街口,120.339099168777,22.67777450099
8163,仁武分隊,地下,仁武區,大智路與仁雄路口,120.339812585389,22.6764281300349
8164,仁武分隊,地下,仁武區,大義巷31號旁(大智與大智三街口),120.3392723,22.6774602
8165,仁武分隊,地下,仁武區,大福街194號前,120.335443503076,22.7069179196951
8166,仁武分隊,地下,仁武區,大德街68號前,120.3353442,22.7080867
8167,仁武分隊,地下,仁武區,大豐街162號前,120.33779091337,22.6740920200556
8168,仁武分隊,地下,仁武區,大豐街96號旁,120.336742840198,22.6759500444767
8169,仁武分隊,地下,仁武區,大豐街與仁雄路口,120.337154559282,22.6752329477912
8170,仁武分隊,地下,仁武區,中華路299號旁,120.352565227018,22.7005470696275
8171,仁武分隊,地下,仁武區,中華路406號前(素天下),120.35448437588,22.7011480028646
8172,仁武分隊,地下,仁武區,中華路40號（奇美藥局）,120.348060368398,22.698120160322
8173,仁武分隊,地下,仁武區,中華路453號斜對面,120.354166996573,22.7027815222814
8174,仁武分隊,地下,仁武區,中華路與仁德巷口(85度C),120.351251523314,22.700079679145
8175,仁武分隊,地下,仁武區,仁山二街56號對面路口,120.354845594495,22.6764101935061
8176,仁武分隊,地下,仁武區,仁山街60號前,120.355753960119,22.6764925320982
8177,仁武分隊,地下,仁武區,仁山街與仁山二街口,120.355411274205,22.6770775827883
8178,仁武分隊,地下,仁武區,仁山街與仁孝路口,120.354996872912,22.6777853891736
8179,仁武分隊,地下,仁武區,仁心路113巷87-1號對面,120.360052,22.688997
8180,仁武分隊,地下,仁武區,仁心路15號斜對面,120.356149131865,22.6820930510611
8181,仁武分隊,地下,仁武區,仁心路199巷2號前（仁心城隍廟旁小路，靠協弘木業）,120.365631,22.68945
8182,仁武分隊,地下,仁武區,仁心路212號巷口(大四角),120.365192066882,22.6868306684789
8183,仁武分隊,地下,仁武區,仁心路227號旁,120.36555691842,22.6872264580386
8184,仁武分隊,地下,仁武區,仁心路307巷12號前(牌樓旁),120.367127246436,22.6936319120642
8185,仁武分隊,地下,仁武區,仁心路31號前,120.357701460331,22.6827903138644
8186,仁武分隊,地下,仁武區,仁心路博愛巷1弄33號前,120.367047383432,22.6847745879277
8187,仁武分隊,地下,仁武區,仁心路博愛巷2弄23號前,120.367125491402,22.6853596948286
8188,仁武分隊,地下,仁武區,仁心路博愛巷2弄2號前,120.366831934359,22.6860736373458
8189,仁武分隊,地下,仁武區,仁心路博愛巷2弄39號前(大四角),120.367408553985,22.6846649439624
8190,仁武分隊,地下,仁武區,仁心路博愛巷3弄40號前,120.367678434359,22.6847373801839
8191,仁武分隊,地下,仁武區,仁心路博愛巷3弄45號前,120.367950339304,22.6848184721971
8192,仁武分隊,地下,仁武區,仁光路192號巷口,120.350556260609,22.6836784991248
8193,仁武分隊,地下,仁武區,仁光路31號旁,120.3512671,22.6822472
8194,仁武分隊,地下,仁武區,仁光路與澄合街口,120.3508652,22.6830773
8195,仁武分隊,地下,仁武區,仁安三巷9-1號與7-1號中間,120.365079,22.7050682
8196,仁武分隊,地下,仁武區,仁孝路330號旁巷口,120.349029377103,22.6748553945942
8197,仁武分隊,地下,仁武區,仁孝路62號旁,120.353812,22.677224
8198,仁武分隊,地下,仁武區,仁孝路與仁雅街口,120.35250929666,22.6764133617505
8199,仁武分隊,地下,仁武區,仁孝路與慈勇三街口（南側）,120.35037048161,22.675267463825
8200,仁武分隊,地下,仁武區,仁孝路與澄合街口,120.353393755082,22.6769176147457
8201,仁武分隊,地下,仁武區,仁和南街26號前,120.348534847885,22.6996156870476
8202,仁武分隊,地下,仁武區,仁和街12號旁（大四角）,120.347838083467,22.7027578490363
8203,仁武分隊,地下,仁武區,仁忠一街60號前,120.357192906082,22.6771444172984
8204,仁武分隊,地下,仁武區,仁忠八街35號前,120.3552672,22.6803747
8205,仁武分隊,地下,仁武區,仁忠六街27號斜前,120.3558733,22.6792805
8206,仁武分隊,地下,仁武區,仁忠四街25號旁,120.3565479,22.6782536
8207,仁武分隊,地下,仁武區,仁忠路120號前,120.3554037,22.6784007
8208,仁武分隊,地下,仁武區,仁忠路189號巷口,120.354755840545,22.6793784088445
8209,仁武分隊,地下,仁武區,仁忠路200號前,120.3541528,22.6803588
8210,仁武分隊,地下,仁武區,仁忠路2-1號旁,120.357022,22.67568
8211,仁武分隊,地下,仁武區,仁忠路23號前,120.356699411045,22.6761645130576
8212,仁武分隊,地下,仁武區,仁忠路28號前,120.356724,22.676245
8213,仁武分隊,地下,仁武區,仁忠路74號前,120.3560568,22.6773128
8214,仁武分隊,地下,仁武區,仁忠路與仁孝路口,120.355551338063,22.6780873329665
8215,仁武分隊,地下,仁武區,仁忠路與仁忠七街口,120.354815071689,22.6794150758714
8216,仁武分隊,地下,仁武區,仁忠路與仁忠二街口,120.356347954141,22.6767830883688
8217,仁武分隊,地下,仁武區,仁怡一街118號旁(與仁怡街口),120.353401378522,22.6821095224875
8218,仁武分隊,地下,仁武區,仁怡一街160巷25號前,120.35215866054,22.682250273567
8219,仁武分隊,地下,仁武區,仁怡一街51號旁,120.354455972561,22.6818691599171
8220,仁武分隊,地下,仁武區,仁怡二街154號旁,120.351850506746,22.6828381475014
8221,仁武分隊,地下,仁武區,仁怡二街21號旁,120.353691326984,22.6830506020328
8222,仁武分隊,地下,仁武區,仁怡街70號斜對面,120.353033431877,22.6826928409689
8223,仁武分隊,地下,仁武區,仁怡街92號旁,120.352684936176,22.6832920049001
8224,仁武分隊,地下,仁武區,仁林路178號前,120.374109,22.696426
8225,仁武分隊,地下,仁武區,仁武區八德一路381-1號對面,120.332054,22.692878
8226,仁武分隊,地下,仁武區,仁信巷157-6號前（巷底）,120.346672475533,22.7033870095481
8227,仁武分隊,地下,仁武區,仁勇西巷11號旁,120.354976,22.675205
8228,仁武分隊,地下,仁武區,仁勇西巷185號前,120.3534889,22.6778409
8229,仁武分隊,地下,仁武區,仁勇西巷217號前,120.352567561203,22.6793010478913
8230,仁武分隊,地下,仁武區,仁勇西巷259號旁,120.351901032263,22.6804388387951
8231,仁武分隊,地下,仁武區,仁勇西巷登發國小後面牆角,120.353112133066,22.6784694085878
8232,仁武分隊,地下,仁武區,仁勇路12號旁,120.3579395,22.6759562
8233,仁武分隊,地下,仁武區,仁勇路178巷26號旁,120.353431,22.674626
8234,仁武分隊,地下,仁武區,仁勇路中華電信門口,120.349369347095,22.6719368447984
8235,仁武分隊,地下,仁武區,仁勇路中華電信門口往澄清巷方向100M,120.348382294178,22.6715260030376
8236,仁武分隊,地下,仁武區,仁勇路與赤吉街口,120.34772247076,22.6711349597366
8237,仁武分隊,地下,仁武區,仁智街51號前,120.333973841122,22.7075421458231
8238,仁武分隊,地下,仁武區,仁雅街125號(仁雅街與永樂街口),120.353497714767,22.6753362190458
8239,仁武分隊,地下,仁武區,仁雅街143號對面,120.3530418,22.6758215
8240,仁武分隊,地下,仁武區,仁雅街與仁山街口,120.356105542519,22.6758948982876
8241,仁武分隊,地下,仁武區,仁雄路10號旁,120.353922919661,22.6812356232378
8242,仁武分隊,地下,仁武區,仁雄路11號旁,120.3547558,22.6813388
8243,仁武分隊,地下,仁武區,仁雄路190-1號旁,120.338445,22.676002
8244,仁武分隊,地下,仁武區,仁雄路20號旁(金香舖),120.352525059525,22.6811339809382
8245,仁武分隊,地下,仁武區,仁雄路395巷41-13號旁,120.33663659813,22.6732465293524
8246,仁武分隊,地下,仁武區,仁雄路395巷41-5號旁,120.3364193392,22.6739407435045
8247,仁武分隊,地下,仁武區,仁雄路431號對面,120.335468,22.67422
8248,仁武分隊,地下,仁武區,仁雄路469巷6-3號旁,120.335761005682,22.673138664419
8249,仁武分隊,地下,仁武區,仁雄路469巷6號旁,120.334680075449,22.6732673604572
8250,仁武分隊,地下,仁武區,仁雄路475巷69號,120.333419,22.672731
8251,仁武分隊,地下,仁武區,仁雄路496-10號（八德西路81巷與大景一街）,120.331731,22.673501
8252,仁武分隊,地下,仁武區,仁雄路496-6號對面,120.332246063824,22.672800199606
8253,仁武分隊,地下,仁武區,仁雄路85號(烤鴨前),120.347172617912,22.6778697823473
8254,仁武分隊,地下,仁武區,仁雄路與仁光路口,120.351861633791,22.6811281241704
8255,仁武分隊,地下,仁武區,仁雄路與澄合街口,120.350801490677,22.6806900872731
8256,仁武分隊,地下,仁武區,仁慈二街52號旁,120.360009273016,22.6720330022387
8257,仁武分隊,地下,仁武區,仁慈八街37號前,120.3582998,22.6752489
8258,仁武分隊,地下,仁武區,仁慈六街35號前,120.3588706,22.674174
8259,仁武分隊,地下,仁武區,仁慈四街39號旁,120.3594645,22.6730766
8260,仁武分隊,地下,仁武區,仁慈路187號旁,120.356956971164,22.6745554008062
8261,仁武分隊,地下,仁武區,仁慈路35巷49號旁,120.359109,22.670826
8262,仁武分隊,地下,仁武區,仁慈路35巷口（仁慈路89-1號旁）,120.359255,22.671644
8263,仁武分隊,地下,仁武區,仁慈路與仁慈一街口,120.359549943655,22.6711745709156
8264,仁武分隊,地下,仁武區,仁慈路與仁慈七街口,120.35746854946,22.6740702440337
8265,仁武分隊,地下,仁武區,仁慈路與仁慈三街口,120.3589384,22.6722289
8266,仁武分隊,地下,仁武區,仁慈路與仁慈五街口,120.358337585181,22.6731594748057
8267,仁武分隊,地下,仁武區,公館一巷活動中心旁,120.381146963515,22.7091523962134
8268,仁武分隊,地下,仁武區,公館二巷7-1號旁,120.387892369242,22.7202267159387
8269,仁武分隊,地下,仁武區,公館二巷電力桿仁靶高分7(義大二路掩埋場對面小路),120.391694444444,22.7201388888889
8270,仁武分隊,地下,仁武區,公館三巷1-1號旁,120.389477346033,22.7240672809189
8271,仁武分隊,地下,仁武區,公館三巷16-8號旁,120.391303192851,22.7262702539581
8272,仁武分隊,地下,仁武區,公館三巷32號旁,120.38961004841,22.7279042981682
8273,仁武分隊,地下,仁武區,公館三巷43號旁,120.391656573888,22.7359721826072
8274,仁武分隊,地下,仁武區,公館三巷7號旁,120.392086397883,22.7231542593859
8275,仁武分隊,地下,仁武區,公館三巷電信桿仁福支七八支二又分五八引二九(義大二路上公館三巷18-28號旁小路400M),120.397805555556,22.73025
8276,仁武分隊,地下,仁武區,文中一街與文學八街口,120.357162024711,22.6992265495314
8277,仁武分隊,地下,仁武區,文中二街與文學八街口,120.356976536979,22.6996377766027
8278,仁武分隊,地下,仁武區,文中路51號旁（文學路二段口）,120.355374703653,22.7005045794545
8279,仁武分隊,地下,仁武區,文中路與文中二街口,120.356035868175,22.6993310755901
8280,仁武分隊,地下,仁武區,文中路與文教街口西面,120.35518359626,22.7009103855153
8281,仁武分隊,地下,仁武區,文中路與文教街口東面,120.355188290126,22.7009110041211
8282,仁武分隊,地下,仁武區,文北街11號前,120.351090858423,22.6977284626571
8283,仁武分隊,地下,仁武區,文北街150號前,120.349594856345,22.697847856314
8284,仁武分隊,地下,仁武區,文北街198號對面,120.349942202412,22.6972063461679
8285,仁武分隊,地下,仁武區,文北街76號前,120.350735932589,22.6984273518894
8286,仁武分隊,地下,仁武區,文北街與文學二街口,120.35089975103,22.6981014901622
8287,仁武分隊,地下,仁武區,文東路一段與文中路口,120.3562644,22.6984625
8288,仁武分隊,地下,仁武區,文東路一段與文學八街口,120.357329907531,22.6987928410472
8289,仁武分隊,地下,仁武區,文東路一段與文學五街口,120.354644345755,22.69789832019
8290,仁武分隊,地下,仁武區,文東路一段與文學六街口,120.355813788885,22.6982645424366
8291,仁武分隊,地下,仁武區,文東路二段與文中一街口,120.358182013001,22.6995676300136
8292,仁武分隊,地下,仁武區,文東路二段與文中二街口,120.357963412967,22.6999814807814
8293,仁武分隊,地下,仁武區,文南一街22號前,120.350351564331,22.6964425486758
8294,仁武分隊,地下,仁武區,文南二街與文學一街口,120.350085963264,22.6958242515221
8295,仁武分隊,地下,仁武區,文南二街與文學路一段口,120.3496206,22.6956399
8296,仁武分隊,地下,仁武區,文南三街與文學一街口,120.350266871095,22.6954318109383
8297,仁武分隊,地下,仁武區,文南四街43號對面-小五角開關,120.350923041716,22.6952288775792
8298,仁武分隊,地下,仁武區,文南街128號前,120.351628309479,22.6950361757737
8299,仁武分隊,地下,仁武區,文南街與文南二街口,120.351056456566,22.6961990749812
8300,仁武分隊,地下,仁武區,文南街與文南三街口,120.351245,22.695845
8301,仁武分隊,地下,仁武區,文南街與文南四街口,120.351448847885,22.6954292808432
8302,仁武分隊,地下,仁武區,文南街與文學一街口,120.350654125214,22.694620329372
8303,仁武分隊,地下,仁武區,文南街與文學西街口,120.349834158058,22.6942792416637
8304,仁武分隊,地下,仁武區,文南街與文學路一段口,120.350188209648,22.6944246210063
8305,仁武分隊,地下,仁武區,文南街與文館路口（文館路72號前）,120.350666983957,22.697090294032
8306,仁武分隊,地下,仁武區,文教街303號前,120.354768274587,22.700762283694
8307,仁武分隊,地下,仁武區,文教街6號斜對面,120.348705141109,22.6981059614013
8308,仁武分隊,地下,仁武區,文教街與文教一街口,120.349703593414,22.6989949133717
8309,仁武分隊,地下,仁武區,文教街與文教二街口,120.3525407,22.6999816
8310,仁武分隊,地下,仁武區,文教街與文學八街口,120.356267629426,22.7012794377952
8311,仁武分隊,地下,仁武區,文學一街與文學二街口,120.349308818316,22.6973353555745
8312,仁武分隊,地下,仁武區,文學七街36號對面,120.356216980409,22.7001219595024
8313,仁武分隊,地下,仁武區,文學九街15-1號（文學九街3號南側33m）,120.357178184621,22.7004315236024
8314,仁武分隊,地下,仁武區,文學五街與文中二街口,120.354325419049,22.6987168951763
8315,仁武分隊,地下,仁武區,文學五街與文中四街口,120.353992825131,22.6995384144817
8316,仁武分隊,地下,仁武區,文學五街與文教街口(文教街279號前),120.35375142632,22.7003648777268
8317,仁武分隊,地下,仁武區,文學六街與文中一街口,120.355650172422,22.6987184397362
8318,仁武分隊,地下,仁武區,文學六街與文中二街口,120.3554651,22.6991292
8319,仁武分隊,地下,仁武區,文學六街與文中三街口,120.355277345369,22.6995399590323
8320,仁武分隊,地下,仁武區,文學六街與文中四街口,120.355119765589,22.6999581401552
8321,仁武分隊,地下,仁武區,文學四街與文中一街口,120.353880687766,22.6981625301991
8322,仁武分隊,地下,仁武區,文學四街與文中三街口,120.353647335582,22.6989865272875
8323,仁武分隊,地下,仁武區,文學西街77號旁,120.3491983,22.6954796
8324,仁武分隊,地下,仁武區,文學西街與文館路交叉口（文學西街39號旁）,120.348852,22.696333
8325,仁武分隊,地下,仁武區,文學路一段81號對面,120.348789228085,22.6971850674245
8326,仁武分隊,地下,仁武區,文學路一段與文學路二段口,120.348549652657,22.6975414882989
8327,仁武分隊,地下,仁武區,文學路一段與文館路口,120.3492021,22.6964756
8328,仁武分隊,地下,仁武區,文學路二段133巷16號斜對面,120.350923913214,22.6993657995517
8329,仁武分隊,地下,仁武區,文學路二段96號前,120.349714907501,22.6984842733908
8330,仁武分隊,地下,仁武區,文學路二段與文中路口西面,120.355361628029,22.7005071355219
8331,仁武分隊,地下,仁武區,文學路二段與文東路二段口,120.357434975598,22.7012234813708
8332,仁武分隊,地下,仁武區,文學路二段與文教二街口,120.3527049,22.6995885
8333,仁武分隊,地下,仁武區,文學路二段與文教三街口,120.354335683081,22.7001922638384
8334,仁武分隊,地下,仁武區,文學路二段與文學二街口,120.351066070292,22.6990020547075
8335,仁武分隊,地下,仁武區,文學路二段與文學八街口,120.356440546605,22.7008752066117
8336,仁武分隊,地下,仁武區,文學路二段與文學三街口,120.351556914542,22.6991925878417
8337,仁武分隊,地下,仁武區,文學路二段與文學四街口,120.353364052865,22.6998118186972
8338,仁武分隊,地下,仁武區,文館路與文北街口,120.351281943655,22.697354895954
8339,仁武分隊,地下,仁武區,文館路與文學一街口,120.349657866097,22.6966663680037
8340,仁武分隊,地下,仁武區,水管路三段907號（中華精機股份有限公司門口右邊）,120.38057,22.700823
8341,仁武分隊,地下,仁武區,水管路往大樹方向近林森巷(20M)(冠順企業斜對面),120.37565258507,22.7002369274232
8342,仁武分隊,地下,仁武區,永昌二街102號前,120.3293426,22.6902276
8343,仁武分隊,地下,仁武區,永新七街93號前,120.3332003,22.6907142
8344,仁武分隊,地下,仁武區,永新二街162號,120.334545,22.682637
8345,仁武分隊,地下,仁武區,永新二街與永新二街180巷交叉口,120.334193,22.683018
8346,仁武分隊,地下,仁武區,永新二街與永新二街83巷交叉口（靠永新二街85號）,120.333629,22.682532
8347,仁武分隊,地下,仁武區,永新三街27號前,120.333399569172,22.6838661613228
8348,仁武分隊,地下,仁武區,名光街117號（162號對面）,120.349249988794,22.6860923078622
8349,仁武分隊,地下,仁武區,名湖街130號巷口處,120.348660423279,22.6856468364177
8350,仁武分隊,地下,仁武區,名湖街483巷57號,120.344361,22.690838
8351,仁武分隊,地下,仁武區,名湖街483巷與名湖八街交叉口（靠名湖街483巷）,120.34324,22.690349
8352,仁武分隊,地下,仁武區,地政街8號前(過地政30M轉角),120.351751635582,22.7011230795916
8353,仁武分隊,地下,仁武區,安樂一街23號旁,120.344854986409,22.708700261684
8354,仁武分隊,地下,仁武區,安樂一街65號旁,120.345808511713,22.7089742882272
8355,仁武分隊,地下,仁武區,安樂二街18號旁,120.344361878296,22.7091105744906
8356,仁武分隊,地下,仁武區,安樂二街42號旁(大四角),120.344931562583,22.709619681098
8357,仁武分隊,地下,仁武區,安樂三街40巷1號前,120.345567626984,22.7078316799118
8358,仁武分隊,地下,仁武區,安樂三街63號旁,120.345624798217,22.7082254761355
8359,仁武分隊,地下,仁武區,安樂三街89號前,120.34616124002,22.7082248575626
8360,仁武分隊,地下,仁武區,安樂四街57號前,120.345491037208,22.7073345174521
8361,仁武分隊,地下,仁武區,成功路117號前,120.3621001,22.6783395
8362,仁武分隊,地下,仁武區,成功路11號旁(大四角),120.365219069941,22.6832451418848
8363,仁武分隊,地下,仁武區,成功路130號（門口左方5公尺處）,120.361055,22.677212
8364,仁武分隊,地下,仁武區,成功路23號對面,120.364338755608,22.6826677936505
8365,仁武分隊,地下,仁武區,成功路49-1號斜對面,120.361827515344,22.681217184216
8366,仁武分隊,地下,仁武區,成功路79號對面,120.361892,22.6798794
8367,仁武分隊,地下,仁武區,成功路與中山路口,120.363998082556,22.6744477378148
8368,仁武分隊,地下,仁武區,竹工三巷13號斜前,120.333066013492,22.7117002630223
8369,仁武分隊,地下,仁武區,竹工三巷47號（心一公司門口右方10公尺）,120.331898,22.71404
8370,仁武分隊,地下,仁武區,竹門巷36-6號前,120.33802172347,22.7062276489242
8371,仁武分隊,地下,仁武區,竹門巷51-4號前,120.337129710451,22.7069838412528
8372,仁武分隊,地下,仁武區,赤仁路與慈惠一街口,120.347501188517,22.6773370720907
8373,仁武分隊,地下,仁武區,赤吉街107號對面,120.347444444444,22.6718888888889
8374,仁武分隊,地下,仁武區,赤西三街25巷26號前,120.341256122667,22.6775501825425
8375,仁武分隊,地下,仁武區,赤東四街32號前,120.3486912,22.6808344
8376,仁武分隊,地下,仁武區,赤勇路60巷57號前(靠溪邊),120.350859314203,22.6773556334585
8377,仁武分隊,地下,仁武區,赤南巷61號前,120.349920541048,22.6780739564615
8378,仁武分隊,地下,仁武區,赤南巷和仁雄路79巷口,120.348275,22.677819
8379,仁武分隊,地下,仁武區,赤祥街80號邊(小五角),120.346172908043,22.6730134054992
8380,仁武分隊,地下,仁武區,赤富街76號,120.348926,22.673394
8381,仁武分隊,地下,仁武區,赤誠街111號,120.345469415188,22.6737361192183
8382,仁武分隊,地下,仁武區,赤誠街139號前,120.344471633434,22.6742311011635
8383,仁武分隊,地下,仁武區,赤德街和赤誠街口A,120.343717932701,22.6723872843509
8384,仁武分隊,地下,仁武區,赤德街和赤誠街口B,120.344707667828,22.6718823959611
8385,仁武分隊,地下,仁武區,亞洲渡假村後方重劃區10號J,120.341443,22.674115
8386,仁武分隊,地下,仁武區,亞洲渡假村後方重劃區11號K,120.343294143677,22.6728253477715
8387,仁武分隊,地下,仁武區,亞洲渡假村後方重劃區14號N,120.345783233643,22.6713973053654
8388,仁武分隊,地下,仁武區,亞洲渡假村後方重劃區9號I,120.342111,22.674017
8389,仁武分隊,地下,仁武區,京中一街81號前,120.338047664943,22.6797312212134
8390,仁武分隊,地下,仁武區,京富路31巷22號前,120.338817353967,22.6805946480696
8391,仁武分隊,地下,仁武區,京富路5巷32號前(小四角開關旁邊有五角接頭),120.339385982278,22.6807926311593
8392,仁武分隊,地下,仁武區,勇全路121號前,120.345346033573,22.6728302976327
8393,仁武分隊,地下,仁武區,勇全路和赤吉街106巷口,120.346813201904,22.6716398508777
8394,仁武分隊,地下,仁武區,勇全路和赤祥街口,120.345839560032,22.672513506158
8395,仁武分隊,地下,仁武區,勇全路和赤誠街口,120.344415307045,22.6731495633005
8396,仁武分隊,地下,仁武區,勇全路和赤德街口A,120.346287488937,22.6720407925188
8397,仁武分隊,地下,仁武區,勇全路和赤德街口B,120.343017876148,22.6734787279008
8398,仁武分隊,地下,仁武區,勇全路與仁勇路口,120.346996933222,22.6708936508142
8399,仁武分隊,地下,仁武區,南勢巷12-12號前,120.358419790864,22.6785616158192
8400,仁武分隊,地下,仁武區,南勢巷73號前,120.3590785,22.679406
8401,仁武分隊,地下,仁武區,後庄巷115號前,120.340910640861,22.7133353372943
8402,仁武分隊,地下,仁武區,後庄巷172號旁,120.344500107076,22.7127842083571
8403,仁武分隊,地下,仁武區,高楠一街157號,120.324833333333,22.6912222222222
8404,仁武分隊,地下,仁武區,高楠一街1號旁(大四角),120.322675883432,22.6922383205339
8405,仁武分隊,地下,仁武區,高楠一街282號對面,120.325793065131,22.6881941150038
8406,仁武分隊,地下,仁武區,高楠一街和霞海東二街,120.325222222222,22.6893888888889
8407,仁武分隊,地下,仁武區,高楠一街和霞海東路,120.32425,22.6904444444444
8408,仁武分隊,地下,仁武區,高楠七街38號斜對面,120.324523786456,22.6930012872247
8409,仁武分隊,地下,仁武區,高楠八街139號斜對面,120.32530683366,22.6916792916507
8410,仁武分隊,地下,仁武區,高楠十街40號前,120.325223,22.693399
8411,仁武分隊,地下,仁武區,高楠三街29號旁,120.323552312268,22.6921836135473
8412,仁武分隊,地下,仁武區,高楠北街24號旁,120.324507674834,22.6937506326078
8413,仁武分隊,地下,仁武區,華興街73號旁,120.328327077945,22.7083098793721
8414,仁武分隊,地下,仁武區,慈勇一街52號,120.352534353733,22.6748943741691
8415,仁武分隊,地下,仁武區,慈勇一街和慈惠八街,120.352962166071,22.6742236764475
8416,仁武分隊,地下,仁武區,慈勇一街與慈惠五街,120.352098494768,22.67556383117
8417,仁武分隊,地下,仁武區,慈勇二街和仁勇路,120.352791845798,22.6735282262686
8418,仁武分隊,地下,仁武區,慈勇二街和慈惠八街,120.352666666667,22.6740277777778
8419,仁武分隊,地下,仁武區,慈勇二街與仁孝路,120.351281762123,22.6756393150261
8420,仁武分隊,地下,仁武區,慈勇二街與慈惠五街,120.351513773203,22.6751938359302
8421,仁武分隊,地下,仁武區,慈勇二街與慈惠六街,120.351816862822,22.6747582549706
8422,仁武分隊,地下,仁武區,慈勇三街與仁勇路,120.351760536432,22.6727733742185
8423,仁武分隊,地下,仁武區,慈勇三街與慈惠七街,120.351159721613,22.6737942796895
8424,仁武分隊,地下,仁武區,慈勇三街與慈惠八街,120.351469516754,22.6732770218673
8425,仁武分隊,地下,仁武區,慈勇三街與慈惠五街,120.350735932589,22.6747978532968
8426,仁武分隊,地下,仁武區,慈勇三街與慈惠六街,120.350984036922,22.6743399969516
8427,仁武分隊,地下,仁武區,慈勇五街與慈惠五街,120.349857509136,22.674351134016
8428,仁武分隊,地下,仁武區,慈勇五街與慈惠六街,120.350176692009,22.6738908012681
8429,仁武分隊,地下,仁武區,慈惠一街136號,120.3467981,22.6769957
8430,仁武分隊,地下,仁武區,慈惠一街172號,120.345739647746,22.6765277940125
8431,仁武分隊,地下,仁武區,慈惠二街182號,120.348175764084,22.6771613576846
8432,仁武分隊,地下,仁武區,慈惠二街232號,120.348470807076,22.6765370747515
8433,仁武分隊,地下,仁武區,慈惠八街和慈勇五街,120.350648,22.672681
8434,仁武分隊,地下,仁武區,慈惠三街181號旁,120.348658561707,22.6759004146012
8435,仁武分隊,地下,仁武區,慈惠三街90巷32號前,120.350271239877,22.6775047430218
8436,仁武分隊,地下,仁武區,慈惠三街96號斜對面25M(工廠旁),120.350713804364,22.6768507633596
8437,仁武分隊,地下,仁武區,新旺一街19號前,120.3540025,22.6936382
8438,仁武分隊,地下,仁武區,新興巷269號旁,120.364061601067,22.6771930001865
8439,仁武分隊,地下,仁武區,新興巷319號前,120.364871628189,22.6775431912699
8440,仁武分隊,地下,仁武區,榮德街550號前,120.3218,22.689717
8441,仁武分隊,地下,仁武區,榮總路478巷29號附近,120.323688,22.686461
8442,仁武分隊,地下,仁武區,鳳仁路225巷（國本裝訂門口）,120.345452,22.69812
8443,仁武分隊,地下,仁武區,鳳仁路287-13號旁,120.342460823695,22.7046015669513
8444,仁武分隊,地下,仁武區,鳳仁路287-33號旁,120.34233744208,22.7047698231133
8445,仁武分隊,地下,仁武區,鳳仁路287-48號旁,120.342187238375,22.7048292075916
8446,仁武分隊,地下,仁武區,鳳仁路4-9號後方（日盛家具後方）,120.36198,22.671839
8447,仁武分隊,地下,仁武區,德榮街87號前,120.331440185284,22.687056712417
8448,仁武分隊,地下,仁武區,澄仁東街468-1號前,120.3452438,22.6813053
8449,仁武分隊,地下,仁武區,澄合一街23號斜對面（38號前）,120.352177077604,22.6769892192923
8450,仁武分隊,地下,仁武區,澄合三街52巷6號旁(澄合三街50巷前),120.35150340824,22.67802892925
8451,仁武分隊,地下,仁武區,澄合五街23號斜對面,120.350837293866,22.6790168489141
8452,仁武分隊,地下,仁武區,澄合四街18-13號旁,120.351196741901,22.6784528617007
8453,仁武分隊,地下,仁武區,澄合街229號旁,120.350427195106,22.6813191661802
8454,仁武分隊,地下,仁武區,澄合街259號對面,120.350121586814,22.6818578121515
8455,仁武分隊,地下,仁武區,澄合街279號前,120.350013387426,22.6824052944165
8456,仁武分隊,地下,仁武區,澄合街415號對面(420號前),120.351634252271,22.68343731442
8457,仁武分隊,地下,仁武區,澄合街445號旁,120.35236146619,22.6838097621472
8458,仁武分隊,地下,仁武區,澄合街500號斜對面,120.3531767365,22.6842119758249
8459,仁武分隊,地下,仁武區,澄合街521號旁,120.352054353258,22.6843337857244
8460,仁武分隊,地下,仁武區,澄合街98號旁,120.351816462872,22.6792144567049
8461,仁武分隊,地下,仁武區,澄合街與仁光街189巷交叉口,120.349926,22.683378
8462,仁武分隊,地下,仁武區,澄合街與澄合一街口,120.353020709985,22.677441419212
8463,仁武分隊,地下,仁武區,澄合街與澄合三街口,120.352308583491,22.6784635273463
8464,仁武分隊,地下,仁武區,澄合街與澄合六街口,120.351258498662,22.6800053370658
8465,仁武分隊,地下,仁武區,澄信街120巷100號門口左邊5公尺,120.349602,22.682444
8466,仁武分隊,地下,仁武區,澄信街26號前,120.350857989872,22.6820640466653
8467,仁武分隊,地下,仁武區,澄清巷與仁勇路口,120.345937460661,22.670751340225
8468,仁武分隊,地下,仁武區,澄新七街29號巷口處,120.355600782803,22.6738646039208
8469,仁武分隊,地下,仁武區,澄新九街72號前,120.357139184656,22.6720257976257
8470,仁武分隊,地下,仁武區,澄新二街32號前,120.3561055,22.670396
8471,仁武分隊,地下,仁武區,澄新八街27號前,120.3561449,22.6742334
8472,仁武分隊,地下,仁武區,澄新十街30號旁,120.357463,22.6722525
8473,仁武分隊,地下,仁武區,澄新五街11號旁,120.355765863125,22.6718072909366
8474,仁武分隊,地下,仁武區,澄新六街17號前,120.355830186543,22.6730043739228
8475,仁武分隊,地下,仁武區,澄新六街37巷13號旁,120.354500412941,22.6733815873021
8476,仁武分隊,地下,仁武區,澄新街137號對面,120.356088944844,22.6727508890559
8477,仁武分隊,地下,仁武區,澄新街89號對面,120.356789,22.6711794
8478,仁武分隊,地下,仁武區,澄新街與澄新七街口,120.356518962566,22.6732165124786
8479,仁武分隊,地下,仁武區,澄新街與澄新二街口,120.357103684131,22.6699941241391
8480,仁武分隊,地下,仁武區,澄新街與澄新十一街口,120.357039311114,22.6736966468105
8481,仁武分隊,地下,仁武區,澄新街與澄新四街口,120.356717446033,22.6713702070694
8482,仁武分隊,地下,仁武區,澄觀路1588巷25號門口左邊,120.349602,22.682444
8483,仁武分隊,地下,仁武區,澄觀路二段337號,120.360141,22.707796
8484,仁武分隊,地下,仁武區,澄觀路二段476巷66號,120.36137,22.711507
8485,仁武分隊,地下,仁武區,澄觀路與京中五街交叉口,120.332501,22.676475
8486,仁武分隊,地下,仁武區,橫山一巷15號旁(過高球場的寺廟旁),120.373105258791,22.7111576948047
8487,仁武分隊,地下,仁武區,橫山三巷19號前,120.379992474522,22.7183353352746
8488,仁武分隊,地下,仁武區,橫山三巷20號旁,120.380601335968,22.7173704295132
8489,仁武分隊,地下,仁武區,橫山三巷22號前,120.380754892434,22.7206820071748
8490,仁武分隊,地下,仁武區,霞海中街和霞海東一街,120.325084,22.687719
8491,仁武分隊,地下,仁武區,霞海中街與霞海東二街,120.324222222222,22.6884722222222
8492,仁武分隊,地下,仁武區,霞海東二街近高速公路,120.326664112508,22.6901716579803
8493,仁武分隊,地下,仁武區,霞海南一街3號,120.3225,22.6813888888889
8494,仁武分隊,地下,仁武區,霞海南二街A,120.32381,22.68128
8495,仁武分隊,地下,仁武區,霞海南三街中,120.324267,22.682342
8496,仁武分隊,地下,仁武區,霞海重劃B,120.325757525861,22.6913845245142
8497,仁武分隊,地下,仁武區,霞海路A,120.323864,22.683019
8498,仁武分隊,地下,仁武區,霞海路九番埤溼地公園旁,120.324615,22.685577
8499,仁武分隊,地下,仁武區,霞海路和霞海東一街,120.324001684785,22.6865694955439
8500,仁武分隊,地下,仁武區,霞海路和霞海東二街,120.323388888889,22.6875555555556
8501,仁武分隊,地下,仁武區,霞海路和霞海南二街,120.322982,22.681949
8502,仁武分隊,地下,仁武區,霞海路和霞海南三街,120.324669,22.683607
8503,仁武分隊,地下,仁武區,霞海路與霞海東路交叉口,120.322465,22.688919
8504,仁武分隊,地下,仁武區,灣內一巷24號旁,120.356609623557,22.6830030887232
8505,仁武分隊,地下,仁武區,灣內二巷1號旁,120.356087336327,22.6842427986282
8506,仁武分隊,地下,仁武區,灣內三巷2號旁,120.355600118637,22.6852118161102
8507,楠梓分隊,地下,楠梓區,土庫八街507巷口,120.334413230212,22.7456357783969
8508,楠梓分隊,地下,楠梓區,土庫五路166號前,120.333087667823,22.7408276051348
8509,楠梓分隊,地下,楠梓區,土庫五路208巷23號,120.333792,22.741258
8510,楠梓分隊,地下,楠梓區,土庫北路2巷1號旁,120.329665968787,22.7476671131334
8511,楠梓分隊,地下,楠梓區,土庫路16巷底,120.332764414104,22.7360418759833
8512,楠梓分隊,地下,楠梓區,加昌路179巷12-6號（127巷12弄28號）,120.3157054,22.7215398
8513,楠梓分隊,地下,楠梓區,加昌路250巷27弄14號,120.312526524067,22.7217101198719
8514,楠梓分隊,地下,楠梓區,加昌路261巷底廟前,120.313761305557,22.720783066346
8515,楠梓分隊,地下,楠梓區,玉田街107號前,120.330545,22.731396
8516,楠梓分隊,地下,楠梓區,玉田街與楠泰路口,120.330981844311,22.7308034109493
8517,楠梓分隊,地下,楠梓區,立仁街96巷276號,120.335096,22.746312
8518,楠梓分隊,地下,楠梓區,立仁街96巷280號,120.335048,22.74673
8519,楠梓分隊,地下,楠梓區,芎林一街3-1號對面（卓越路51巷口）,120.332911277059,22.7507750739842
8520,楠梓分隊,地下,楠梓區,芎林七街與芎蕉三街,120.332104738623,22.7470015493896
8521,楠梓分隊,地下,楠梓區,芎林二街168號,120.329335927963,22.749979376882
8522,楠梓分隊,地下,楠梓區,芎林二街7號斜對面,120.333105684713,22.7500344284722
8523,楠梓分隊,地下,楠梓區,芎林三街與創新路,120.331381782889,22.7493578995152
8524,楠梓分隊,地下,楠梓區,芎林六街31號,120.334383438901,22.7477327750553
8525,楠梓分隊,地下,楠梓區,芎林路與芎林一街口,120.326215848327,22.7507245276102
8526,楠梓分隊,地下,楠梓區,芎焦路與芎林一街口,120.328753888607,22.7508222317197
8527,楠梓分隊,地下,楠梓區,芎蕉一街與芎林一街口,120.327357798815,22.7506527954347
8528,楠梓分隊,地下,楠梓區,芎蕉一街與芎林二街口,120.327515378594,22.7500016387054
8529,楠梓分隊,地下,楠梓區,芎蕉一街與芎林三街口,120.327448323369,22.7492348404774
8530,楠梓分隊,地下,楠梓區,芎蕉一街與寶溪北街,120.327553600073,22.7481606973368
8531,楠梓分隊,地下,楠梓區,芎蕉二街與芎林一街口,120.3300655,22.7507258
8532,楠梓分隊,地下,楠梓區,芎蕉二街與芎林三街口,120.33008,22.749486
8533,楠梓分隊,地下,楠梓區,芎蕉三街170號前左側50公尺,120.332288,22.747826
8534,楠梓分隊,地下,楠梓區,芎蕉五街121號前,120.333626,22.748105
8535,楠梓分隊,地下,楠梓區,芎蕉五街191號（與芎林六街口）,120.333556116568,22.7491566707505
8536,楠梓分隊,地下,楠梓區,芎蕉五街與芎林七街口,120.333738023943,22.7469818647592
8537,楠梓分隊,地下,楠梓區,芎蕉路與芎林三街口,120.328758582473,22.7492428795134
8538,楠梓分隊,地下,楠梓區,卓越路與芎蕉二街口,120.330076217651,22.7515741799963
8539,楠梓分隊,地下,楠梓區,金田街2號,120.317520635582,22.7192985181849
8540,楠梓分隊,地下,楠梓區,金田街46號,120.316816449074,22.7196713109897
8541,楠梓分隊,地下,楠梓區,青埔街116號,120.322352,22.729116
8542,楠梓分隊,地下,楠梓區,青埔街50巷36號,120.324208,22.728976
8543,楠梓分隊,地下,楠梓區,後昌路105巷34號,120.311928,22.718782
8544,楠梓分隊,地下,楠梓區,後昌路105巷43號,120.312095402447,22.7187549166464
8545,楠梓分隊,地下,楠梓區,後昌路105巷口,120.310919644041,22.7190266868377
8546,楠梓分隊,地下,楠梓區,後昌路135巷口,120.310603777771,22.718115257456
8547,楠梓分隊,地下,楠梓區,後昌路227巷15號,120.310758545991,22.7162748819136
8548,楠梓分隊,地下,楠梓區,後昌路227巷77號,120.311965405949,22.7162345533225
8549,楠梓分隊,地下,楠梓區,後昌路47巷25弄24號,120.312745582342,22.7202172573005
8550,楠梓分隊,地下,楠梓區,後昌路47巷25弄口,120.312898308631,22.7196131366986
8551,楠梓分隊,地下,楠梓區,後昌路67巷15號,120.312381,22.719383
8552,楠梓分隊,地下,楠梓區,後昌路73巷39號,120.312386806925,22.7190850325882
8553,楠梓分隊,地下,楠梓區,後勁中街174號,120.313894450665,22.7177590088153
8554,楠梓分隊,地下,楠梓區,後勁中街46號對面,120.316670536995,22.7163499907716
8555,楠梓分隊,地下,楠梓區,後勁中街80號對面,120.315875262022,22.7167730688284
8556,楠梓分隊,地下,楠梓區,後勁中街與學專路口,120.317320302129,22.7161124726927
8557,楠梓分隊,地下,楠梓區,後勁北路111巷口,120.3151088109,22.718414980302
8558,楠梓分隊,地下,楠梓區,後勁北路150巷口,120.31452609185,22.7188046273973
8559,楠梓分隊,地下,楠梓區,後勁北路163巷口（184斜對面）,120.313956,22.718969
8560,楠梓分隊,地下,楠梓區,後勁北路184號,120.3139,22.7190851
8561,楠梓分隊,地下,楠梓區,後勁北路1號,120.317673683167,22.7178260388658
8562,楠梓分隊,地下,楠梓區,後勁北路76巷口北側,120.316174391504,22.7180121846313
8563,楠梓分隊,地下,楠梓區,後勁北路88對面,120.315847748225,22.7180661053361
8564,楠梓分隊,地下,楠梓區,後勁北路與後勁中街92巷口,120.315726598599,22.7180939627127
8565,楠梓分隊,地下,楠梓區,後勁北路與後勁中街口,120.314443479731,22.7188064578916
8566,楠梓分隊,地下,楠梓區,後勁北路與高峰街口,120.315142806623,22.7184268495269
8567,楠梓分隊,地下,楠梓區,後勁西路169號（加昌路279巷口）,120.314140006277,22.7199977446433
8568,楠梓分隊,地下,楠梓區,後勁西路210巷9弄8號,120.314980090607,22.7210339871926
8569,楠梓分隊,地下,楠梓區,後勁西路224巷口,120.314653669169,22.7212466596272
8570,楠梓分隊,地下,楠梓區,後勁西路35號（後昌路135巷口）,120.312668443468,22.7175649896385
8571,楠梓分隊,地下,楠梓區,後勁西路61巷29號旁,120.311944,22.718272
8572,楠梓分隊,地下,楠梓區,後勁東路155巷2號,120.317140820079,22.7182261838166
8573,楠梓分隊,地下,楠梓區,後勁東路175巷36號,120.316517709183,22.719140295519
8574,楠梓分隊,地下,楠梓區,後勁東路175巷口,120.317448,22.71874
8575,楠梓分隊,地下,楠梓區,後勁東路21巷3弄1號邊,120.314287,22.715656
8576,楠梓分隊,地下,楠梓區,後勁東路30巷口,120.314634438623,22.7154731872776
8577,楠梓分隊,地下,楠梓區,後勁東路30巷與聖雲街31巷口,120.315149062618,22.715059117175
8578,楠梓分隊,地下,楠梓區,後勁東路62號,120.315119,22.716041
8579,楠梓分隊,地下,楠梓區,後勁南路130巷13號,120.312992557883,22.716738430908
8580,楠梓分隊,地下,楠梓區,後勁南路149巷39弄16號,120.312577817483,22.7157345169147
8581,楠梓分隊,地下,楠梓區,後勁南路149巷8號,120.312243665059,22.7163493762038
8582,楠梓分隊,地下,楠梓區,後勁南路207號前,120.311290025711,22.7174089205241
8583,楠梓分隊,地下,楠梓區,後勁南路35巷41弄21號,120.313706696033,22.714112727315
8584,楠梓分隊,地下,楠梓區,後勁南路7巷16弄口,120.314556956291,22.7145692136772
8585,楠梓分隊,地下,楠梓區,後勁南路7巷38弄32之1號,120.313264131546,22.7144145775462
8586,楠梓分隊,地下,楠梓區,後勁南路與後勁西路口,120.312243551016,22.7169481138992
8587,楠梓分隊,地下,楠梓區,海專路121號右旁巷口,120.315303,22.724085
8588,楠梓分隊,地下,楠梓區,海專路205巷口,120.31343877247,22.7247938593352
8589,楠梓分隊,地下,楠梓區,海專路235巷39號,120.312972,22.724055
8590,楠梓分隊,地下,楠梓區,海專路與德祥路口全家,120.310085,22.727132
8591,楠梓分隊,地下,楠梓區,高峰街118巷口,120.316392,22.720932
8592,楠梓分隊,地下,楠梓區,高峰街159號對面,120.317289,22.721541
8593,楠梓分隊,地下,楠梓區,高峰街30巷口,120.315504,22.7189663941129
8594,楠梓分隊,地下,楠梓區,高峰街41巷22號,120.3149966011,22.7196887665527
8595,楠梓分隊,地下,楠梓區,高峰街80號,120.315927,22.71993
8596,楠梓分隊,地下,楠梓區,高楠公路1868巷14號前,120.321358,22.730768
8597,楠梓分隊,地下,楠梓區,高楠公路1868巷81弄口,120.322560667992,22.7319510565722
8598,楠梓分隊,地下,楠梓區,高楠公路1870巷2號前,120.321076065302,22.7310678848503
8599,楠梓分隊,地下,楠梓區,健民街10巷24號前,120.322493612766,22.7296552930131
8600,楠梓分隊,地下,楠梓區,健民街25號前,120.322169,22.73047
8601,楠梓分隊,地下,楠梓區,健民街27巷43號,120.321675509176,22.7310423767336
8602,楠梓分隊,地下,楠梓區,健民街28巷24號前,120.322788655758,22.7299181450509
8603,楠梓分隊,地下,楠梓區,健民街46巷26號前,120.323088392615,22.7301809965835
8604,楠梓分隊,地下,楠梓區,健民街63巷32弄15號,120.322719953373,22.7317903136198
8605,楠梓分隊,地下,楠梓區,健民街63巷43號,120.322203279762,22.7316302195949
8606,楠梓分隊,地下,楠梓區,健民街64巷26號前,120.323384106159,22.7304351889969
8607,楠梓分隊,地下,楠梓區,清泰路181巷22號,120.328542181545,22.7394501538312
8608,楠梓分隊,地下,楠梓區,清豐三路95巷8弄底,120.331550091505,22.7400156101145
8609,楠梓分隊,地下,楠梓區,清豐六路寶溪南街口（下）,120.326629579067,22.7478558296106
8610,楠梓分隊,地下,楠梓區,創新路888號（與芎林二街口）,120.331686213613,22.7500449255738
8611,楠梓分隊,地下,楠梓區,創新路與芎林一街口,120.331421345472,22.7507671958691
8612,楠梓分隊,地下,楠梓區,惠正街71號,120.32475407561,22.7317235573621
8613,楠梓分隊,地下,楠梓區,惠正街與惠忠街交叉口（道善宮）,120.325291754862,22.731211638845
8614,楠梓分隊,地下,楠梓區,惠正街壘球場內野旁,120.323784064092,22.7332883086869
8615,楠梓分隊,地下,楠梓區,惠忠街（中油地旁）,120.325079052889,22.7345343130324
8616,楠梓分隊,地下,楠梓區,惠忠街（惠正街與惠勇街之間）,120.32543403349,22.7318100713028
8617,楠梓分隊,地下,楠梓區,惠忠街與惠勇街間小路上,120.325367971918,22.7329042687008
8618,楠梓分隊,地下,楠梓區,惠忠街與惠智街交叉口,120.324761957403,22.7354225746261
8619,楠梓分隊,地下,楠梓區,惠勇街壘球場外野旁,120.324649383679,22.7340990374596
8620,楠梓分隊,地下,楠梓區,惠春街與青田街口,120.3190964,22.7275225
8621,楠梓分隊,地下,楠梓區,惠智街100號,120.323912713102,22.7349583272398
8622,楠梓分隊,地下,楠梓區,惠智街上近惠正街口,120.323251060653,22.7345432109763
8623,楠梓分隊,地下,楠梓區,惠義街（惠誠街與惠心街之間）,120.324137229775,22.7315144493081
8624,楠梓分隊,地下,楠梓區,惠義街（惠誠街與惠智街之間）,120.323103570004,22.7332259363916
8625,楠梓分隊,地下,楠梓區,惠義街與惠忠街交叉口,120.325106553306,22.730588326152
8626,楠梓分隊,地下,楠梓區,惠義街與惠智街交叉口,120.322652958266,22.7339405702838
8627,楠梓分隊,地下,楠梓區,惠誠街與惠勇街交叉口,120.325213685423,22.7328511871139
8628,楠梓分隊,地下,楠梓區,惠誠街與惠義街交叉口,120.323668303975,22.7323972081899
8629,楠梓分隊,地下,楠梓區,惠豐街206巷口,120.317864880951,22.7290336260492
8630,楠梓分隊,地下,楠梓區,惠豐街206巷與監理街口,120.3183368,22.7295954
8631,楠梓分隊,地下,楠梓區,惠豐街282巷口,120.316642834324,22.7299194698229
8632,楠梓分隊,地下,楠梓區,惠豐街與青田街口（東側1）,120.3194486,22.7278494
8633,楠梓分隊,地下,楠梓區,惠豐街與青田街口（南側3惠豐街77號）,120.319454403822,22.7277989740519
8634,楠梓分隊,地下,楠梓區,惠豐街與監理南街口,120.3185023,22.7284941
8635,楠梓分隊,地下,楠梓區,楠梓西巷83號,120.327843,22.72986
8636,楠梓分隊,地下,楠梓區,楠梓東街74號,120.329946771438,22.729613311768
8637,楠梓分隊,地下,楠梓區,楠梓新路175號前,120.325025618076,22.7268016150851
8638,楠梓分隊,地下,楠梓區,楠梓路329巷10弄,120.325794070959,22.7348943026667
8639,楠梓分隊,地下,楠梓區,楠梓舊街20號前(大水溝旁),120.330473855138,22.7274763847898
8640,楠梓分隊,地下,楠梓區,瑞仁路14巷對面海專路205巷上,120.313401,22.724126
8641,楠梓分隊,地下,楠梓區,瑞仁路30巷與瑞仁路口（16號對面）,120.314558297396,22.7237858300602
8642,楠梓分隊,地下,楠梓區,瑞仁路77號旁巷口,120.313667804003,22.723423387106
8643,楠梓分隊,地下,楠梓區,瑞仁路與瑞屏路口,120.311821103096,22.7228024075259
8644,楠梓分隊,地下,楠梓區,瑞昌街30號前,120.311924,22.721184
8645,楠梓分隊,地下,楠梓區,瑞屏路30巷45號,120.31384,22.722966
8646,楠梓分隊,地下,楠梓區,瑞屏路30巷後勁國中後門,120.314813107252,22.7232947381814
8647,楠梓分隊,地下,楠梓區,瑞屏路66巷19號,120.311751365662,22.7236918176455
8648,楠梓分隊,地下,楠梓區,瑞屏路66巷口,120.311399996281,22.7235730650294
8649,楠梓分隊,地下,楠梓區,瑞屏路82巷64號（66巷與海專路235巷口）,120.312363,22.723996
8650,楠梓分隊,地下,楠梓區,瑞屏路82巷口,120.311168,22.724086
8651,楠梓分隊,地下,楠梓區,聖雲街76巷11號,120.314822494984,22.7165887455083
8652,楠梓分隊,地下,楠梓區,旗楠路853巷10弄11號前,120.337270036338,22.7412760679777
8653,楠梓分隊,地下,楠梓區,監理南街與監理街口,120.319032231266,22.7290431001365
8654,楠梓分隊,地下,楠梓區,監理街與惠豐街282巷口,120.3172048,22.730474
8655,楠梓分隊,地下,楠梓區,鳳楠路108巷32號,120.331823676825,22.723644811414
8656,楠梓分隊,地下,楠梓區,德民路356巷30-17號轉角處,120.304713,22.727234
8657,楠梓分隊,地下,楠梓區,德民路356巷60弄53號,120.305743760748,22.7282622085688
8658,楠梓分隊,地下,楠梓區,德民路356巷60弄口,120.304857674694,22.7285680781687
8659,楠梓分隊,地下,楠梓區,德民路與惠豐街口,120.316008802412,22.730551248617
8660,楠梓分隊,地下,楠梓區,德孝街24號對面,120.310804661377,22.7292280265511
8661,楠梓分隊,地下,楠梓區,德孝路60號,120.310121343586,22.7290416173554
8662,楠梓分隊,地下,楠梓區,德孝路與德維路交叉口,120.309556573016,22.7286847474989
8663,楠梓分隊,地下,楠梓區,德祥路147號,120.309356134341,22.7267559921555
8664,楠梓分隊,地下,楠梓區,德祥路152巷口,120.3086172,22.7265747
8665,楠梓分隊,地下,楠梓區,德祥路187巷31號右側,120.307345,22.726105
8666,楠梓分隊,地下,楠梓區,德祥路187巷口（1）,120.307949902274,22.7266069974464
8667,楠梓分隊,地下,楠梓區,德祥路23號,120.311929260616,22.7284932569866
8668,楠梓分隊,地下,楠梓區,德祥路44巷與德祥路口,120.311088990894,22.7277696251843
8669,楠梓分隊,地下,楠梓區,德祥路44巷與德賢路口,120.310533,22.728326
8670,楠梓分隊,地下,楠梓區,德祥路與德賢路口,120.311186868717,22.7290106361922
8671,楠梓分隊,地下,楠梓區,德賢路106巷口,120.308896618385,22.727539483779
8672,楠梓分隊,地下,楠梓區,德賢路139號旁巷口,120.308331,22.727255
8673,楠梓分隊,地下,楠梓區,德賢路151巷口,120.3069142,22.7266899
8674,楠梓分隊,地下,楠梓區,德賢路170號,120.30734939633,22.7269586721747
8675,楠梓分隊,地下,楠梓區,德賢路209巷35號,120.306538,22.726127
8676,楠梓分隊,地下,楠梓區,德賢路209巷口,120.305597,22.72644
8677,楠梓分隊,地下,楠梓區,德賢路220巷25弄42號,120.306854,22.727211
8678,楠梓分隊,地下,楠梓區,德賢路220巷25弄98號,120.3073713,22.7278465
8679,楠梓分隊,地下,楠梓區,德賢路220巷25弄口處,120.306092,22.727339
8680,楠梓分隊,地下,楠梓區,德賢路220巷口,120.306120766865,22.7265616980491
8681,楠梓分隊,地下,楠梓區,德賢路248巷路燈旁（近德民路356巷36弄）,120.305440209821,22.727454795171
8682,楠梓分隊,地下,楠梓區,德賢路與海專路口,120.309508369327,22.7278332977975
8683,楠梓分隊,地下,楠梓區,德賢路與德民路356巷口,120.304605,22.72642
8684,楠梓分隊,地下,楠梓區,德賢路德維街口,120.310021358366,22.7281371919819
8685,楠梓分隊,地下,楠梓區,學專路高峰街118巷口,120.317623525856,22.7202662395158
8686,楠梓分隊,地下,楠梓區,學專路與後勁北路口,120.317795187223,22.7179099114381
8687,楠梓分隊,地下,楠梓區,興盛街37巷23號旁巷弄,120.339002,22.73011
8688,楠梓分隊,地下,楠梓區,興楠路151巷65弄55號,120.338022,22.729997
8689,楠梓分隊,地下,楠梓區,興楠路15巷39號,120.339888,22.730698
8690,楠梓分隊,地下,楠梓區,興楠路203巷32弄7號,120.335117,22.729576
8691,楠梓分隊,地下,楠梓區,興楠路203巷40弄口,120.335278,22.729289
8692,楠梓分隊,地下,楠梓區,興楠路203巷48弄6號,120.335421,22.72903
8693,楠梓分隊,地下,楠梓區,興楠路203巷56弄3號,120.335601,22.728716
8694,楠梓分隊,地下,楠梓區,興楠路203巷76號,120.335958,22.728663
8695,楠梓分隊,地下,楠梓區,興楠路天后宮前,120.329987270206,22.7279453409831
8696,楠梓分隊,地下,楠梓區,興楠路興楠橫巷口,120.330643504858,22.7283744232666
8697,楠梓分隊,地下,楠梓區,錦屏街68巷口,120.312774762499,22.7149775573748
8698,楠梓分隊,地下,楠梓區,寶溪北街（東南底）與芎蕉五街（內彎）,120.333786303705,22.7464871457848
8699,楠梓分隊,地下,楠梓區,寶溪北街40號與芎蕉三街,120.332180698032,22.7459594234644
8700,楠梓分隊,地下,楠梓區,寶溪北街芎蕉路口,120.328792780638,22.7476962839574
8701,楠梓分隊,地下,楠梓區,寶溪南街土庫八街385巷口,120.333067551255,22.7454558228047
8702,楠梓分隊,地下,楠梓區,寶溪南街清豐路口,120.331836417317,22.745520136858
8703,楠梓分隊,地下,楠梓區,寶溪南街路燈編號清豐844對面樹旁,120.328022316098,22.747393888778
8704,右昌分隊,地下,楠梓區,三山三巷67弄3號,120.283939540386,22.7126399607999
8705,右昌分隊,地下,楠梓區,三山街153巷口,120.284673795104,22.7134774788548
8706,右昌分隊,地下,楠梓區,三山街174號,120.28512172401,22.7131558329406
8707,右昌分隊,地下,楠梓區,三山街203巷口對面,120.284316390753,22.7143558157706
8708,右昌分隊,地下,楠梓區,三山街609巷2號前,120.281302928925,22.7186169069015
8709,右昌分隊,地下,楠梓區,三山街99巷20號,120.284936651587,22.7122360451649
8710,右昌分隊,地下,楠梓區,三山街與智昌街交接口,120.281677767634,22.7183002212839
8711,右昌分隊,地下,楠梓區,三山街與新泰街口,120.283985137939,22.7146725105154
8712,右昌分隊,地下,楠梓區,三山街與福興街口（三山街258號前）,120.283144935966,22.7161910268946
8713,右昌分隊,地下,楠梓區,三山街與德民路口（德民路1268號前）,120.282615870237,22.7169363617637
8714,右昌分隊,地下,楠梓區,久昌街128巷24弄13號前,120.284481346607,22.711577282805
8715,右昌分隊,地下,楠梓區,久昌街128巷56弄24號前,120.284757614136,22.7114176948267
8716,右昌分隊,地下,楠梓區,久昌街128巷5號,120.283734,22.7116
8717,右昌分隊,地下,楠梓區,久昌街156號,120.28298266232,22.71222367407
8718,右昌分隊,地下,楠梓區,久昌街180巷39號前,120.283604934812,22.7134434586497
8719,右昌分隊,地下,楠梓區,久昌街227號前,120.282465666533,22.7128960414581
8720,右昌分隊,地下,楠梓區,久昌街236號前,120.281989574432,22.7139636575906
8721,右昌分隊,地下,楠梓區,久昌街397巷32號前,120.280844941735,22.7142110761315
8722,右昌分隊,地下,楠梓區,久昌街415巷口（靠近久昌街）,120.281311646104,22.714832713242
8723,右昌分隊,地下,楠梓區,久昌街463號對面,120.280754417181,22.7161699966403
8724,右昌分隊,地下,楠梓區,久昌街465巷28號前,120.280086547136,22.7158761912782
8725,右昌分隊,地下,楠梓區,久昌街53巷14號,120.283780619502,22.7097240714075
8726,右昌分隊,地下,楠梓區,久昌街565巷2號前,120.280237421393,22.7167829653755
8727,右昌分隊,地下,楠梓區,久昌街581巷12號前,120.279823020101,22.7169629587006
8728,右昌分隊,地下,楠梓區,久昌街582巷9號前,120.280520394444,22.7172635655817
8729,右昌分隊,地下,楠梓區,久昌街608巷30號前,120.280385613441,22.7180756956853
8730,右昌分隊,地下,楠梓區,久昌街613號前,120.279788151383,22.7178270470718
8731,右昌分隊,地下,楠梓區,久昌街89號,120.283783301711,22.7105838755426
8732,右昌分隊,地下,楠梓區,久昌街與新泰街口,120.28207205236,22.713632734593
8733,右昌分隊,地下,楠梓區,久昌街與德民路交接口,120.280924066901,22.7158106262061
8734,右昌分隊,地下,楠梓區,大學10街203號前,120.288493931293,22.7261243680842
8735,右昌分隊,地下,楠梓區,大學10街330巷口,120.286605656147,22.7259802593856
8736,右昌分隊,地下,楠梓區,大學10街636號前,120.282589048147,22.7245571005231
8737,右昌分隊,地下,楠梓區,大學10街與大學11街公園旁,120.287451893091,22.7265814328664
8738,右昌分隊,地下,楠梓區,大學10街與大學27街口,120.280827507377,22.7240802369409
8739,右昌分隊,地下,楠梓區,大學11街（大學南路往南第3支路燈）,120.287401601672,22.7315614226921
8740,右昌分隊,地下,楠梓區,大學11街（水丰景左前方）,120.287788510323,22.7247018292193
8741,右昌分隊,地下,楠梓區,大學11街108號斜對面,120.28759740293,22.7253654763653
8742,右昌分隊,地下,楠梓區,大學11街上藍田路口往北第2支路燈,120.287213847041,22.7286422256105
8743,右昌分隊,地下,楠梓區,大學11街與大學10街口,120.287571921945,22.7259623230992
8744,右昌分隊,地下,楠梓區,大學11街與大學28街口,120.287327840924,22.7303436550435
8745,右昌分隊,地下,楠梓區,大學13街口,120.285402014852,22.7298142412469
8746,右昌分隊,地下,楠梓區,大學15街靠大學南路,120.282867997885,22.7315342101256
8747,右昌分隊,地下,楠梓區,大學16街與大學10街330巷口,120.286364257336,22.7272209499036
8748,右昌分隊,地下,楠梓區,大學16街與大學11街口,120.287219882011,22.7271442574959
8749,右昌分隊,地下,楠梓區,大學16街與大學7街口附近,120.288536846638,22.7271065297635
8750,右昌分隊,地下,楠梓區,大學16街與大學9街口,120.287771746516,22.7271844591666
8751,右昌分隊,地下,楠梓區,大學17街236號,120.283608958125,22.7261769398892
8752,右昌分隊,地下,楠梓區,大學17街610號往大學26街10公尺,120.281380712986,22.7306572204264
8753,右昌分隊,地下,楠梓區,大學17街63號前,120.284162834287,22.7239021084837
8754,右昌分隊,地下,楠梓區,大學17街與大學10街口,120.284009277821,22.725099523096
8755,右昌分隊,地下,楠梓區,大學1街與大學28街交接,120.294803157449,22.7295557183445
8756,右昌分隊,地下,楠梓區,大學20街32號（大學道，近仁壽宮）,120.283406451344,22.7290943341514
8757,右昌分隊,地下,楠梓區,大學23街200號前（高大藝術學院）,120.279806926847,22.7298377433047
8758,右昌分隊,地下,楠梓區,大學23街與大學22街口,120.280673280358,22.7285686264043
8759,右昌分隊,地下,楠梓區,大學26街1117號,120.278756171465,22.7280862104585
8760,右昌分隊,地下,楠梓區,大學26街192號,120.288561657071,22.7292965764759
8761,右昌分隊,地下,楠梓區,大學26街27巷25號（大學城）,120.29122710228,22.728930437247
8762,右昌分隊,地下,楠梓區,大學26街512號對面,120.28696373105,22.7294487218807
8763,右昌分隊,地下,楠梓區,大學26街536號前,120.286116823554,22.7297313655372
8764,右昌分隊,地下,楠梓區,大學26街951號前,120.281194970012,22.7296237507346
8765,右昌分隊,地下,楠梓區,大學26街與大學11街口,120.287344604731,22.7295315977617
8766,右昌分隊,地下,楠梓區,大學27街51號斜對面（大學六街51巷交叉口）,120.281060189009,22.7226366475598
8767,右昌分隊,地下,楠梓區,大學28街102號與大學3街口,120.294163450599,22.7296509636812
8768,右昌分隊,地下,楠梓區,大學28街20號的左前方,120.295499190688,22.7295600476794
8769,右昌分隊,地下,楠梓區,大學28街236號前,120.29148425911,22.7299045385671
8770,右昌分隊,地下,楠梓區,大學28街36號前,120.294837355614,22.7295711802543
8771,右昌分隊,地下,楠梓區,大學28街465號對面,120.288454368711,22.7302923217862
8772,右昌分隊,地下,楠梓區,大學29路76巷口,120.277661830187,22.7243758801877
8773,右昌分隊,地下,楠梓區,大學2街66號,120.283185839653,22.7233584441544
8774,右昌分隊,地下,楠梓區,大學32街128巷28號,120.293197855353,22.7315094714242
8775,右昌分隊,地下,楠梓區,大學32街269號,120.29119759798,22.7310283027908
8776,右昌分隊,地下,楠梓區,大學32街33號前,120.294761583209,22.7306980395357
8777,右昌分隊,地下,楠梓區,大學32街7號,120.295664146543,22.7306157828332
8778,右昌分隊,地下,楠梓區,大學32街95號前,120.29296182096,22.7309175966575
8779,右昌分隊,地下,楠梓區,大學36街（遠見品學大樓）,120.277113318443,22.7281845492317
8780,右昌分隊,地下,楠梓區,大學38街205號前,120.291461125016,22.7334965933614
8781,右昌分隊,地下,楠梓區,大學38街口（近藍昌路）南側,120.292591005564,22.7333438340005
8782,右昌分隊,地下,楠梓區,大學50街59號左側20公尺,120.291219940746,22.7344127006929
8783,右昌分隊,地下,楠梓區,大學50街藍昌路口,120.292493104935,22.7343729463973
8784,右昌分隊,地下,楠梓區,大學52街57號,120.291650891304,22.7360106044825
8785,右昌分隊,地下,楠梓區,大學60街166號斜對面,120.273882597685,22.7302849001088
8786,右昌分隊,地下,楠梓區,大學60街226號對面,120.273317322135,22.729937317768
8787,右昌分隊,地下,楠梓區,大學60街30號對面,120.275744721293,22.7314637048147
8788,右昌分隊,地下,楠梓區,大學60街81號斜對面,120.274692624807,22.7308866731405
8789,右昌分隊,地下,楠梓區,大學6街115號旁,120.279753953218,22.7233281374331
8790,右昌分隊,地下,楠梓區,大學7街158號旁10公尺,120.28869509697,22.7264843299213
8791,右昌分隊,地下,楠梓區,大學7街271號前,120.288767516613,22.7287547890258
8792,右昌分隊,地下,楠梓區,大學7街396號,120.288906991482,22.7308378139695
8793,右昌分隊,地下,楠梓區,大學7街428號對面,120.288895592093,22.7315768843751
8794,右昌分隊,地下,楠梓區,大學7街50號旁10公尺,120.288788974285,22.7248873786058
8795,右昌分隊,地下,楠梓區,大學7街91號旁20公尺,120.288684368134,22.7254594876298
8796,右昌分隊,地下,楠梓區,大學7街與大學28街口,120.288854017854,22.730048643169
8797,右昌分隊,地下,楠梓區,大學一街12號對面,120.294413,22.727194
8798,右昌分隊,地下,楠梓區,大學二十九路580號旁（561巷口對面）,120.274703,22.730275
8799,右昌分隊,地下,楠梓區,大學二十九路上過大學六十二街（右）,120.273955,22.731288
8800,右昌分隊,地下,楠梓區,大學二十九路上過大學六十二街（左）,120.273896,22.731266
8801,右昌分隊,地下,楠梓區,大學二十九路近大學三十六街（南10公尺）,120.27668,22.727615
8802,右昌分隊,地下,楠梓區,大學二十八街170號對面,120.292820746263,22.7297094265503
8803,右昌分隊,地下,楠梓區,大學二十八街412號左斜對面,120.289394,22.730195
8804,右昌分隊,地下,楠梓區,大學二十六街1086號前,120.279582,22.728653
8805,右昌分隊,地下,楠梓區,大學二十六街82號停車場前（大學東與大學7街間）,120.289360284805,22.729195146112
8806,右昌分隊,地下,楠梓區,大學二十六街上近大學二十九路口,120.277264,22.727073
8807,右昌分隊,地下,楠梓區,大學二十街136巷口（變電箱旁）,120.281869,22.729037
8808,右昌分隊,地下,楠梓區,大學十街187號車道前（180號對面）,120.289145,22.72613
8809,右昌分隊,地下,楠梓區,大學十街25號斜對面（洗車場前）,120.290491,22.726272
8810,右昌分隊,地下,楠梓區,大學十街330巷40號前,120.2865,22.726624
8811,右昌分隊,地下,楠梓區,大學三十二街380號對面,120.289709,22.731179
8812,右昌分隊,地下,楠梓區,大學三十二街與藍昌路口,120.292115,22.731062
8813,右昌分隊,地下,楠梓區,大學三十八街242號對面,120.290789,22.733559
8814,右昌分隊,地下,楠梓區,大學三十六街上（T字路口，全聯側門）近德中路,120.275333,22.726935
8815,右昌分隊,地下,楠梓區,大學三街57號前,120.294302925467,22.7310882943452
8816,右昌分隊,地下,楠梓區,大學三街終點,120.294584557414,22.7329387425613
8817,右昌分隊,地下,楠梓區,大學三街與大學三十街口,120.294179,22.730161
8818,右昌分隊,地下,楠梓區,大學五十二街102號對面,120.290693,22.735975
8819,右昌分隊,地下,楠梓區,大學五十八街108號對面,120.27534,22.730146
8820,右昌分隊,地下,楠梓區,大學五十八街近大學西路（58街向西30公尺）,120.276767,22.73109
8821,右昌分隊,地下,楠梓區,大學五十六街129號前,120.274678,22.728642
8822,右昌分隊,地下,楠梓區,大學六街27號對面,120.281048,22.723315
8823,右昌分隊,地下,楠梓區,大學西路683號,120.277664512396,22.7301649162689
8824,右昌分隊,地下,楠梓區,大學西路833號前,120.275962650776,22.7324322219589
8825,右昌分隊,地下,楠梓區,大學西路北水溝旁,120.275210291147,22.7334712365562
8826,右昌分隊,地下,楠梓區,大學西路與大學60街口,120.276520550251,22.7316727467711
8827,右昌分隊,地下,楠梓區,大學東622號東側 20公尺,120.290540456772,22.7338806556161
8828,右昌分隊,地下,楠梓區,大學東路130號前,120.289889350533,22.7267546099221
8829,右昌分隊,地下,楠梓區,大學東路202號前,120.290094,22.728558
8830,右昌分隊,地下,楠梓區,大學東路215號對面,120.290282964706,22.7296948754699
8831,右昌分隊,地下,楠梓區,大學東路511號,120.290472060442,22.7317964400859
8832,右昌分隊,地下,楠梓區,大學東路52號,120.28975456953,22.7254347478296
8833,右昌分隊,地下,楠梓區,大學東路596號前,120.290596112609,22.7328843179711
8834,右昌分隊,地下,楠梓區,大學東路79號前,120.289720371366,22.7262981642097
8835,右昌分隊,地下,楠梓區,大學東路上與大學五十街口,120.290427,22.734334
8836,右昌分隊,地下,楠梓區,大學東路與大學26街口附近,120.290081128478,22.7290225906249
8837,右昌分隊,地下,楠梓區,大學東路與大學28街口附近（餐廳）,120.290288329124,22.7302613981278
8838,右昌分隊,地下,楠梓區,大學東與大學28街口,120.290390253067,22.7301562576372
8839,右昌分隊,地下,楠梓區,大學東與大學32街口,120.290513634682,22.731123547102
8840,右昌分隊,地下,楠梓區,大學東與大學50街北約50公尺,120.290465354919,22.7351447756123
8841,右昌分隊,地下,楠梓區,大學南路333號前,120.289935618639,22.7323196615703
8842,右昌分隊,地下,楠梓區,大學南路與大學三街往北約50公尺,120.29448799789,22.7323184246424
8843,右昌分隊,地下,楠梓區,中泰街1號前,120.284164845943,22.7147875595967
8844,右昌分隊,地下,楠梓區,中泰街24號旁,120.284750908613,22.7150448733211
8845,右昌分隊,地下,楠梓區,中泰街76巷56號,120.285505950451,22.7147448801101
8846,右昌分隊,地下,楠梓區,中泰街76巷口,120.28554148972,22.715788358816
8847,右昌分隊,地下,楠梓區,"中壇元帥,大學16街口與19街口",120.282901525497,22.7271467314452
8848,右昌分隊,地下,楠梓區,中壇元帥前方大學25街口,120.282139107585,22.7260742702276
8849,右昌分隊,地下,楠梓區,仁昌街2號,120.284606069326,22.7201947573276
8850,右昌分隊,地下,楠梓區,仁壽宮前（大學26街上，近大學15街）,120.283945575356,22.7300480246948
8851,右昌分隊,地下,楠梓區,元昌街91巷口,120.28846,22.722194
8852,右昌分隊,地下,楠梓區,加仁路14號,120.299735069275,22.7273619648634
8853,右昌分隊,地下,楠梓區,加仁路42號,120.300718769431,22.7278654118235
8854,右昌分隊,地下,楠梓區,加宏路、信昌街口,120.29317304492,22.7166747218529
8855,右昌分隊,地下,楠梓區,加宏路、樂群路口,120.296991840005,22.7184616568173
8856,右昌分隊,地下,楠梓區,加宏路165號前,120.294649,22.71718
8857,右昌分隊,地下,楠梓區,加宏路191巷13號旁,120.294425,22.716317
8858,右昌分隊,地下,楠梓區,加宏路191巷18號旁,120.294361,22.716256
8859,右昌分隊,地下,楠梓區,加宏路191巷24號斜前方,120.294521,22.715987
8860,右昌分隊,地下,楠梓區,加宏路233巷3號,120.293413773179,22.7162906112905
8861,右昌分隊,地下,楠梓區,加宏路99號,120.296446681023,22.7181505375924
8862,右昌分隊,地下,楠梓區,加昌路642巷13號,120.297195017338,22.7156151678801
8863,右昌分隊,地下,楠梓區,加昌路642巷17弄17號,120.296910703182,22.7153028051025
8864,右昌分隊,地下,楠梓區,加昌路700巷33號旁,120.295591,22.715758
8865,右昌分隊,地下,楠梓區,加昌路700巷口,120.296080559492,22.71476714767
8866,右昌分隊,地下,楠梓區,加昌路729巷88號前,120.297287,22.712552
8867,右昌分隊,地下,楠梓區,加昌路801巷之4號,120.294634848833,22.7140205638946
8868,右昌分隊,地下,楠梓區,加昌路857巷內,120.293287709355,22.7134620151263
8869,右昌分隊,地下,楠梓區,北昌街25號前,120.281563773751,22.7195527333597
8870,右昌分隊,地下,楠梓區,右昌一巷216弄口,120.286640524864,22.7090077700264
8871,右昌分隊,地下,楠梓區,右昌街125巷11弄15號前,120.290398300594,22.7097062886032
8872,右昌分隊,地下,楠梓區,右昌街125巷11弄35號前,120.290235923943,22.7092556599549
8873,右昌分隊,地下,楠梓區,右昌街125巷11弄51號,120.290014,22.709087
8874,右昌分隊,地下,楠梓區,右昌街125巷11弄65號,120.289858,22.708901
8875,右昌分隊,地下,楠梓區,右昌街125巷16號前,120.289936,22.709868
8876,右昌分隊,地下,楠梓區,右昌街125巷52號前,120.289582687749,22.7094379273373
8877,右昌分隊,地下,楠梓區,右昌街143巷123號前,120.288452357054,22.7086706493402
8878,右昌分隊,地下,楠梓區,右昌街143巷口,120.289794132113,22.7104428432921
8879,右昌分隊,地下,楠梓區,右昌街187號,120.288945883512,22.7113607874406
8880,右昌分隊,地下,楠梓區,右昌街257號,120.289654657245,22.7129312989025
8881,右昌分隊,地下,楠梓區,右昌街487巷36號前,120.286183208227,22.7154333171617
8882,右昌分隊,地下,楠梓區,右昌街530巷1號,120.286483615637,22.7177905538293
8883,右昌分隊,地下,楠梓區,右昌街564巷口,120.285712480545,22.7178950852945
8884,右昌分隊,地下,楠梓區,右昌街79巷132弄2號,120.288762,22.707693
8885,右昌分隊,地下,楠梓區,左楠路93之2號前,120.303401,22.714556
8886,右昌分隊,地下,楠梓區,民昌街、中昌街（民昌街150號）,120.287602096796,22.7193473840175
8887,右昌分隊,地下,楠梓區,民昌街、南昌路（民昌街85號）,120.288413465023,22.7183144474114
8888,右昌分隊,地下,楠梓區,民昌街20巷口,120.289153754711,22.7172604729217
8889,右昌分隊,地下,楠梓區,民昌街299號,120.286250934005,22.7214899294586
8890,右昌分隊,地下,楠梓區,民昌街34號,120.288943201303,22.7175623162107
8891,右昌分隊,地下,楠梓區,民昌街9號,120.289303958416,22.7169499694995
8892,右昌分隊,地下,楠梓區,吉昌街129號,120.289051830769,22.7161916454315
8893,右昌分隊,地下,楠梓區,吉昌街18巷消防隊旁,120.291602611542,22.7175400491055
8894,右昌分隊,地下,楠梓區,宏昌街137號,120.293937474489,22.7173501600341
8895,右昌分隊,地下,楠梓區,秀昌街1號,120.294376015663,22.712714187127
8896,右昌分隊,地下,楠梓區,和光街109巷42號,120.294107794762,22.7080966144086
8897,右昌分隊,地下,楠梓區,和光街109巷72弄110號,120.294948667288,22.7103228420523
8898,右昌分隊,地下,楠梓區,和光街109巷72弄53號,120.294239893556,22.7095149959167
8899,右昌分隊,地下,楠梓區,和光街109巷78號,120.293302461505,22.7086322979435
8900,右昌分隊,地下,楠梓區,和光街109巷82弄49號前,120.294117853045,22.7096677818837
8901,右昌分隊,地下,楠梓區,和光街131巷29號前,120.294267386198,22.7086193079519
8902,右昌分隊,地下,楠梓區,和光街131巷口,120.295244380832,22.7079419709659
8903,右昌分隊,地下,楠梓區,和光街143巷43號前,120.294436365366,22.708821580539
8904,右昌分隊,地下,楠梓區,和光街151號前,120.295596420765,22.7083081663552
8905,右昌分隊,地下,楠梓區,和光街163巷22號前,120.294760242105,22.7092088049028
8906,右昌分隊,地下,楠梓區,和光街173巷54號前,120.294889,22.709352
8907,右昌分隊,地下,楠梓區,和光街189巷口,120.296134203672,22.7089007574948
8908,右昌分隊,地下,楠梓區,和光街69巷36號,120.293347388506,22.7076580451504
8909,右昌分隊,地下,楠梓區,和光街79巷17號前,120.293502286077,22.7078095960402
8910,右昌分隊,地下,楠梓區,和光街95巷52號前,120.293509662151,22.7081349659553
8911,右昌分隊,地下,楠梓區,忠義1巷22號前,120.287680527613,22.7074455869821
8912,右昌分隊,地下,楠梓區,忠義5巷26號前,120.287877693772,22.7061548986708
8913,右昌分隊,地下,楠梓區,忠義8巷47號前,120.287936031818,22.7053278517804
8914,右昌分隊,地下,楠梓區,忠義9巷26號前,120.287953466177,22.7050327859741
8915,右昌分隊,地下,楠梓區,東昌街171號,120.289250314236,22.722729423685
8916,右昌分隊,地下,楠梓區,後昌新路53巷6號,120.291324332356,22.7191865680523
8917,右昌分隊,地下,楠梓區,後昌新路70巷口,120.291646197438,22.7195137664902
8918,右昌分隊,地下,楠梓區,後昌路1140巷19號,120.291275382042,22.7183874336072
8919,右昌分隊,地下,楠梓區,後昌路1196號（慶昌加油站旁）,120.290399640799,22.717556130904
8920,右昌分隊,地下,楠梓區,後昌路546巷11弄前,120.300783813,22.7099251052321
8921,右昌分隊,地下,楠梓區,後昌路546巷5弄16號前,120.299934893847,22.70867807219
8922,右昌分隊,地下,楠梓區,後昌路546巷7弄前,120.300819400594,22.7090741514481
8923,右昌分隊,地下,楠梓區,後昌路546巷9弄16號前,120.29991209507,22.7094921089353
8924,右昌分隊,地下,楠梓區,後昌路718巷25弄23號,120.297700613737,22.7097154114822
8925,右昌分隊,地下,楠梓區,後昌路718巷25弄61號前,120.298333615065,22.7093751997004
8926,右昌分隊,地下,楠梓區,後昌路853巷1號前,120.294436,22.71207
8927,右昌分隊,地下,楠梓區,後昌路860巷36號,120.295876711607,22.7126554246214
8928,右昌分隊,地下,楠梓區,後昌路860巷66號（快樂堡幼稚園旁）,120.296600237489,22.7128601654527
8929,右昌分隊,地下,楠梓區,後昌路860巷與後昌路846巷口,120.294987559319,22.7124055290528
8930,右昌分隊,地下,楠梓區,後昌路874巷、876巷、886巷口,120.295464,22.713699
8931,右昌分隊,地下,楠梓區,後昌路876巷2弄81號,120.297163501382,22.7119818189397
8932,右昌分隊,地下,楠梓區,後昌路886巷2號旁,120.294158756733,22.7133246971398
8933,右昌分隊,地下,楠梓區,後昌路913巷1號旁,120.293729603291,22.7133259342394
8934,右昌分隊,地下,楠梓區,後昌路960巷、加宏路233巷口,120.29379196465,22.7152199206023
8935,右昌分隊,地下,楠梓區,美昌街111號前（109號旁巷口）,120.280473455787,22.7183843409726
8936,右昌分隊,地下,楠梓區,美昌街與北昌街口（美昌街153號前）,120.280154943466,22.7190399779502
8937,右昌分隊,地下,楠梓區,軍校768巷35號前,120.293846157078,22.7098108750939
8938,右昌分隊,地下,楠梓區,軍校路876巷33號後方,120.293638,22.711373
8939,右昌分隊,地下,楠梓區,軍校路880巷41號,120.293188784061,22.7124157018661
8940,右昌分隊,地下,楠梓區,泰良街78號,120.298811048269,22.7101137674759
8941,右昌分隊,地下,楠梓區,泰昌街77號,120.284060910344,22.7158582536673
8942,右昌分隊,地下,楠梓區,高昌街6號,120.289589,22.718246
8943,右昌分隊,地下,楠梓區,國昌街1號,120.285414755344,22.7206413271357
8944,右昌分隊,地下,楠梓區,啟昌街149號,120.28271779418,22.7106401646897
8945,右昌分隊,地下,楠梓區,啟昌街251號前,120.281753540039,22.7124061476067
8946,右昌分隊,地下,楠梓區,啟昌街與通昌街交接,120.279564186931,22.7163413312655
8947,右昌分隊,地下,楠梓區,啟昌街與新泰街口（新泰街177號前）,120.281286165118,22.713239337241
8948,右昌分隊,地下,楠梓區,盛昌街154號旁鐵皮屋前,120.286459475756,22.7127438776465
8949,右昌分隊,地下,楠梓區,盛昌街215巷1弄16號前,120.287312418222,22.7146465316772
8950,右昌分隊,地下,楠梓區,盛昌街215巷1弄21號,120.287437,22.714802
8951,右昌分隊,地下,楠梓區,盛昌街215巷3弄34號,120.287034,22.715569
8952,右昌分隊,地下,楠梓區,盛昌街215巷3弄9號前,120.286828727001,22.7153393972524
8953,右昌分隊,地下,楠梓區,盛昌街216巷口,120.287630259991,22.7141782932005
8954,右昌分隊,地下,楠梓區,盛昌街24號,120.283639132977,22.7105801641694
8955,右昌分隊,地下,楠梓區,盛昌街255巷、興文街口,120.287533029914,22.7155749628101
8956,右昌分隊,地下,楠梓區,盛昌街255巷100號之1,120.287105888128,22.7161712337141
8957,右昌分隊,地下,楠梓區,盛昌街255巷15號前,120.287765711546,22.7153133202967
8958,右昌分隊,地下,楠梓區,盛昌街255巷口,120.288053378463,22.7149279688284
8959,右昌分隊,地下,楠梓區,盛昌街271號,120.288683027029,22.7154926970147
8960,右昌分隊,地下,楠梓區,盛昌街93號,120.285701751709,22.7119416128024
8961,右昌分隊,地下,楠梓區,通昌街與美昌街口,120.281268,22.717108
8962,右昌分隊,地下,楠梓區,惠民、壽豐路口（惠民路 220號）,120.293725579977,22.7235588394487
8963,右昌分隊,地下,楠梓區,惠民路118號,120.296852110451,22.7239309357612
8964,右昌分隊,地下,楠梓區,惠昌街115號旁,120.28172403574,22.7198582827143
8965,右昌分隊,地下,楠梓區,惠昌街1號前,120.282919630408,22.7180373469236
8966,右昌分隊,地下,楠梓區,惠昌街與北昌街口,120.281838029623,22.719643037491
8967,右昌分隊,地下,楠梓區,援中港代天府前（德中路165巷63號三叉路口）,120.276727750897,22.7222352354667
8968,右昌分隊,地下,楠梓區,援中路388號,120.293744594967,22.7259187193586
8969,右昌分隊,地下,楠梓區,援中路42巷52號,120.29508009553,22.7280979616364
8970,右昌分隊,地下,楠梓區,援中路42巷與大學1街口,120.29463686049,22.728195063436
8971,右昌分隊,地下,楠梓區,援中路68巷與42巷53弄口,120.2950009,22.7277427
8972,右昌分隊,地下,楠梓區,援中路與藍田路北側（藍田路2號）,120.295966565609,22.7264966502373
8973,右昌分隊,地下,楠梓區,智昌街、東昌街口,120.289529263973,22.7221257592369
8974,右昌分隊,地下,楠梓區,智昌街、勇昌街口,120.287463963032,22.7213167457385
8975,右昌分隊,地下,楠梓區,智昌街526號前,120.280519723892,22.7177559161665
8976,右昌分隊,地下,楠梓區,智昌街582巷口,120.27966812253,22.7173223261089
8977,右昌分隊,地下,楠梓區,新昌街107號前,120.298733,22.711248
8978,右昌分隊,地下,楠梓區,新昌街60巷26號前,120.29974848032,22.7101261387615
8979,右昌分隊,地下,楠梓區,新泰街196號旁,120.281525015798,22.7134236805507
8980,右昌分隊,地下,楠梓區,裕昌街286號,120.288233757019,22.7172629470497
8981,右昌分隊,地下,楠梓區,裕昌街318巷口,120.287623554468,22.7170427494803
8982,右昌分隊,地下,楠梓區,壽民路、加宏路（加宏路120號）,120.296016186476,22.7180961071186
8983,右昌分隊,地下,楠梓區,壽民路100巷2號,120.295063331723,22.7193987213819
8984,右昌分隊,地下,楠梓區,壽民路100巷口,120.295141786337,22.7194315030624
8985,右昌分隊,地下,楠梓區,壽民路115號（美利堅托兒所）,120.296132862568,22.7181771342934
8986,右昌分隊,地下,楠梓區,壽民路116巷2號,120.295186042786,22.718699170819
8987,右昌分隊,地下,楠梓區,壽民路16巷1弄16號前,120.297011956573,22.722493772204
8988,右昌分隊,地下,楠梓區,壽民路185之2號（樂群路127巷口）,120.296397730708,22.7174707736442
8989,右昌分隊,地下,楠梓區,壽民路190號,120.296374261379,22.7171114066257
8990,右昌分隊,地下,楠梓區,壽民路207號、樂群路91巷口,120.296662598848,22.716781109773
8991,右昌分隊,地下,楠梓區,壽民路223號,120.296886563301,22.7161984493366
8992,右昌分隊,地下,楠梓區,壽民路65號,120.295336917043,22.7210705770735
8993,右昌分隊,地下,楠梓區,壽民路84巷1號,120.295218229294,22.7210928436041
8994,右昌分隊,地下,楠梓區,壽民路88巷2號,120.295199453831,22.7204421646036
8995,右昌分隊,地下,楠梓區,壽豐路與益群路口,120.296940207481,22.7248966560685
8996,右昌分隊,地下,楠梓區,榮昌街與榮新街99巷口,120.29881,22.714283
8997,右昌分隊,地下,楠梓區,榮新街99巷口,120.297942,22.71363
8998,右昌分隊,地下,楠梓區,榮新街與榮昌街口,120.299857,22.712295
8999,右昌分隊,地下,楠梓區,福興街10號前（大樓前）,120.285007730126,22.7174769589547
9000,右昌分隊,地下,楠梓區,福興街275號前,120.280818790197,22.7149186906898
9001,右昌分隊,地下,楠梓區,福興街與景昌街交接,120.282222926617,22.7156992892192
9002,右昌分隊,地下,楠梓區,廣昌街113巷（43巷口）,120.286233484656,22.7066578486395
9003,右昌分隊,地下,楠梓區,廣昌街114號前,120.286809,22.707926
9004,右昌分隊,地下,楠梓區,廣昌街169巷16號斜對面（151巷52號旁）,120.285207,22.707677
9005,右昌分隊,地下,楠梓區,廣昌街43巷57弄21號,120.285114,22.706442
9006,右昌分隊,地下,楠梓區,德中路165巷口,120.276625156402,22.723845322258
9007,右昌分隊,地下,楠梓區,德中路237號,120.276014953852,22.7246078174341
9008,右昌分隊,地下,楠梓區,德中路40巷2號,120.279387831688,22.722023086535
9009,右昌分隊,地下,楠梓區,德中路92巷2號,120.277725532651,22.722799933498
9010,右昌分隊,地下,楠梓區,德民路1443號前（近啟昌街口）,120.280183,22.715592
9011,右昌分隊,地下,楠梓區,德民路356巷46弄口（加仁路上）,120.3047658,22.7279752
9012,右昌分隊,地下,楠梓區,德民路356巷57弄18號,120.304381,22.72841
9013,右昌分隊,地下,楠梓區,德民路611號前,120.296693444252,22.7227182905533
9014,右昌分隊,地下,楠梓區,德民路645號後方（壽民路40巷口）,120.296104028821,22.7224814020363
9015,右昌分隊,地下,楠梓區,德民路661號前（德民路與壽民路54巷口）,120.295703144176,22.7223994472122
9016,右昌分隊,地下,楠梓區,德民路685號後方（壽民路68巷）,120.295333564281,22.7222111135931
9017,右昌分隊,地下,楠梓區,德民路興泰路口（德民路1089號前）,120.283821184538,22.7175429231305
9018,右昌分隊,地下,楠梓區,德信街53巷口,120.300772413611,22.7271386911098
9019,右昌分隊,地下,楠梓區,德賢路592巷22弄口,120.300343260169,22.7263043491212
9020,右昌分隊,地下,楠梓區,慶昌街20巷2號,120.297287553549,22.7103364504456
9021,右昌分隊,地下,楠梓區,慶昌街20巷54號前,120.298534780741,22.7096770603782
9022,右昌分隊,地下,楠梓區,慶昌街20巷口（慶昌街18號前）,120.297078341246,22.7104446989805
9023,右昌分隊,地下,楠梓區,慶昌街28巷15號前,120.297949,22.710186
9024,右昌分隊,地下,楠梓區,慶昌街28巷26號前,120.298664197326,22.7098193305488
9025,右昌分隊,地下,楠梓區,慶昌街43巷1弄8號前,120.297245979309,22.711568622997
9026,右昌分隊,地下,楠梓區,慶昌街46號前,120.297532975674,22.7108077948699
9027,右昌分隊,地下,楠梓區,慶昌街60巷38號,120.298915654421,22.7104861426827
9028,右昌分隊,地下,楠梓區,樂群路15巷6號,120.297742858529,22.715902169883
9029,右昌分隊,地下,楠梓區,樂群路179巷口,120.296853035688,22.7189020470356
9030,右昌分隊,地下,楠梓區,樂群路205巷口,120.296568050981,22.7196949932656
9031,右昌分隊,地下,楠梓區,樂群路219巷16號,120.295875370502,22.7198570456738
9032,右昌分隊,地下,楠梓區,樂群路233巷口,120.296262949705,22.7203976313269
9033,右昌分隊,地下,楠梓區,樂群路247巷11號,120.295641347766,22.7205967939239
9034,右昌分隊,地下,楠梓區,樂群路73巷口,120.29765099287,22.7167000817716
9035,右昌分隊,地下,楠梓區,樂群路91巷1弄17號,120.296983122826,22.7175332452671
9036,右昌分隊,地下,楠梓區,樂群路98巷20號,120.298352390528,22.7171813008013
9037,右昌分隊,地下,楠梓區,興文街25號前,120.287426412106,22.7153795041476
9038,右昌分隊,地下,楠梓區,興文街65號前,120.28687722981,22.7147591066071
9039,右昌分隊,地下,楠梓區,興泰路40號前,120.284924093254,22.7164064331777
9040,右昌分隊,地下,楠梓區,藍田路1021巷52號,120.279080048203,22.7255176261427
9041,右昌分隊,地下,楠梓區,藍昌路、南昌街、東昌街交接路口,120.290638357401,22.719723445229
9042,右昌分隊,地下,楠梓區,藍昌路119巷4號,120.290174335241,22.7166567843466
9043,右昌分隊,地下,楠梓區,藍昌路12巷45號,120.290839523077,22.713640775722
9044,右昌分隊,地下,楠梓區,藍昌路142號（一甲福德廟前）,120.290362089872,22.7167248231511
9045,右昌分隊,地下,楠梓區,藍昌路14巷102號對面（圖書館後門機車出入口）,120.290962234139,22.7156621768701
9046,右昌分隊,地下,楠梓區,藍昌路197號,120.290497541428,22.7182686763874
9047,右昌分隊,地下,楠梓區,藍昌路214巷口,120.290624946356,22.7187412305471
9048,右昌分隊,地下,楠梓區,藍昌路349巷6之1號,120.290646404028,22.7231883553255
9049,右昌分隊,地下,楠梓區,藍昌路367巷28號,120.289261043072,22.7233040157521
9050,右昌分隊,地下,楠梓區,藍昌路417巷51號前,120.291174128652,22.7300102977633
9051,右昌分隊,地下,楠梓區,藍昌路417巷口（近藍昌路）,120.291838909466,22.7296653211266
9052,右昌分隊,地下,楠梓區,藍昌路51號,120.290049612522,22.7149830191046
9053,右昌分隊,地下,楠梓區,藍昌路63巷2號,120.289929583669,22.715712897078
9054,右昌分隊,地下,楠梓區,藍昌路70號,120.290179699659,22.715471666653
9055,右昌分隊,地下,楠梓區,顏威裕骨科醫院後方,120.295947790146,22.7112482097158
9056,右昌分隊,地下,楠梓區,寶昌街與景昌口（景昌街50號前）,120.282764732838,22.7149619886646
9057,右昌分隊,地下,楠梓區,?昌街1號,120.283883884549,22.7197271563542
9058,路竹分隊,地下,路竹區,大仁路811號前(穎東工業公司前),120.258433683189,22.8733466602936
9059,路竹分隊,地下,路竹區,大同路276巷巷口,120.266598,22.859728
9060,路竹分隊,地下,路竹區,大社路105巷110號,120.257149325944,22.8702234884379
9061,路竹分隊,地下,路竹區,大社路283號前,120.266199409962,22.8664925077168
9062,路竹分隊,地下,路竹區,大德路305號對面,120.29465,22.8608
9063,路竹分隊,地下,路竹區,中山路1157巷66之5號,120.261996388435,22.8546019774306
9064,路竹分隊,地下,路竹區,中山路與大仁路路口（檳榔攤前）,120.254133492708,22.8737096913541
9065,路竹分隊,地下,路竹區,中正路87巷巷口,120.26237860322,22.8559737296011
9066,路竹分隊,地下,路竹區,中華路119號與中和街口,120.257699489594,22.8569500132543
9067,路竹分隊,地下,路竹區,中華路126號與中和街口,120.257755,22.856918
9068,路竹分隊,地下,路竹區,太平路262巷口(土地公廟前),120.288072824478,22.8652172481056
9069,路竹分隊,地下,路竹區,太平路338巷口,120.289979875088,22.8677010275802
9070,路竹分隊,地下,路竹區,民治路(土地公廟前),120.270753800869,22.824135626947
9071,路竹分隊,地下,路竹區,竹南街139號前,120.257846,22.853796
9072,路竹分隊,地下,路竹區,竹南街63號對面,120.259839892387,22.8531066282143
9073,路竹分隊,地下,路竹區,自由街176號,120.258026719093,22.8657609649075
9074,路竹分隊,地下,路竹區,延平路293巷口,120.254153609276,22.8573429963403
9075,路竹分隊,地下,路竹區,東安路30號(雜貨店旁),120.269104548445,22.8646515580476
9076,路竹分隊,地下,路竹區,國昌路(福靈宮前),120.25355384523,22.8604950060182
9077,路竹分隊,地下,路竹區,國昌路82-3號旁,120.258655,22.854511
9078,路竹分隊,地下,路竹區,國昌路路竹公園大門,120.253971,22.855266
9079,路竹分隊,地下,路竹區,復興路327巷口對面,120.274198269836,22.8471656899208
9080,路竹分隊,地下,路竹區,華光路1巷1弄48號前,120.239475,22.868261
9081,路竹分隊,地下,路竹區,華光路47號前,120.238686,22.868565
9082,路竹分隊,地下,路竹區,華光路4號前,120.238065,22.869185
9083,路竹分隊,地下,路竹區,華光路72號前,120.23891,22.868036
9084,路竹分隊,地下,路竹區,順安路213巷9號前,120.2423546,22.84038
9085,路竹分隊,地下,路竹區,順安路213巷與189巷巷口,120.243235,22.839568
9086,路竹分隊,地下,路竹區,順安路381號對面,120.241586,22.833523
9087,路竹分隊,地下,路竹區,新興路灶興公司前,120.239052772522,22.8418501990209
9088,路竹分隊,地下,路竹區,環球路63號前,120.29336,22.878604
9089,阿蓮分隊,地下,阿蓮區,中正路616號與中山路口,120.329322084944,22.880817776238
9090,阿蓮分隊,地下,阿蓮區,中正路870巷19號,120.323593,22.881115
9091,阿蓮分隊,地下,阿蓮區,中路里中路70之1號,120.293558,22.892581
9092,阿蓮分隊,地下,阿蓮區,中路里中路83號,120.2928,22.893203
9093,阿蓮分隊,地下,阿蓮區,中路段2597-1地號（農春鎮飼料路口往中路變電所右側路口進去）,120.302161,22.883391
9094,阿蓮分隊,地下,阿蓮區,民生路29號與民生路33巷口,120.328,22.88175
9095,阿蓮分隊,地下,阿蓮區,民族路212巷口,120.330755,22.883356
9096,阿蓮分隊,地下,阿蓮區,民權路80號,120.326545,22.882363
9097,阿蓮分隊,地下,阿蓮區,玉庫里121號,120.306944,22.842916
9098,阿蓮分隊,地下,阿蓮區,玉庫里82號,120.309305,22.843833
9099,阿蓮分隊,地下,阿蓮區,玉庫里88-1號,120.308388,22.843888
9100,阿蓮分隊,地下,阿蓮區,石安里三奶宮牌樓右側路上,120.310111,22.896321
9101,阿蓮分隊,地下,阿蓮區,石安里民生路1158號（心美商店旁）,120.309936,22.893918
9102,阿蓮分隊,地下,阿蓮區,石安里民生路1200巷口（石安保生宮對面）,120.309314811869,22.8937463211432
9103,阿蓮分隊,地下,阿蓮區,石安里民生路1330巷51號旁路口,120.306351,22.895076
9104,阿蓮分隊,地下,阿蓮區,和平路117號,120.332194,22.881694
9105,阿蓮分隊,地下,阿蓮區,青旗里民生路435號前（中南煤氣行）,120.321444,22.890861
9106,阿蓮分隊,地下,阿蓮區,青旗里民生路476號對面,120.320305,22.891027
9107,阿蓮分隊,地下,阿蓮區,崙頂路1之1號斜右對面(亞細亞公司斜對面東側),120.316,22.879611
9108,阿蓮分隊,地下,阿蓮區,崙頂路69之2號,120.312184,22.878932
9109,阿蓮分隊,地下,阿蓮區,崗山里109之2號,120.32435,22.860275
9110,阿蓮分隊,地下,阿蓮區,頂安街365巷11號前（舊石安里228-12號旁）,120.309623,22.88901
9111,阿蓮分隊,地下,阿蓮區,復安里193-4號對面,120.331175462848,22.8538509302569
9112,阿蓮分隊,地下,阿蓮區,復安里210-1號(恆湖精舍牌樓),120.332544,22.853424
9113,阿蓮分隊,地下,阿蓮區,復安里復安149號,120.32712,22.851944
9114,茄萣分隊,地下,茄萣區,仁愛路1段142號前,120.18591719266,22.8939323141928
9115,茄萣分隊,地下,茄萣區,仁愛路三段2巷30號上好遊樂場旁,120.186043735929,22.89971800932
9116,茄萣分隊,地下,茄萣區,民治路230號對面,120.191991169617,22.873893467542
9117,茄萣分隊,地下,茄萣區,民治路69號前興達國小對面,120.196228931283,22.8752800495611
9118,茄萣分隊,地下,茄萣區,民治路與民族路叉口7-11對面,120.193366729222,22.8743014837316
9119,茄萣分隊,地下,茄萣區,民權路122號,120.196507246033,22.8720984619739
9120,茄萣分隊,地下,茄萣區,白砂路239巷2弄9號砂崙派出所前,120.18523240374,22.9134177194773
9121,茄萣分隊,地下,茄萣區,茄萣港東街155號前金鑾宮後方,120.182663668123,22.8948996435374
9122,茄萣分隊,地下,茄萣區,茄萣路二段192號旁,120.183134749532,22.900411006037
9123,茄萣分隊,地下,茄萣區,頂漁路2號,120.183023102447,22.8986799874927
9124,茄萣分隊,地下,茄萣區,進學路65號前,120.185474297553,22.9037769061146
9125,茄萣分隊,地下,茄萣區,濱海路四段7號前,120.183477437799,22.9066257531061
9126,湖內分隊,地下,湖內區,中山路一段405巷20號,120.246885481597,22.8831036555043
9127,湖內分隊,地下,湖內區,中山路一段447巷12弄19號,120.244681298096,22.8840270706694
9128,湖內分隊,地下,湖內區,中山路一段616號,120.23852047368,22.8963322337326
9129,湖內分隊,地下,湖內區,中山路一段與民權路口,120.241515249915,22.8929024345395
9130,湖內分隊,地下,湖內區,中正路一段145巷,120.224029976544,22.9099449205632
9131,湖內分隊,地下,湖內區,中正路一段289號前大寶殿對面,120.22031348955,22.9089561696278
9132,湖內分隊,地下,湖內區,中正路一段397號(湖內聯合診所前),120.217696461919,22.9088626503882
9133,湖內分隊,地下,湖內區,中正路一段495-3號(清心冷飲),120.215685477281,22.9087208444335
9134,湖內分隊,地下,湖內區,中正路一段53巷口,120.225932959524,22.9096419460161
9135,湖內分隊,地下,湖內區,中正路二段145巷口,120.20990837791,22.9083716641414
9136,湖內分隊,地下,湖內區,中正路二段145巷與建國街與成功街口,120.209967590126,22.9072513749496
9137,湖內分隊,地下,湖內區,中正路二段與自強街口,120.208931295029,22.9080290196551
9138,湖內分隊,地下,湖內區,仁愛街111號旁,120.2190609,22.8947435
9139,湖內分隊,地下,湖內區,仁愛街18巷口,120.223258601977,22.8955380045289
9140,湖內分隊,地下,湖內區,正義一路131巷2弄29號,120.236310148935,22.8718122209634
9141,湖內分隊,地下,湖內區,正義一路131巷47號前,120.236090207796,22.8715267826283
9142,湖內分隊,地下,湖內區,正義一路131巷4弄20號前,120.236436081753,22.8723635290809
9143,湖內分隊,地下,湖內區,正義一路216巷19號,120.237199016568,22.8740481712843
9144,湖內分隊,地下,湖內區,正義一路216巷24弄17號前,120.237565138098,22.8738319337382
9145,湖內分隊,地下,湖內區,正義一路216巷26弄1號前,120.238069393393,22.873304312676
9146,湖內分隊,地下,湖內區,正義一路216巷28弄20號前,120.237790443655,22.8729286748871
9147,湖內分隊,地下,湖內區,正義一路216巷30弄20號,120.23794064736,22.8725530360594
9148,湖內分隊,地下,湖內區,正義一路216巷32弄24號,120.237929918524,22.8722564783561
9149,湖內分隊,地下,湖內區,正義一路216巷8弄113之12號,120.238409741278,22.8717004155055
9150,湖內分隊,地下,湖內區,正義一路216巷8弄118號金隱宮前,120.237865252848,22.8712642255887
9151,湖內分隊,地下,湖內區,正義二路46巷1弄2號前,120.235696191402,22.8740913733183
9152,湖內分隊,地下,湖內區,正義二路46巷2弄2號前,120.235612926984,22.8743919318941
9153,湖內分隊,地下,湖內區,正義二路46巷3弄1號前,120.235566069312,22.8747332425437
9154,湖內分隊,地下,湖內區,正義二路46巷4弄1號前,120.235398182803,22.8749865470676
9155,湖內分隊,地下,湖內區,正義二路64巷11號,120.235101617722,22.8750346655481
9156,湖內分隊,地下,湖內區,正義二路64巷1弄19號前,120.235133463754,22.8738992059856
9157,湖內分隊,地下,湖內區,正義二路64巷2弄19號前,120.235053673016,22.8742127979425
9158,湖內分隊,地下,湖內區,正義二路64巷2弄口,120.235353428836,22.8743203425588
9159,湖內分隊,地下,湖內區,正義二路64巷3弄19號前,120.234957985844,22.8745265202864
9160,湖內分隊,地下,湖內區,正義二路64巷4弄17號前,120.23484174418,22.8748197574596
9161,湖內分隊,地下,湖內區,正義二路64巷口,120.23553581905,22.8737235272876
9162,湖內分隊,地下,湖內區,民族街與寧靜街口,120.236856806043,22.884771684599
9163,湖內分隊,地下,湖內區,自強街56號對面,120.2095206,22.9049536
9164,湖內分隊,地下,湖內區,忠孝街112號,120.234524722222,22.8933280555556
9165,湖內分隊,地下,湖內區,東方路105巷1弄20號右側500m(摩斯漢堡後面),120.249868459329,22.8797696369255
9166,湖內分隊,地下,湖內區,東方路與民生街口,120.244756611453,22.8792561981312
9167,湖內分隊,地下,湖內區,長春一街132號前,120.241650509193,22.8852136027781
9168,湖內分隊,地下,湖內區,長春一街30號前,120.243600465238,22.8863507648034
9169,湖內分隊,地下,湖內區,長春二街32號前,120.241152258284,22.8854386313857
9170,湖內分隊,地下,湖內區,長春三街41號前,120.240544167251,22.8857664955444
9171,湖內分隊,地下,湖內區,長春四街72巷47號旁,120.242753486578,22.886327687068
9172,湖內分隊,地下,湖內區,長壽路65巷1弄35號前（夜市停車場旁）,120.244399765013,22.8858577247062
9173,湖內分隊,地下,湖內區,長壽路65巷2弄2號旁,120.243719437556,22.885256261852
9174,湖內分隊,地下,湖內區,長壽路65巷5弄38-1號,120.244799697237,22.8854178086299
9175,湖內分隊,地下,湖內區,保生路137-1號(7-11超商前),120.220478764318,22.9072052134831
9176,湖內分隊,地下,湖內區,保生路159號西側路口(湖內老人養護之家巷口),120.219906172036,22.9071719349238
9177,湖內分隊,地下,湖內區,保生路165巷23號,120.219867345647,22.9066465867226
9178,湖內分隊,地下,湖內區,保生路229號(一貫道對面),120.21831723065,22.9069819154522
9179,湖內分隊,地下,湖內區,保生路453號右側信義路口,120.2146131,22.9064606
9180,湖內分隊,地下,湖內區,保生路510號對面右側,120.213410169906,22.9061408227372
9181,湖內分隊,地下,湖內區,保生路97號前中華街口,120.224220546011,22.9065454958287
9182,湖內分隊,地下,湖內區,保生路與充龍街口,120.217151543378,22.9069261019277
9183,湖內分隊,地下,湖內區,保生路與湖中路242巷口,120.221786400555,22.9071558754951
9184,湖內分隊,地下,湖內區,保生路與湖中路460巷口,120.217218598603,22.9067951555271
9185,湖內分隊,地下,湖內區,保生路與福生四街口,120.224911560913,22.9062672238421
9186,湖內分隊,地下,湖內區,湖中路378巷15弄31號(右側溜冰場前),120.217820856731,22.9060560027663
9187,湖內分隊,地下,湖內區,湖中路378巷28弄1號前,120.218311305523,22.9065442609705
9188,湖內分隊,地下,湖內區,湖中路378巷6弄82號前,120.219866758895,22.9061102510922
9189,湖內分隊,地下,湖內區,湖中路460巷26號(歐美汽車旅館),120.216982793237,22.9060520752059
9190,湖內分隊,地下,湖內區,福生五街139號左側,120.227173896573,22.9033824795019
9191,湖內分隊,地下,湖內區,福生五街147號,120.228396983884,22.9028315010928
9192,湖內分隊,地下,湖內區,福生五街31號前,120.224054487489,22.9047302670271
9193,湖內分隊,地下,湖內區,福生五街91號右側,120.225575153373,22.9040689865198
9194,湖內分隊,地下,湖內區,福生五街與福生一街口,120.229008527539,22.902431237347
9195,湖內分隊,地下,湖內區,福安路12巷42號右側,120.2265252,22.9049303
9196,湖內分隊,地下,湖內區,福安路27巷15號,120.2282327,22.9039455
9197,湖內分隊,地下,湖內區,福安路29號,120.227591313175,22.9041752803083
9198,湖內分隊,地下,湖內區,福安路43號,120.227325774483,22.9037083104504
9199,湖內分隊,地下,湖內區,福安路與福生三街口,120.225754,22.90441
9200,岡山分隊,地下,岡山區,三和里山隙路25巷口,120.336783,22.827771
9201,岡山分隊,地下,岡山區,大莊里大莊路58之1號對面,120.325336,22.807644
9202,岡山分隊,地下,岡山區,大遼里大遼路9之2號前,120.315126925707,22.7778928529348
9203,岡山分隊,地下,岡山區,大遼里中山南路機車道上(北上方向),120.299715907379,22.7788851706509
9204,岡山分隊,地下,岡山區,大遼里友情路與大遼七路口,120.314371,22.773833
9205,岡山分隊,地下,岡山區,大遼里友情路與大遼五路口,120.31423,22.775556
9206,岡山分隊,地下,岡山區,大遼里友情路與大遼六路口,120.314298,22.774453
9207,岡山分隊,地下,岡山區,大遼里劉厝公園（岡山棒球場）近新舊省道交接處,120.298548,22.780128
9208,岡山分隊,地下,岡山區,台上里大智街53號與大成街口,120.300848,22.806364
9209,岡山分隊,地下,岡山區,台上里台上一路與大成街口,120.298624,22.806252
9210,岡山分隊,地下,岡山區,台上里台上路83號前,120.299992,22.804538
9211,岡山分隊,地下,岡山區,平安里文賢路18號前（四角開關）,120.294856,22.792796
9212,岡山分隊,地下,岡山區,本洲里本洲路12號前,120.278127,22.804714
9213,岡山分隊,地下,岡山區,石潭里石潭東一街12號斜前方,120.271032,22.774312
9214,岡山分隊,地下,岡山區,石潭里石潭東一街28巷3號前,120.271224,22.774966
9215,岡山分隊,地下,岡山區,石潭里石潭東街及石潭北二街交叉口,120.26936,22.773578
9216,岡山分隊,地下,岡山區,石潭里石潭路橫巷20號對面,120.267895,22.772763
9217,岡山分隊,地下,岡山區,石潭里頂潭北路與石潭潭路路口前30公尺,120.270359516144,22.7795052593037
9218,岡山分隊,地下,岡山區,竹圍里大仁北路與大全街口,120.302208,22.798136
9219,岡山分隊,地下,岡山區,竹圍里大仁路12號,120.3012552,22.8069028
9220,岡山分隊,地下,岡山區,竹圍里大仁路52號前（未到郵局）,120.3014403,22.8061239
9221,岡山分隊,地下,岡山區,竹圍里竹圍北街與大仁北路口,120.3017689,22.8025149
9222,岡山分隊,地下,岡山區,竹圍里竹圍西街與大全街口,120.300712,22.798038
9223,岡山分隊,地下,岡山區,竹圍里竹圍西街與竹圍中街口,120.300450152115,22.8011142956094
9224,岡山分隊,地下,岡山區,竹圍里竹圍西街與竹圍南街32巷1弄口,120.300656,22.799146
9225,岡山分隊,地下,岡山區,竹圍里竹圍西街與竹圍南街32巷2弄口,120.300704,22.798518
9226,岡山分隊,地下,岡山區,竹圍里竹圍西街與竹圍南街口,120.3006795,22.7997113
9227,岡山分隊,地下,岡山區,竹圍里竹圍東街（主人翁幼稚園）對面,120.3037034,22.8009158
9228,岡山分隊,地下,岡山區,竹圍里竹圍東街與竹圍中街口,120.3035726,22.8014495
9229,岡山分隊,地下,岡山區,竹圍里竹圍東街與竹圍北街口,120.30339,22.802695
9230,岡山分隊,地下,岡山區,竹圍里竹圍東街與竹圍東街182巷口,120.3038791,22.7987136
9231,岡山分隊,地下,岡山區,竹圍里竹圍東街與竹圍南街口,120.3037138,22.8000272
9232,岡山分隊,地下,岡山區,竹圍里竹圍南街與竹圍南街74巷口,120.302679,22.799872
9233,岡山分隊,地下,岡山區,宏中街190號前,120.298175,22.822351
9234,岡山分隊,地下,岡山區,宏中街365號前,120.296938,22.822331
9235,岡山分隊,地下,岡山區,宏中街79巷20號前,120.300551,22.820949
9236,岡山分隊,地下,岡山區,協和里大公路與金興街口,120.285488,22.793726
9237,岡山分隊,地下,岡山區,協和里協和街與自由巷口,120.28112,22.79748
9238,岡山分隊,地下,岡山區,協和里協和街與明得街口,120.28144,22.796726
9239,岡山分隊,地下,岡山區,協和里協和廟旁青年街51號前（四角開關）,120.281312,22.795594
9240,岡山分隊,地下,岡山區,協和里明得街與重義街口（四角開關）,120.280296,22.796284
9241,岡山分隊,地下,岡山區,協和里前峰路與巨輪路口,120.283464,22.798684
9242,岡山分隊,地下,岡山區,協和里重義街與吉安街口（四角開關）,120.281136,22.794578
9243,岡山分隊,地下,岡山區,協和里博仁街與明得街口（四角開關）,120.28252,22.797034
9244,岡山分隊,地下,岡山區,協和里博仁街與青年街口,120.282896,22.796182
9245,岡山分隊,地下,岡山區,協榮里久龍街與久和路口,120.281333,22.78329
9246,岡山分隊,地下,岡山區,岡山里中山北路麥當勞斜對面,120.2988,22.795658
9247,岡山分隊,地下,岡山區,岡山里文化一街32號前（四角）,120.298048,22.786852
9248,岡山分隊,地下,岡山區,岡山里文化二街29號前,120.298136,22.787326
9249,岡山分隊,地下,岡山區,忠孝里忠孝路15號前,120.29367,22.79027
9250,岡山分隊,地下,岡山區,後協里育英路火車頭餐廳旁,120.283312,22.791118
9251,岡山分隊,地下,岡山區,後協里協北巷75號前,120.282152,22.786138
9252,岡山分隊,地下,岡山區,後協里後協路46巷口,120.283584,22.785086
9253,岡山分隊,地下,岡山區,後協里柳橋西路86巷口,120.286111,22.790407
9254,岡山分隊,地下,岡山區,後協里柳橋西路與育英路口,120.283312,22.790214
9255,岡山分隊,地下,岡山區,後紅里大仁北路397巷口,120.302394,22.792736
9256,岡山分隊,地下,岡山區,後紅里中山南路425號前（億進家具前方）,120.299104,22.789362
9257,岡山分隊,地下,岡山區,後紅里岡燕路335號前,120.304296,22.79176
9258,岡山分隊,地下,岡山區,後紅里岡燕路與大仁北路口,120.302216,22.79202
9259,岡山分隊,地下,岡山區,後紅里岡燕路與後興北路口,120.298264,22.792556
9260,岡山分隊,地下,岡山區,後紅里保五總隊旁提款機前,120.305376,22.791582
9261,岡山分隊,地下,岡山區,為隨里為隨西路67巷口,120.2896343,22.8150833
9262,岡山分隊,地下,岡山區,為隨里為隨東路77號前,120.289776,22.821808
9263,岡山分隊,地下,岡山區,為隨里為隨東路77號對面,120.289952,22.821804
9264,岡山分隊,地下,岡山區,為隨里為隨東路7號前(為隨高幹44號),120.289704,22.816192
9265,岡山分隊,地下,岡山區,程香里岡燕路485巷口,120.310224,22.790874
9266,岡山分隊,地下,岡山區,程香里岡燕路521號（金泰螺絲）旁,120.311836996236,22.790698843696
9267,岡山分隊,地下,岡山區,程香里河堤路一段與懷德路口,120.309544,22.788466
9268,岡山分隊,地下,岡山區,程香里程香路與岡燕路口,120.307985544205,22.7911575437039
9269,岡山分隊,地下,岡山區,華崗里大埔二街40巷19號前,120.32124,22.817178
9270,岡山分隊,地下,岡山區,嘉峰里宮中街118號前（與峰西巷路口）,120.311128,22.829514
9271,岡山分隊,地下,岡山區,嘉峰里宮中街50號前,120.312272,22.82975
9272,岡山分隊,地下,岡山區,嘉峰里潭底路與崑山東巷口,120.309446,22.829893
9273,岡山分隊,地下,岡山區,嘉興里宏中街30巷口,120.302185,22.821087
9274,岡山分隊,地下,岡山區,嘉興里宏中街60巷口,120.301659,22.821609
9275,岡山分隊,地下,岡山區,嘉興里信中街108巷口,120.305296,22.819954
9276,岡山分隊,地下,岡山區,嘉興里信中街23號前,120.303472,22.820584
9277,岡山分隊,地下,岡山區,嘉興里信中街61巷189-1號,120.311708450317,22.8199921707871
9278,岡山分隊,地下,岡山區,嘉興里信中街61巷37號前,120.305896,22.820428
9279,岡山分隊,地下,岡山區,嘉興里信中街61巷口,120.304328,22.820322
9280,岡山分隊,地下,岡山區,嘉興里嘉華路181巷18弄9號前,120.310426,22.821566
9281,岡山分隊,地下,岡山區,嘉興里嘉華路80巷110之1號前10公尺,120.316648,22.825434
9282,岡山分隊,地下,岡山區,嘉興里興東巷2段口,120.3075722,22.8198762
9283,岡山分隊,地下,岡山區,壽天里大埕街67號前,120.294261,22.795363
9284,岡山分隊,地下,岡山區,壽天里公園路與中華路口,120.291141,22.796595
9285,岡山分隊,地下,岡山區,壽天里岡山路303巷口,120.295521,22.795416
9286,岡山分隊,地下,岡山區,壽天里開元街與仁安街口,120.293086,22.793781
9287,岡山分隊,地下,岡山區,壽天里開元街與民生街口,120.294368,22.793877
9288,岡山分隊,地下,岡山區,壽峰里公園西路二段125號前,120.286621,22.79741
9289,岡山分隊,地下,岡山區,碧紅里大德一路50巷口,120.3005,22.79677
9290,岡山分隊,地下,岡山區,碧紅里永樂街二巷99號東側（緯紘精密工業）,120.31023,22.79648
9291,岡山分隊,地下,岡山區,福興里頂潭路83巷口,120.269296,22.77754
9292,岡山分隊,地下,岡山區,維仁里警悟寺前,120.291,22.79575
9293,岡山分隊,地下,岡山區,劉厝里國軒路317號前,120.28681,22.781961
9294,岡山分隊,地下,岡山區,劉厝里國軒路岡山福利站前,120.2963451,22.7821452
9295,岡山分隊,地下,岡山區,劉厝里登科街111號前,120.29047,22.780285
9296,岡山分隊,地下,岡山區,劉厝里劉厝路110巷口,120.288545,22.780655
9297,岡山分隊,地下,岡山區,劉厝里劉厝路99號路口,120.287931,22.781121
9298,岡山分隊,地下,岡山區,興隆街399巷口,120.298237,22.821475
9299,岡山分隊,地下,岡山區,灣裡里育德街65號彎道旁,120.281831,22.81406
9300,岡山分隊,地下,岡山區,灣裡里岡山北路1號岡山鋼鐵廠旁,120.28488,22.807344
9301,岡山分隊,地下,岡山區,灣裡里灣裡路15巷口,120.283016,22.814344
9302,岡山分隊,地下,岡山區,灣裡里灣裡路和育德街口,120.283045,22.813241
9303,田寮分隊,地下,田寮區,大同里大同路與平安路口,120.384416666667,22.8500833333333
9304,田寮分隊,地下,田寮區,崇德里月球路16號（發天宮前）,120.393722222222,22.8866111111111
9305,田寮分隊,地下,田寮區,崇德里月球路36號之3（妙香亭土雞城）斜對面,120.388888888889,22.8854166666667
9306,彌陀分隊,地下,彌陀區,山頂路4號前,120.25378,22.7704
9307,彌陀分隊,地下,彌陀區,中正北路5號,120.246403,22.784176
9308,彌陀分隊,地下,彌陀區,中正西路一巷口,120.247497,22.779397
9309,彌陀分隊,地下,彌陀區,中正西路廟前巷15號前,120.24622,22.778746
9310,彌陀分隊,地下,彌陀區,中正路17巷一弄前,120.24828,22.784915
9311,彌陀分隊,地下,彌陀區,中正路268號前,120.247890651226,22.7845129950085
9312,彌陀分隊,地下,彌陀區,中正路314號前,120.247533,22.785407
9313,彌陀分隊,地下,彌陀區,中正路9巷與中正西路口,120.247332,22.781296
9314,彌陀分隊,地下,彌陀區,中華路一巷5弄與中華路交叉口,120.250138,22.781183
9315,彌陀分隊,地下,彌陀區,中華路代天府旁,120.250944,22.781345
9316,彌陀分隊,地下,彌陀區,文安路廟巷口,120.235789,22.794404
9317,彌陀分隊,地下,彌陀區,民生街198巷18號前,120.249389,22.785139
9318,彌陀分隊,地下,彌陀區,光和北路過港路口-（北海道）,120.24295,22.78425
9319,彌陀分隊,地下,彌陀區,南寮加油站旁-近加油站-漁港路73號,120.2374,22.764622
9320,彌陀分隊,地下,彌陀區,南寮加油站旁-近橋-漁港路73號,120.237241,22.764825
9321,彌陀分隊,地下,彌陀區,海尾路122號之1號前,120.243966,22.777399
9322,彌陀分隊,地下,彌陀區,海尾路176號前,120.242446,22.777172
9323,彌陀分隊,地下,彌陀區,海尾路200號前,120.240953,22.776663
9324,彌陀分隊,地下,彌陀區,海尾路224-10號前,120.233493,22.775283
9325,彌陀分隊,地下,彌陀區,海尾路225號前,120.232506,22.775293
9326,彌陀分隊,地下,彌陀區,海尾路240號前,120.231831,22.776045
9327,彌陀分隊,地下,彌陀區,國校路1號（壽齡國小旁）,120.234468,22.794897
9328,彌陀分隊,地下,彌陀區,國貿工廠前-新莊路103號,120.244951,22.757635
9329,彌陀分隊,地下,彌陀區,進學路45號（180號）,120.245667,22.771924
9330,彌陀分隊,地下,彌陀區,漁港路、漁港一路交叉口,120.237944,22.763476
9331,彌陀分隊,地下,彌陀區,鹽埕中路與鹽埕北路口,120.24473,22.78931
9332,彌陀分隊,地下,彌陀區,鹽港一路、中正西路口,120.244664,22.786793
9333,彌陀分隊,地下,彌陀區,鹽港一路41巷口,120.245664,22.786766
9334,彌陀分隊,地下,彌陀區,鹽港二路12號旁,120.243354,22.786375
9335,彌陀分隊,地下,彌陀區,鹽港二路23號,120.243248,22.7866
9336,永安分隊,地下,永安區,永安路175號前--永安路與永達路口,120.221297804894,22.81672324354
9337,永安分隊,地下,永安區,永達路50號對面,120.220826,22.817791
9338,永安分隊,地下,永安區,永達路58之5號往鹽田里100公尺,120.220704,22.81867
9339,永安分隊,地下,永安區,永達路75號鹽田社區門口,120.209577006793,22.8344207231733
9340,永安分隊,地下,永安區,保安路69之47號前（陽明歐洲）,120.238317211708,22.8219592748489
9341,永安分隊,地下,永安區,高雄市永安區忠孝街31號前,120.222883,22.816653
9342,永安分隊,地下,永安區,新華路666號附近(永達路與新華路口),120.22313,22.81135
9343,永安分隊,地下,永安區,維新路101號前,120.2477128,22.8082223
9344,永安分隊,地下,永安區,維新路131號前,120.253248,22.808422
9345,永安分隊,地下,永安區,維新路18之1號本洲加油站對面,120.2584059,22.8080271
9346,永安分隊,地下,永安區,維新路63號樺興加油站對面,120.251104,22.808199
9347,永安分隊,地下,永安區,維新路83之25號前,120.24913,22.80818
9348,內門分隊,地下,內門區,三平里二埔3-5號前（籃球場前）,120.461918,22.951983
9349,內門分隊,地下,內門區,三平里內門幹191-2號前,120.46311,22.950778
9350,內門分隊,地下,內門區,三平里內門幹196號前,120.462592,22.954991
9351,內門分隊,地下,內門區,三平里內門幹200號前,120.463218,22.957386
9352,內門分隊,地下,內門區,三平里內門幹201-2號前,120.463615,22.958406
9353,內門分隊,地下,內門區,三平里橫山12號前（福德祠前）,120.464398,22.961332
9354,內門分隊,地下,內門區,三平里橫山9-3號前（三平里活動中心前）,120.464281,22.9603
9355,內門分隊,地下,內門區,三平里橫山幹16號旁,120.461135,22.965833
9356,內門分隊,地下,內門區,三平里橫山幹5號旁,120.463186,22.962093
9357,內門分隊,地下,內門區,中正路觀亭紫竹寺至善會館前,120.45566,22.916835
9358,內門分隊,地下,內門區,中埔里22-3號前（往大碑墘方向）中埔分11,120.449223,22.923029
9359,內門分隊,地下,內門區,中埔里小烏山19號前（182縣道）,120.4425,22.925856
9360,內門分隊,地下,內門區,中埔里小烏山32號前（182縣道）,120.44418,22.927898
9361,內門分隊,地下,內門區,中埔里小烏山38號前（182縣道內龍幹41對面）,120.442905,22.926276
9362,內門分隊,地下,內門區,中埔里中埔15號前,120.45076,22.917665
9363,內門分隊,地下,內門區,中埔里中埔21號前,120.449201,22.918847
9364,內門分隊,地下,內門區,中埔里中埔派出所交叉口,120.451096,22.919466
9365,內門分隊,地下,內門區,中埔里衙門口13-2號前,120.442765,22.920811
9366,內門分隊,地下,內門區,中埔里衙門口衙門分幹10號前,120.444558,22.920801
9367,內門分隊,地下,內門區,中埔里衙門口觀亭幹7號斜對面,120.447973,22.920351
9368,內門分隊,地下,內門區,內東里九龍宮前（過西門國小）,120.427576,22.91717
9369,內門分隊,地下,內門區,內東里州界6號（鹽水分73）往田寮應菜龍方向,120.411105,22.910555
9370,內門分隊,地下,內門區,內東里州界往山南宮方向（鹽水分25）,120.417375,22.917439
9371,內門分隊,地下,內門區,內東里夏梅林6-3號旁,120.43248,22.908732
9372,內門分隊,地下,內門區,內門里48號旁（台三線）,120.46326,22.944735
9373,內門分隊,地下,內門區,內門里內門33號前（台三線）,120.462828,22.94351
9374,內門分隊,地下,內門區,內門里內門67-21旁號前（台三線397+000）,120.463438,22.944783
9375,內門分隊,地下,內門區,內門里區公所前（台三線）,120.462543,22.942653
9376,內門分隊,地下,內門區,內門里墩仔腳6號前,120.468101,22.940996
9377,內門分隊,地下,內門區,內南里菜園頂台三線（好友麵攤旁）,120.467241,22.910051
9378,內門分隊,地下,內門區,內興里土庫34-5號前（台三線左側）,120.467783,22.996138
9379,內門分隊,地下,內門區,內興里太和20號前（台三線）,120.468911,22.988743
9380,內門分隊,地下,內門區,內興里太和3-2號前（台三線左側）,120.468636,22.9895
9381,內門分隊,地下,內門區,內興里石內18號前（台三線右側）,120.46713,22.991821
9382,內門分隊,地下,內門區,內興里石內4-1號前（台三線左側內門幹289-1）,120.467176,22.993656
9383,內門分隊,地下,內門區,內豐里十三甲23號前（台三線）,120.460228,22.933386
9384,內門分隊,地下,內門區,內豐里十三甲29-10號前（台三線）,120.460623,22.934358
9385,內門分隊,地下,內門區,內豐里十三甲34-15號前（台三線）,120.460105,22.932925
9386,內門分隊,地下,內門區,內豐里十三甲吉豐購物中心前（台三線）,120.459823,22.932353
9387,內門分隊,地下,內門區,內豐里內門郵局前（台三線）,120.461471,22.93884
9388,內門分隊,地下,內門區,內豐里檨子腳6號前（健新食品進去）,120.461885,22.931953
9389,內門分隊,地下,內門區,木柵里口湖分幹24-1號,120.470241,22.957131
9390,內門分隊,地下,內門區,木柵里中新1-6號前（台三線鐵馬驛站）,120.469576,22.96611
9391,內門分隊,地下,內門區,木柵里中新20號前（台三線）,120.46876,22.966516
9392,內門分隊,地下,內門區,木柵里內門幹208-1號旁,120.464951,22.963956
9393,內門分隊,地下,內門區,木柵里內門幹211號旁,120.465641,22.965693
9394,內門分隊,地下,內門區,木柵里木柵32號前（台三線左側）,120.469533,22.980036
9395,內門分隊,地下,內門區,木柵里社區發展協會對面（台三線內門幹246-1）,120.469523,22.978288
9396,內門分隊,地下,內門區,木柵里頂寮8號前（台三線內門幹238-1）,120.469365,22.982623
9397,內門分隊,地下,內門區,木柵里農會辦事處前（台三線左側）,120.46886,22.976435
9398,內門分隊,地下,內門區,永富里安興5-3號前（高117）,120.492483,22.939701
9399,內門分隊,地下,內門區,永富里富田1-1號前（高117）,120.4919,22.944183
9400,內門分隊,地下,內門區,永富里萊坑21號旁（過景義國小後左轉）,120.494794,22.954875
9401,內門分隊,地下,內門區,永富里龍山22-1號前（龍山橋旁）,120.49617,22.96882
9402,內門分隊,地下,內門區,永富里龍山29號前（市仔尾寮橋右轉進去）,120.494507,22.975182
9403,內門分隊,地下,內門區,永興里頂庄55號前（高117）,120.501593,22.985511
9404,內門分隊,地下,內門區,光興里菜公坑34號前,120.456345,22.927397
9405,內門分隊,地下,內門區,東埔里東勢埔28號前,120.471927,22.929117
9406,內門分隊,地下,內門區,東埔里檨仔腳2號前,120.459668,22.925961
9407,內門分隊,地下,內門區,金竹里吉民33-6號前（過金龍寺右轉進去）,120.514468,23.00601
9408,內門分隊,地下,內門區,金竹里安定30號前（高117）,120.524747,23.017121
9409,內門分隊,地下,內門區,金竹里金竹國小前（高117）,120.51419,23.009343
9410,內門分隊,地下,內門區,金竹里活動中心前（高117）,120.508226,23.003403
9411,內門分隊,地下,內門區,金竹里溝坪幹237號前（高117）,120.50919,23.00439
9412,內門分隊,地下,內門區,溝坪里坑口30號前（高117）,120.502231,22.988075
9413,內門分隊,地下,內門區,溝坪里廣福2-3號前（高117）,120.501689,22.990455
9414,內門分隊,地下,內門區,溝坪里廣興3-3號,120.501011,23.000144
9415,內門分隊,地下,內門區,瑞山里高120縣（鹿埔幹25）,120.43653,22.900222
9416,內門分隊,地下,內門區,觀亭里中正路159號前（牌樓前）,120.454618,22.918211
9417,內門分隊,地下,內門區,觀亭里中正路160巷26號前,120.4543668,22.9201763
9418,內門分隊,地下,內門區,觀亭里中正路27號前,120.457366,22.916748
9419,內門分隊,地下,內門區,觀亭里中正路市場前,120.455885,22.917701
9420,內門分隊,地下,內門區,觀亭里中埔頭10-1號前（182縣道）,120.449175,22.92731
9421,內門分隊,地下,內門區,觀亭里中埔頭56號前（182縣道）,120.451981,22.925826
9422,內門分隊,地下,內門區,觀亭里中埔頭紫雲宮對面（182縣道）,120.453308,22.925148
9423,內門分隊,地下,內門區,觀亭里南屏路233號前（台三線全家前）,120.454151,22.92331
9424,旗山分隊,地下,旗山區,上洲里柯厝巷4號前,120.473154588955,22.8542308044658
9425,旗山分隊,地下,旗山區,大同街2號與復新東街16巷口,120.483684693866,22.8834711333051
9426,旗山分隊,地下,旗山區,大里街與鯤州街口(大里街20號前),120.474245154596,22.8491602163468
9427,旗山分隊,地下,旗山區,大林里合和街16號 （北極宮前）,120.508333333333,22.9502777777778
9428,旗山分隊,地下,旗山區,大德里光復2街13號前,120.484036174274,22.881806528907
9429,旗山分隊,地下,旗山區,中山南街140號前,120.479170116568,22.8800974975101
9430,旗山分隊,地下,旗山區,中山南街45號(旗新街與中山南街交叉口),120.480659900746,22.8831994200058
9431,旗山分隊,地下,旗山區,中正路與仁和街交叉口-靠近社福館路口,120.480096892066,22.8904823565799
9432,旗山分隊,地下,旗山區,中正路與永福街交叉口,120.479933277316,22.8872935127904
9433,旗山分隊,地下,旗山區,中正路與華中街交叉口（旗山國小）,120.479982898183,22.8882380657679
9434,旗山分隊,地下,旗山區,中洲路121之10號前,120.472306411623,22.8463616281451
9435,旗山分隊,地下,旗山區,中洲路151-1號(中洲活動中心),120.469763717179,22.8443738204405
9436,旗山分隊,地下,旗山區,中洲路199號前,120.467572218403,22.841914587475
9437,旗山分隊,地下,旗山區,中洲路213號前,120.464975720238,22.8394395280864
9438,旗山分隊,地下,旗山區,中洲路95號前,120.47218,22.8488
9439,旗山分隊,地下,旗山區,中洲路與後角街口,120.474014145069,22.8563548695223
9440,旗山分隊,地下,旗山區,中洲路與旗南二路91號口(7-11),120.463434357672,22.8394907460626
9441,旗山分隊,地下,旗山區,中洲路與鯤洲街口,120.473891434007,22.8523310351871
9442,旗山分隊,地下,旗山區,中華路台21線26.5K(台電變電箱),120.474895928042,22.872852395939
9443,旗山分隊,地下,旗山區,中學路與中華路叉口,120.484036674045,22.8808719006337
9444,旗山分隊,地下,旗山區,內湖巷31-1號前,120.457918174851,22.8006604726178
9445,旗山分隊,地下,旗山區,內湖巷3號旁,120.459101209822,22.8031410569862
9446,旗山分隊,地下,旗山區,內湖巷47號,120.456111111111,22.7994444444444
9447,旗山分隊,地下,旗山區,延平一路634號前（思微爾女用內衣店前）,120.483077635582,22.886023
9448,旗山分隊,地下,旗山區,延平一路688巷2號（旗山郵局前）,120.482798670552,22.8841626712253
9449,旗山分隊,地下,旗山區,延平一路698號前（新光人壽）,120.483132562583,22.8834946135104
9450,旗山分隊,地下,旗山區,延平一路足好店左側,120.483316276652,22.8891796457505
9451,旗山分隊,地下,旗山區,延平一路與仁和街交叉口,120.483361874205,22.8903854927171
9452,旗山分隊,地下,旗山區,延平一路與永褔街交叉口(巧味),120.483072195631,22.887049619397
9453,旗山分隊,地下,旗山區,延平二路161號(大阪次郎前),120.497321352761,22.8835225866647
9454,旗山分隊,地下,旗山區,延平二路166之1號前(番茄),120.497844084656,22.8836514977552
9455,旗山分隊,地下,旗山區,延平二路171-38號前,120.498852988343,22.8840227688235
9456,旗山分隊,地下,旗山區,延平二路172之2號（愛鄉花卉右側20公尺）,120.499790329448,22.8843073554885
9457,旗山分隊,地下,旗山區,延平二路181-1號(久洲保養廠對面),120.501374329448,22.8845342666008
9458,旗山分隊,地下,旗山區,延平二路187-2號（全豐保養場右側）,120.501968682209,22.8846168800868
9459,旗山分隊,地下,旗山區,延平二路194-5號(東慶檢驗場對面),120.503448871776,22.8847643116431
9460,旗山分隊,地下,旗山區,延平二路194號前,120.502730988343,22.8846790042735
9461,旗山分隊,地下,旗山區,延平二路199號信源同立保養廠前,120.504907341105,22.8849090803915
9462,旗山分隊,地下,旗山區,延平二路200巷口,120.504261049686,22.8848327419201
9463,旗山分隊,地下,旗山區,延平二路211號（枝仔冰城工廠前）,120.50552896503,22.8849528928121
9464,旗山分隊,地下,旗山區,延平二路竹寮巷口前,120.490399766865,22.8819228704795
9465,旗山分隊,地下,旗山區,東圳巷9-9號前（玫瑰花園50公尺）,120.500559515956,22.882525662789
9466,旗山分隊,地下,旗山區,東新街116巷2號(水利工作站前右側電桿下),120.482190711639,22.880348560132
9467,旗山分隊,地下,旗山區,東新街66號(基督教會前右側),120.482751676669,22.8815369205866
9468,旗山分隊,地下,旗山區,花旗山莊成功四街底（天照寺旁）,120.465277777778,22.8794444444444
9469,旗山分隊,地下,旗山區,南洲街（佛光山泉水）,120.466644078539,22.8456448872038
9470,旗山分隊,地下,旗山區,南洲街與南北巷路口,120.467142635582,22.8444611107655
9471,旗山分隊,地下,旗山區,南庭街7-2號(農業改良場東側門),120.505953204282,22.8572618778471
9472,旗山分隊,地下,旗山區,南勝里內湖巷12號前,120.458196291419,22.8017472569455
9473,旗山分隊,地下,旗山區,泰山一巷1-17號旁,120.49751257424,22.9174608819751
9474,旗山分隊,地下,旗山區,富興路24號,120.496881466559,22.9236773710172
9475,旗山分隊,地下,旗山區,富興路57號,120.494884198165,22.9243678415881
9476,旗山分隊,地下,旗山區,復新東街41號右側,120.484383743551,22.8849131424516
9477,旗山分隊,地下,旗山區,復新東街與復新北街口,120.484974185983,22.8848893156525
9478,旗山分隊,地下,旗山區,新旗山橋與竹寮巷口--排氣用,120.490358322859,22.8819077439833
9479,旗山分隊,地下,旗山區,瑞士山莊入口處,120.471960831842,22.8584491054031
9480,旗山分隊,地下,旗山區,義民巷33號,120.498315095901,22.8925733883457
9481,旗山分隊,地下,旗山區,旗甲路4段292號前,120.511719778522,22.950518584399
9482,旗山分隊,地下,旗山區,旗甲路二段163號前(葬儀社),120.495617702176,22.9188191792283
9483,旗山分隊,地下,旗山區,旗甲路二段281號(慶安藥局前),120.496562836517,22.9212831485806
9484,旗山分隊,地下,旗山區,旗甲路二段345號前(生魚片),120.497447186508,22.9228792064144
9485,旗山分隊,地下,旗山區,旗甲路二段449號前,120.498809270875,22.9249106521396
9486,旗山分隊,地下,旗山區,旗甲路二段90號前(尚品家具對面),120.495020288361,22.917306383158
9487,旗山分隊,地下,旗山區,旗甲路二段與華山路口紅綠燈旁（往華山營區）,120.500475810433,22.9273969714849
9488,旗山分隊,地下,旗山區,旗甲路三段178號(圓潭派出所對面),120.503275,22.93255
9489,旗山分隊,地下,旗山區,旗甲路三段181之1號前,120.504160547868,22.9339164454225
9490,旗山分隊,地下,旗山區,旗甲路三段2號前(雅致工作室),120.501725,22.9288561
9491,旗山分隊,地下,旗山區,旗甲路三段389號前,120.506747760748,22.9396662115058
9492,旗山分隊,地下,旗山區,旗甲路三段51號前(和泰鋼鋁廠),120.502122326389,22.9295201783585
9493,旗山分隊,地下,旗山區,旗甲路四段214號前,120.51097817237,22.9488866935347
9494,旗山分隊,地下,旗山區,旗甲路四段728號前,120.51658136136,22.9605518074182
9495,旗山分隊,地下,旗山區,旗南一路與復新街交叉口,120.480309125474,22.8861848094644
9496,旗山分隊,地下,旗山區,旗南二路2-2號(衛生群營區前),120.468554688326,22.8563439191471
9497,旗山分隊,地下,旗山區,旗南二路35號(溪洲國小前),120.465777055225,22.8477602259024
9498,旗山分隊,地下,旗山區,旗南二路63-6號(上來汽車保養廠),120.465087457672,22.8455729666433
9499,旗山分隊,地下,旗山區,旗南二路7-1號(中洲路口附近),120.468682721257,22.8608340697843
9500,旗山分隊,地下,旗山區,旗南三路118號(廣大森木業公司前),120.462332515956,22.8267981458926
9501,旗山分隊,地下,旗山區,旗南三路34號前(南無阿彌陀佛),120.462443550926,22.8334179440461
9502,旗山分隊,地下,旗山區,旗南三路新南巷口(大洲國中入口),120.46238085054,22.8354191480342
9503,旗山分隊,地下,旗山區,旗屏一路3號（延平二路與旗?一路口）（加油站旁）,120.495399839864,22.8826166177821
9504,旗山分隊,地下,旗山區,旗屏一路49號（與和平街街口金佳味檳榔店）,120.496523076057,22.8785772565794
9505,旗山分隊,地下,旗山區,旗屏一路64號左側（興中路口）,120.495932,22.880464
9506,旗山分隊,地下,旗山區,旗新街與東新街交叉口,120.483048440475,22.8822010889201
9507,旗山分隊,地下,旗山區,福正街10號前,120.508884892031,22.9240951185098
9508,旗山分隊,地下,旗山區,福安街與福前街口,120.50899696503,22.9255930899975
9509,旗山分隊,地下,旗山區,廣和路6-2號(廣和路與廣清路土地公前),120.505916918403,22.8581632767757
9510,旗山分隊,地下,旗山區,德義街9-8號城隍廟前,120.478596253967,22.8848492
9511,旗山分隊,地下,旗山區,樂和街1之21號前,120.477539346644,22.8827309331112
9512,旗山分隊,地下,旗山區,樂和街45號,120.47245323658,22.8841614060949
9513,旗山分隊,地下,旗山區,樹人路28號(旗美高中路口右邊),120.493967326736,22.8836635548725
9514,旗山分隊,地下,旗山區,樹人路63-69號,120.501104593277,22.8896971754818
9515,旗山分隊,地下,旗山區,樹人路與樹人橫路路口(大陽水泥加工廠右側),120.496675967737,22.8846302128341
9516,旗山分隊,地下,旗山區,糖廠內忠孝街與致祥二街交叉口,120.491841,22.880593
9517,旗山分隊,地下,旗山區,糖廠內忠孝街廠房大門口,120.492098,22.879535
9518,旗山分隊,地下,旗山區,興中路與新開巷交叉口,120.494935452501,22.8803316826894
9519,旗山分隊,地下,旗山區,頭林巷17號,120.477984,22.875761
9520,旗山分隊,地下,旗山區,鯤洲里周厝巷10號前,120.472452623925,22.8525308682204
9521,旗山分隊,地下,旗山區,鯤洲街55號前,120.475664763806,22.8495708978113
9522,旗山分隊,地下,旗山區,鯤洲街與新生街交叉口,120.47428948761,22.851724952386
9523,美濃分隊,地下,美濃區,八德街28號前,120.51527,22.862615
9524,美濃分隊,地下,美濃區,下九寮10之20號斜對面,120.530648648163,22.8494816689803
9525,美濃分隊,地下,美濃區,下九寮15號旁,120.528233466271,22.850598169736
9526,美濃分隊,地下,美濃區,下九寮34號前,120.527223262566,22.8521551699059
9527,美濃分隊,地下,美濃區,上興街184號對面,120.526284944674,22.8797258344785
9528,美濃分隊,地下,美濃區,上興街35巷17-5號前,120.53164,22.872779
9529,美濃分隊,地下,美濃區,上興街35巷35號,120.52982,22.871527
9530,美濃分隊,地下,美濃區,上興街35巷9號前,120.5321,22.874875
9531,美濃分隊,地下,美濃區,大埤頭150之13號,120.574179847885,22.9246718771954
9532,美濃分隊,地下,美濃區,大埤頭36-3號前,120.57628,22.924162
9533,美濃分隊,地下,美濃區,中山路一段359號旁,120.532650423596,22.9021530276626
9534,美濃分隊,地下,美濃區,中山路一段367巷27號前,120.53261,22.901273
9535,美濃分隊,地下,美濃區,中山路二段176號對面,120.524397379406,22.8990072588363
9536,美濃分隊,地下,美濃區,中山路二段206號對面,120.523415690907,22.8984933252472
9537,美濃分隊,地下,美濃區,中山路二段421巷36號往東20公尺,120.517154932022,22.8948812332753
9538,美濃分隊,地下,美濃區,中正路一段108號前,120.542932801992,22.8977535314807
9539,美濃分隊,地下,美濃區,中正路一段136巷口,120.543801139357,22.8964311906096
9540,美濃分隊,地下,美濃區,中正路二段299號前,120.534076123596,22.8856480042935
9541,美濃分隊,地下,美濃區,中正路二段362號對面與和平街口旁,120.534087339287,22.8822591897347
9542,美濃分隊,地下,美濃區,中正路二段461號前,120.535747139812,22.8772510380003
9543,美濃分隊,地下,美濃區,中正路二段559號前,120.536447618385,22.8733666648675
9544,美濃分隊,地下,美濃區,中正路二段673號土地公前,120.53697772209,22.8707603010393
9545,美濃分隊,地下,美濃區,中正路二段775號旁,120.536613076057,22.8679696545318
9546,美濃分隊,地下,美濃區,中正路二段869號旁,120.536116236771,22.864937427554
9547,美濃分隊,地下,美濃區,中正路三段180號南隆塑膠前,120.535986528836,22.8600274944593
9548,美濃分隊,地下,美濃區,中正路三段36號前,120.535984203704,22.864022144021
9549,美濃分隊,地下,美濃區,中正路三段375號右上角,120.534699309193,22.8559322048431
9550,美濃分隊,地下,美濃區,中正路三段712-1號對面,120.532196760178,22.8471201233284
9551,美濃分隊,地下,美濃區,中正路三段828號對面,120.532507896423,22.8423841218488
9552,美濃分隊,地下,美濃區,中華路60號與龍肚街口,120.570318169312,22.8783197179665
9553,美濃分隊,地下,美濃區,中華路74巷8號旁,120.574461457672,22.8761795528084
9554,美濃分隊,地下,美濃區,中華路7之80號前,120.560567466904,22.8775834189836
9555,美濃分隊,地下,美濃區,中興路2段750號往西100公尺,120.511790513992,22.885733634507
9556,美濃分隊,地下,美濃區,中興路一段137號﹝陶藝坊﹞對面往東30公尺,120.547820673433,22.8824066561207
9557,美濃分隊,地下,美濃區,中興路一段175號旁,120.544708601189,22.8841893082688
9558,美濃分隊,地下,美濃區,中興路一段1號前,120.557587396338,22.8821808506742
9559,美濃分隊,地下,美濃區,中興路一段218號斜對面,120.543129554561,22.8845249828434
9560,美濃分隊,地下,美濃區,中興路一段276號斜對面,120.541686373016,22.8848154673707
9561,美濃分隊,地下,美濃區,中興路一段309號前,120.53947946627,22.8851833470238
9562,美濃分隊,地下,美濃區,中興路二段275之50號往東15公尺,120.517496449985,22.8862033071315
9563,美濃分隊,地下,美濃區,中興路二段275號旗美商工入口旁,120.519784915344,22.8862344399456
9564,美濃分隊,地下,美濃區,中興路二段606號對面往東20公尺產業道路口旁,120.51509630118,22.8860843442305
9565,美濃分隊,地下,美濃區,中興路二段616號往西50公尺,120.51383,22.886027
9566,美濃分隊,地下,美濃區,中興路二段69號旁,120.52213,22.886296
9567,美濃分隊,地下,美濃區,中興路二段750號﹝客家粄條店﹞對面往西30公尺,120.512534791572,22.8856444939092
9568,美濃分隊,地下,美濃區,中興路二段830號對面,120.510118148827,22.8853890104029
9569,美濃分隊,地下,美濃區,中興路二段868號前,120.50882,22.885407
9570,美濃分隊,地下,美濃區,中興路二段905號（往美濃方向）,120.508186958336,22.8851764975392
9571,美濃分隊,地下,美濃區,五穀街35號前,120.544156381615,22.8647684148878
9572,美濃分隊,地下,美濃區,文化路6巷18號前（清水宮內）,120.57249,22.882809
9573,美濃分隊,地下,美濃區,外六寮4-2號對面,120.53338766098,22.8362933222268
9574,美濃分隊,地下,美濃區,外六寮500號高雄農場前,120.531327724457,22.8326841970444
9575,美濃分隊,地下,美濃區,民生路95號前,120.54046869278,22.9007075022304
9576,美濃分隊,地下,美濃區,民族路109巷路口,120.565064564556,22.9139875155807
9577,美濃分隊,地下,美濃區,民族路111巷5號廣德社區前,120.565453,22.914351
9578,美濃分隊,地下,美濃區,民權路66-5號（人字山莊民宿前）,120.55269,22.913071
9579,美濃分隊,地下,美濃區,永安街345號橋旁,120.537001362843,22.8988882769872
9580,美濃分隊,地下,美濃區,永安路135號前,120.544782663754,22.8986783172642
9581,美濃分隊,地下,美濃區,永安路177號前,120.543815709332,22.8993092135271
9582,美濃分隊,地下,美濃區,永安路299-1號,120.538354805279,22.8990036675433
9583,美濃分隊,地下,美濃區,永安路95號前,120.546075488499,22.8980902570514
9584,美濃分隊,地下,美濃區,永華街40號前,120.525500568262,22.8779856606036
9585,美濃分隊,地下,美濃區,永華街56號前,120.524416955819,22.8779658909011
9586,美濃分隊,地下,美濃區,光明路100巷8號前（美濃農會大昌倉庫前）,120.519208,22.875599
9587,美濃分隊,地下,美濃區,光明路16-26號對面（雙興橋前）,120.528054,22.883422
9588,美濃分隊,地下,美濃區,光復街31號前,120.537902559664,22.8701981366924
9589,美濃分隊,地下,美濃區,成功路212之1號前（萊爾富停車場前）,120.54946,22.892951
9590,美濃分隊,地下,美濃區,成功路2號旁,120.542824412512,22.8962163499368
9591,美濃分隊,地下,美濃區,成功路312號門口高美醫專下坡處,120.551804484795,22.8871802161385
9592,美濃分隊,地下,美濃區,自強街2段60巷口,120.546777248383,22.9028027235231
9593,美濃分隊,地下,美濃區,自強街一段141號,120.536634271658,22.9037575887554
9594,美濃分隊,地下,美濃區,自強街一段71號前,120.534408038176,22.9031250769841
9595,美濃分隊,地下,美濃區,自強路二段118號與泰中路口,120.546955556679,22.9022047256743
9596,美濃分隊,地下,美濃區,自強路二段168號往南10公尺,120.547078938293,22.9007024881998
9597,美濃分隊,地下,美濃區,和平街22-3號,120.5433474,22.8727216
9598,美濃分隊,地下,美濃區,和平街25號前,120.543501,22.875235
9599,美濃分隊,地下,美濃區,和平街31號前,120.542157,22.8738331
9600,美濃分隊,地下,美濃區,和平街33之8號左側50公尺,120.5407574,22.8703951
9601,美濃分隊,地下,美濃區,和平街40號前,120.537901,22.8721801
9602,美濃分隊,地下,美濃區,和興路15號旁,120.524179885783,22.857566556832
9603,美濃分隊,地下,美濃區,忠孝路一段16號前,120.530308866162,22.8849358659999
9604,美濃分隊,地下,美濃區,忠孝路一段19號中壇國小左側,120.530200423279,22.8835896475878
9605,美濃分隊,地下,美濃區,忠孝路一段231號前,120.5286622748,22.8796155864514
9606,美濃分隊,地下,美濃區,忠孝路一段327號德興社區活動中心前,120.52682735886,22.8777003330053
9607,美濃分隊,地下,美濃區,忠孝路一段370號與興南街路口,120.526224076057,22.876997697233
9608,美濃分隊,地下,美濃區,忠孝路一段405巷8號,120.52717,22.875944
9609,美濃分隊,地下,美濃區,忠孝路一段442巷22號,120.52519,22.876155
9610,美濃分隊,地下,美濃區,忠孝路二段36號巷口,120.522534498039,22.8683740607817
9611,美濃分隊,地下,美濃區,忠孝路二段38巷2號前,120.52182617791,22.8685452861581
9612,美濃分隊,地下,美濃區,忠孝路二段48號之6前,120.521584996048,22.8656258500543
9613,美濃分隊,地下,美濃區,忠孝路二段77之20號對面,120.519717813492,22.8586884312829
9614,美濃分隊,地下,美濃區,泰安路103號電信局前,120.540171813492,22.9020774613586
9615,美濃分隊,地下,美濃區,泰安路495-1號旁,120.548875492065,22.9043014883364
9616,美濃分隊,地下,美濃區,泰安路63號與美興街口,120.539217076057,22.9018847534331
9617,美濃分隊,地下,美濃區,復興街一段25號前,120.53725,22.884454
9618,美濃分隊,地下,美濃區,圓山街2號前,120.551489312225,22.9169870526095
9619,美濃分隊,地下,美濃區,新興街107號前,120.529316113352,22.8872831841739
9620,美濃分隊,地下,美濃區,新興街25號前,120.533828965607,22.8869511894018
9621,美濃分隊,地下,美濃區,新興街45號前,120.531585262179,22.8873622575393
9622,美濃分隊,地下,美濃區,新興街92號祿興活動中心路口,120.530244472847,22.8872704780658
9623,美濃分隊,地下,美濃區,獅山街18號前,120.566687500664,22.8765402859705
9624,美濃分隊,地下,美濃區,獅山街23號前,120.570480235443,22.8727417704662
9625,美濃分隊,地下,美濃區,獅山街40-8號,120.563078,22.872351
9626,美濃分隊,地下,美濃區,獅山街5號旁,120.5701025,22.877475172138
9627,美濃分隊,地下,美濃區,獅山街80號右側與十全街口,120.566396746033,22.8659807870338
9628,美濃分隊,地下,美濃區,福安街15巷10號前,120.52405,22.894249
9629,美濃分隊,地下,美濃區,福安街15巷丁字路口,120.523519102902,22.8958602763909
9630,美濃分隊,地下,美濃區,福安街41巷7號旁,120.521616352115,22.8931932565755
9631,美濃分隊,地下,美濃區,福安街41巷丁字路口,120.521077228103,22.8945300262444
9632,美濃分隊,地下,美濃區,福安街8號前,120.524904941139,22.897646302256
9633,美濃分隊,地下,美濃區,福美路132號與雙峰街交叉口,120.540277746033,22.9100157049095
9634,美濃分隊,地下,美濃區,福美路294號廣善堂前100公尺水圳橋旁,120.530155117946,22.9055065955716
9635,美濃分隊,地下,美濃區,福美路622號前,120.5109,22.898634
9636,美濃分隊,地下,美濃區,福美路645號往西20公尺處,120.508043,22.89637
9637,美濃分隊,地下,美濃區,福美路86巷51號左前方,120.54426,22.912528
9638,美濃分隊,地下,美濃區,廣九街19之1號,120.57841,22.918198
9639,美濃分隊,地下,美濃區,廣福街39號旁,120.580173474869,22.9099235301016
9640,美濃分隊,地下,美濃區,廣福街86-6號旁,120.580056743378,22.912343706197
9641,美濃分隊,地下,美濃區,廣興街145巷1號前,120.561371880951,22.9157852904769
9642,美濃分隊,地下,美濃區,廣興街242號前,120.565788262566,22.9167562826454
9643,美濃分隊,地下,美濃區,興隆二街88號旁,120.564863880951,22.9207803875018
9644,美濃分隊,地下,美濃區,興隆三街70巷口,120.5586895,22.916778
9645,美濃分隊,地下,美濃區,興隆三街福慧寺停車場前,120.335701,22.552073
9646,美濃分隊,地下,美濃區,龍肚街55號與文化街交叉口,120.573225786508,22.8822827154627
9647,美濃分隊,地下,美濃區,龍東街39號前與茶頂街口,120.578553457672,22.8853663387485
9648,美濃分隊,地下,美濃區,龍東街52巷1號巷口,120.579071573541,22.8875263668099
9649,美濃分隊,地下,美濃區,龍東街65-1號前,120.579756796296,22.8893015487587
9650,美濃分隊,地下,美濃區,龍東街89-6號前,120.579783449074,22.893716255656
9651,美濃分隊,地下,美濃區,龍東街8號與光明街口,120.575826972878,22.8820162049214
9652,美濃分隊,地下,美濃區,龍蘭街5號正對面,120.5774,22.881405
9653,美濃分隊,地下,美濃區,龜山街20號前50公尺,120.5693,22.855004
9654,美濃分隊,地下,美濃區,環湖路85號前叉路口,120.55388,22.911395
9655,美濃分隊,地下,美濃區,雙峰街19號,120.5405,22.908954
9656,美濃分隊,地下,美濃區,雙峰街19號往北20公尺,120.540376720238,22.909505167923
9657,甲仙分隊,地下,甲仙區,小林里五里路16巷6號前,120.632683,23.146793
9658,甲仙分隊,地下,甲仙區,小林里五里路24-2號（小林國小）後方,120.632783,23.147892
9659,甲仙分隊,地下,甲仙區,小林里五里路5號前,120.62857,23.146668
9660,甲仙分隊,地下,甲仙區,小林里五里路8巷3號前,120.630475,23.145877
9661,甲仙分隊,地下,甲仙區,小林路18號前,120.637,23.1513055555556
9662,甲仙分隊,地下,甲仙區,小林路1號旁,120.634916666667,23.15025
9663,甲仙分隊,地下,甲仙區,中正路243號前（龍寶宮）,120.588472222222,23.0875555555556
9664,甲仙分隊,地下,甲仙區,中正路與中山路口,120.588207319379,23.0838738968844
9665,甲仙分隊,地下,甲仙區,中正路與林森路口,120.588472222222,23.0826388888889
9666,甲仙分隊,地下,甲仙區,中正路與復興路口,120.587944444444,23.0847777777778
9667,甲仙分隊,地下,甲仙區,中園路19號前,120.565722222222,23.0594166666667
9668,甲仙分隊,地下,甲仙區,中園路大田衛生室前,120.567555555556,23.05975
9669,甲仙分隊,地下,甲仙區,五里路1巷2號前,120.624435,23.142373
9670,甲仙分隊,地下,甲仙區,五里路8巷6號前,120.630715,23.146055
9671,甲仙分隊,地下,甲仙區,五里路小林村紀念公園前,120.640055555556,23.1541944444444
9672,甲仙分隊,地下,甲仙區,仁愛路41號前,120.581833333333,23.07775
9673,甲仙分隊,地下,甲仙區,公園路二街2號前,120.5915,23.0822222222222
9674,甲仙分隊,地下,甲仙區,文化路與和安街口,120.589666666667,23.082
9675,甲仙分隊,地下,甲仙區,文化路與忠孝路口（甲仙大橋前）,120.587111111111,23.0814166666667
9676,甲仙分隊,地下,甲仙區,台29線37.6K附近（第四公墓前）,120.5764619,23.0671509
9677,甲仙分隊,地下,甲仙區,光華路106巷口,120.557795763016,23.0507882253687
9678,甲仙分隊,地下,甲仙區,西拉雅路2巷18號前,120.635722222222,23.1501944444444
9679,甲仙分隊,地下,甲仙區,西拉雅路2巷26號旁T字路口,120.636305555556,23.1498333333333
9680,甲仙分隊,地下,甲仙區,西拉雅路2巷3弄18號旁（十字路口）,120.636416666667,23.15075
9681,甲仙分隊,地下,甲仙區,和安街100號對面,120.589,23.0847777777778
9682,甲仙分隊,地下,甲仙區,和安街志成鐘錶行前,120.589527777778,23.0828888888889
9683,甲仙分隊,地下,甲仙區,和安街與中山路口,120.589111111111,23.0838611111111
9684,甲仙分隊,地下,甲仙區,和安橋前,120.589583333333,23.0848611111111
9685,甲仙分隊,地下,甲仙區,忠孝路與林森路口,120.587027777778,23.0826111111111
9686,甲仙分隊,地下,甲仙區,忠孝路與復興路口,120.587027777778,23.0849444444444
9687,甲仙分隊,地下,甲仙區,林森路9巷9號前路口旁,120.590138888889,23.0826111111111
9688,甲仙分隊,地下,甲仙區,新興路心意卡拉OK前,120.581444444444,23.0751666666667
9689,那瑪夏分隊,地下,那瑪夏區,民生國小大門口旁,120.720501,23.276477
9690,那瑪夏分隊,地下,那瑪夏區,那瑪夏區達卡努瓦里伊比加油站前,120.71943,23.273772
9691,杉林分隊,地下,杉林區,上平里山仙路107號,120.542002777778,22.9750277777778
9692,杉林分隊,地下,杉林區,上平里山仙路195號（近上平國小）,120.543175,22.9767777777778
9693,杉林分隊,地下,杉林區,上平里山仙路49號,120.541155555556,22.9740277777778
9694,杉林分隊,地下,杉林區,大愛路45號,120.544972222222,22.9656055555556
9695,杉林分隊,地下,杉林區,山仙路149號前,120.542486111111,22.9758777777778
9696,杉林分隊,地下,杉林區,山仙路302號,120.553761111111,22.9814833333333
9697,杉林分隊,地下,杉林區,山仙路與忠義路交叉口,120.552738888889,22.9808666666667
9698,杉林分隊,地下,杉林區,公明巷20號前,120.526269444444,22.9552277777778
9699,杉林分隊,地下,杉林區,公明巷25號內20公尺處,120.525686111111,22.9568638888889
9700,杉林分隊,地下,杉林區,日光一街尾（20號草皮旁）,120.554486111111,22.9801611111111
9701,杉林分隊,地下,杉林區,日光二街1號旁（籃球場前）,120.552444444444,22.9802166666667
9702,杉林分隊,地下,杉林區,日光小林活動中心前（十字路口）,120.553366666667,22.9800833333333
9703,杉林分隊,地下,杉林區,月眉里清水路269號（電力公司前）,120.535958333333,22.9700638888889
9704,杉林分隊,地下,杉林區,月眉里清水路283-3號前（杉都餐館前）,120.5368,22.9701611111111
9705,杉林分隊,地下,杉林區,月眉里清水路64號（三叉路口17103）,120.533086111111,22.9657611111111
9706,杉林分隊,地下,杉林區,月眉里清水路與中學巷交叉路口,120.538566666667,22.9707361111111
9707,杉林分隊,地下,杉林區,月眉里新開橋旁,120.532422222222,22.9456472222222
9708,杉林分隊,地下,杉林區,木梓里茄苳巷152號（茄興派出所前）,120.543744444444,23.0209166666667
9709,杉林分隊,地下,杉林區,木梓里茄苳巷16-7號,120.554988888889,23.0168694444444
9710,杉林分隊,地下,杉林區,木梓里茄苳巷41號（廢木梓國小前）,120.546280555556,23.019525
9711,杉林分隊,地下,杉林區,永齡農場側門入口處,120.545747222222,22.9738583333333
9712,杉林分隊,地下,杉林區,合心路1號前,120.539277777778,22.9629083333333
9713,杉林分隊,地下,杉林區,合心路200號前,120.544919444444,22.9667027777778
9714,杉林分隊,地下,杉林區,合心路63號,120.542313888889,22.9651777777778
9715,杉林分隊,地下,杉林區,合森巷10-1號前,120.547095,22.998636
9716,杉林分隊,地下,杉林區,杉林里合森巷100-1號,120.550522222222,22.9989944444444
9717,杉林分隊,地下,杉林區,杉林里合森巷129號（杉林角客運站牌旁10901）,120.558008333333,23.0028055555556
9718,杉林分隊,地下,杉林區,杉林里合森巷94號,120.55015,22.9988055555556
9719,杉林分隊,地下,杉林區,協力街35號,120.541733333333,22.9632027777778
9720,杉林分隊,地下,杉林區,和氣街2號前,120.538541666667,22.9637333333333
9721,杉林分隊,地下,杉林區,和氣街50號前（大愛國小）,120.540094444444,22.9649
9722,杉林分隊,地下,杉林區,忠義路60號右方前,120.554522222222,22.9792027777778
9723,杉林分隊,地下,杉林區,忠義路92號右前方,120.556102777778,22.97815
9724,杉林分隊,地下,杉林區,忠義路尾（140號左前方草皮內）,120.557277777778,22.9773305555556
9725,杉林分隊,地下,杉林區,桐竹路221號,120.527747222222,22.9446277777778
9726,杉林分隊,地下,杉林區,桐竹路242之20號（田莊民宿前）,120.529852777778,22.9508138888889
9727,杉林分隊,地下,杉林區,清水路9號,120.527333333333,22.9617722222222
9728,杉林分隊,地下,杉林區,清水路田中巷8號,120.532588888889,22.9659361111111
9729,杉林分隊,地下,杉林區,清水路路西巷8號後面,120.531972222222,22.9676277777778
9730,六龜分隊,地下,六龜區,三民路122號（危險注意）,120.60026,22.877521
9731,六龜分隊,地下,六龜區,土瓏38之30號（東溪大橋旁）,120.654455,23.006429
9732,六龜分隊,地下,六龜區,土?1號-1對面,120.645488,23.001397
9733,六龜分隊,地下,六龜區,中庄167號前（台電旁）,120.642977,22.99437
9734,六龜分隊,地下,六龜區,中庄245號（地下式）,120.643188,22.997732
9735,六龜分隊,地下,六龜區,中庄262之1號,120.644093,22.999196
9736,六龜分隊,地下,六龜區,中庄290之6號,120.645006,23.000607
9737,六龜分隊,地下,六龜區,中庄85旁,120.642958,22.995558
9738,六龜分隊,地下,六龜區,中庄90之1號,120.643029,22.996498
9739,六龜分隊,地下,六龜區,六龜國小前,120.634583,22.996644
9740,六龜分隊,地下,六龜區,六龜國中前,120.635446,22.993683
9741,六龜分隊,地下,六龜區,太平路103號,120.637362,22.995395
9742,六龜分隊,地下,六龜區,太平路40號,120.636017,22.995547
9743,六龜分隊,地下,六龜區,加油站前,120.636167,22.99139
9744,六龜分隊,地下,六龜區,民生路38號,120.633989,22.998607
9745,六龜分隊,地下,六龜區,民生路74號,120.633997,22.999671
9746,六龜分隊,地下,六龜區,光復路153號前,120.635282,22.99456
9747,六龜分隊,地下,六龜區,光復路378號前,120.636593,22.990274
9748,六龜分隊,地下,六龜區,光復路98號（滿上滿五金）,120.634966,22.995686
9749,六龜分隊,地下,六龜區,光華街24號前（平和巷3-3號對面）,120.63549,22.997234
9750,六龜分隊,地下,六龜區,尾庄103-28號,120.649285,22.989271
9751,六龜分隊,地下,六龜區,尾庄103-37號,120.648605,22.989647
9752,六龜分隊,地下,六龜區,忠義街底公園旁,120.637618,22.99309
9753,六龜分隊,地下,六龜區,河邊巷5號,120.638261,22.995022
9754,六龜分隊,地下,六龜區,紅水坑37-1號（聖天宮旁）,120.644465,23.01182
9755,六龜分隊,地下,六龜區,復興巷8號,120.6425,22.9636111111111
9756,六龜分隊,地下,六龜區,華中街5號,120.63563,22.998642
9757,六龜分隊,地下,六龜區,新威177號（彌勒家園最裡面那隻）,120.613403,22.901947
9758,六龜分隊,地下,六龜區,新威282號,120.630626,22.90395
9759,六龜分隊,地下,六龜區,新威村二坡路省道台27甲線約10.8KM處（土地公廟旁）,120.639709,22.918711
9760,六龜分隊,地下,六龜區,新威派出所前,120.628962,22.902625
9761,六龜分隊,地下,六龜區,新威路53號前,120.63267,22.906601
9762,六龜分隊,地下,六龜區,新發里和平路235-1號旁,120.665404,23.035487
9763,六龜分隊,地下,六龜區,新發里和平路302-11對面（路標下）,120.667491,23.042658
9764,六龜分隊,地下,六龜區,新發里和平路31號旁,120.663623,23.027753
9765,六龜分隊,地下,六龜區,新寮88號,120.608333333333,22.8838888888889
9766,六龜分隊,地下,六龜區,新寮三民路53號前,120.613589,22.880246
9767,六龜分隊,地下,六龜區,新寮巡守隊前20公尺,120.614926,22.88107
9768,六龜分隊,地下,六龜區,獅山橋前,120.661718,23.021451
9769,六龜分隊,地下,六龜區,維新、四維巷口,120.637368,22.99485
9770,六龜分隊,地下,六龜區,彌勒家園前,120.617888,22.898662
9771,六龜分隊,地下,六龜區,舊庄巷帝安宮旁,120.63592,22.980906
9772,寶來分隊,地下,六龜區,台27線2.4公里處(水冬瓜路段),120.667386525778,23.0565257845325
9773,寶來分隊,地下,六龜區,荖濃里水冬瓜9-1號,120.667555027756,23.0519513728038
9774,寶來分隊,地下,六龜區,荖濃里頂濃路30號,120.679603510651,23.0863316460363
9775,寶來分隊,地下,六龜區,頂濃路100巷（觀溪木屋前）,120.688847222222,23.0869944444444
9776,寶來分隊,地下,六龜區,勝利街69號,120.69934129715,23.1059869604518
9777,茂林分隊,地下,茂林區,多納里46號前,120.716272,22.911022
9778,茂林分隊,地下,茂林區,多納里辦公室前,120.715455,22.910366
9779,茂林分隊,地下,茂林區,茂林代表會前,120.663734,22.886214
9780,茂林分隊,地下,茂林區,茂林里113號前,120.6665191,22.886774
9781,茂林分隊,地下,茂林區,茂林里1巷91-2號旁,120.665029,22.885923
9782,茂林分隊,地下,茂林區,茂林里38號前(菊豐商店),120.665113,22.886695
9783,茂林分隊,地下,茂林區,茂林里外環道（長老教會上方）,120.666191,22.887345
9784,茂林分隊,地下,茂林區,茂林里外環道（農會餐廳上方）,120.663838,22.887491
