Seq,單位名稱,種類,區鄉鎮市名稱,消防栓位置,經度,緯度
1,新興分隊,地上,新興區,七賢一路、仁愛ㄧ街口(西南角),120.307601554235,22.6341469694546
2,新興分隊,地上,新興區,七賢一路、民族二路口(西南),120.313266293818,22.6337392592218
3,新興分隊,地上,新興區,七賢一路、和平一路口(西南),120.31667278621,22.633575034428
4,新興分隊,地上,新興區,七賢一路、尚仁街口(東北),120.315180748264,22.6337662378746
5,新興分隊,地上,新興區,七賢一路、忠孝一路(西南角),120.306216958086,22.6342378409437
6,新興分隊,地上,新興區,七賢一路、南華路(東南角),120.303310366539,22.6344080519817
7,新興分隊,地上,新興區,七賢一路、復興一路口(西北),120.308404227019,22.6340962920676
8,新興分隊,地上,新興區,七賢一路457號前,120.304828438904,22.6343276171898
9,新興分隊,地上,新興區,七賢一路98號前,120.314473563326,22.6338190309567
10,新興分隊,地上,新興區,七賢一路與洛陽街(東南),120.309281634359,22.6340237109245
11,新興分隊,地上,新興區,七賢一路與復興一路口(東南),120.308433385758,22.6340874583884
12,新興分隊,地上,新興區,七賢一路與錦田路口(西北),120.310478072338,22.6339429839982
13,新興分隊,地上,新興區,七賢一路與錦田路口(西南),120.310525508789,22.6339339692993
14,新興分隊,地上,新興區,七賢二路、中山一路口（西南）,120.302038136906,22.6345143431058
15,新興分隊,地上,新興區,七賢二路、民主橫路口(東南),120.301347129796,22.6345676775125
16,新興分隊,地上,新興區,七賢二路、同愛街口(西),120.300475104994,22.6348013690467
17,新興分隊,地上,新興區,七賢二路、南台路口(西南),120.29912970172,22.6341824661569
18,新興分隊,地上,新興區,八德一路、忠孝一路(西南角),120.306462411629,22.6356737298919
19,新興分隊,地上,新興區,八德一路、復興一路口(西南),120.308523553902,22.6355257028282
20,新興分隊,地上,新興區,八德一路與錦田路(西南),120.310694074737,22.6353867410707
21,新興分隊,地上,新興區,大同一路、自立二路口,120.299956952259,22.6286181887623
22,新興分隊,地上,新興區,大同一路、新盛二街口,120.297532040271,22.6277672287553
23,新興分隊,地上,新興區,大同一路、瑞源路口,120.298678684625,22.6281806772043
24,新興分隊,地上,新興區,中山一路146號,120.302297557043,22.631932592236
25,新興分隊,地上,新興區,中山一路14號前,120.301538036625,22.6263383594944
26,新興分隊,地上,新興區,中山一路61號前,120.301643781003,22.629738997465
27,新興分隊,地上,新興區,中山一路新興分局前,120.301948383186,22.630736928908
28,新興分隊,地上,新興區,中山橫路、中山一路口,120.301587970167,22.631947756088
29,新興分隊,地上,新興區,中正二路、和平一路口(西北),120.317709967428,22.6303523723724
30,新興分隊,地上,新興區,中正三路、林森一路口(西南),120.304709782574,22.6311304449674
31,新興分隊,地上,新興區,中正三路、復興一路口(東南)--國泰世華銀行旁,120.308173425235,22.6308758790371
32,新興分隊,地上,新興區,中正三路、錦田路口(南),120.310275606551,22.630721457977
33,新興分隊,地上,新興區,中正三路10號前（上）,120.312389174025,22.6307427941352
34,新興分隊,地上,新興區,中正三路3號,120.311137547784,22.6306631296978
35,新興分隊,地上,新興區,中正三路與錦田路口(西北)--新興區公所旁,120.310296393671,22.6308922804626
36,新興分隊,地上,新興區,中正三路與錦田路捷運o6站出口,120.310504935421,22.6308730938892
37,新興分隊,地上,新興區,中正四路、南台路口,120.300396457143,22.6309360189351
38,新興分隊,地上,新興區,五福一路、民權一路口(東北),120.31112732917,22.6265365793685
39,新興分隊,地上,新興區,五福二路(雄商公車站旁),120.310315328705,22.6261510437943
40,新興分隊,地上,新興區,五福二路、中山一路口(東北),120.301032134961,22.6232500249759
41,新興分隊,地上,新興區,五福二路、仁智街口(西南),120.301765808119,22.6233108081839
42,新興分隊,地上,新興區,五福二路、文橫ㄧ路口(東北),120.30350608511,22.623983204106
43,新興分隊,地上,新興區,五福二路、文橫二路口(東南),120.303580969951,22.623866560396
44,新興分隊,地上,新興區,五福二路、忠孝一路口(西南),120.306246897942,22.6248009883708
45,新興分隊,地上,新興區,五福二路、林森一路口(西南),120.304841144966,22.6243327988051
46,新興分隊,地上,新興區,五福二路、復興一路口（西南）（上）,120.308146114541,22.6254203158551
47,新興分隊,地上,新興區,五福二路、復興一路口(東南),120.308452205936,22.6255232956002
48,新興分隊,地上,新興區,五福二路100號前,120.307994735863,22.6254852200891
49,新興分隊,地上,新興區,五福二路142號前,120.306877104084,22.6250995008529
50,新興分隊,地上,新興區,五福二路45號前,120.307364799149,22.6251755665499
51,新興分隊,地上,新興區,六合路、民族二路口(東北),120.313601823661,22.6322456259372
52,新興分隊,地上,新興區,民生一路、仁愛一街口,120.307054885004,22.6272705973832
53,新興分隊,地上,新興區,民生一路、達仁街口,120.308724473785,22.6277287257631
54,新興分隊,地上,新興區,民生一路222巷口,120.307501341105,22.6276757779781
55,新興分隊,地上,新興區,民生二路、大同一路229巷口,120.29978775084,22.6269645758635
56,新興分隊,地上,新興區,民生二路、新盛二街口,120.298340699076,22.6264749939668
57,新興分隊,地上,新興區,民族二路105巷、民族二路口,120.3132235162,22.6326326264106
58,新興分隊,地上,新興區,民族二路81巷、民族二路口,120.313158519758,22.6318188777382
59,新興分隊,地上,新興區,民權一路、民權街口,120.311579494874,22.6240550867791
60,新興分隊,地上,新興區,玉竹一街、中山一路,120.301428266618,22.625343257019
61,新興分隊,地上,新興區,玉竹二街、中山一路口,120.301284198165,22.624173643832
62,新興分隊,地上,新興區,尚文街、民族二路口,120.313865989831,22.6353249966433
63,新興分隊,地上,新興區,尚義街154巷口、和平一路口,120.317173087054,22.6323647512049
64,新興分隊,地上,新興區,河南路、民族二路口(東南),120.313905937831,22.6363479691068
65,新興分隊,地上,新興區,復興一路、民生一路口（東南）（上）,120.307877421409,22.6272835300588
66,新興分隊,地上,新興區,復興一路、復橫一路(東南),120.308041036159,22.6293229153526
67,新興分隊,地上,新興區,黃海街50號前,120.311658630042,22.6295683656095
68,前金分隊,地上,前金區,七賢二路、中華三路口,120.294777572785,22.6327635323784
69,前金分隊,地上,前金區,七賢二路、成功一路口,120.290936394248,22.631551875291
70,前金分隊,地上,前金區,七賢二路、自立一路口,120.297813059989,22.6338010341646
71,前金分隊,地上,前金區,七賢二路、新盛一街,120.295580363472,22.6331681822139
72,前金分隊,地上,前金區,七賢二路、新盛一街口,120.29553577106,22.6330701786881
73,前金分隊,地上,前金區,七賢二路、瑞源路口,120.296504968416,22.6334079881284
74,前金分隊,地上,前金區,七賢二路120號,120.297580961971,22.6338363528508
75,前金分隊,地上,前金區,七賢二路160號,120.296452419643,22.6334520173452
76,前金分隊,地上,前金區,七賢二路176號前,120.296058709822,22.6333210826535
77,前金分隊,地上,前金區,七賢二路203號,120.293805501569,22.6324890146061
78,前金分隊,地上,前金區,七賢二路220號,120.294380636736,22.6327570566748
79,前金分隊,地上,前金區,七賢二路227號、補習班,120.293122912863,22.6321881836267
80,前金分隊,地上,前金區,七賢二路235號前,120.292499999605,22.6320760321866
81,前金分隊,地上,前金區,七賢二路256號,120.292532230077,22.6321357328629
82,前金分隊,地上,前金區,七賢二路267號、日盛證券前,120.291683519518,22.6317910502894
83,前金分隊,地上,前金區,七賢二路315號,120.290253543498,22.6313283816135
84,前金分隊,地上,前金區,七賢二路320號,120.290979573016,22.6316185567552
85,前金分隊,地上,前金區,七賢二路380號、市中一路口,120.289279950314,22.6310434729485
86,前金分隊,地上,前金區,七賢二路394號人行道,120.288874,22.631019
87,前金分隊,地上,前金區,七賢二路419號前,120.287296041824,22.6303432453761
88,前金分隊,地上,前金區,七賢二路426號,120.287833244792,22.6305608369733
89,前金分隊,地上,前金區,七賢二路與文武一街,120.293737015327,22.6325443180936
90,前金分隊,地上,前金區,大同二路、市中一路西北角,120.291223174022,22.6257302617028
91,前金分隊,地上,前金區,大同二路、自強二路,120.294654879784,22.6269050453199
92,前金分隊,地上,前金區,大同二路、河東路口,120.289897631813,22.6252235149298
93,前金分隊,地上,前金區,大同二路20號,120.295787249562,22.6272233526986
94,前金分隊,地上,前金區,大同二路76號,120.293017137489,22.6263065908294
95,前金分隊,地上,前金區,中山二路捷運中央公園站北側,120.301193194154,22.6259108248847
96,前金分隊,地上,前金區,中山二路捷運中央公園站南側,120.301078647614,22.6242520563918
97,前金分隊,地上,前金區,中正四路、中華三路西南角,120.29553209182,22.6291424629432
98,前金分隊,地上,前金區,中正四路、成功一路口東北側,120.292264994673,22.6281848098186
99,前金分隊,地上,前金區,中正四路、新盛一街口,120.296707229538,22.6296952842818
100,前金分隊,地上,前金區,中正四路、瑞源路口東北側地上式,120.29801465483,22.6301533068031
101,前金分隊,地上,前金區,中正四路172號,120.295040167045,22.6291400806044
102,前金分隊,地上,前金區,中正四路175之2號,120.294484359271,22.628813406955
103,前金分隊,地上,前金區,中正四路211號,120.293077077089,22.6283362662224
104,前金分隊,地上,前金區,中正四路89號前,120.298429867493,22.6301039032418
105,前金分隊,地上,前金區,中正四路捷運2號出口,120.293508261786,22.6285259587912
106,前金分隊,地上,前金區,中正四路與中華三路（東南邊花圃）,120.29613188677,22.629117997682
107,前金分隊,地上,前金區,中華三路、五福三路,120.298641121815,22.6225698068583
108,前金分隊,地上,前金區,中華三路、民生二路51號,120.29709665202,22.6255799636322
109,前金分隊,地上,前金區,中華三路100號,120.296278462879,22.6286814515821
110,前金分隊,地上,前金區,中華三路125號前,120.295717419114,22.6297692711168
111,前金分隊,地上,前金區,中華三路126號前,120.295778976687,22.629839498854
112,前金分隊,地上,前金區,中華三路23-4號（鴻賓牛排館）對面,120.298070704939,22.6240843222721
113,前金分隊,地上,前金區,中華三路66號（大同醫院大門北側）,120.296828128726,22.6273480850197
114,前金分隊,地上,前金區,中華三路81號,120.29646848738,22.627478828741
115,前金分隊,地上,前金區,中華三路大同醫院大門南側,120.297131133375,22.6265036452091
116,前金分隊,地上,前金區,五福三路、仁義街口(東南角),120.300220413613,22.6228198369583
117,前金分隊,地上,前金區,五福三路21號,120.299554315309,22.6225943495893
118,前金分隊,地上,前金區,五福三路23號,120.299164073576,22.6223374776773
119,前金分隊,地上,前金區,五福三路33號,120.298910079116,22.6218272808658
120,前金分隊,地上,前金區,五福三路87號,120.295620539846,22.6212955068227
121,前金分隊,地上,前金區,六合二路前金國中大門東側,120.29085409721,22.6293696303615
122,前金分隊,地上,前金區,六合二路廉政署東側,120.292566387083,22.6298750286589
123,前金分隊,地上,前金區,六合二路與市中一路口口西側棒球場旁,120.289913595808,22.629050482522
124,前金分隊,地上,前金區,市中一路、中正四路西北角,120.290475321845,22.6275877712083
125,前金分隊,地上,前金區,市中一路、鼎盛街口七賢國中東側門,120.288851094181,22.6320036685672
126,前金分隊,地上,前金區,民生二路、文武二街口,120.296466851953,22.6253810567822
127,前金分隊,地上,前金區,民生二路、河東路口,120.290543364892,22.6234173560073
128,前金分隊,地上,前金區,民生二路137號,120.294738149608,22.6248021684382
129,前金分隊,地上,前金區,民生二路155-2號、成功一路口,120.29355660982,22.624409715455
130,前金分隊,地上,前金區,民生二路191號、市中一路口,120.292036635717,22.6239161613616
131,前金分隊,地上,前金區,民生二路89號、自強二路口,120.295447785431,22.6250666853649
132,前金分隊,地上,前金區,自立一路、中正四路口（西北側）,120.299086160392,22.6305431189287
133,前金分隊,地上,前金區,自強一路、中正四路（捷運O1出口處,120.293839747292,22.6290941300071
134,前金分隊,地上,前金區,自強一路40號,120.293542584877,22.6300290267306
135,前金分隊,地上,前金區,自強二路、民生二路西北邊（前金國小）,120.295231561397,22.6254700203099
136,前金分隊,地上,前金區,河南二路、河東路上,120.286593715105,22.6318454735552
137,前金分隊,地上,前金區,河南二路146號前,120.291467,22.633999
138,前金分隊,地上,前金區,河南二路167號,120.29032999884,22.6336251929937
139,前金分隊,地上,前金區,河南二路175號前,120.289683813492,22.6333925615562
140,前金分隊,地上,前金區,河南二路185號前,120.289115928602,22.6331917258049
141,前金分隊,地上,前金區,河南二路86號前,120.296091860119,22.635507554718
142,前金分隊,地上,前金區,青年二路12號,120.301496291419,22.6197687764477
143,前金分隊,地上,前金區,前金消防隊前,120.294054547991,22.6286597626635
144,前金分隊,地上,前金區,高雄女中校左側（靠近成功一路）,120.294989896142,22.6211608384162
145,前金分隊,地上,前金區,高雄女中校門右側、五福三路124巷口,120.292348725835,22.6207322403566
146,前金分隊,地上,前金區,瑞源路、育才街口,120.297115975228,22.6321753940484
147,前金分隊,地上,前金區,瑞源路30號,120.298345003776,22.629057898236
148,苓雅分隊,地上,苓雅區,010捷運站2號出口左前方約6公尺,120.340097,22.625245
149,苓雅分隊,地上,苓雅區,08捷運站6號出口對面,120.328622,22.629028
150,苓雅分隊,地上,苓雅區,O10捷運站1號出口前,120.340267,22.625481
151,苓雅分隊,地上,苓雅區,O10捷運站3號出口前,120.341118,22.624924
152,苓雅分隊,地上,苓雅區,二聖一路58號,120.325283,22.612016
153,苓雅分隊,地上,苓雅區,三多一路162號前,120.330746,22.622609
154,苓雅分隊,地上,苓雅區,三多一路53巷對面（三多一路、體育場路口西北側）,120.334297,22.623801
155,苓雅分隊,地上,苓雅區,三多二路、國際商工大門,120.325855,22.620993
156,苓雅分隊,地上,苓雅區,三多二路100號,120.324194,22.620429
157,苓雅分隊,地上,苓雅區,三多二路102號（三多二路、和平一路口）,120.322063,22.619947
158,苓雅分隊,地上,苓雅區,三多二路112號[和平一路、三多二路口（西北側）],120.321838,22.619674
159,苓雅分隊,地上,苓雅區,三多二路353號（光華二路．三多二路口）,120.317941,22.61816
160,苓雅分隊,地上,苓雅區,三多二路426號,120.314697,22.617457
161,苓雅分隊,地上,苓雅區,三多二路43號,120.326452,22.620988
162,苓雅分隊,地上,苓雅區,三多二路60號（褔德三路、三多一路口）,120.327823,22.621627
163,苓雅分隊,地上,苓雅區,三多三路108號（三多三路、仁愛三街口）,120.311066,22.616191
164,苓雅分隊,地上,苓雅區,大順三路117巷1號,120.325858,22.633654
165,苓雅分隊,地上,苓雅區,大順三路183號,120.326077,22.634343
166,苓雅分隊,地上,苓雅區,大順三路207號（憲政路、大順三路口）,120.326261,22.634841
167,苓雅分隊,地上,苓雅區,大順三路208號（大順三路208號右側（水族館前））,120.326175,22.633855
168,苓雅分隊,地上,苓雅區,大順三路250巷1號旁,120.326723,22.63503
169,苓雅分隊,地上,苓雅區,大順三路280號前,120.326977,22.636075
170,苓雅分隊,地上,苓雅區,大順三路49號前（大順三路47巷口）,120.323903,22.630897
171,苓雅分隊,地上,苓雅區,大順三路66號前,120.324498,22.631262
172,苓雅分隊,地上,苓雅區,中山二路282號前（捷運站前）,120.304383,22.614695
173,苓雅分隊,地上,苓雅區,中正一路120號對面（中正一路、輔仁路口（棒球場旁））,120.332477226984,22.627849976066
174,苓雅分隊,地上,苓雅區,中正一路196號,120.330751798148,22.6286267526365
175,苓雅分隊,地上,苓雅區,中正一路239巷1號前,120.327422,22.629431
176,苓雅分隊,地上,苓雅區,中正一路305號（中正一路、褔安路口）,120.324466,22.629608
177,苓雅分隊,地上,苓雅區,中正一路478號前【大順三路6號前（中正、大順）】,120.323399531248,22.6299829642148
178,苓雅分隊,地上,苓雅區,中正一路4巷3弄8-1號旁(急診室對面巷底),120.339739005944,22.6267167790138
179,苓雅分隊,地上,苓雅區,中正一路8號（中正一路中正高中大門前）,120.338681,22.626217
180,苓雅分隊,地上,苓雅區,中正一路99號（09捷運站1號出口前（公車站牌前））,120.334102463211,22.6275562156408
181,苓雅分隊,地上,苓雅區,中正一路99號（中正一路、國道南下便道路口）,120.335483130302,22.6272715044703
182,苓雅分隊,地上,苓雅區,中正二路139號（中正二路、尚義街口）,120.315243617214,22.6303972957952
183,苓雅分隊,地上,苓雅區,中正二路167號前,120.314282387732,22.6304648230163
184,苓雅分隊,地上,苓雅區,中正二路175號（民族二路、中正二路口）,120.313584,22.630364
185,苓雅分隊,地上,苓雅區,中正二路89號[中正二路、尚信街口（O7捷運站前）],120.316718,22.630122
186,苓雅分隊,地上,苓雅區,五福一路77號（五褔一路、廣州一街口）,120.315677512897,22.6279572463145
187,苓雅分隊,地上,苓雅區,五褔一路10號前,120.318346314732,22.6289637308488
188,苓雅分隊,地上,苓雅區,五褔一路60號前,120.315013,22.62792
189,苓雅分隊,地上,苓雅區,仁智街1號（三多三路、仁智街口）,120.305391433205,22.6142549935805
190,苓雅分隊,地上,苓雅區,四維二路265號（光華一路、四維二路）,120.316552979168,22.6212516793724
191,苓雅分隊,地上,苓雅區,四維三路198-4號前（四維三路、仁智街口）,120.304149177333,22.6174598679855
192,苓雅分隊,地上,苓雅區,四維三路4號（永定街、四維二路口（東北側））,120.311327207861,22.6198362504352
193,苓雅分隊,地上,苓雅區,正大路148號前,120.331835,22.633842
194,苓雅分隊,地上,苓雅區,正義路101巷99號,120.338818920884,22.6304405729158
195,苓雅分隊,地上,苓雅區,正義路180之5號（正義路、至誠路口）,120.340119243569,22.6320427504928
196,苓雅分隊,地上,苓雅區,正義路300號前,120.341894,22.633971
197,苓雅分隊,地上,苓雅區,正義路39號（建國一路、正義路口）,120.338357360783,22.6298362692491
198,苓雅分隊,地上,苓雅區,永定街93號（永定街、四維二路口（西南側））,120.311460492642,22.6194658817972
199,苓雅分隊,地上,苓雅區,光華一路148之96號前,120.314859731773,22.6259808349114
200,苓雅分隊,地上,苓雅區,光華二路402號（光華二路．林西街口）,120.318315064401,22.6170487112347
201,苓雅分隊,地上,苓雅區,行仁路24號旁,120.343403,22.626142
202,苓雅分隊,地上,苓雅區,和平一路 116 號（和平一路、林德街口）,120.32007557424,22.6249577774086
203,苓雅分隊,地上,苓雅區,和平一路116號（和平ㄧ路文化中心東側車道出口）,120.319734263143,22.6255445392246
204,苓雅分隊,地上,苓雅區,和平一路186巷口,120.318772433521,22.6283987772808
205,苓雅分隊,地上,苓雅區,和平一路270號前[和平一路、中東街口（東北側）],120.317032723296,22.6327427819451
206,苓雅分隊,地上,苓雅區,和平一路292號前旁[和平一路、七賢一路口（東南側）],120.316668674188,22.6335965582641
207,苓雅分隊,地上,苓雅區,和平二路310號,120.322655262566,22.6156740000001
208,苓雅分隊,地上,苓雅區,和平二路388號,120.322658309192,22.6154816461779
209,苓雅分隊,地上,苓雅區,和平二路427號（和平二路、林西街口）,120.322535276704,22.618290416157
210,苓雅分隊,地上,苓雅區,和平二路439號[和平二路、三多二路口（西南側）],120.322047327544,22.6194493836178
211,苓雅分隊,地上,苓雅區,尚勇路11號前,120.343647,22.627315
212,苓雅分隊,地上,苓雅區,尚勇路17號前,120.343175,22.627334
213,苓雅分隊,地上,苓雅區,尚勇路23號,120.342825,22.627332
214,苓雅分隊,地上,苓雅區,尚勇路29號前,120.342559,22.627306
215,苓雅分隊,地上,苓雅區,尚勇路7號前,120.343927,22.627296
216,苓雅分隊,地上,苓雅區,林泉街22巷17弄1號牆角,120.319391301345,22.6246505881301
217,苓雅分隊,地上,苓雅區,林泉街22巷9弄2號,120.319043495124,22.6236019516365
218,苓雅分隊,地上,苓雅區,林德街21號正對面,120.318713094478,22.6245110769686
219,苓雅分隊,地上,苓雅區,林德街21號前,120.318723823314,22.6245061253654
220,苓雅分隊,地上,苓雅區,"林德街37號1樓（廣州一街,林德街口）",120.317170243464,22.6239684917722
221,苓雅分隊,地上,苓雅區,武廟路100號（正言路、武廟路口）,120.330048799354,22.6306623968402
222,苓雅分隊,地上,苓雅區,武廟路183號【大順三路、武廟路183號口】,120.324638242311,22.6315397297738
223,苓雅分隊,地上,苓雅區,武廟路1號（輔仁路、武廟路口）,120.332970881298,22.6296347876156
224,苓雅分隊,地上,苓雅區,武廟路218號（特力屋前）[大順三路、武廟路口（西北側）],120.324604113509,22.6315574163899
225,苓雅分隊,地上,苓雅區,武廟路222號前,120.323782915344,22.6317296948833
226,苓雅分隊,地上,苓雅區,青年一路193號（林森二路、青年一路口）,120.306188884586,22.621356384525
227,苓雅分隊,地上,苓雅區,青年一路1號（廣州一街、青年一路口）,120.316866915517,22.6248769764767
228,苓雅分隊,地上,苓雅區,建軍路4號,120.34229609689,22.625991433772
229,苓雅分隊,地上,苓雅區,建國一路121號（建國一路123巷口）,120.332187979745,22.6317689187001
230,苓雅分隊,地上,苓雅區,建國一路137之6號[ 建國一路、正言路口（東南側）],120.330858565064,22.6321880835197
231,苓雅分隊,地上,苓雅區,建國一路167號前（建國一路、褔德二路口）,120.328220140475,22.6329188480067
232,苓雅分隊,地上,苓雅區,建國一路200巷18號前,120.32896,22.634143
233,苓雅分隊,地上,苓雅區,建國一路255-1號（武廟路、建國一路口）,120.321508711639,22.6334383035782
234,苓雅分隊,地上,苓雅區,建國一路300號（大順三路、建國路口）,120.325695630732,22.6329077712337
235,苓雅分隊,地上,苓雅區,建國一路49號前,120.339166,22.629466
236,苓雅分隊,地上,苓雅區,建國一路62巷12號,120.33709,22.630976
237,苓雅分隊,地上,苓雅區,英明路126之5號,120.325341,22.614845
238,苓雅分隊,地上,苓雅區,英明路158號,120.325138405505,22.6157364771723
239,苓雅分隊,地上,苓雅區,英明路188號(英明路與英祥街口),120.325,22.616495
240,苓雅分隊,地上,苓雅區,英明路268號(英明路284巷口),120.323572677298,22.6196971349024
241,苓雅分隊,地上,苓雅區,捷運文化中心站出口3號（和平一路、中正二路口）,120.318043905592,22.6302018774508
242,苓雅分隊,地上,苓雅區,凱旋二路134號,120.323248006694,22.6267888343132
243,苓雅分隊,地上,苓雅區,凱旋二路170號(凱旋二路170號前與同慶路口),120.322640213492,22.6284150170412
244,苓雅分隊,地上,苓雅區,凱旋二路81巷1號,120.323455,22.624819
245,苓雅分隊,地上,苓雅區,凱旋二路89號（師範附中校門口）,120.323022999423,22.6263820637743
246,苓雅分隊,地上,苓雅區,漢陽街42號,120.33089496503,22.6192675349578
247,苓雅分隊,地上,苓雅區,輔仁路102巷口,120.333362299197,22.6306481651196
248,苓雅分隊,地上,苓雅區,廣州一街149號（台灣大電信門口）,120.316437294074,22.6259717756997
249,苓雅分隊,地上,苓雅區,樂善街94號,120.325962941156,22.6357785534297
250,苓雅分隊,地上,苓雅區,澄清路、行仁路口,120.344328514103,22.626024740207
251,苓雅分隊,地上,苓雅區,澄清路33巷14號前,120.343728,22.627631
252,苓雅分隊,地上,苓雅區,澄清路33巷26號前,120.34334,22.627628
253,苓雅分隊,地上,苓雅區,澄清路33巷2號前,120.344049,22.627636
254,苓雅分隊,地上,苓雅區,澄清路33巷44號前,120.342848,22.627624
255,苓雅分隊,地上,苓雅區,澄清路33巷56號前,120.34252,22.627675
256,苓雅分隊,地上,苓雅區,澄清路70巷１號旁,120.344502982803,22.6260457752567
257,苓雅分隊,地上,苓雅區,澄清路74巷１號後方,120.344508618385,22.6263896300536
258,苓雅分隊,地上,苓雅區,澄清路7巷、行禮路口,120.343356062496,22.6264205816002
259,苓雅分隊,地上,苓雅區,澄清路9巷12號前,120.343778,22.626872
260,苓雅分隊,地上,苓雅區,澄清路9巷4號前[屋角],120.344117,22.626875
261,苓雅分隊,地上,苓雅區,褔壽街4號前,120.329520107969,22.622694345827
262,苓雅分隊,地上,苓雅區,褔德三路、明德街口,120.327119853512,22.6233280211241
263,苓雅分隊,地上,苓雅區,憲政路242巷19號,120.321464715561,22.6371400360818
264,旗津分隊,地上,旗津區,中洲二路430巷口（勝和金香廠後方）,120.285984737445,22.5913718175947
265,旗津分隊,地上,旗津區,中洲二路472號（靖海造船廠）,120.282101556659,22.5952056784627
266,旗津分隊,地上,旗津區,中洲三路14號（得益造船廠）,120.280973227427,22.5968593046273
267,旗津分隊,地上,旗津區,中洲三路333巷7號（旗津三路蔣公感恩堂前）,120.27527871807,22.6021894416724
268,旗津分隊,地上,旗津區,中洲三路374巷12號,120.274894750867,22.6046328666714
269,旗津分隊,地上,旗津區,中洲三路480號（海四廠大門口左側）,120.272993126897,22.6072252721424
270,旗津分隊,地上,旗津區,中洲三路524號（消防隊舊址）,120.27147212078,22.6093757914406
271,旗津分隊,地上,旗津區,中洲三路549巷16號,120.27260280824,22.6066289264602
272,旗津分隊,地上,旗津區,中港街10號（中興市場前）,120.297358795141,22.5743937691411
273,旗津分隊,地上,旗津區,北汕尾五巷15之2號（一樂幼稚園前、停車場前）,120.275753780074,22.6051174751298
274,旗津分隊,地上,旗津區,北汕巷50之24號（旗津漁港旁往南汕巷與海洋探索館方向）,120.289528352761,22.5884886327894
275,旗津分隊,地上,旗津區,北汕巷50之60號（旗津漁市場門口左側）,120.286731840093,22.5905384036298
276,旗津分隊,地上,旗津區,海洋技術學院側門旁（中洲三路7-11對面）,120.272600010488,22.6077886090564
277,旗津分隊,地上,旗津區,商港街14巷52弄21號,120.295637466865,22.5751220702975
278,旗津分隊,地上,旗津區,商港街14巷8弄21號,120.296198445998,22.5743484001491
279,旗津分隊,地上,旗津區,復興一巷51之1號（辛學兒童課後照顧中心正對面巷內）,120.272789268682,22.6051037150651
280,旗津分隊,地上,旗津區,復興二巷5號,120.274148688326,22.6033327141244
281,旗津分隊,地上,旗津區,敦和街2巷14弄27號（敦和街與廣澤街口）,120.298787749704,22.5711052384571
282,旗津分隊,地上,旗津區,敦和街二巷124弄24號,120.297095616874,22.5731705942661
283,旗津分隊,地上,旗津區,敦和街二巷68弄23號,120.297934082863,22.572186578657
284,旗津分隊,地上,旗津區,旗津二路（旗津國中大門左側10M）,120.286387056112,22.5879083625914
285,旗津分隊,地上,旗津區,旗津二路600號（旗津消防隊右前方）,120.289566814899,22.5843081614621
286,旗津分隊,地上,旗津區,旗津三路806號（旗津三路紅綠燈下、茶點子租屋前）,120.273916557332,22.6030287383604
287,旗津分隊,地上,旗津區,旗津三路868號右前,120.272616957585,22.6047096650776
288,旗津分隊,地上,旗津區,旗津三路896號（7-11巷口）,120.272384070518,22.605024477167
289,旗津分隊,地上,旗津區,旗津三路與復興巷口（公寓停車場路口）,120.273254777816,22.6038618712842
290,旗津分隊,地上,旗津區,旗津三路與發祥街口（旗津道酒店電梯旁）,120.268124047247,22.6103780765172
291,旗津分隊,地上,旗津區,旗津分駐所旁（海岸路）,120.26915832137,22.6139995857661
292,旗津分隊,地上,旗津區,廟前路1之1號（舊旗津醫院前）,120.267505369669,22.6114434606054
293,旗津分隊,地上,旗津區,廟前路與通山路口東北側,120.268539077148,22.613289418549
294,瑞隆分隊,地上,前鎮區,廣東三街1號前,120.319368915344,22.6074832424379
295,瑞隆分隊,地上,前鎮區,一心一路  民權二路口,120.31344659532,22.610018998733
296,瑞隆分隊,地上,前鎮區,一心一路  光華二路口,120.316756821026,22.6086082736362
297,瑞隆分隊,地上,前鎮區,一心一路  凱旋四路口,120.324589356931,22.6049898431453
298,瑞隆分隊,地上,前鎮區,一心一路122號 育群街口,120.321957841516,22.6063121850704
299,瑞隆分隊,地上,前鎮區,一心一路392號  南寧街口,120.315882044233,22.6089924871631
300,瑞隆分隊,地上,前鎮區,一心一路464號  天山路口,120.314611758332,22.6095350636676
301,瑞隆分隊,地上,前鎮區,一心二路  林森三路口（一心賓館）,120.308106108984,22.6122736093962
302,瑞隆分隊,地上,前鎮區,一心二路  復興三路口,120.310775277919,22.6112072724114
303,瑞隆分隊,地上,前鎮區,一心二路276號對面 （一心、基建路口）,120.30565445582,22.6133672679518
304,瑞隆分隊,地上,前鎮區,一心二路27號,120.311830430991,22.6106937163887
305,瑞隆分隊,地上,前鎮區,一心二路32巷2弄2號,120.31218264418,22.611540287582
306,瑞隆分隊,地上,前鎮區,一心二路34號,120.311864652951,22.6107112132233
307,瑞隆分隊,地上,前鎮區,一德路  （勞工育樂中心右側）,120.310412100803,22.6078405892889
308,瑞隆分隊,地上,前鎮區,二聖一路  廣東三街口,120.320942618177,22.6125066883128
309,瑞隆分隊,地上,前鎮區,二聖一路107巷口  聖和公園,120.32385277,22.61210507
310,瑞隆分隊,地上,前鎮區,二聖二路223號（小北百貨前）,120.311931813492,22.6136534239425
311,瑞隆分隊,地上,前鎮區,二聖二路305號  美的皇家,120.309434128224,22.614006409827
312,瑞隆分隊,地上,前鎮區,三多二路475巷1弄2號（右側路燈旁）,120.31540884781,22.6170988375691
313,瑞隆分隊,地上,前鎮區,三多二路475巷3弄5號（左側路燈旁）,120.315444618385,22.6168951068663
314,瑞隆分隊,地上,前鎮區,三多二路475巷5弄7號,120.315664629465,22.6167046684062
315,瑞隆分隊,地上,前鎮區,三多二路475巷6號（路燈旁）,120.315175048127,22.6167554140516
316,瑞隆分隊,地上,前鎮區,三多三路213號  文橫三路口,120.306910130185,22.6147304634257
317,瑞隆分隊,地上,前鎮區,中山二路  一心二路237巷口（基建）,120.305099511501,22.6128614941687
318,瑞隆分隊,地上,前鎮區,中山二路  民瑞街口,120.309767865625,22.6042156690755
319,瑞隆分隊,地上,前鎮區,中山二路  民權二路口（游泳池前）,120.30886600351,22.6053205950139
320,瑞隆分隊,地上,前鎮區,中山二路  林森三路口,120.3060812,22.6103607
321,瑞隆分隊,地上,前鎮區,中山二路  捷運站第3出入口前,120.307899913722,22.6065237370633
322,瑞隆分隊,地上,前鎮區,中山二路238號  文橫三路口,120.305602,22.611845
323,瑞隆分隊,地上,前鎮區,中山二路40號  正安街口,120.30686242576,22.6083717183053
324,瑞隆分隊,地上,前鎮區,中山三路  兵工廠大門右側人行道上,120.312934862768,22.6002644829965
325,瑞隆分隊,地上,前鎮區,中山三路  兵工廠大門左側,120.31440281092,22.5983343909255
326,瑞隆分隊,地上,前鎮區,中山三路  兵工廠門左側路橋頭,120.31528478,22.59728967
327,瑞隆分隊,地上,前鎮區,中山三路  兵工廠進中山橋前,120.312522735722,22.6007007281622
328,瑞隆分隊,地上,前鎮區,中山三路  復興三路口,120.307300169142,22.6073173018239
329,瑞隆分隊,地上,前鎮區,中山三路100之1號（中一行對面人行道）,120.310650416936,22.6030762136646
330,瑞隆分隊,地上,前鎮區,中山四路   凱旋四路口（捷運R6出口旁）,120.315950467064,22.5963878649423
331,瑞隆分隊,地上,前鎮區,中山路  凱旋四路口（安全島公園上）,120.316517783131,22.5957589115389
332,瑞隆分隊,地上,前鎮區,公正路92、94號對面人行道上,120.331520516244,22.6039538279167
333,瑞隆分隊,地上,前鎮區,民裕路口  鄭和路南邊（新公園旁）,120.314391763089,22.6068467843713
334,瑞隆分隊,地上,前鎮區,民權二路  一德路口,120.310947597206,22.6073257735714
335,瑞隆分隊,地上,前鎮區,民權二路  二聖二路129號,120.314560944811,22.6133162410503
336,瑞隆分隊,地上,前鎮區,民權二路  二聖二路民權公園,120.314123332679,22.6134552496985
337,瑞隆分隊,地上,前鎮區,民權二路  二聖三巷,120.314483979231,22.6129391846721
338,瑞隆分隊,地上,前鎮區,民權二路  三多三路口(人行道上),120.314219576715,22.6171494446895
339,瑞隆分隊,地上,前鎮區,民權二路  中山二路口（游泳池旁）,120.309007018984,22.6053553941716
340,瑞隆分隊,地上,前鎮區,民權二路  民興街口,120.312100947083,22.608712388719
341,瑞隆分隊,地上,前鎮區,民權二路  廣西路口,120.314757666014,22.6151938238959
342,瑞隆分隊,地上,前鎮區,民權二路108號  管仲路口,120.311291583958,22.6069659058179
343,瑞隆分隊,地上,前鎮區,民權二路333號   復興國小前,120.311644498672,22.608168095447
344,瑞隆分隊,地上,前鎮區,民權二路367號,120.313339725201,22.6109511855799
345,瑞隆分隊,地上,前鎮區,民權二路376號  衡山街口,120.312947,22.609043
346,瑞隆分隊,地上,前鎮區,民權二路40號  民豐街口,120.309817346078,22.6055483366454
347,瑞隆分隊,地上,前鎮區,民權二路428號  景德路口,120.31418520271,22.6118976638837
348,瑞隆分隊,地上,前鎮區,民權二路6號  中山三路口,120.309197005319,22.6049243089958
349,瑞隆分隊,地上,前鎮區,民權二路74號  民壽街口,120.310470409881,22.6061990941878
350,瑞隆分隊,地上,前鎮區,民權二路與民權二路220巷口,120.312186773775,22.6080159080589
351,瑞隆分隊,地上,前鎮區,永豐路  保泰路口（7-11前）,120.334316751065,22.6029474534483
352,瑞隆分隊,地上,前鎮區,永豐路104號,120.333504076057,22.6064168567647
353,瑞隆分隊,地上,前鎮區,永豐路19號  崗山南街口,120.33367635582,22.6039028080631
354,瑞隆分隊,地上,前鎮區,永豐路201號  崗山東街口,120.333236203705,22.6080589502611
355,瑞隆分隊,地上,前鎮區,永豐路60之1號（欣旺汽修廠）,120.333782771828,22.6043713403552
356,瑞隆分隊,地上,前鎮區,永豐路77號,120.333602979168,22.6052316678558
357,瑞隆分隊,地上,前鎮區,光華二路  二聖一路口,120.318093955887,22.6128543565573
358,瑞隆分隊,地上,前鎮區,光華二路  忠民街口,120.318240182856,22.6165848412118
359,瑞隆分隊,地上,前鎮區,光華二路159號  黃埔街口,120.317485859278,22.6115269539735
360,瑞隆分隊,地上,前鎮區,光華三路  近一心一路口,120.31670803855,22.6083411093835
361,瑞隆分隊,地上,前鎮區,光華三路225號對面,120.315701892371,22.6053127316371
362,瑞隆分隊,地上,前鎮區,光華三路229號前,120.315586374122,22.6053914282859
363,瑞隆分隊,地上,前鎮區,光華路上  離中山三路口約150公尺處,120.312942708108,22.6030839686727
364,瑞隆分隊,地上,前鎮區,育群街241、237號（239巷口對面公園）,120.321785976634,22.6055493630141
365,瑞隆分隊,地上,前鎮區,和平二路  二聖一路口,120.322620478835,22.6122429933894
366,瑞隆分隊,地上,前鎮區,和平二路162號前  育樂路口,120.321906497035,22.6100993622261
367,瑞隆分隊,地上,前鎮區,和平二路193號  二聖一路口,120.322453390213,22.6123723576188
368,瑞隆分隊,地上,前鎮區,和平二路242號  英德街口,120.322667685267,22.6140200617795
369,瑞隆分隊,地上,前鎮區,和平二路79號  汕頭街口,120.321257889675,22.6086642429126
370,瑞隆分隊,地上,前鎮區,和平二路與近黃埔路口（人行道上路燈旁）,120.322076110451,22.6109859582327
371,瑞隆分隊,地上,前鎮區,林森三路  一德路口,120.307348517058,22.6107676295969
372,瑞隆分隊,地上,前鎮區,林森三路146號,120.308684517511,22.6135083551117
373,瑞隆分隊,地上,前鎮區,林森三路156號對面  盛興公園,120.308773641699,22.6137990201343
374,瑞隆分隊,地上,前鎮區,林森三路164號  二聖二路口,120.308987925405,22.6140785245557
375,瑞隆分隊,地上,前鎮區,武慶一路85之2號,120.332650201852,22.6119735897148
376,瑞隆分隊,地上,前鎮區,保泰路  瑞豐加油站前,120.337292085944,22.6049535537407
377,瑞隆分隊,地上,前鎮區,英明路52號對面,120.325194618385,22.6127738616857
378,瑞隆分隊,地上,前鎮區,桂林街102巷口,120.31651006503,22.6166888405781
379,瑞隆分隊,地上,前鎮區,班超路  消防隊旁,120.325793705163,22.6004846312539
380,瑞隆分隊,地上,前鎮區,班超路  崗山中街口（瑞祥高中右前）,120.325615410118,22.6011608430589
381,瑞隆分隊,地上,前鎮區,班超路  凱旋四路口,120.32416820528,22.6033494614625
382,瑞隆分隊,地上,前鎮區,班超路70號前,120.325089076057,22.6022220471204
383,瑞隆分隊,地上,前鎮區,班超路瑞祥國小公車站旁,120.326214730758,22.6000858142246
384,瑞隆分隊,地上,前鎮區,凱旋四路  忠誠路口,120.322518365359,22.6016268301361
385,瑞隆分隊,地上,前鎮區,凱旋四路  瑞田街口,120.319643037295,22.5989425885293
386,瑞隆分隊,地上,前鎮區,凱旋四路560號  中油加油站,120.317696253967,22.5967667109922
387,瑞隆分隊,地上,前鎮區,凱旋四路965號對面人行道,120.322894250332,22.6026672379551
388,瑞隆分隊,地上,前鎮區,凱旋四路夜市停場前變電箱左前方6米處人行道上,120.320508333333,22.5997777777778
389,瑞隆分隊,地上,前鎮區,凱旋四路新頁式停車場出入口前人行道上,120.321,22.6002416666667
390,瑞隆分隊,地上,前鎮區,凱旋路  瑞隆路口,120.325024710376,22.604952988305
391,瑞隆分隊,地上,前鎮區,復興三路131號,120.308383265047,22.608174765974
392,瑞隆分隊,地上,前鎮區,復興三路136號,120.311036455191,22.6118589949473
393,瑞隆分隊,地上,前鎮區,復興三路401號對面,120.311727165676,22.6139945198276
394,瑞隆分隊,地上,前鎮區,復興三路425號對面,120.31180943684,22.6146571005389
395,瑞隆分隊,地上,前鎮區,瑞和街284號、瑞隆路口,120.325883419643,22.6051229071924
396,瑞隆分隊,地上,前鎮區,瑞祥街2巷2號,120.329095,22.6070026656392
397,瑞隆分隊,地上,前鎮區,瑞祥街4巷2號,120.329079,22.607438
398,瑞隆分隊,地上,前鎮區,瑞隆路  永豐路口,120.333516371372,22.6057591912743
399,瑞隆分隊,地上,前鎮區,瑞隆路、瑞福路口（公園人行道上）,120.336051058891,22.6057839526635
400,瑞隆分隊,地上,前鎮區,瑞隆路194巷2弄1號,120.334597,22.606105
401,瑞隆分隊,地上,前鎮區,瑞隆路194巷4弄28號  瑞泰街19巷口,120.335284,22.606341
402,瑞隆分隊,地上,前鎮區,瑞福路103號廟口右側,120.335849964453,22.6068490970257
403,瑞隆分隊,地上,前鎮區,管仲路南邊  民裕路口（新公園旁）,120.312956227321,22.6054405660134
404,前鎮分隊,地上,前鎮區,中山三路與凱旋四路岔口（高雄輕軌人行磚道上）,120.315951704979,22.5956105576603
405,前鎮分隊,地上,前鎮區,中山四路與鎮海路口北上機車道（尚未到中山.鎮海路口）,120.319161948827,22.5925019827625
406,前鎮分隊,地上,前鎮區,中山四路與鎮海路口北上機車道（近路橋）,120.318719744682,22.5929980134518
407,前鎮分隊,地上,前鎮區,中山路與鎮中路口往北200公尺（機車道）,120.320709943771,22.5906751600044
408,前鎮分隊,地上,前鎮區,中山路與鎮海路口(南下機車道),120.318523943424,22.5928333348338
409,前鎮分隊,地上,前鎮區,中安路與明鳳七街口(學校大門旁),120.334618538618,22.5832129139388
410,前鎮分隊,地上,前鎮區,中安路與明鳳七街口(檳榔攤旁),120.334773436189,22.5830723699575
411,前鎮分隊,地上,前鎮區,同安路116號前（檳榔攤前）,120.317784324288,22.5836500233784
412,前鎮分隊,地上,前鎮區,同安路1號前（銀樓前）,120.320184901357,22.5849879658897
413,前鎮分隊,地上,前鎮區,同安路74號前（藥房前）,120.318573564291,22.5841279941525
414,前鎮分隊,地上,前鎮區,后平路40號前,120.322659239173,22.5709646179248
415,前鎮分隊,地上,前鎮區,后平路87號前（7-11）,120.32214358449,22.5714804032294
416,前鎮分隊,地上,前鎮區,后平路與佛道路口(喬伊補習班旁),120.320636183023,22.5733664396635
417,前鎮分隊,地上,前鎮區,后安路131號前,120.323041453958,22.5738611639235
418,前鎮分隊,地上,前鎮區,后安路25號（連結駕駛工會旁空地）前,120.324689671397,22.5750332632488
419,前鎮分隊,地上,前鎮區,后安路與天倫街叉口（球場旁）,120.322120785713,22.5732128828362
420,前鎮分隊,地上,前鎮區,后安路與后平路叉口（后安路239號）,120.32133422792,22.5726438542304
421,前鎮分隊,地上,前鎮區,后安路與佛佑路叉口,120.32395273447,22.5745044885591
422,前鎮分隊,地上,前鎮區,地政事務所旁（上）,120.318827262002,22.5872778743152
423,前鎮分隊,地上,前鎮區,佛公路7號前（資源回收場）,120.324734017197,22.5716387210355
424,前鎮分隊,地上,前鎮區,佛道路與佛公路184號(變電箱旁),120.322273671627,22.5745342089702
425,前鎮分隊,地上,前鎮區,佛德路與后平路口,120.320052802563,22.5739459913091
426,前鎮分隊,地上,前鎮區,佛德路與新生路口（北上機車道旁草皮上）,120.318756625056,22.5731874964088
427,前鎮分隊,地上,前鎮區,車站後街29號前,120.305963158607,22.5907921703504
428,前鎮分隊,地上,前鎮區,明鳳七街72號前,120.334589704871,22.5844237138106
429,前鎮分隊,地上,前鎮區,明鳳九街108號對面,120.336918532848,22.5877496439048
430,前鎮分隊,地上,前鎮區,明鳳二十六街57號對面,120.335614979267,22.5881582597095
431,前鎮分隊,地上,前鎮區,明鳳二十街與明龍街口（明龍街67號旁）,120.3377312422,22.5867441962177
432,前鎮分隊,地上,前鎮區,明鳳十一街60號前,120.336074978277,22.588580888741
433,前鎮分隊,地上,前鎮區,明鳳十一街上（明鳳二十二街與明鳳二十街間電箱旁）,120.335629060864,22.5874499915442
434,前鎮分隊,地上,前鎮區,明鳳十一街上（明鳳十八街與明鳳十六街間電箱旁）,120.335439965129,22.5866674252894
435,前鎮分隊,地上,前鎮區,明鳳十一街與明鳳十二街口,120.335274338722,22.5860683403404
436,前鎮分隊,地上,前鎮區,明鳳十二街（明龍路與富新路間）,120.338389724493,22.5852465360945
437,前鎮分隊,地上,前鎮區,明鳳十二街與明鳳九街口,120.336441770196,22.5858186082687
438,前鎮分隊,地上,前鎮區,明鳳十二街與明龍路口,120.337084159255,22.5856607314495
439,前鎮分隊,地上,前鎮區,明鳳十三街與明鳳二十六街口,120.334494486431,22.5884424327135
440,前鎮分隊,地上,前鎮區,明鳳十三街與明鳳十八街口,120.334635302404,22.5868983570657
441,前鎮分隊,地上,前鎮區,明鳳十街底(往中山四路方向行駛),120.332251489162,22.5860581529951
442,前鎮分隊,地上,前鎮區,明鳳十街與明鳳三路口,120.336699932814,22.5851908146415
443,前鎮分隊,地上,前鎮區,明鳳十街與明鳳五街口,120.334980636835,22.585578387771
444,前鎮分隊,地上,前鎮區,明鳳三路（朝天宮對向車道人行道上）,120.33698759973,22.5844821372316
445,前鎮分隊,地上,前鎮區,明鳳三路27號旁（於明鳳六街上）,120.336771681905,22.5839692711286
446,前鎮分隊,地上,前鎮區,明鳳三路29號前,120.336828008294,22.5840010720232
447,前鎮分隊,地上,前鎮區,明鳳三路77號對向車道人行道上（全家便利商店對面公車站牌）,120.337125733495,22.5862606624196
448,前鎮分隊,地上,前鎮區,明鳳三路與明鳳二街口,120.336612761021,22.5835667779181
449,前鎮分隊,地上,前鎮區,明鳳三路與明鳳三路59巷口,120.336684510071,22.5848050978085
450,前鎮分隊,地上,前鎮區,明鳳三路與保安一街口,120.337575674057,22.5883037514079
451,前鎮分隊,地上,前鎮區,明鳳五街與明鳳二街口,120.335139557719,22.5836293668205
452,前鎮分隊,地上,前鎮區,明鳳五街與明鳳八街口,120.33505640924,22.5842827770788
453,前鎮分隊,地上,前鎮區,明龍路與國慶二街口,120.337715819498,22.5863795338726
454,前鎮分隊,地上,前鎮區,金福路16號前（金元化學前）,120.323847457767,22.5681441731547
455,前鎮分隊,地上,前鎮區,金福路3號旁（東峰鐵工廠前）,120.32762400806,22.5707980553913
456,前鎮分隊,地上,前鎮區,金福路88號旁（台豐交通公司）,120.329432487488,22.5733317655562
457,前鎮分隊,地上,前鎮區,金福路89號與草衙二路口（通人知檳榔）,120.328658670187,22.571697738356
458,前鎮分隊,地上,前鎮區,金福路與東亞路口,120.325632467866,22.5693472810221
459,前鎮分隊,地上,前鎮區,前鎮區新都路29號旁（仲興）,120.31392596662,22.5804701134209
460,前鎮分隊,地上,前鎮區,前鎮國小後門(新生路機車道旁),120.308259129524,22.585550133137
461,前鎮分隊,地上,前鎮區,高雄港66號碼頭出口右側(五洲倉儲對面),120.312545970082,22.57437074663
462,前鎮分隊,地上,前鎮區,國華一街與擴建路口,120.302189961076,22.5903185564322
463,前鎮分隊,地上,前鎮區,國華二街2之2號（李長榮公司）,120.299229472876,22.5880080400801
464,前鎮分隊,地上,前鎮區,國華二街2號對面（新竹物流）,120.299140289426,22.5883522673744
465,前鎮分隊,地上,前鎮區,國華二街底,120.300138741732,22.5857662078232
466,前鎮分隊,地上,前鎮區,國華二街與擴建路口,120.298893526196,22.5892549312652
467,前鎮分隊,地上,前鎮區,國慶三街179號前（公園旁）,120.338825583458,22.5861157876861
468,前鎮分隊,地上,前鎮區,國慶三街與富新路口,120.339485406876,22.5863176216748
469,前鎮分隊,地上,前鎮區,康和路27號（資源回收廠後方）,120.317590534687,22.5876693839706
470,前鎮分隊,地上,前鎮區,康定路113號前,120.319197177887,22.5867797112114
471,前鎮分隊,地上,前鎮區,康定路113號對面（上）,120.31926959753,22.5866955108475
472,前鎮分隊,地上,前鎮區,康定路14號前（雞肉飯前）,120.320770797841,22.5840712680915
473,前鎮分隊,地上,前鎮區,康定路150巷1 弄2號旁,120.317020565271,22.5895706764969
474,前鎮分隊,地上,前鎮區,康定路166巷口(燦坤巷口旁),120.316302403808,22.589299901078
475,前鎮分隊,地上,前鎮區,康定路67之1號前（素食店人行道上）,120.319885031912,22.5856626029669
476,前鎮分隊,地上,前鎮區,康定路與鎮東一街395巷口(樹德路口左側對面),120.317239835858,22.5890140976508
477,前鎮分隊,地上,前鎮區,康定路與鎮富街口,120.317878201604,22.588580719906
478,前鎮分隊,地上,前鎮區,凱旋四路130號前(三信前),120.308204814792,22.5925250262148
479,前鎮分隊,地上,前鎮區,凱旋四路296號前（公園火鍋）,120.311919003725,22.5937379954467
480,前鎮分隊,地上,前鎮區,凱旋四路332號前（米奇林輪胎前）,120.312747806311,22.5940083681807
481,前鎮分隊,地上,前鎮區,凱旋四路396巷口,120.313976928592,22.5944342998155
482,前鎮分隊,地上,前鎮區,凱旋四路432號前,120.315079987049,22.5948119415872
483,前鎮分隊,地上,前鎮區,富新路與國慶一街口,120.339244008064,22.5855189517069
484,前鎮分隊,地上,前鎮區,新大路10號前（安德利）,120.315168499947,22.5795779175548
485,前鎮分隊,地上,前鎮區,新大路12號（廣運）,120.314747393131,22.5792794857259
486,前鎮分隊,地上,前鎮區,新大路6號前（檢驗廠）,120.316080625795,22.5802303959769
487,前鎮分隊,地上,前鎮區,新大路8號前,120.315607041121,22.5798936849688
488,前鎮分隊,地上,前鎮區,新大路與新生路口（三泰製藥）,120.314058735967,22.578790353322
489,前鎮分隊,地上,前鎮區,新生路1號頂元貨櫃公司(大門出口左側),120.305171906948,22.5890097638801
490,前鎮分隊,地上,前鎮區,新生路212號前,120.312856435776,22.5801184366285
491,前鎮分隊,地上,前鎮區,新生路222號前（鎧勝幫浦）,120.31366954233,22.5791932630965
492,前鎮分隊,地上,前鎮區,新生路232-1號前（信男發電機）,120.31472805987,22.5779497583222
493,前鎮分隊,地上,前鎮區,新生路238號旁,120.315637886524,22.5769112019254
494,前鎮分隊,地上,前鎮區,新生路50號,120.305748581886,22.5886704911222
495,前鎮分隊,地上,前鎮區,新生路南豐鐵工廠(機車道),120.3043888408,22.5899131259501
496,前鎮分隊,地上,前鎮區,新生路與車站後街口,120.304964706302,22.5895143376949
497,前鎮分隊,地上,前鎮區,新生路與新大路口,120.314096286893,22.5786968607282
498,前鎮分隊,地上,前鎮區,新生路與新衙路口（大貨車高架橋下）,120.311550199986,22.5805320282562
499,前鎮分隊,地上,前鎮區,新生路與興平59巷岔口,120.308971256018,22.5846746866705
500,前鎮分隊,地上,前鎮區,新生路機車道旁（漁港轉新生路北上機車道）,120.314900279045,22.5777625504614
501,前鎮分隊,地上,前鎮區,新展路5號前,120.317381322384,22.5788318367705
502,前鎮分隊,地上,前鎮區,新強路20號前（新大路與新強路口）,120.31602,22.579984
503,前鎮分隊,地上,前鎮區,新強路23號前（裕展）,120.315360277891,22.5807152960057
504,前鎮分隊,地上,前鎮區,新強路5號前（全興）,120.316906571388,22.5787965448823
505,前鎮分隊,地上,前鎮區,新強路9號旁（申芳）,120.316478088498,22.5793475926317
506,前鎮分隊,地上,前鎮區,新都路20號前（永川）,120.31491369009,22.5793079667997
507,前鎮分隊,地上,前鎮區,新都路25號前（藍寶堅尼車館前）,120.314406082034,22.5798763487374
508,前鎮分隊,地上,前鎮區,新都路9號前（震達）,120.315296,22.5787876
509,前鎮分隊,地上,前鎮區,新都路與新展路口,120.316083133221,22.5779309620577
510,前鎮分隊,地上,前鎮區,新凱旋四路與鎮興路口,120.311130434275,22.5934821426846
511,前鎮分隊,地上,前鎮區,新衙路30號對面,120.321554839611,22.583743512611
512,前鎮分隊,地上,前鎮區,新衙路353號前,120.315521210432,22.5816947836955
513,前鎮分隊,地上,前鎮區,新衙路361號前,120.314227715135,22.5812465234425
514,前鎮分隊,地上,前鎮區,新衙路369號前（加油站後方，新衙路上）,120.312696173787,22.5807072470893
515,前鎮分隊,地上,前鎮區,新衙路與新強路口,120.314819812775,22.5813808778426
516,前鎮分隊,地上,前鎮區,新衙路與新福路口,120.315903425217,22.581759793694
517,前鎮分隊,地上,前鎮區,新福路17號前（東雄）,120.316563248634,22.5809177570536
518,前鎮分隊,地上,前鎮區,新福路7號前（全盛）,120.3174265,22.5798985
519,前鎮分隊,地上,前鎮區,新福路與新大路口,120.31679391861,22.5806391408556
520,前鎮分隊,地上,前鎮區,新福路與新展路口,120.317778289318,22.5794738998953
521,前鎮分隊,地上,前鎮區,實業路212號前（世聯倉運）,120.319044962525,22.5744407134887
522,前鎮分隊,地上,前鎮區,實業路96號前(實業路與和祥街口),120.321359038353,22.5760425114159
523,前鎮分隊,地上,前鎮區,漁港中一路於漁港東一路口,120.315533950925,22.5728122720821
524,前鎮分隊,地上,前鎮區,漁港中一路與漁港東二路口,120.316746979952,22.5714135308138
525,前鎮分隊,地上,前鎮區,漁港中二路59號前（珍福前）,120.318931639194,22.5707992937752
526,前鎮分隊,地上,前鎮區,漁港中二路與漁港北一路口,120.315783396363,22.5744760064925
527,前鎮分隊,地上,前鎮區,漁港北一路27號前（大順冷凍出口左側）,120.31477689743,22.5737503309833
528,前鎮分隊,地上,前鎮區,漁港北一路與豐漁二路口,120.312105417252,22.571818479945
529,前鎮分隊,地上,前鎮區,漁港北一路與豐漁三路口(右轉巷口約3公尺),120.31396150589,22.5732797543788
530,前鎮分隊,地上,前鎮區,漁港北三路34號對面(穩大低溫冷藏對面),120.313579804893,22.5751170887445
531,前鎮分隊,地上,前鎮區,漁港北三路與漁港中二路口,120.314637422562,22.5758357090194
532,前鎮分隊,地上,前鎮區,漁港北三路與豐漁三路口(百鮮屋大門左側),120.312867164612,22.5745404007217
533,前鎮分隊,地上,前鎮區,漁港東三路與漁港中一路口（人行專用道上）,120.317426249385,22.5705875299682
534,前鎮分隊,地上,前鎮區,漁港南一路與漁港中二路口,120.319531112909,22.5698952705745
535,前鎮分隊,地上,前鎮區,漁港南一路與興漁四路口（加油站旁）,120.317858085036,22.5686537769969
536,前鎮分隊,地上,前鎮區,漁港南三路與漁港中二路口,120.320784375072,22.5686234361162
537,前鎮分隊,地上,前鎮區,漁港路34號前（檳榔攤前）,120.319780558348,22.5794664700595
538,前鎮分隊,地上,前鎮區,翠亨北路397之1號旁,120.317758843303,22.5929936798065
539,前鎮分隊,地上,前鎮區,翠亨北路與鎮中路（R5-3號出口，勞工局旁）,120.321513265371,22.5886896835816
540,前鎮分隊,地上,前鎮區,翠亨北路與鎮中路口（R5- 1號出口）,120.32195918262,22.5881392923154
541,前鎮分隊,地上,前鎮區,翠亨南路與中平路口（R4- 4號出口）,120.328404530883,22.5803419496234
542,前鎮分隊,地上,前鎮區,翠亨南路與中平路口（R4-1號出口）,120.328676104546,22.5800212300328
543,前鎮分隊,地上,前鎮區,德昌路1巷1號,120.319883823395,22.5800949089237
544,前鎮分隊,地上,前鎮區,德昌路232號前,120.316572636366,22.5840122164099
545,前鎮分隊,地上,前鎮區,德昌路296號前,120.315973833203,22.5846963562046
546,前鎮分隊,地上,前鎮區,德昌路3巷40號前（涼亭對面）,120.320663005114,22.58134187174
547,前鎮分隊,地上,前鎮區,德昌路48巷2號前,120.318854525685,22.5812756232545
548,前鎮分隊,地上,前鎮區,德昌路4巷2號,120.318586304784,22.5796800776797
549,前鎮分隊,地上,前鎮區,德昌路5巷35號前,120.320344492793,22.5817548405523
550,前鎮分隊,地上,前鎮區,德昌路6巷27號（機車行）,120.319128111005,22.5808905146057
551,前鎮分隊,地上,前鎮區,德昌路6巷2號前,120.318224877119,22.5801729218241
552,前鎮分隊,地上,前鎮區,德昌路8巷6號,120.318045839667,22.580433583655
553,前鎮分隊,地上,前鎮區,德昌路與同安路口（麻豆碗粿旁）,120.317256599665,22.5832599682794
554,前鎮分隊,地上,前鎮區,德昌路與興仁路口,120.313693955541,22.5871431342506
555,前鎮分隊,地上,前鎮區,樹人路與鎮中路口,120.320668369532,22.5873455858515
556,前鎮分隊,地上,前鎮區,興仁國中右側（德昌路與興化路口）,120.314428210258,22.5862206445957
557,前鎮分隊,地上,前鎮區,興漁三路與 漁港南一路口,120.316103249788,22.5673565435835
558,前鎮分隊,地上,前鎮區,擴建一路45號前(農會旁),120.306770503521,22.5917523943539
559,前鎮分隊,地上,前鎮區,擴建路5號友聯倉儲公司,120.300300344825,22.5897285488413
560,前鎮分隊,地上,前鎮區,擴建路加工區女子宿舍前,120.304621383548,22.5911128648628
561,前鎮分隊,地上,前鎮區,鎮昌六巷4號前,120.313123986125,22.5913070371971
562,前鎮分隊,地上,前鎮區,鎮昌街與鎮東一街口,120.312854424119,22.5905600068685
563,前鎮分隊,地上,前鎮區,鎮東一街395巷31號,120.316252979745,22.5887366595481
564,前鎮分隊,地上,前鎮區,鎮東一街406巷2弄3之3號旁,120.314867421985,22.5864330035
565,前鎮分隊,地上,前鎮區,鎮東一街406巷2弄與德昌路口,120.314418822527,22.5862930819264
566,前鎮分隊,地上,前鎮區,鎮東一街406巷2號之1前,120.315731093287,22.5870236443282
567,前鎮分隊,地上,前鎮區,鎮東一街406巷4弄2號對面,120.314361155033,22.5871239415758
568,前鎮分隊,地上,前鎮區,鎮東一街406巷4弄與德昌街口,120.313738882542,22.5871443724876
569,前鎮分隊,地上,前鎮區,鎮東一街406巷6弄2號前,120.314554944634,22.5878161144164
570,前鎮分隊,地上,前鎮區,鎮東一街與康和路口,120.3164935112,22.5869406823522
571,前鎮分隊,地上,前鎮區,鎮東一街與鎮榮街口(原味快餐旁),120.31242929399,22.5910720042136
572,前鎮分隊,地上,前鎮區,鎮東二街與鎮東街口(順天中藥行),120.309982448816,22.5927150880354
573,前鎮分隊,地上,前鎮區,鎮海路與康定路口,120.315554738045,22.589215308283
574,前鎮分隊,地上,前鎮區,鎮富街25號對面,120.317542254925,22.5882767355598
575,前鎮分隊,地上,前鎮區,鎮富街51號對面,120.316881760955,22.5878916464837
576,前鎮分隊,地上,前鎮區,鎮港路上距新生路約200公尺（新生路、鎮港路交叉口往西200公尺處）,120.308880574027,22.5827800367151
577,前鎮分隊,地上,前鎮區,鎮興路200號前（美廉社前）,120.311802327633,22.5925918883836
578,前鎮分隊,地上,前鎮區,鎮興路與康定路口,120.314974710345,22.5889571395107
579,前鎮分隊,地上,前鎮區,鎮興路與鎮邦街口,120.311409384012,22.5931985991717
580,成功分隊,地上,前鎮區,成功二路72號對面,120.302896379421,22.6007003394581
581,成功分隊,地上,苓雅區,三多四路123號(三多戲院前),120.2990792018,22.6121191865927
582,成功分隊,地上,苓雅區,三多四路21號前【中山二路、三多四路（西南側）】,120.304691323379,22.6133983397453
583,成功分隊,地上,苓雅區,三多四路27號（排排讚）,120.303038058006,22.6134253288867
584,成功分隊,地上,苓雅區,三多四路42號,120.302687556493,22.6133421394552
585,成功分隊,地上,前鎮區,大華一路加工區大門前,120.292395815205,22.6019688536461
586,成功分隊,地上,前鎮區,大華一路往北200公尺（第二出入口左前）,120.292694818578,22.6013397208528
587,成功分隊,地上,苓雅區,中山二路361號前【四維四路、中山二路口（金芭黎舞廳）】,120.303379386175,22.6168577796353
588,成功分隊,地上,前鎮區,中山二路55巷口,120.306474493499,22.6083967596401
589,成功分隊,地上,前鎮區,中山二路與林森四路,120.30575118931,22.6102528437046
590,成功分隊,地上,前鎮區,中山二路廣濟宮前,120.305367769728,22.6112274596862
591,成功分隊,地上,前鎮區,中山三路35號前（光華路口）,120.311281882046,22.6017559631422
592,成功分隊,地上,前鎮區,中山三路捷運站出口（上陸橋前）,120.315112496729,22.5968514461636
593,成功分隊,地上,前鎮區,中山三路凱旋四路口（凱旋捷運站1號出口旁）,120.315417894577,22.5964182045127
594,成功分隊,地上,前鎮區,中華五路1201號前（IKEA大門）,120.304656942814,22.606149301861
595,成功分隊,地上,前鎮區,中華五路1336號前,120.304300921669,22.607554901353
596,成功分隊,地上,前鎮區,中華五路1407號前﹙獅甲肉燥飯前﹚,120.303701771245,22.6090308752657
597,成功分隊,地上,前鎮區,中華五路1435號前,120.303516106542,22.6095107432031
598,成功分隊,地上,前鎮區,中華五路1468號（阿忠海鮮餐廳）,120.303199696168,22.6104066528367
599,成功分隊,地上,前鎮區,中華五路987號（品茶香飲料店前）,120.306105404928,22.6024233810927
600,成功分隊,地上,前鎮區,中華五路基督教會對面（一品花園前）,120.304434499237,22.6071723448354
601,成功分隊,地上,前鎮區,中華五路復興三路口（往啟智學校方向10公尺旁）,120.304523926142,22.6063576492578
602,成功分隊,地上,前鎮區,中華五路與林森四路口（東北角）,120.30354099627,22.6095214166414
603,成功分隊,地上,前鎮區,中華五路與復興三路口,120.304742292651,22.6064729619546
604,成功分隊,地上,苓雅區,中華四路153號(中華四路與苓雅二路口(夏綠地咖啡)),120.300249514007,22.6176409265104
605,成功分隊,地上,苓雅區,中華四路193號(中華四路與青年二路口)（西南側）,120.299703314733,22.6191561668603
606,成功分隊,地上,苓雅區,中華四路45號(中華四路與三多四路口(合作金庫前)),120.301973397762,22.6132322266356
607,成功分隊,地上,苓雅區,中華四路5號（中華四路與新光路口（北高雄水族貓狗寵物館））,120.302580183469,22.6116954139722
608,成功分隊,地上,苓雅區,中華四路75號(中華四路與興中二路口)（西北側）,120.301429566761,22.6146717011005
609,成功分隊,地上,前鎮區,文林街與林森四路口,120.304708849074,22.6099033239357
610,成功分隊,地上,苓雅區,四維四路120號（四維四路、自強三路口（ABC便利商店前））,120.299028065563,22.6156687483022
611,成功分隊,地上,苓雅區,四維四路168-1號（四維四路、成功一路（濃厚鋪青草茶））,120.297366040174,22.6151341609699
612,成功分隊,地上,苓雅區,四維四路190-1號（四維四路、苓中路口（7-11超商））,120.2948145687,22.6142624354943
613,成功分隊,地上,苓雅區,四維四路30號（中華四路與四維四路口（聯邦銀行））,120.30077828325,22.6162883899174
614,成功分隊,地上,苓雅區,四維四路30號（四維四路、文武三街口）,120.300141930183,22.6160431002709
615,成功分隊,地上,苓雅區,四維四路4號（四維四路與仁義街口）（東北側）,120.302520176972,22.6168261633786
616,成功分隊,地上,苓雅區,四維四路61號（自強三路、四維四路口）,120.299155936975,22.6154425986104
617,成功分隊,地上,苓雅區,四維四路7號（四維四路與中華四路（國泰世華銀行））,120.301163253296,22.6161172973655
618,成功分隊,地上,前鎮區,正勤路15號,120.303343132252,22.602072758509
619,成功分隊,地上,苓雅區,永泰路10號?海建設旁（永興、永泰路口）,120.296583473682,22.6122157694467
620,成功分隊,地上,苓雅區,永泰路84巷24號,120.296034376074,22.6156942307538
621,成功分隊,地上,苓雅區,永泰路84巷26弄12號對面,120.296235699405,22.6151999190701
622,成功分隊,地上,苓雅區,永泰路上與海邊路10公尺處（永泰路上）,120.296795368195,22.6114506762284
623,成功分隊,地上,苓雅區,永興路與永泰路口（T字路口）,120.296478867531,22.612163772955
624,成功分隊,地上,前鎮區,立業街近建基街口（建豐公司右前約10公尺）,120.297606845786,22.5952188675092
625,成功分隊,地上,前鎮區,立業街建豐公司旁,120.296938975741,22.5951297196446
626,成功分隊,地上,前鎮區,立業街勝一化工左側大門對面,120.295951922823,22.5948375123502
627,成功分隊,地上,前鎮區,立業街與大華一路口,120.295439620902,22.5946394053571
628,成功分隊,地上,苓雅區,成功一路261號（成功一路、新田路口（台灣銀行））,120.295616185931,22.6195988711617
629,成功分隊,地上,苓雅區,成功一路273號（成功一路、光明街口）,120.295112,22.620359
630,成功分隊,地上,苓雅區,成功一路與永興路口（西南側）,120.298267230392,22.6127549223868
631,成功分隊,地上,苓雅區,成功二路144號（三多四路與成功二路口）,120.29859848768,22.6119579477972
632,成功分隊,地上,前鎮區,成功二路9號（台機船舶廠門口右側）,120.30166087368,22.6038440328786
633,成功分隊,地上,前鎮區,成功二路成功橋旁,120.303691582942,22.5988251621416
634,成功分隊,地上,前鎮區,成功二路時代大道口,120.304928081298,22.5955911234976
635,成功分隊,地上,前鎮區,成功二路復興三路口,120.30119176414,22.6052335839295
636,成功分隊,地上,前鎮區,成功二路與凱旋四路口（消防局與夢時代間人行道草皮上）,120.305642448627,22.5937051998757
637,成功分隊,地上,前鎮區,成功二路與興發路口,120.305589484217,22.5938137864974
638,成功分隊,地上,苓雅區,自強三路38號（三多四路與自強三路口）（遊藝場）（東南側）,120.300401714698,22.6124414565028
639,成功分隊,地上,前鎮區,自強三路與新光路交接（靠總圖處）,120.300895759142,22.6104934529999
640,成功分隊,地上,前鎮區,林森四路上距成功二路約50公尺,120.300379077563,22.6085209488561
641,成功分隊,地上,前鎮區,林森四路與修成街口,120.302570442328,22.6091251133543
642,成功分隊,地上,苓雅區,青年二路232號（青年二路、永明街）,120.294479353408,22.6174207804675
643,成功分隊,地上,前鎮區,建南街3號旁（草叢中）,120.30181646347,22.5912298748368
644,成功分隊,地上,前鎮區,建南街7號旁（奇美公司）,120.301162671966,22.5909427577152
645,成功分隊,地上,前鎮區,建南街9號旁,120.300469994545,22.5907841220229
646,成功分隊,地上,前鎮區,建基街3號前（台達化工）,120.299340255295,22.5918777281076
647,成功分隊,地上,前鎮區,建基街5號前,120.298993374343,22.5929189690508
648,成功分隊,地上,前鎮區,建基街7號旁,120.29871395949,22.5938074406069
649,成功分隊,地上,前鎮區,建基街9號斜對面,120.298068888222,22.5958392742009
650,成功分隊,地上,前鎮區,建基街華運倉儲旁,120.299774773156,22.5909856061294
651,成功分隊,地上,苓雅區,苓中、永平路口,120.29361,22.615378
652,成功分隊,地上,苓雅區,苓南路上與海邊路口（西北側）,120.293030887842,22.6119421686389
653,成功分隊,地上,苓雅區,苓雅二路189巷29號對面,120.296652985285,22.6153305170111
654,成功分隊,地上,苓雅區,苓雅二路189巷6號口、永泰路84巷,120.296453160136,22.6158365264889
655,成功分隊,地上,苓雅區,海邊路上與成功一路10公尺（北側）,120.298426151276,22.6119607388467
656,成功分隊,地上,苓雅區,海邊路上與成功一路口約10公尺處,120.298490524292,22.6118914100582
657,成功分隊,地上,苓雅區,海邊路上與苓南路口（東側）,120.293059051037,22.6119099802728
658,成功分隊,地上,苓雅區,海邊路往西過永泰路100公尺處,120.295475721359,22.6109505159021
659,成功分隊,地上,苓雅區,海邊路往西過永泰路200公尺處,120.294059514999,22.6114581043384
660,成功分隊,地上,苓雅區,海邊路與永平路口（東側）,120.292165875435,22.6124856556832
661,成功分隊,地上,前鎮區,凱旋四路（人行道上）,120.313487411185,22.5947544469104
662,成功分隊,地上,前鎮區,凱旋四路119號（成功分隊斜坡出口旁人行道）,120.305696637752,22.5935970961735
663,成功分隊,地上,前鎮區,凱旋四路南訓對面（腳踏車專用道旁）,120.308128345536,22.5929513936827
664,成功分隊,地上,前鎮區,復興三路31號前,120.305201101852,22.606628859583
665,成功分隊,地上,前鎮區,復興三路47號（福泰瓦斯行前）,120.305532262566,22.6067173372432
666,成功分隊,地上,前鎮區,復興三路63號對面﹙建隆街口﹚,120.306026008598,22.6068048149837
667,成功分隊,地上,前鎮區,復興三路IKEA後車道出口對面,120.303251878265,22.6059657910742
668,成功分隊,地上,前鎮區,復興三路與中山二路口（萊爾富前）,120.306872860435,22.6071840443117
669,成功分隊,地上,苓雅區,華新街80號前,120.296668728836,22.6138703402666
670,成功分隊,地上,苓雅區,新光路126號（成功大樓）,120.2998921,22.6108735
671,成功分隊,地上,苓雅區,新光路36號(亞太財經廣場),120.302150085285,22.6114980709867
672,鼎金分隊,地上,三民區,三菱汽車保養場旁(大昌一路上),120.317105490878,22.6588785609405
673,鼎金分隊,地上,三民區,大中一路386-6號,120.3223911,22.6797767
674,鼎金分隊,地上,三民區,大昌一路104號右前方,120.326222516532,22.6536759093382
675,鼎金分隊,地上,三民區,大昌一路156號右前方,120.325286536788,22.6543872320162
676,鼎金分隊,地上,三民區,大昌一路325號前,120.319532425472,22.6579489347896
677,鼎金分隊,地上,三民區,大昌一路莊敬國小校門左前方(大昌一路與大園路口),120.324496530949,22.6549813637242
678,鼎金分隊,地上,三民區,大順二路736號,120.318621,22.653995
679,鼎金分隊,地上,三民區,大裕路287號前,120.32862864418,22.6600510496779
680,鼎金分隊,地上,三民區,天祥一路64號前,120.322683160713,22.666824092276
681,鼎金分隊,地上,三民區,天祥一路與鼎力路口(消防隊前),120.321874022484,22.6669472615843
682,鼎金分隊,地上,三民區,天祥二路18-1號前,120.316365259305,22.6684466309142
683,鼎金分隊,地上,三民區,本館路495-1號邊(高速公路涵洞東北方),120.333082501991,22.6581864861758
684,鼎金分隊,地上,三民區,民族一路508號前(人行道上),120.315594207341,22.6558131764257
685,鼎金分隊,地上,三民區,民族一路568號前,120.315990440187,22.6596092004832
686,鼎金分隊,地上,三民區,民族一路732號前,120.316486347221,22.6645391436899
687,鼎金分隊,地上,三民區,民族一路892號前,120.317336601258,22.6689874036668
688,鼎金分隊,地上,三民區,民族一路與天祥二路口（西南角五公尺）天祥二路11號前,120.316697359085,22.6682144745142
689,鼎金分隊,地上,三民區,民族一路與明誠二路2號口,120.315522361972,22.659851304889
690,鼎金分隊,地上,三民區,明誠一路170號前,120.327387775463,22.6598402914866
691,鼎金分隊,地上,三民區,明誠一路238號前,120.326552536211,22.6597524339008
692,鼎金分隊,地上,三民區,明誠一路336號對面,120.324741663754,22.6597619637485
693,鼎金分隊,地上,三民區,明誠一路508號前,120.32148994841,22.6603743913762
694,鼎金分隊,地上,三民區,明誠一路692號,120.318943,22.660039
695,鼎金分隊,地上,三民區,明誠一路與鼎吉街口,120.323149835582,22.6600907684695
696,鼎金分隊,地上,三民區,明誠二路34號前,120.314948200646,22.6598382645182
697,鼎金分隊,地上,三民區,明誠二路80號前（鼎泰公園對面）,120.312785904264,22.6602902484349
698,鼎金分隊,地上,三民區,明誠二路明仁路口（東北角）,120.314075499773,22.6599179773444
699,鼎金分隊,地上,三民區,明誠二路與河堤路口（明誠二路118號前）,120.312050431967,22.6604971643763
700,鼎金分隊,地上,三民區,高雄市立圖書館河堤分館前,120.315491055164,22.6636264393488
701,鼎金分隊,地上,三民區,鼎力路50號前,120.321807520832,22.6635576790486
702,鼎金分隊,地上,三民區,鼎山街474號,120.3194993991,22.6544420787404
703,鼎金分隊,地上,三民區,鼎山街鼎金國小大門左側30公尺,120.321032320654,22.6566210199909
704,鼎金分隊,地上,三民區,鼎中路32號前,120.319068166541,22.6591289007112
705,鼎金分隊,地上,三民區,鼎中路605號前,120.320920497179,22.6714616542166
706,鼎金分隊,地上,三民區,鼎中路633號前,120.321052063824,22.6720061002187
707,鼎金分隊,地上,三民區,鼎金中街6號前,120.324519941139,22.664834
708,鼎金分隊,地上,三民區,鼎金後路36巷50弄口,120.327377915382,22.6703033702763
709,鼎金分隊,地上,三民區,鼎金後路5之3號,120.32507480089,22.6660225601515
710,鼎金分隊,地上,三民區,鼎泰路187號前,120.318057898148,22.6650923577151
711,大昌分隊,地上,三民區,九如一路146號前,120.340179931372,22.6370492719208
712,大昌分隊,地上,三民區,九如一路189號前,120.33895937719,22.6371322906007
713,大昌分隊,地上,三民區,九如一路202號前,120.338221583515,22.637403897686
714,大昌分隊,地上,三民區,九如一路232號前,120.335999708623,22.6377975126467
715,大昌分隊,地上,三民區,九如一路345號前,120.332931860992,22.6382041887372
716,大昌分隊,地上,三民區,九如一路415號前,120.331072155386,22.6385293487862
717,大昌分隊,地上,三民區,九如一路481號前（加油站前）,120.329124871641,22.6388734496743
718,大昌分隊,地上,三民區,九如一路490號前,120.32839698717,22.6391593745768
719,大昌分隊,地上,三民區,九如一路95號前,120.341483484953,22.6367011436431
720,大昌分隊,地上,三民區,九如一路光武國小旁,120.333989524759,22.6381889084632
721,大昌分隊,地上,三民區,九如一路高速公路南下車道旁,120.336697753519,22.6376991090123
722,大昌分隊,地上,三民區,九如一路與大順陸橋下(東南角),120.328073278069,22.6390581900321
723,大昌分隊,地上,三民區,九如一路與光武路口,120.334827248007,22.6378699228234
724,大昌分隊,地上,三民區,大昌一路124號對面,120.326064303517,22.6537899545628
725,大昌分隊,地上,三民區,大昌一路82號對面(立志中學大門東側),120.326934680343,22.6531296736392
726,大昌分隊,地上,三民區,大昌一路莊敬國小校門對面洗車場旁,120.323990285397,22.6553301851599
727,大昌分隊,地上,三民區,大昌二路531號前,120.330125726746,22.6516142423992
728,大昌分隊,地上,三民區,大昌二路與九如一路口（西北角）,120.331919733435,22.6385556514925
729,大昌分隊,地上,三民區,大順二路155號前,120.326734185219,22.6425042804026
730,大昌分隊,地上,三民區,大順二路238號前,120.326476693153,22.6436545711536
731,大昌分隊,地上,三民區,大順二路468號(大昌分隊)左側,120.325042870622,22.6490074166965
732,大昌分隊,地上,三民區,大順二路759號前,120.320293530822,22.6524675330666
733,大昌分隊,地上,三民區,大順二路與大豐二路口,120.325577370809,22.646576268757
734,大昌分隊,地上,三民區,大豐二路20號,120.326770395041,22.6463424545238
735,大昌分隊,地上,三民區,大豐二路21號前,120.326078853546,22.6464850096601
736,大昌分隊,地上,三民區,文安南街163號前左方5公尺,120.347408149392,22.6411409477601
737,大昌分隊,地上,三民區,文安南路與鳳山區建國路三段（VOLOV大門前）,120.346431285371,22.6375873266535
738,大昌分隊,地上,三民區,文鳳路上接近澄清路口(宜兒樂旁),120.346249938011,22.6430938790676
739,大昌分隊,地上,三民區,文濱路15-1號旁對面路口,120.348255224526,22.638833454178
740,大昌分隊,地上,三民區,文濱路70號前,120.348556470126,22.6399552576436
741,大昌分隊,地上,三民區,水源路頭與自強路橋下,120.344302711258,22.6351168889001
742,大昌分隊,地上,三民區,正忠路30號前,120.330167281714,22.6417730364792
743,大昌分隊,地上,三民區,正忠路421號前,120.330193117247,22.6493468367732
744,大昌分隊,地上,三民區,正忠路455巷口,120.330438539372,22.6502723066652
745,大昌分隊,地上,三民區,正義路311巷口對面(重劃區),120.34213973097,22.6345688495278
746,大昌分隊,地上,三民區,正義路與水源路口東北角,120.342783015222,22.6352622040712
747,大昌分隊,地上,三民區,正興路109號前,120.320342481137,22.6459632214546
748,大昌分隊,地上,三民區,正興路125號,120.320041403175,22.6464812010841
749,大昌分隊,地上,三民區,正興路142號對面,120.319842249155,22.6472451710581
750,大昌分隊,地上,三民區,正興路25號前,120.322309881449,22.6456629532785
751,大昌分隊,地上,三民區,正興路與建興路口,120.323101133108,22.6462246869239
752,大昌分隊,地上,三民區,民族一路186-1號,120.314812101424,22.6468057345939
753,大昌分隊,地上,三民區,民族一路230號前,120.315013393848,22.6486085446596
754,大昌分隊,地上,三民區,民族一路316號前,120.315234147008,22.6510932891824
755,大昌分隊,地上,三民區,民族一路402號前,120.315428940609,22.6535137260919
756,大昌分隊,地上,三民區,光武路與覺民路口（西北角）,120.335293281823,22.640329680042
757,大昌分隊,地上,三民區,建工路與大順二路口(東北角),120.324251130223,22.6498096562958
758,大昌分隊,地上,三民區,建工路與建德路口,120.322437956929,22.6489884547923
759,大昌分隊,地上,三民區,建工路與建興路口,120.320444405079,22.6486154793365
760,大昌分隊,地上,三民區,建元路28號,120.317760854959,22.6470465238044
761,大昌分隊,地上,三民區,義華路157號前,120.340753086522,22.6427654119648
762,大昌分隊,地上,三民區,義華路與正忠路口,120.330531049941,22.6434431978859
763,大昌分隊,地上,三民區,澄和路256號前(市立網球場大門左側),120.338214720237,22.6458951851261
764,大昌分隊,地上,三民區,澄清路373號前,120.344887711108,22.6385315117953
765,大昌分隊,地上,三民區,澄清路517號前,120.345672592521,22.6417542551068
766,大昌分隊,地上,三民區,澄清路567號前,120.346006084078,22.6430896881187
767,大昌分隊,地上,三民區,澄清路635號前,120.34622557348,22.6441055398322
768,大昌分隊,地上,三民區,澄清路643號右側,120.346267483006,22.6442848024134
769,大昌分隊,地上,三民區,澄清路與文樂街口,120.346980521832,22.6464991288586
770,大昌分隊,地上,三民區,澄清路與文龍路口,120.346416291961,22.6442089887829
771,大昌分隊,地上,三民區,澄清路與澄照路口,120.344524439425,22.6370437018753
772,大昌分隊,地上,三民區,澄清路與褒揚東街口,120.345504954458,22.6402429131591
773,大昌分隊,地上,三民區,澄清路與覺民路口,120.34505803138,22.6385218447767
774,大昌分隊,地上,三民區,褒揚東街70號前,120.347931633326,22.6396739563642
775,大昌分隊,地上,三民區,褒揚街與澄清路口,120.34531082958,22.6402491019544
776,大昌分隊,地上,三民區,興昌街與興隆路口,120.318367369473,22.6470120508227
777,大昌分隊,地上,三民區,寶興路26-1號,120.326860919595,22.6445457326728
778,大昌分隊,地上,三民區,寶興路70號,120.327961295843,22.644410821092
779,大昌分隊,地上,三民區,覺民路199號前,120.339802075177,22.6394756241546
780,大昌分隊,地上,三民區,覺民路522號前,120.330474190414,22.6407572010983
781,大昌分隊,地上,三民區,覺民路555號前,120.330128017813,22.6407511360994
782,大昌分隊,地上,三民區,覺民路560號前,120.330111086369,22.6407788617996
783,大昌分隊,地上,三民區,覺民路618巷口,120.328399166465,22.6411698059246
784,大昌分隊,地上,三民區,覺民路民族國中校門旁,120.333507601172,22.6406298361038
785,十全分隊,地上,三民區,九如一路1028號 (電線桿旁),120.314310193062,22.6405447434759
786,十全分隊,地上,三民區,九如一路502號 (花旗銀行，大順、九如路口轉角處),120.327872782946,22.6392283832693
787,十全分隊,地上,三民區,九如一路531號,120.32712444663,22.6391473094262
788,十全分隊,地上,三民區,九如一路549號,120.326516046627,22.6391968963494
789,十全分隊,地上,三民區,九如一路576號,120.325180515647,22.6394759366924
790,十全分隊,地上,三民區,九如一路775號 (婦女館),120.324127078056,22.6394047651289
791,十全分隊,地上,三民區,九如一路780號,120.320908296959,22.6399126363877
792,十全分隊,地上,三民區,九如一路805號 (對面科工館),120.320924520493,22.6397191574962
793,十全分隊,地上,三民區,九如一路873號 (873、875號之間),120.317911058664,22.6399741366042
794,十全分隊,地上,三民區,九如一路899號 (高雄市民族社區老人活動中心),120.316612869501,22.6400335491439
795,十全分隊,地上,三民區,九如二路205號,120.30850602216,22.640756351018
796,十全分隊,地上,三民區,九如二路2號前(九如.民族西北角),120.313721204282,22.6405401121935
797,十全分隊,地上,三民區,九如二路332號<斜對面>,120.302761033066,22.6411478619866
798,十全分隊,地上,三民區,九如二路385號,120.301663577557,22.6412230322923
799,十全分隊,地上,三民區,九如二路427號(西南角),120.300639042992,22.6413133284933
800,十全分隊,地上,三民區,九如二路488號(人行道上),120.298281365012,22.6416003724218
801,十全分隊,地上,三民區,九如二路567號 (台灣銀行),120.2970721236,22.6415576769101
802,十全分隊,地上,三民區,九如二路9號前,120.313285550926,22.640430349245
803,十全分隊,地上,三民區,十全一路100號 (十全一路94巷、同盟路口附近),120.311424618628,22.648364522345
804,十全分隊,地上,三民區,十全一路107號(十全.青島東南角),120.310381114086,22.6449097892472
805,十全分隊,地上,三民區,十全一路1號西北側(十全.孝順東南角),120.312886824572,22.6446618978085
806,十全分隊,地上,三民區,十全一路200號(三民國中西方),120.30649331531,22.6462704262288
807,十全分隊,地上,三民區,十全一路200號(三民國中東邊自由路上、高醫正門對面),120.308879810781,22.6462060655656
808,十全分隊,地上,三民區,十全一路202號(博愛國小東邊，自由、十全北方路口),120.308773883029,22.6450984491337
809,十全分隊,地上,三民區,十全一路347號(北方),120.306317171793,22.645233018481
810,十全分隊,地上,三民區,十全一路393號前,120.305192669975,22.6452695085607
811,十全分隊,地上,三民區,十全一路86號,120.311637952507,22.6448280967839
812,十全分隊,地上,三民區,十全二路161號(十全、嫩江街口，東南角),120.298666580357,22.6457427218514
813,十全分隊,地上,三民區,十全二路311號前,120.294407044717,22.6460166776618
814,十全分隊,地上,三民區,十全二路320號（台電大門口左側人行道）,120.294402170177,22.6460469076331
815,十全分隊,地上,三民區,十全二路385號對面,120.292093087426,22.6462229324794
816,十全分隊,地上,三民區,十全二路69號(天津、十全路口，西南角),120.300978174274,22.6455977872472
817,十全分隊,地上,三民區,大順一路與河堤南路口,120.312833333333,22.6558888888889
818,十全分隊,地上,三民區,大順二路63號 (大順、覺民路口轉角處),120.327149714121,22.6414148947121
819,十全分隊,地上,三民區,大順三路361號,120.327492720238,22.6379744489906
820,十全分隊,地上,三民區,山東街214號 (東北方),120.311834300017,22.6470187289749
821,十全分隊,地上,三民區,中庸街104號左側(中庸街106巷口),120.289058184656,22.6367957302357
822,十全分隊,地上,三民區,中庸街105巷2弄16號右側,120.288349092007,22.6363350695636
823,十全分隊,地上,三民區,中華二路16號,120.292396935497,22.6389784993517
824,十全分隊,地上,三民區,中華二路170號前,120.291829258204,22.6427083245723
825,十全分隊,地上,三民區,中華二路258號前,120.291981898148,22.6452359188837
826,十全分隊,地上,三民區,中華二路62號旁停車場前 （60巷口）,120.292192061026,22.6395533003483
827,十全分隊,地上,三民區,中華三路316號對面(中華三路與三德西街口),120.292359033066,22.6378039775506
828,十全分隊,地上,三民區,市中一路339號左側，建國路上（建國三路與市中一路),120.287319117722,22.6349793462536
829,十全分隊,地上,三民區,平等路197號 (中山網球場左側),120.321239680052,22.6437591591591
830,十全分隊,地上,三民區,民族一路100號 (高雄果菜運銷股份有限公司),120.314634740353,22.6444869409452
831,十全分隊,地上,三民區,民族一路171號,120.314447258931,22.6473358021554
832,十全分隊,地上,三民區,民族一路233號,120.31473,22.649393
833,十全分隊,地上,三民區,民族一路237號,120.314863784409,22.6506184589864
834,十全分隊,地上,三民區,民族一路269號,120.314931170812,22.6517048643802
835,十全分隊,地上,三民區,民族一路293號,120.314993652779,22.6522065647703
836,十全分隊,地上,三民區,民族一路375號,120.315173784061,22.6543213074208
837,十全分隊,地上,三民區,民族一路427號,120.315286271164,22.6559084532779
838,十全分隊,地上,三民區,民族一路463號,120.315578688361,22.6596539103637
839,十全分隊,地上,三民區,民族一路62號,120.314421504736,22.6417565016178
840,十全分隊,地上,三民區,民族一路76號 (諾貝爾牙醫診所),120.314486548305,22.6426693358552
841,十全分隊,地上,三民區,民族一路與十全一路交叉口（西北側）99號旁,120.314174,22.644851
842,十全分隊,地上,三民區,同盟一路243號 (自由、北平路口),120.309158340096,22.649903719402
843,十全分隊,地上,三民區,同盟一路243號 (自由、同盟北方路口),120.309163033962,22.6500175851812
844,十全分隊,地上,三民區,同盟一路360號(北方),120.306992917409,22.6514561335683
845,十全分隊,地上,三民區,同盟一路360號(西方),120.306903063407,22.6514264297723
846,十全分隊,地上,三民區,同盟一路365號,120.305776535621,22.6518020585526
847,十全分隊,地上,三民區,同盟一路367號,120.304638486185,22.651931545047
848,十全分隊,地上,三民區,同盟一路397號(西方),120.303834006982,22.6518461250172
849,十全分隊,地上,三民區,同盟一路與孝順街（安生公園邊東側）,120.313165,22.647027
850,十全分隊,地上,三民區,同盟二路185號,120.297905419355,22.650914721783
851,十全分隊,地上,三民區,同盟二路19號,120.302636565353,22.6516164471142
852,十全分隊,地上,三民區,同盟二路217號(高雄客家文物園區),120.29588379323,22.6507761592712
853,十全分隊,地上,三民區,同盟二路217號(高雄客家文物園區)左側100公尺,120.293264616127,22.6493788293224
854,十全分隊,地上,三民區,同盟二路61號,120.301471600323,22.6512745553216
855,十全分隊,地上,三民區,合江街107號(北方),120.308021423504,22.6506933972844
856,十全分隊,地上,三民區,安東街129號右側10公尺,120.295646696636,22.6462014282702
857,十全分隊,地上,三民區,安東街163號對面,120.295709941428,22.646994305257
858,十全分隊,地上,三民區,安東街173號左側60公尺,120.295769620578,22.647874924738
859,十全分隊,地上,三民區,自由一路153號,120.30897796154,22.6472334160418
860,十全分隊,地上,三民區,自由一路167號 (自由室內休閒養生游泳池),120.309063138116,22.6485118966565
861,十全分隊,地上,三民區,自由一路203號,120.309106037021,22.649119651935
862,十全分隊,地上,三民區,自由一路225號,120.308658169311,22.6523819868214
863,十全分隊,地上,三民區,自由一路226號,120.308887691996,22.6516276619252
864,十全分隊,地上,三民區,自由一路46號北側10公尺(自由.遼寧東北角),120.308614979745,22.6423118684545
865,十全分隊,地上,三民區,自立一路408號(小北百貨),120.296650673899,22.6470685638329
866,十全分隊,地上,三民區,自立一路460號,120.296742178302,22.6481454357716
867,十全分隊,地上,三民區,自立一路481號,120.29676664418,22.6486446998507
868,十全分隊,地上,三民區,自立一路497號對面,120.296849670264,22.6493798141
869,十全分隊,地上,三民區,自立一路526號對面,120.296891300594,22.6501409469132
870,十全分隊,地上,三民區,自立一路556號,120.296952624214,22.6506413765226
871,十全分隊,地上,三民區,自立路369號,120.296461790681,22.6458663162787
872,十全分隊,地上,三民區,孝順街397號 (察哈爾一街上),120.313012003899,22.6469264670673
873,十全分隊,地上,三民區,延吉街1巷2號 (門面左側),120.319397002459,22.6388997554109
874,十全分隊,地上,三民區,延吉街1巷34號 (房子右側),120.318842449074,22.6389413482088
875,十全分隊,地上,三民區,延吉街1巷46號 (門面左側、草叢中),120.318220440475,22.639005299392
876,十全分隊,地上,三民區,延吉街1巷70號 (大華理髮廳，轉角處),120.317660067459,22.6390907613118
877,十全分隊,地上,三民區,延吉街3巷24號 (門面左側、凹洞內),120.318230241537,22.6397005910378
878,十全分隊,地上,三民區,延吉街3巷2號 (門面右側),120.319478139281,22.6395873355873
879,十全分隊,地上,三民區,延吉街3巷31號 (門面左側、凹洞內),120.318827953373,22.6396457691844
880,十全分隊,地上,三民區,延吉街3巷36號 (店家裡面),120.319741,22.640487
881,十全分隊,地上,三民區,林森一路333號（西北角宏萊電子）,120.305237323942,22.6384550194994
882,十全分隊,地上,三民區,松江街24號,120.303680598736,22.6410992572106
883,十全分隊,地上,三民區,河北二路112-1號前（河北二路與自立一路口）,120.296805017197,22.6361322692634
884,十全分隊,地上,三民區,河北二路116號前,120.295604101852,22.6357240497906
885,十全分隊,地上,三民區,河北二路208號前（河北二路與中庸街口）,120.290155186508,22.6338927294288
886,十全分隊,地上,三民區,河堤路208號,120.31282681449,22.6581616344807
887,十全分隊,地上,三民區,長明街2號 (左側20公尺),120.313649597094,22.6378943219493
888,十全分隊,地上,三民區,哈爾濱街215號,120.299979655549,22.6476252644218
889,十全分隊,地上,三民區,建國一路378號（傻瓜冰茶前）,120.320007012442,22.6339631537461
890,十全分隊,地上,三民區,建國一路411號,120.317416215938,22.6343785272795
891,十全分隊,地上,三民區,建國二路185-1號人行道上(交叉路口東南角),120.306669520099,22.6374224750072
892,十全分隊,地上,三民區,建國二路204號,120.306622581441,22.6375450156181
893,十全分隊,地上,三民區,建國二路255號,120.304443,22.6375769835571
894,十全分隊,地上,三民區,建國二路305號對面(計程車招呼站),120.302829223348,22.6377233555978
895,十全分隊,地上,三民區,建國二路34號,120.312119,22.6374055636557
896,十全分隊,地上,三民區,建國三路182號前,120.293455603705,22.637080618428
897,十全分隊,地上,三民區,建國三路188號右側,120.29267635582,22.6368492699351
898,十全分隊,地上,三民區,建國三路188號後方，三德西街上(三德西街與三鳳中街口),120.292311575394,22.6369680976916
899,十全分隊,地上,三民區,建國三路216號左後方，三德西街上(三德西街靠近鐵路圍籬旁),120.292009324081,22.637800224173
900,十全分隊,地上,三民區,建國三路355號前,120.293403813492,22.6369776323829
901,十全分隊,地上,三民區,建國三路373號右方,120.292645,22.636562
902,十全分隊,地上,三民區,建國三路48號前(雄中體育館左側),120.29968850528,22.6378823686699
903,十全分隊,地上,三民區,凱旋一路121號,120.319538,22.635121
904,十全分隊,地上,三民區,博愛一路149號(博愛、十全路口，西南角人行道上),120.302903839287,22.6454426729863
905,十全分隊,地上,三民區,博愛一路197號,120.303048882855,22.6466104966212
906,十全分隊,地上,三民區,博愛一路218號(北方),120.303449053032,22.6476423502319
907,十全分隊,地上,三民區,博愛一路300號,120.303584172999,22.6488948929375
908,十全分隊,地上,三民區,博愛一路391號,120.303369784061,22.6513309041163
909,十全分隊,地上,三民區,萬全街2號 (自由路上),120.309022217989,22.6478931064756
910,十全分隊,地上,三民區,寧夏街1巷14號 (門面左側、草叢中),120.316076314156,22.6392254465716
911,十全分隊,地上,三民區,寧夏街1巷38號 (門面左側、欄杆凹洞裡面),120.315521492066,22.6393265871803
912,十全分隊,地上,三民區,寧夏街1巷62號 (門面左側),120.314688384533,22.6393577299885
913,十全分隊,地上,三民區,寧夏街2號 (對面公園),120.316535665012,22.6392497691059
914,十全分隊,地上,三民區,寧夏街3巷14號 (門面左側、凹洞內),120.315141979168,22.6399191748988
915,十全分隊,地上,三民區,寧夏街3巷3號,120.316171646118,22.6396968777458
916,十全分隊,地上,三民區,寧夏街3巷55號,120.314689725637,22.6398212729725
917,十全分隊,地上,三民區,聯興路26號,120.313740645963,22.6559041244002
918,十全分隊,地上,三民區,聯興路70號,120.314305871164,22.6581631237936
919,十全分隊,地上,三民區,禮明路93巷40號 (變電箱旁),120.324847923943,22.6410938444231
920,左營分隊,地上,左營區,R17捷運站北側(南下車道),120.302405375941,22.701457110877
921,左營分隊,地上,左營區,R17捷運站南側(北上車道),120.302685004971,22.7010563660439
922,左營分隊,地上,左營區,大中二路口751號旁迴轉道上,120.304162222846,22.6859391839878
923,左營分隊,地上,左營區,中正路上崇實新村222號大門口南側10公尺,120.286499,22.678393
924,左營分隊,地上,左營區,中正路上崇實新村222號大門北側10公尺,120.286488,22.678608
925,左營分隊,地上,左營區,中正路和介壽路口（右轉中正路往南50公尺）,120.286466870956,22.6805486283845
926,左營分隊,地上,左營區,中華1路9號右前（中華路市場門口）,120.287603437901,22.6686575012731
927,左營分隊,地上,左營區,中華一路2-11號(加油站右側),120.286417550926,22.6713073974046
928,左營分隊,地上,左營區,中華一路3號,120.287072360516,22.6693777260789
929,左營分隊,地上,左營區,介壽路10號和中正路口,120.286475,22.680874
930,左營分隊,地上,左營區,孔營路近蓮潭路151號-2,120.297308705032,22.6881754915891
931,左營分隊,地上,左營區,世運大道100號（世運主場館大門東側）,120.295287163538,22.7011206894129
932,左營分隊,地上,左營區,世運大道100號西側100公尺（世運大道變電所對面）,120.297776253504,22.7009821218377
933,左營分隊,地上,左營區,世運大道100號西側300公尺往左楠路方向,120.3007803276,22.7010415079585
934,左營分隊,地上,左營區,世運大道100號西側50公尺（世運主場館大門西側）,120.293227227014,22.7011602801229
935,左營分隊,地上,左營區,世運大道301號東側300公尺靠近左楠路,120.300951988977,22.7006456
936,左營分隊,地上,左營區,世運大道399號國訓中心門口前,120.292969734949,22.7004872364962
937,左營分隊,地上,左營區,半屏山後巷3-8號白雲宮旁,120.304674306262,22.6890083151145
938,左營分隊,地上,左營區,左楠路2-1號(左楠和翠華路加油站旁),120.30284430423,22.6995802199906
939,左營分隊,地上,左營區,左營大路139巷口,120.289072617888,22.6839930174673
940,左營分隊,地上,左營區,左營大路177號,120.289555947256,22.6848182838836
941,左營分隊,地上,左營區,左營大路18號對面和介壽路口,120.287626889549,22.6808105356432
942,左營分隊,地上,左營區,左營大路19號台灣銀行前面,120.287478034393,22.6799417559544
943,左營分隊,地上,左營區,左營大路2-49號,120.286979153752,22.6763842518364
944,左營分隊,地上,左營區,左營大路252號,120.290003609787,22.6856628831389
945,左營分隊,地上,左營區,左營大路253號,120.290511737434,22.6860921136322
946,左營分隊,地上,左營區,左營大路267巷8號,120.290760402967,22.6865355889764
947,左營分隊,地上,左營區,左營大路2-75號對面,120.287024080753,22.6777800693828
948,左營分隊,地上,左營區,左營大路2-84號,120.287262797356,22.6782471948655
949,左營分隊,地上,左營區,左營大路337號,120.292678620867,22.6869774370492
950,左營分隊,地上,左營區,左營大路453號,120.294738938658,22.6888705234707
951,左營分隊,地上,左營區,左營大路501號(豐穀宮前),120.296154720238,22.690405624842
952,左營分隊,地上,左營區,左營大路508號,120.295175510416,22.6893177841854
953,左營分隊,地上,左營區,左營大路639號,120.298338,22.692555
954,左營分隊,地上,左營區,左營大路687號,120.298922101852,22.6932964070287
955,左營分隊,地上,左營區,左營大路713號,120.299369148479,22.6939038817536
956,左營分隊,地上,左營區,左營大路731號,120.299714661377,22.6944058136478
957,左營分隊,地上,左營區,左營大路785號前,120.30066964418,22.6958603058262
958,左營分隊,地上,左營區,左營大路816號,120.299863526984,22.6944872871252
959,左營分隊,地上,左營區,左營大路826號（三陽機車行對面）,120.300149921461,22.6949725390039
960,左營分隊,地上,左營區,左營大路836巷與屏和街口,120.300545958336,22.6944506172835
961,左營分隊,地上,左營區,左營大路860號,120.300628084656,22.6955433885045
962,左營分隊,地上,左營區,左營大路912號,120.301262262566,22.6964730311726
963,左營分隊,地上,左營區,左營大路上海青工商公車亭旁,120.286472216249,22.6745107651726
964,左營分隊,地上,左營區,左營大路南門與勵志新村入口處,120.286478251219,22.6728556656684
965,左營分隊,地上,左營區,左營大路海光俱樂部左側,120.286653935909,22.6738858514452
966,左營分隊,地上,左營區,和光街106巷11號,120.295254542328,22.7073952055506
967,左營分隊,地上,左營區,和光街152巷63號對面,120.296708152115,22.7074846916602
968,左營分隊,地上,左營區,和光街26號,120.293590732402,22.7062660122625
969,左營分隊,地上,左營區,明潭路20號和翠明路口,120.301991519014,22.6890236938382
970,左營分隊,地上,左營區,明潭路70號對面公園人行道上,120.301793598881,22.6888976934485
971,左營分隊,地上,左營區,果峰街12巷12號(13棟16右側),120.288679830688,22.671955472837
972,左營分隊,地上,左營區,果峰街1巷12號前(6棟13前),120.288399665012,22.6695630244587
973,左營分隊,地上,左營區,果峰街1棟35號,120.287023423071,22.6718838232737
974,左營分隊,地上,左營區,果峰街3巷1號右前(8棟27右前),120.28826664418,22.6701617235996
975,左營分隊,地上,左營區,果峰街3巷24號右側(6梯右側),120.287667898148,22.670426
976,左營分隊,地上,左營區,果峰街47巷12號前(3棟16前),120.287200559525,22.6699413484135
977,左營分隊,地上,左營區,果峰街47巷23號前(3棟5號前),120.287662830689,22.6695209493508
978,左營分隊,地上,左營區,果峰街4巷口(公車候車亭右側),120.28861371157,22.6703220548874
979,左營分隊,地上,左營區,果峰街50巷口(1棟1號左側),120.287160050926,22.6706265059185
980,左營分隊,地上,左營區,果峰街6巷10號前(11棟16右側),120.289275533205,22.6714615434848
981,左營分隊,地上,左營區,城峰路295號對面,120.29170953373,22.6756198048994
982,左營分隊,地上,左營區,城峰路42號,120.288175054878,22.673145003328
983,左營分隊,地上,左營區,城峰路60號,120.289421376305,22.674065967393
984,左營分隊,地上,左營區,軍校路35號,120.292352133764,22.6891797626824
985,左營分隊,地上,左營區,軍校路39號前捐血車旁,120.292354186508,22.6894144746314
986,左營分隊,地上,左營區,軍校路和實踐路69號路口,120.292396680357,22.6903899675434
987,左營分隊,地上,左營區,海功東路133號,120.299534516394,22.6935523
988,左營分隊,地上,左營區,海功路237號,120.293894827382,22.6935985149142
989,左營分隊,地上,左營區,海功路33號,120.297356965607,22.6935613716936
990,左營分隊,地上,左營區,海功路38號,120.298243,22.693848
991,左營分隊,地上,左營區,海功路44號,120.297642923943,22.6936955103846
992,左營分隊,地上,左營區,海功路55號東側50公尺公車站牌旁,120.296384780426,22.693589168132
993,左營分隊,地上,左營區,海功路55號前左營高中大門旁,120.29602,22.6936287610188
994,左營分隊,地上,左營區,海功路57號和進學路口,120.295308762882,22.6936778106097
995,左營分隊,地上,左營區,海平路101號立德國中大門往北20公尺,120.291919200069,22.6886342252778
996,左營分隊,地上,左營區,海平路101號前,120.291270105488,22.688030410504
997,左營分隊,地上,左營區,站前北路12號(停車場旁),120.307514984114,22.6891364512421
998,左營分隊,地上,左營區,站前南路71號,120.303998608096,22.6875972188873
999,左營分隊,地上,左營區,站前路100號對面(站前路和站前北路口南端),120.305760331357,22.6883524164164
1000,左營分隊,地上,左營區,站前路61號(站前路和站前北路口),120.307032186491,22.6893294727291
1001,左營分隊,地上,左營區,站前路97號面對台鐵左營新站中央,120.305224845057,22.6876173334167
1002,左營分隊,地上,左營區,菜公路102巷(翠華路上),120.302679476162,22.6896838404641
1003,左營分隊,地上,左營區,菜公路17巷對面(站前南路61號),120.30431382035,22.6874823778499
1004,左營分隊,地上,左營區,菜公路20巷2號,120.303360728836,22.6879977787785
1005,左營分隊,地上,左營區,新祥和山莊-1,120.296603757841,22.6939421104596
1006,左營分隊,地上,左營區,新祥和山莊-2,120.296631412659,22.6941507407507
1007,左營分隊,地上,左營區,新祥和山莊-3,120.296620683823,22.6944278895817
1008,左營分隊,地上,左營區,新祥和山莊-4,120.295788366301,22.6946993204852
1009,左營分隊,地上,左營區,新祥和山莊-5,120.29562743376,22.6944320703656
1010,左營分隊,地上,左營區,新祥和山莊-6,120.295605976088,22.6941846160865
1011,左營分隊,地上,左營區,新祥和山莊-7,120.295611340506,22.6939025176633
1012,左營分隊,地上,左營區,鼓山三路450號,120.285686320834,22.6713874599153
1013,左營分隊,地上,左營區,翠峰路12號,120.289593253967,22.6714298515289
1014,左營分隊,地上,左營區,翠峰路42號（第八街賣場右前）,120.288820490241,22.6721458167545
1015,左營分隊,地上,左營區,翠峰路66號（翠峰路與城峰路口）,120.288011618385,22.6729316253571
1016,左營分隊,地上,左營區,翠華路（大義國中大門前）,120.293368842614,22.6744945034413
1017,左營分隊,地上,左營區,翠華路1401號（內政部兒童之家）,120.297419669867,22.6785201959283
1018,左營分隊,地上,左營區,翠華路1917號和明潭路路口北側,120.302984561932,22.6889397367239
1019,左營分隊,地上,左營區,翠華路1917號和明潭路路口南側,120.302984561932,22.6888011568282
1020,左營分隊,地上,左營區,翠華路561號前(5棟11前),120.288724110451,22.6691281749698
1021,左營分隊,地上,左營區,翠華路574號前(6棟12前),120.289189722719,22.6698775250168
1022,左營分隊,地上,左營區,翠華路586號,120.289942894512,22.6708486508915
1023,左營分隊,地上,左營區,翠華路603號,120.291175568123,22.6721273793841
1024,左營分隊,地上,左營區,翠華路688巷口旁（大義北上50公尺）,120.293913331044,22.6750686791569
1025,左營分隊,地上,左營區,翠華路上與東門路口,120.292395200742,22.6734302920945
1026,左營分隊,地上,左營區,蓮潭路151號,120.296406393918,22.6865527461337
1027,左營分隊,地上,左營區,蓮潭路151號-1近孔營路,120.297634845647,22.6879138149398
1028,左營分隊,地上,左營區,蓮潭路47號旁舊城國小圍牆邊,120.293393284725,22.6833438904502
1029,左營分隊,地上,左營區,環山路78號(環山和站前北路口),120.305083275401,22.6890081983169
1030,左營分隊,地上,左營區,環山路96號,120.305900294287,22.6894185594776
1031,新莊分隊,地上,左營區,Ｒ15站第2出口前巷子口（博愛三路上）,120.306629031856,22.677196499404
1032,新莊分隊,地上,左營區,三民家商大門左側,120.301746726036,22.6658508159516
1033,新莊分隊,地上,左營區,大中一路、民族一路口東側,120.319365991272,22.6790102351039
1034,新莊分隊,地上,左營區,大中一路388號前,120.321496661377,22.6780080065519
1035,新莊分隊,地上,左營區,大中一路480號(榮富路口西側),120.320398807526,22.6785992393763
1036,新莊分隊,地上,左營區,大中二路、文川路口,120.309152914928,22.6817873060866
1037,新莊分隊,地上,左營區,大中二路、重立路858巷口,120.306583358691,22.6842298812082
1038,新莊分隊,地上,左營區,大中二路167號右前（原輪汽車右側）,120.31554543573,22.6789039108249
1039,新莊分隊,地上,左營區,大中二路56巷口西側,120.317784777387,22.6793906835627
1040,新莊分隊,地上,左營區,大中二路576號前,120.308513761902,22.6828622122812
1041,新莊分隊,地上,左營區,大中二路610號左側,120.307385804894,22.6839813547751
1042,新莊分隊,地上,左營區,大中二路新莊高中操場南側小門旁,120.316471052432,22.6794808020906
1043,新莊分隊,地上,左營區,大中二路與文自路口（西南方）,120.311537398742,22.6802220058355
1044,新莊分隊,地上,左營區,大中二路與文自路口西側(大中路上),120.311711742328,22.6804670105328
1045,新莊分隊,地上,左營區,大中二路與文自路口東側（大中路上）,120.311781479762,22.6804298886371
1046,新莊分隊,地上,左營區,大中二路與文慈路口,120.317269279407,22.6794362554941
1047,新莊分隊,地上,左營區,大中二路與自由三路口,120.313475015737,22.6791827289661
1048,新莊分隊,地上,左營區,大中二路與高鐵路口北側,120.306411697314,22.6849735339882
1049,新莊分隊,地上,左營區,大中二路與博愛四路口東側,120.310649587558,22.6812898766397
1050,新莊分隊,地上,左營區,大順一路、富民路口,120.305249018238,22.6567697739007
1051,新莊分隊,地上,左營區,大順一路200號,120.308759091713,22.6567373554196
1052,新莊分隊,地上,左營區,大順一路398號,120.304523658895,22.6565816715191
1053,新莊分隊,地上,左營區,大順一路新上國小校門口左前方,120.311093549113,22.6563786889822
1054,新莊分隊,地上,左營區,大順一路與自由路口,120.30888474999,22.656468725346
1055,新莊分隊,地上,左營區,大順一路與龍德新路口(大順一路上),120.310687171374,22.6561649278044
1056,新莊分隊,地上,左營區,大順一路與龍德新路口(龍德新路上),120.310769942168,22.6560197032025
1057,新莊分隊,地上,左營區,子華路、孟子路口,120.311416583398,22.6742117197202
1058,新莊分隊,地上,左營區,子華路26號旁,120.311660406746,22.6749340149284
1059,新莊分隊,地上,左營區,天祥二路111巷口西側人行道上,120.313398624421,22.6685496623384
1060,新莊分隊,地上,左營區,文川路、重愛路口,120.314526007826,22.6865050699464
1061,新莊分隊,地上,左營區,文川路293號前,120.311488279762,22.6838628898401
1062,新莊分隊,地上,左營區,文天路、重仁路口,120.315660549946,22.6880453172365
1063,新莊分隊,地上,左營區,文天路與重和路口,120.311881317444,22.6851449898409
1064,新莊分隊,地上,左營區,文水路40號,120.306722542328,22.6813163145862
1065,新莊分隊,地上,左營區,文守路137巷口對面,120.315886779237,22.6712213280703
1066,新莊分隊,地上,左營區,文守路216之1號前,120.316298327647,22.6725832210234
1067,新莊分隊,地上,左營區,文守路297號對面,120.316056928836,22.6738763684628
1068,新莊分隊,地上,左營區,文守路61號對面,120.315466842853,22.6699040777243
1069,新莊分隊,地上,左營區,文自路、重上路口,120.308088193362,22.6741443657599
1070,新莊分隊,地上,左營區,文自路、重愛路口,120.31585587067,22.6852018035984
1071,新莊分隊,地上,左營區,文自路、曾子路南側,120.309869180148,22.6771043223782
1072,新莊分隊,地上,左營區,文自路1000號對面,120.316985228172,22.6865847151717
1073,新莊分隊,地上,左營區,文自路128號對面,120.306732950262,22.6717312771754
1074,新莊分隊,地上,左營區,文自路143號,120.307037025795,22.6722429785507
1075,新莊分隊,地上,左營區,文自路193號,120.30742282209,22.6729632300647
1076,新莊分隊,地上,左營區,文自路238號前（崇德路上）,120.30790782209,22.6735439729555
1077,新莊分隊,地上,左營區,文自路31號對面,120.305418219049,22.6719948789741
1078,新莊分隊,地上,左營區,文自路363巷口(文自路上),120.308976559139,22.6757725068202
1079,新莊分隊,地上,左營區,文自路387巷口(文自路上),120.309149562041,22.6761356960935
1080,新莊分隊,地上,左營區,文自路427號前,120.30974294841,22.6772165133985
1081,新莊分隊,地上,左營區,文自路619號前,120.312040867459,22.6810899370193
1082,新莊分隊,地上,左營區,文自路826號前,120.314806011639,22.6841456462071
1083,新莊分隊,地上,左營區,文自路87號右側10Ｍ,120.306273661377,22.6716724288722
1084,新莊分隊,地上,左營區,文育路185號對面,120.315932604369,22.6755717918575
1085,新莊分隊,地上,左營區,文奇路115號,120.308535296959,22.6724734774919
1086,新莊分隊,地上,左營區,文奇路41號前,120.306691876057,22.6731882734155
1087,新莊分隊,地上,左營區,文府路、重美街口,120.31700541167,22.6913863221862
1088,新莊分隊,地上,左營區,文府路348-1號,120.313626880951,22.6902958146282
1089,新莊分隊,地上,左營區,文府路42號前,120.309237143517,22.6863952854426
1090,新莊分隊,地上,左營區,文府路452號前(文府國小對面),120.315681008598,22.6911734586133
1091,新莊分隊,地上,左營區,文府路與重和路口,120.310122863338,22.6871398504064
1092,新莊分隊,地上,左營區,文恩路57號前,120.317383024468,22.6848641594101
1093,新莊分隊,地上,左營區,文康路130號前,120.304718623943,22.6748009053088
1094,新莊分隊,地上,左營區,文康路175號旁(崇德路口),120.30483432209,22.67513027312
1095,新莊分隊,地上,左營區,文康路253號大廈旁,120.305738635582,22.6766229612993
1096,新莊分隊,地上,左營區,文強路176號前,120.306680982803,22.6751572327966
1097,新莊分隊,地上,左營區,文強路216號對面,120.307460347221,22.6766729218192
1098,新莊分隊,地上,左營區,文強路255號對面,120.308584804893,22.6773419336729
1099,新莊分隊,地上,左營區,文強路46號前,120.305727042328,22.6734425225256
1100,新莊分隊,地上,左營區,文強路6號,120.30521653373,22.6725297706876
1101,新莊分隊,地上,左營區,文莊路、曾子路口,120.311848790738,22.6763825186994
1102,新莊分隊,地上,左營區,文莊路55號前（文敬路口）,120.312222915344,22.6771819898705
1103,新莊分隊,地上,左營區,文萊、孟子路口,120.303191263182,22.6782055473337
1104,新莊分隊,地上,左營區,文萊路169號前,120.300976483467,22.6752293789738
1105,新莊分隊,地上,左營區,文萊路236號旁,120.301686440475,22.6760413241092
1106,新莊分隊,地上,左營區,文慈路170巷口對面,120.317992758722,22.6823144013958
1107,新莊分隊,地上,左營區,文慈路上與大中二路北方70M,120.317534439812,22.6807009721587
1108,新莊分隊,地上,左營區,文慈路與民族一路901巷口,120.317877762566,22.6814236084926
1109,新莊分隊,地上,左營區,文敬路71號前,120.311136906746,22.677653814614
1110,新莊分隊,地上,左營區,文瑞路與文育路口,120.315317907549,22.6744501003009
1111,新莊分隊,地上,左營區,文學路295號前,120.314561344983,22.6893666691629
1112,新莊分隊,地上,左營區,文學路370號前,120.313784984656,22.6886136874303
1113,新莊分隊,地上,左營區,文學路421號對面,120.315425110451,22.6898777761318
1114,新莊分隊,地上,左營區,文學路473號旁,120.316996143517,22.6903134287347
1115,新莊分隊,地上,左營區,文學路655巷口,120.318713803167,22.6899825892996
1116,新莊分隊,地上,左營區,文學路與重和路口,120.310678986616,22.6862479057878
1117,新莊分隊,地上,左營區,民族一路、華夏路口,120.320500565368,22.6878527451714
1118,新莊分隊,地上,左營區,民族一路、菜公一路口,120.318224980812,22.6754306296278
1119,新莊分隊,地上,左營區,民族一路1028號前,120.32002859259,22.6828707301896
1120,新莊分隊,地上,左營區,民族一路1068號前,120.320845784514,22.6868464621147
1121,新莊分隊,地上,左營區,民族一路1086號,120.321106495701,22.6880545068944
1122,新莊分隊,地上,左營區,民族一路1101巷2號前,120.320009255924,22.6846817954717
1123,新莊分隊,地上,左營區,民族一路1159號前,120.320342,22.68643
1124,新莊分隊,地上,左營區,民族一路1193號之1前,120.320627233135,22.6877378344738
1125,新莊分隊,地上,左營區,民族一路1205之2號(左方20公尺),120.3209032295,22.6891498695774
1126,新莊分隊,地上,左營區,民族一路663號(健豪印刷),120.317182279762,22.670107774429
1127,新莊分隊,地上,左營區,民族一路707號旁（漁人製藥）,120.317436449074,22.6713678962587
1128,新莊分隊,地上,左營區,民族一路733巷口南側,120.317724402516,22.6728063360843
1129,新莊分隊,地上,左營區,民族一路930號旁,120.318126038029,22.672800314062
1130,新莊分隊,地上,左營區,民族一路946巷口(特力屋),120.318576531213,22.675293815557
1131,新莊分隊,地上,左營區,民族一路971號旁,120.319559763229,22.6822494968199
1132,新莊分隊,地上,左營區,立大路107號前,120.302343383519,22.6753454726517
1133,新莊分隊,地上,左營區,立大路378號右前,120.30482212527,22.6787157571984
1134,新莊分隊,地上,左營區,立大路422號左前,120.306069814819,22.6780408219306
1135,新莊分隊,地上,左營區,立中路38巷轉角路燈旁,120.303155010976,22.6730770582307
1136,新莊分隊,地上,左營區,安吉街與明華路口,120.307657337333,22.6629390590963
1137,新莊分隊,地上,左營區,自由一路與龍德新路口(龍德新路上),120.309179500069,22.6552983480113
1138,新莊分隊,地上,左營區,自由二路147號,120.308757436062,22.6598353726479
1139,新莊分隊,地上,左營區,自由二路206號前,120.308351561967,22.6637731424855
1140,新莊分隊,地上,左營區,自由二路303號前（明華一路口）,120.308334538228,22.6628993347455
1141,新莊分隊,地上,左營區,自由二路331號旁,120.308217808747,22.6645387476161
1142,新莊分隊,地上,左營區,自由二路396號前,120.30924938525,22.6670057518373
1143,新莊分隊,地上,左營區,自由二路412號,120.309408172054,22.6673641498259
1144,新莊分隊,地上,左營區,自由二路457號前,120.309018861565,22.666762262992
1145,新莊分隊,地上,左營區,自由二路482號前（新上街口）,120.309723458823,22.6682411339574
1146,新莊分隊,地上,左營區,自由三路157號（上豐加油站入口）,120.310899800148,22.6715268468935
1147,新莊分隊,地上,左營區,自由三路158號旁,120.311064605041,22.6714443956183
1148,新莊分隊,地上,左營區,自由三路261號與孟子路口,120.311839,22.673871
1149,新莊分隊,地上,左營區,自由三路322號右前(車道出口),120.312239279762,22.6745137254998
1150,新莊分隊,地上,左營區,自由三路403號,120.312482474869,22.675654050241
1151,新莊分隊,地上,左營區,自由三路410號右側（文瑞路口）,120.312680084656,22.6758236661049
1152,新莊分隊,地上,左營區,自由四路142號前,120.313978019574,22.681636428952
1153,新莊分隊,地上,左營區,自由四路365巷口對面,120.316578737434,22.6850477359837
1154,新莊分隊,地上,左營區,自由四路469號前,120.318481847885,22.6871530318977
1155,新莊分隊,地上,左營區,自由四路488號前（文恩路口）,120.318890713492,22.6875344894412
1156,新莊分隊,地上,左營區,自由四路524號前,120.319338418534,22.6882472442271
1157,新莊分隊,地上,左營區,自由四路525號前,120.319184504375,22.6884166154496
1158,新莊分隊,地上,左營區,自由四路與重和路口,120.314479856632,22.6829181137525
1159,新莊分隊,地上,左營區,自由四路與重信路口,120.315551668926,22.683942655788
1160,新莊分隊,地上,左營區,自由四路與重信路口南方,120.31390479259,22.681438206183
1161,新莊分隊,地上,左營區,至聖路、富國路口(北方),120.306499539891,22.6596750295485
1162,新莊分隊,地上,左營區,至聖路169號對面,120.307090338623,22.6596563537114
1163,新莊分隊,地上,左營區,至聖路233號前,120.305833,22.659546
1164,新莊分隊,地上,左營區,辛亥路87號前,120.309247253754,22.6630118968166
1165,新莊分隊,地上,左營區,孟子、重立路口,120.313367564185,22.6735948549538
1166,新莊分隊,地上,左營區,孟子路、立大路口(博愛公園),120.305509300108,22.6769588846017
1167,新莊分隊,地上,左營區,孟子路、立道路口,120.304919214125,22.6772014202783
1168,新莊分隊,地上,左營區,孟子路106號前,120.314018750015,22.6733291477227
1169,新莊分隊,地上,左營區,孟子路178號旁,120.312541985458,22.6738064354937
1170,新莊分隊,地上,左營區,孟子路382號,120.308557504299,22.675311685108
1171,新莊分隊,地上,左營區,孟子路425號前,120.307490549143,22.6757549878278
1172,新莊分隊,地上,左營區,孟子路57號前,120.31476138532,22.6729406548132
1173,新莊分隊,地上,左營區,明華一路221號旁,120.305912763229,22.66286065155
1174,新莊分隊,地上,左營區,明誠二路261巷口,120.309625061972,22.6608684044715
1175,新莊分隊,地上,左營區,明誠二路350號前,120.307548186508,22.6611553424423
1176,新莊分隊,地上,左營區,明誠二路408號前,120.305859002375,22.6612451928616
1177,新莊分隊,地上,左營區,明誠二路435號,120.306316001372,22.6609498896053
1178,新莊分隊,地上,左營區,明誠二路546號前,120.304102149545,22.6612827381064
1179,新莊分隊,地上,左營區,明誠二路與光興街口,120.310126508421,22.6609979191335
1180,新莊分隊,地上,左營區,南屏路、新勝街口,120.299474895,22.6681773493019
1181,新莊分隊,地上,左營區,南屏路、裕誠路口西北方15M,120.300202844955,22.6660636706424
1182,新莊分隊,地上,左營區,南屏路226號前,120.297409212303,22.6699559740096
1183,新莊分隊,地上,左營區,南屏路237號前,120.297851898148,22.6696797757014
1184,新莊分隊,地上,左營區,南屏路267號前,120.298477113247,22.6691153765875
1185,新莊分隊,地上,左營區,南屏路276號左側,120.298397093403,22.6690078749981
1186,新莊分隊,地上,左營區,南屏路402號前,120.299935386095,22.6667382986295
1187,新莊分隊,地上,左營區,南屏路56號前,120.295207941139,22.6716016734637
1188,新莊分隊,地上,左營區,南屏路84號前,120.296141246696,22.6709003762397
1189,新莊分隊,地上,左營區,政德路、崇德路口,120.300657343378,22.6778244741496
1190,新莊分隊,地上,左營區,政德路222號前,120.300051618385,22.6769789555168
1191,新莊分隊,地上,左營區,政德路300號旁,120.301512,22.678754
1192,新莊分隊,地上,左營區,政德路360號,120.302099,22.679389
1193,新莊分隊,地上,左營區,政德路436號前,120.30325517791,22.6807846385619
1194,新莊分隊,地上,左營區,政德路601號,120.30245446627,22.6800804536129
1195,新莊分隊,地上,左營區,政德路683號前,120.303671911709,22.6814343234278
1196,新莊分隊,地上,左營區,重上路、立大路口,120.303343981504,22.6769410956461
1197,新莊分隊,地上,左營區,重立路、文水路口,120.307415312936,22.6817633287352
1198,新莊分隊,地上,左營區,重立路10號前,120.312726086786,22.6722004866528
1199,新莊分隊,地上,左營區,重立路130號前,120.313690721279,22.674201042317
1200,新莊分隊,地上,左營區,重立路192號前,120.314335245369,22.6751973515749
1201,新莊分隊,地上,左營區,重立路258號,120.315107618385,22.6765258491839
1202,新莊分隊,地上,左營區,重立路340號,120.314371991402,22.6774643521477
1203,新莊分隊,地上,左營區,重立路435號正對面 (悠閒館右側前),120.312451688291,22.6782813125378
1204,新莊分隊,地上,左營區,重立路522號右側,120.311080995037,22.679064525182
1205,新莊分隊,地上,左營區,重立路596號對面,120.309983656414,22.6796479438831
1206,新莊分隊,地上,左營區,重立路643號前,120.308683093462,22.6806520379972
1207,新莊分隊,地上,左營區,重立路856號前,120.305985250332,22.6833685757792
1208,新莊分隊,地上,左營區,重安路、文智路口,120.298200419574,22.6765582320781
1209,新莊分隊,地上,左營區,重和路32號前,120.313477768648,22.6835838887974
1210,新莊分隊,地上,左營區,重信路238號前(福山國中對面),120.314593804894,22.681365937813
1211,新莊分隊,地上,左營區,重信路369號對面,120.313388830688,22.6816934268308
1212,新莊分隊,地上,左營區,重信路439號左側,120.310611559525,22.6836957473465
1213,新莊分隊,地上,左營區,重信路50號前,120.316288346875,22.6831288721177
1214,新莊分隊,地上,左營區,重信路與文府路口,120.308685895215,22.6859352038345
1215,新莊分隊,地上,左營區,重信路與文學路口,120.309117,22.68542
1216,新莊分隊,地上,左營區,重信路與高鐵路口,120.308396216641,22.6863633252269
1217,新莊分隊,地上,左營區,重惠路與文川路口,120.309948921204,22.6824549647288
1218,新莊分隊,地上,左營區,重惠路與華夏路口南方,120.308560755295,22.6838686411023
1219,新莊分隊,地上,左營區,重愛路166號前,120.316847,22.684589
1220,新莊分隊,地上,左營區,重愛路22巷口,120.319196452115,22.6831532046989
1221,新莊分隊,地上,左營區,重愛路430號(文府路口),120.311955762674,22.6887514497037
1222,新莊分隊,地上,左營區,重愛路88號前(文慈路口),120.318189216425,22.6833986920594
1223,新莊分隊,地上,左營區,重義路與文川路口,120.313345222229,22.6854609794998
1224,新莊分隊,地上,左營區,高鐵路36號,120.30418620088,22.6833714411383
1225,新莊分隊,地上,左營區,高鐵路388號旁,120.309132194304,22.6869548182254
1226,新莊分隊,地上,左營區,高鐵路668號旁,120.312495684409,22.6904391171564
1227,新莊分隊,地上,左營區,高鐵路與文府379巷口,120.313364720129,22.6912854320755
1228,新莊分隊,地上,左營區,高鐵路與文府路159巷口,120.31053230741,22.6883579520993
1229,新莊分隊,地上,左營區,高鐵路與政德路803巷口,120.304856753134,22.6837550253451
1230,新莊分隊,地上,左營區,高鐵路與重仁路口,120.313038825989,22.6909035241511
1231,新莊分隊,地上,左營區,高鐵路與重文街口,120.305897450232,22.6845271399774
1232,新莊分隊,地上,左營區,高鐵路與重如路口,120.31213760376,22.6900225621949
1233,新莊分隊,地上,左營區,高鐵路與重和路口(西側),120.309455130697,22.6878036293224
1234,新莊分隊,地上,左營區,高鐵路與重和路口(東側),120.309745073318,22.6875281223411
1235,新莊分隊,地上,左營區,高鐵路與重忠路口,120.313623547554,22.6915469197539
1236,新莊分隊,地上,左營區,高鐵路與重惠街口,120.307431673788,22.6856556073858
1237,新莊分隊,地上,左營區,高鐵路與重愛路口,120.311229681754,22.6890805480671
1238,新莊分隊,地上,左營區,崇德路、立大路口,120.303138607236,22.6761189874514
1239,新莊分隊,地上,左營區,崇德路156號,120.306539084656,22.6742334787305
1240,新莊分隊,地上,左營區,崇德路229號,120.304585186508,22.6751386211382
1241,新莊分隊,地上,左營區,崇德路271號,120.303738652779,22.6756898217475
1242,新莊分隊,地上,左營區,崇德路358號前,120.30224917791,22.6767025810331
1243,新莊分隊,地上,左營區,崇德路38號,120.308633453967,22.6733241272916
1244,新莊分隊,地上,左營區,崇德路87號旁,120.3071946,22.6738833
1245,新莊分隊,地上,左營區,捷運Ｒ14站第5出入口往北20M,120.303126005736,22.6670997020215
1246,新莊分隊,地上,左營區,捷運Ｒ14站第5出入口前,120.303081522549,22.6665570604157
1247,新莊分隊,地上,左營區,捷運R15站第1出口前,120.306501109106,22.6760301514047
1248,新莊分隊,地上,左營區,博愛二路、新莊仔路口,120.303655607558,22.6700584493096
1249,新莊分隊,地上,左營區,博愛二路、裕誠路口,120.303096636771,22.6658682432381
1250,新莊分隊,地上,左營區,博愛二路160號（OMAYA春川炒雞前）,120.30326,22.6593
1251,新莊分隊,地上,左營區,博愛二路426號（第一銀行前）,120.303530655968,22.6669485664506
1252,新莊分隊,地上,左營區,博愛二路580號前,120.303547007271,22.668131622448
1253,新莊分隊,地上,左營區,博愛三路、大中二路口,120.310227607965,22.6808843232485
1254,新莊分隊,地上,左營區,博愛三路、文奇路口,120.305163597345,22.6736478604332
1255,新莊分隊,地上,左營區,博愛三路、崇德路口,120.305195783853,22.6746972207113
1256,新莊分隊,地上,左營區,博愛三路、曾子路口,120.308060383081,22.6785382068266
1257,新莊分隊,地上,左營區,博愛三路、曾子路口東方約20Ｍ（曾子路上）,120.308264230966,22.6784788109531
1258,新莊分隊,地上,左營區,博愛三路、新莊一路口,120.303391039611,22.6705997916426
1259,新莊分隊,地上,左營區,博愛三路320號（孟子路口）,120.306615423279,22.67636078185
1260,新莊分隊,地上,左營區,博愛三路38號前,120.304265193918,22.6717404624738
1261,新莊分隊,地上,左營區,博愛四路、文自路口,120.317748785019,22.6882259761601
1262,新莊分隊,地上,左營區,博愛四路、重忠路口,120.317271351814,22.6876963994736
1263,新莊分隊,地上,左營區,博愛四路106號南方,120.312282443047,22.6830142586303
1264,新莊分隊,地上,左營區,博愛四路174號前,120.313569903374,22.684241727512
1265,新莊分隊,地上,左營區,博愛四路308號,120.315860509872,22.6863551260011
1266,新莊分隊,地上,左營區,博愛四路403號,120.316386222839,22.6871074286058
1267,新莊分隊,地上,左營區,博愛四路96號(重信路口),120.311724543571,22.6824797122948
1268,新莊分隊,地上,左營區,博愛四路與重和路口,120.312797482001,22.6839214863262
1269,新莊分隊,地上,左營區,博愛四路與重惠路口(桂華加油站),120.310598070609,22.6818525961415
1270,新莊分隊,地上,左營區,博愛四路與重愛路口,120.315098762512,22.6856671614519
1271,新莊分隊,地上,左營區,博愛四路與重義路口,120.31390786171,22.6849247497913
1272,新莊分隊,地上,左營區,博愛路、重上街口,120.305703539246,22.6755937398565
1273,新莊分隊,地上,左營區,富國路與明華一路口(明華幼稚園),120.306422309787,22.6630028363582
1274,新莊分隊,地上,左營區,富國路與裕誠路口,120.307141141803,22.665329418002
1275,新莊分隊,地上,左營區,曾子路、文川路口,120.306977802377,22.6797927077847
1276,新莊分隊,地上,左營區,曾子路、文水路口,120.305969291788,22.6806143405437
1277,新莊分隊,地上,左營區,曾子路188號前,120.309142961377,22.677979456203
1278,新莊分隊,地上,左營區,曾子路274巷口（曾子路上）,120.307634914542,22.679178466353
1279,新莊分隊,地上,左營區,曾子路525號之1前,120.304383814819,22.681740097426
1280,新莊分隊,地上,左營區,曾子路537號,120.303430017197,22.6825345553923
1281,新莊分隊,地上,左營區,曾子路76號前,120.311333709818,22.6766645187292
1282,新莊分隊,地上,左營區,華夏路、至真路口北方,120.299084002316,22.6738153993821
1283,新莊分隊,地上,左營區,華夏路、孟子路口,120.302688891232,22.6786958405023
1284,新莊分隊,地上,左營區,華夏路、重美街口,120.317054802716,22.6893173765488
1285,新莊分隊,地上,左營區,華夏路1030號前,120.306179577246,22.68189185543
1286,新莊分隊,地上,左營區,華夏路1065號,120.30693846627,22.6826635351621
1287,新莊分隊,地上,左營區,華夏路1263巷口,120.31041177368,22.685137942347
1288,新莊分隊,地上,左營區,華夏路1345號前（重義路口）,120.312267559525,22.6864427594752
1289,新莊分隊,地上,左營區,華夏路1477號旁(重如路口),120.314404780209,22.6879513723665
1290,新莊分隊,地上,左營區,華夏路1482號旁,120.315200686455,22.6883893031365
1291,新莊分隊,地上,左營區,華夏路1585號旁,120.315849781036,22.6889980656065
1292,新莊分隊,地上,左營區,華夏路1680號(博愛四路口),120.318144141057,22.6888359766765
1293,新莊分隊,地上,左營區,華夏路1767號(文學路口),120.319500951907,22.6885802212929
1294,新莊分隊,地上,左營區,華夏路276號前,120.297185796295,22.6708592503412
1295,新莊分隊,地上,左營區,華夏路328號左側空地,120.298000406082,22.6721590524481
1296,新莊分隊,地上,左營區,華夏路411號前(至真路口),120.29882311821,22.6737088951595
1297,新莊分隊,地上,左營區,華夏路547號對面,120.300179847885,22.6753298358481
1298,新莊分隊,地上,左營區,華夏路613號前,120.301248071448,22.677014773264
1299,新莊分隊,地上,左營區,華夏路632號左側,120.301461409718,22.6770336576007
1300,新莊分隊,地上,左營區,華夏路700號前,120.302185381615,22.6779350595361
1301,新莊分隊,地上,左營區,華夏路750號,120.302962084656,22.6787825684859
1302,新莊分隊,地上,左營區,華夏路770號,120.303331253967,22.6791532660584
1303,新莊分隊,地上,左營區,華夏路971號,120.304451273689,22.6806529629841
1304,新莊分隊,地上,左營區,華夏路985號旁,120.305263915344,22.6813157774514
1305,新莊分隊,地上,左營區,華夏路與重和路口,120.311280006707,22.6856486841347
1306,新莊分隊,地上,左營區,華夏路與重信路口,120.309700185597,22.6845585748167
1307,新莊分隊,地上,左營區,華夏路與重愛路口（臺灣彩卷前）,120.313349,22.687096
1308,新莊分隊,地上,左營區,新莊一路、新榮路口,120.302146614941,22.6704701794821
1309,新莊分隊,地上,左營區,新莊一路129號前,120.297471284866,22.6734812028196
1310,新莊分隊,地上,左營區,新莊一路149號前(華夏路口),120.298141076057,22.6729381297359
1311,新莊分隊,地上,左營區,新莊一路201號前,120.299794077873,22.6717883479185
1312,新莊分隊,地上,左營區,新莊一路369號旁（新勝街口對面）,120.301722,22.67098
1313,新莊分隊,地上,左營區,新莊一路383號前,120.302020693779,22.6709070869879
1314,新莊分隊,地上,左營區,新莊一路43號前,120.296444300772,22.6741205879603
1315,新莊分隊,地上,左營區,新莊一路距前支往東50Ｍ,120.300258401991,22.6715392354023
1316,新莊分隊,地上,左營區,新莊一路路底右側,120.296024,22.674388
1317,新莊分隊,地上,左營區,新莊一路與文上路口(法拉利汽車),120.301065444946,22.6713230566534
1318,新莊分隊,地上,左營區,新莊仔路181巷口,120.304175603714,22.6702313740297
1319,新莊分隊,地上,左營區,新莊仔路219號,120.305194852996,22.6699294252538
1320,新莊分隊,地上,左營區,新莊仔路299號,120.307555187073,22.6693205793106
1321,新莊分隊,地上,左營區,新莊仔路365號,120.309987261762,22.6687499158997
1322,新莊分隊,地上,左營區,新莊仔路425號,120.312283232678,22.6686162656097
1323,新莊分隊,地上,左營區,新莊仔路538號,120.304632217698,22.6698301242775
1324,新莊分隊,地上,左營區,新莊仔路596號,120.306069243278,22.6694245290136
1325,新莊分隊,地上,左營區,新莊仔路652巷口,120.307136762466,22.6691720795983
1326,新莊分隊,地上,左營區,新莊仔路670號之5,120.307952154007,22.6689740797317
1327,新莊分隊,地上,左營區,新莊仔路724之１號,120.309619974634,22.6685682723641
1328,新莊分隊,地上,左營區,新莊仔路788巷口,120.31229647182,22.6683378847524
1329,新莊分隊,地上,左營區,新莊國小門口(新莊仔路),120.308808880171,22.6690285575559
1330,新莊分隊,地上,左營區,新榮路51巷口,120.300553143024,22.6683456501841
1331,新莊分隊,地上,左營區,裕誠路469之1號旁(裕誠加油站),120.30373400423,22.6657334247077
1332,新莊分隊,地上,左營區,裕誠路與自由二路口,120.308595601228,22.6651003600206
1333,新莊分隊,地上,左營區,榮成三街與榮總路口東側,120.321934118844,22.6787639803128
1334,新莊分隊,地上,左營區,榮總路183巷對面,120.321818,22.681147
1335,新莊分隊,地上,左營區,榮總路25號(榮成一街),120.32182057686,22.6784224097909
1336,新莊分隊,地上,左營區,榮總路榮總醫院第二號門口,120.321950476869,22.6791187944469
1337,新莊分隊,地上,左營區,龍德新路上(與前一支距50M),120.310213286383,22.6552891494824
1338,中華分隊,地上,三民區,TOYOTA九如汽車對面人行道上 （川東）,120.285185,22.644297
1339,中華分隊,地上,三民區,TOYOTA斜對面，測速機旁,120.286067,22.643947
1340,中華分隊,地上,三民區,九如三路、中峰街口（德西）,120.289011436523,22.6427727473909
1341,中華分隊,地上,三民區,九如三路、中庸街口（德西）,120.287782984795,22.6432604146251
1342,中華分隊,地上,三民區,九如三路、中都北側街口（德西）,120.2869515,22.6437629328571
1343,中華分隊,地上,三民區,九如三路、中道街口（德西）,120.290395456375,22.6425648075361
1344,中華分隊,地上,三民區,九如三路271號前（川東）,120.285458409141,22.6439587571487
1345,中華分隊,地上,三民區,九如三路2號（ADIVA車行前）,120.290943,22.642271
1346,中華分隊,地上,三民區,九如三路與中庸街交叉口,120.288092,22.643251
1347,中華分隊,地上,三民區,九如三路與中都街口（路牌正下方） （川東）,120.286801296295,22.6435698472515
1348,中華分隊,地上,三民區,九如三路與中鋒街交叉口,120.289267,22.642875
1349,中華分隊,地上,鼓山區,九如四路（九如公園左側）（建國）,120.278904530025,22.6580462047981
1350,中華分隊,地上,鼓山區,九如四路、日昌路口（光榮）,120.28008,22.659898
1351,中華分隊,地上,鼓山區,九如四路、銘傳路85巷4弄口（前峰）,120.283493789649,22.6650075204646
1352,中華分隊,地上,鼓山區,九如四路、銘傳路口（南側） （前峰）,120.284129,22.665351
1353,中華分隊,地上,鼓山區,九如四路1161號前（內惟）,120.279868265047,22.6600953079934
1354,中華分隊,地上,鼓山區,九如四路1207號前（內惟）,120.280449,22.660967
1355,中華分隊,地上,鼓山區,九如四路1249號前（前峰）,120.281136031912,22.6618318953864
1356,中華分隊,地上,鼓山區,九如四路1436號前（光榮）,120.279361111111,22.6589444444444
1357,中華分隊,地上,鼓山區,九如四路1582號前（前峰）,120.281937303076,22.6625205391842
1358,中華分隊,地上,鼓山區,九如四路1660號前（前峰）,120.283043424537,22.6640090224178
1359,中華分隊,地上,鼓山區,九如四路1991巷口（雄峰）,120.285277777778,22.6675833333333
1360,中華分隊,地上,三民區,九如橋下公園旁（斑馬線旁）（川東）,120.284061537624,22.6444356752376
1361,中華分隊,地上,三民區,力行路、中華橫路口（東北側）（豐裕）,120.290760162982,22.6394237370679
1362,中華分隊,地上,三民區,力行路39號前（豐裕）,120.289897921461,22.6391065813171
1363,中華分隊,地上,三民區,十全二路與德裕街交叉口,120.286724,22.648144
1364,中華分隊,地上,三民區,十全三路（博愛技訓前）（德西）,120.28973,22.646327
1365,中華分隊,地上,三民區,十全三路、同盟三路口（德西）,120.286081,22.64886
1366,中華分隊,地上,三民區,十全三路、德旺街上近20公尺處,120.289972222222,22.6473333333333
1367,中華分隊,地上,三民區,十全三路與德旺街口,120.28985,22.646579
1368,中華分隊,地上,三民區,十全三路與德興街交叉口,120.290861,22.6464
1369,中華分隊,地上,鼓山區,大順一路、博愛一路口(人行道旁),120.303529563507,22.6558867315644
1370,中華分隊,地上,鼓山區,大順一路1013號前,120.296067032489,22.6544600210952
1371,中華分隊,地上,鼓山區,大順一路1041巷口左側20m,120.294777777778,22.6539722222222
1372,中華分隊,地上,鼓山區,大順一路467號,120.301586335829,22.6557317505235
1373,中華分隊,地上,鼓山區,大順一路467號左巷口,120.30104499371,22.6556302799301
1374,中華分隊,地上,鼓山區,大順一路613號左前,120.29875,22.6578888888889
1375,中華分隊,地上,鼓山區,大順一路821號前,120.300081003635,22.6553875742419
1376,中華分隊,地上,鼓山區,大順一路858號(龍華國小門口前),120.298222222222,22.6551666666667
1377,中華分隊,地上,鼓山區,大順一路911號前,120.332,22.6550277777778
1378,中華分隊,地上,鼓山區,大順一路與中華一路口東北側(龍子),120.292585641146,22.6533400727787
1379,中華分隊,地上,鼓山區,大順一路與博愛一路口(人行道上),120.302797704121,22.6560847658995
1380,中華分隊,地上,三民區,川東008路燈對面,120.284247,22.64538
1381,中華分隊,地上,三民區,川東010電線桿對面,120.285954,22.645166
1382,中華分隊,地上,三民區,川東068路燈旁,120.284474,22.645874
1383,中華分隊,地上,三民區,川東108路燈對面,120.285087,22.645683
1384,中華分隊,地上,三民區,川東137路燈旁,120.284018,22.644799
1385,中華分隊,地上,鼓山區,中山國小大門(右旁) （雄峰）,120.284722222222,22.6689722222222
1386,中華分隊,地上,三民區,中和街12號前（德西）,120.290589139881,22.6402359303368
1387,中華分隊,地上,三民區,中和街與中愛街口（裕民）,120.286563374522,22.6388799651986
1388,中華分隊,地上,鼓山區,中華一路、美明路口（龍水）,120.291611111111,22.6655277777778
1389,中華分隊,地上,鼓山區,中華一路、美術北三路口（龍水）,120.29225,22.6625277777778
1390,中華分隊,地上,鼓山區,中華一路、美術東五路口（南）（龍水）,120.292126722684,22.6589236209505
1391,中華分隊,地上,鼓山區,中華一路、美術館路口(龍水),120.291845090738,22.6548766396795
1392,中華分隊,地上,鼓山區,中華一路、慶豐街口(東北側),120.292183049074,22.6656831749077
1393,中華分隊,地上,鼓山區,中華一路109號前（明誠）,120.292848084656,22.6643053986562
1394,中華分隊,地上,鼓山區,中華一路182號前（龍水）,120.290055555556,22.66675
1395,中華分隊,地上,鼓山區,中華一路203號前（明誠）,120.292830921461,22.6633639567319
1396,中華分隊,地上,鼓山區,中華一路2123號前,120.29225,22.6519722222222
1397,中華分隊,地上,鼓山區,中華一路2125號前,120.292224134918,22.6499770487108
1398,中華分隊,地上,鼓山區,中華一路2230號前（隆發鋼鐵廠）（龍水）,120.292111111111,22.6575
1399,中華分隊,地上,鼓山區,中華一路2232號前(龍水),120.291856428242,22.6530348896753
1400,中華分隊,地上,鼓山區,中華一路223號前（明誠）,120.2928,22.662524
1401,中華分隊,地上,鼓山區,中華一路2304號與河西一路口,120.291737802377,22.6506704550813
1402,中華分隊,地上,鼓山區,中華一路247巷口（明誠）,120.292787,22.661846
1403,中華分隊,地上,鼓山區,中華一路293號(龍子),120.292858,22.660696
1404,中華分隊,地上,鼓山區,中華一路300號前（龍水）,120.2915,22.6659444444444
1405,中華分隊,地上,鼓山區,中華一路30號前（鼓峰）,120.2875,22.6681388888889
1406,中華分隊,地上,鼓山區,中華一路316號之1前（龍水）,120.292194444444,22.6651388888889
1407,中華分隊,地上,鼓山區,中華一路318號前（左側）（龍水）,120.292416666667,22.6641944444444
1408,中華分隊,地上,鼓山區,中華一路318號前（正門）（龍水）,120.292333333333,22.6634444444444
1409,中華分隊,地上,鼓山區,中華一路344號前（龍水）,120.292275203705,22.6619266964545
1410,中華分隊,地上,鼓山區,中華一路345號（建國醫院前）(龍子),120.292681939951,22.6590251033511
1411,中華分隊,地上,鼓山區,中華一路403號之11前(龍子),120.292472222222,22.65725
1412,中華分隊,地上,鼓山區,中華一路453號前(龍子),120.292444444444,22.6556666666667
1413,中華分隊,地上,鼓山區,中華一路814號右前（龍水）,120.292277777778,22.66
1414,中華分隊,地上,鼓山區,中華一路914號左側（尚聯汽車前）(龍水),120.291866,22.65688
1415,中華分隊,地上,鼓山區,中華一路928號前(龍水),120.291936381615,22.6559105943549
1416,中華分隊,地上,鼓山區,中華一路992號前(龍水),120.292,22.6543055555556
1417,中華分隊,地上,三民區,中華二路、同盟三路口,120.291642523348,22.6490761028918
1418,中華分隊,地上,三民區,中華二路157巷口（德西）,120.291354283467,22.6426478659273
1419,中華分隊,地上,三民區,中華二路189號前,120.291358119049,22.6435814908487
1420,中華分隊,地上,三民區,中華二路1號前（地下道前）（豐裕）,120.291945796295,22.6388337991022
1421,中華分隊,地上,三民區,中華二路241號前,120.291458763229,22.6448725578326
1422,中華分隊,地上,三民區,中華二路271號前（中華二路與德利街口）,120.291519,22.645488
1423,中華分隊,地上,三民區,中華二路381號前（中華二路與遼北街口）,120.291629,22.647969
1424,中華分隊,地上,三民區,中華二路401號前,120.291640320272,22.6484941884239
1425,中華分隊,地上,三民區,中華二路89號前（德西）,120.291500987766,22.6406361612168
1426,中華分隊,地上,三民區,中華二路與十全三路口（西北方）,120.291559,22.646294
1427,中華分隊,地上,三民區,中華橫路、中和街口（西北側）（川東）,120.289968828519,22.640056149845
1428,中華分隊,地上,三民區,中華橫路、中庸街口（橫路右側）（豐裕）,120.287173966726,22.6413929249751
1429,中華分隊,地上,三民區,中華橫路、中都街口（力行）,120.2861547273,22.6414176799475
1430,中華分隊,地上,三民區,中華橫路、中道街口（德西）,120.289322416147,22.6406230431091
1431,中華分隊,地上,三民區,中華橫路、台安街口（豐裕）,120.288316587766,22.641063683419
1432,中華分隊,地上,鼓山區,內惟國小大門（左側）（建國）,120.276457,22.656514
1433,中華分隊,地上,鼓山區,文忠路、華榮路口,120.296777777778,22.6647777777778
1434,中華分隊,地上,鼓山區,文信路、華榮路口(華榮路232號前),120.297159,22.664349
1435,中華分隊,地上,三民區,同盟三路、中和街口（裕民）,120.285242719782,22.6384636720238
1436,中華分隊,地上,三民區,同盟三路、中都街75巷口（川東）,120.284690184725,22.6397707563332
1437,中華分隊,地上,三民區,同盟三路、中都街97巷口（右側） （川東）,120.28418592943,22.6406916491745
1438,中華分隊,地上,三民區,同盟三路1號前（鋼鐵公司）,120.291176,22.649143
1439,中華分隊,地上,三民區,同盟三路246巷VS中愛街（中愛街12號前） （裕民）,120.286472617878,22.6395015551315
1440,中華分隊,地上,三民區,同盟三路278號前（川東）,120.284355157078,22.6404111813737
1441,中華分隊,地上,三民區,同盟三路386號前（川東）,120.283147495701,22.6427431962165
1442,中華分隊,地上,三民區,同盟三路430號前（川東）,120.282888888889,22.6436111111111
1443,中華分隊,地上,三民區,同盟三路460號前（川東）,120.283042,22.645677
1444,中華分隊,地上,三民區,同盟三路710號右側10公尺處,120.28748,22.649716
1445,中華分隊,地上,三民區,同盟三路726號（願景軒餐廳前）,120.288505,22.649802
1446,中華分隊,地上,三民區,同盟三路與無名路交叉口（願景軒往40公尺）,120.289216,22.64964
1447,中華分隊,地上,三民區,同盟三路與德旺街口往東5公尺,120.29031,22.649335
1448,中華分隊,地上,三民區,同盟三路與德裕街交叉口（老新台菜旁）,120.285423,22.64833
1449,中華分隊,地上,鼓山區,自由路上(龍德新路VS自由路口自由橋旁),120.308531728836,22.6549606721797
1450,中華分隊,地上,三民區,自行ㄧ巷22號（千聖電機前）（固鎖型）,120.289963738588,22.648772211556
1451,中華分隊,地上,鼓山區,至聖路上（南屏路、博愛路中心點）,120.301055555556,22.6596944444444
1452,中華分隊,地上,鼓山區,至聖路上近龍德路口100m處,120.298527777778,22.65975
1453,中華分隊,地上,鼓山區,昌盛路、華榮路208號前,120.297107082665,22.6639506025583
1454,中華分隊,地上,鼓山區,明倫路高等法院旁,120.298113604299,22.6622690573456
1455,中華分隊,地上,鼓山區,明華國中前,120.300555555556,22.6612777777778
1456,中華分隊,地上,鼓山區,明華路107號前,120.296273527613,22.663264720001
1457,中華分隊,地上,鼓山區,明華路118號,120.2964181,22.6632351
1458,中華分隊,地上,鼓山區,明華路241號前,120.297858737434,22.6632567967186
1459,中華分隊,地上,鼓山區,明華路249號前,120.298564,22.663287
1460,中華分隊,地上,鼓山區,明華路275號前,120.299722222222,22.66325
1461,中華分隊,地上,鼓山區,明華路313號前,120.300829046627,22.6631383443738
1462,中華分隊,地上,鼓山區,明華路335號前,120.301797,22.663202
1463,中華分隊,地上,鼓山區,明華路51號,120.294555555556,22.6631944444444
1464,中華分隊,地上,鼓山區,明華路633號前,120.302548635582,22.6631098962163
1465,中華分隊,地上,鼓山區,明誠三路、民泰街口東北側,120.296583333333,22.6611944444444
1466,中華分隊,地上,鼓山區,明誠三路、民泰街口東南側(新厝加油站),120.296722222222,22.6610555555556
1467,中華分隊,地上,鼓山區,明誠三路、南屏路口,120.29975,22.6610555555556
1468,中華分隊,地上,鼓山區,明誠三路、博愛二路口西南側,120.302925,22.661025
1469,中華分隊,地上,鼓山區,明誠三路、裕誠路口東南側,120.294276463199,22.6610957717404
1470,中華分隊,地上,鼓山區,明誠三路465號,120.301131,22.66094
1471,中華分隊,地上,鼓山區,明誠三路588號,120.297958005388,22.6611890159583
1472,中華分隊,地上,鼓山區,明誠三路602號,120.297111111111,22.6614444444444
1473,中華分隊,地上,鼓山區,明誠三路660號對面（御宿motel旁）,120.295907144844,22.6611273866058
1474,中華分隊,地上,鼓山區,明誠三路678號前,120.295154131283,22.661182243022
1475,中華分隊,地上,鼓山區,明誠三路702號前,120.294095,22.66124
1476,中華分隊,地上,鼓山區,明誠三路743號右側約5m處(龍子),120.292934944775,22.6610471548917
1477,中華分隊,地上,鼓山區,明誠三路高雄地方法院對面右側,120.298388888889,22.6610833333333
1478,中華分隊,地上,鼓山區,明誠四路、美術東二路口(東南角5m) （龍水）,120.288583333333,22.6609722222222
1479,中華分隊,地上,鼓山區,明誠四路、美術東六街口(西北角) （龍水）,120.291467302933,22.6611696441214
1480,中華分隊,地上,鼓山區,明誠四路、美術東六街口(東南角10m) （龍水）,120.291563862457,22.6609550669235
1481,中華分隊,地上,鼓山區,明誠四路、美術東四路口(東南角10m) （龍水）,120.290722222222,22.6611944444444
1482,中華分隊,地上,鼓山區,明誠四路、馬卡道路口(東北角5m) （龍水）,120.285502070084,22.6627982771719
1483,中華分隊,地上,鼓山區,明誠四路、馬卡道路口（龍水）,120.285507434502,22.6625309648664
1484,中華分隊,地上,鼓山區,明誠四路156號（龍水）,120.289182,22.66138
1485,中華分隊,地上,鼓山區,明誠四路256號前（龍水）,120.286993378296,22.661768626913
1486,中華分隊,地上,鼓山區,明誠四路282號前（龍水）,120.286199444427,22.6621052441938
1487,中華分隊,地上,三民區,東尼羽球館對面,120.287953,22.648989
1488,中華分隊,地上,鼓山區,河西一路1247號(龍水),120.282051362427,22.6464070438511
1489,中華分隊,地上,鼓山區,河西一路1463號遠見來茵大樓旁 (龍水),120.286658930566,22.650671654409
1490,中華分隊,地上,鼓山區,河西一路1532號前 (龍水),120.290273762106,22.6507708889673
1491,中華分隊,地上,鼓山區,河西一路與美術東二路口東側 (龍水),120.288358428902,22.6508985116667
1492,中華分隊,地上,鼓山區,青海路、美術東四路口(東南角) (龍水),120.289956050046,22.6512410669674
1493,中華分隊,地上,鼓山區,青海路301號之1與美術南六街東南側路口(龍水),120.28388295264,22.6513435835195
1494,中華分隊,地上,鼓山區,南屏路、至聖路口,120.299972222222,22.6598611111111
1495,中華分隊,地上,鼓山區,南屏路、神農路口,120.30005165582,22.6579639763814
1496,中華分隊,地上,鼓山區,南屏路539號,120.300166666667,22.6641111111111
1497,中華分隊,地上,鼓山區,南屏路上（近神農路口50m處）,120.300073113492,22.6568897359337
1498,中華分隊,地上,鼓山區,美明路、美賢街口（美明路98號旁）（龍水）,120.289359029361,22.6655338017587
1499,中華分隊,地上,鼓山區,美術北三路、美術東二路口(東北角5m) （龍水）,120.28857139787,22.6628140108852
1500,中華分隊,地上,鼓山區,美術北三路276號前（龍水）,120.286666666667,22.6640555555556
1501,中華分隊,地上,鼓山區,美術東一路、美術東四路口(東北角) (龍水),120.290221858722,22.6565598438384
1502,中華分隊,地上,鼓山區,美術東二路、美明路口（龍水）,120.288620920902,22.6655561136717
1503,中華分隊,地上,鼓山區,美術東二路、美術北五街口(西北角5m) （龍水）,120.288492174869,22.6641601717258
1504,中華分隊,地上,鼓山區,美術東二路、美術東一路口（龍水）,120.288288,22.656008
1505,中華分隊,地上,鼓山區,美術東二路、美術東三路口(東北角) （龍水）,120.288350017791,22.6575366791676
1506,中華分隊,地上,鼓山區,美術東二路、美術東五路口(西北角20m) （龍水）,120.28832587791,22.6594623762566
1507,中華分隊,地上,鼓山區,美術東二路、美術東五路口(西南角) （龍水）,120.288277777778,22.6590555555556
1508,中華分隊,地上,鼓山區,美術東二路、美術南三路口(龍水),120.288122030025,22.6533337143137
1509,中華分隊,地上,鼓山區,美術東二路、美術南五街口(21號東10公尺) (龍水),120.287558766132,22.65220993159
1510,中華分隊,地上,鼓山區,美術東二路、美術館路口(西北側) (龍水),120.288105936771,22.6550020443873
1511,中華分隊,地上,鼓山區,美術東二路103號,120.287916,22.654165
1512,中華分隊,地上,鼓山區,美術東八街126號右前(龍水),120.291321285608,22.653995488065
1513,中華分隊,地上,鼓山區,美術東八街1號對面(龍水),120.291184157672,22.6514617161428
1514,中華分隊,地上,鼓山區,美術東三路、美術東四路口(左側30m) （龍水）,120.290083333333,22.6575833333333
1515,中華分隊,地上,鼓山區,美術東四路25號前(龍水),120.289787533066,22.6516563902161
1516,中華分隊,地上,鼓山區,美術東四路與美術館路口北方20公尺（中華藝校旁）(龍水),120.289991380951,22.6552504968529
1517,中華分隊,地上,鼓山區,美術南一街153號(龍水),120.283944848935,22.6542564085213
1518,中華分隊,地上,鼓山區,美術南一街167號(龍水),120.283565964401,22.6541858603967
1519,中華分隊,地上,鼓山區,美術南二路、美術南一街口(西南角) (龍水),120.284756286508,22.6540043808225
1520,中華分隊,地上,鼓山區,美術南二路133號前 (龍水),120.284686549074,22.6525984201951
1521,中華分隊,地上,鼓山區,美術南二路上、青海路口(西南角) (龍水),120.284584625131,22.6511330374568
1522,中華分隊,地上,鼓山區,美術南三路、美術東八街口62號(東北角) (龍水),120.29120174222,22.6528986735038
1523,中華分隊,地上,鼓山區,美術南三路、美術東四路口(西南角) （京城101大樓）(龍水),120.289844544458,22.6527996618658
1524,中華分隊,地上,鼓山區,美術南三路267號前(龍水),120.28545645051,22.6532848182094
1525,中華分隊,地上,鼓山區,美術南三路272號對面西側20m (龍水),120.284083333333,22.6535277777778
1526,中華分隊,地上,鼓山區,美術南三路與龍水路口(東南側10m) (龍水),120.283128420901,22.6535287173387
1527,中華分隊,地上,鼓山區,美術館路、美術南二路口(東北角) (龍水),120.284993288361,22.6549204020303
1528,中華分隊,地上,三民區,美都公園前（十全三路上）,120.288762,22.646834
1529,中華分隊,地上,三民區,美都路與得勝街交叉口（往得勝街東側10公尺）,120.288336,22.644628
1530,中華分隊,地上,三民區,美都路與德勝接交叉口,120.287898,22.644537
1531,中華分隊,地上,鼓山區,神農路上（近南屏路100m處）,120.297949254878,22.6578457975931
1532,中華分隊,地上,鼓山區,神農路上（近龍文路口50m處）,120.301902830966,22.6579200535984
1533,中華分隊,地上,鼓山區,神農路上（近龍德路口10m處）,120.297278702624,22.6578160951796
1534,中華分隊,地上,鼓山區,馬卡道路、青海路(東北角) (龍水),120.28196081468,22.651820756277
1535,中華分隊,地上,鼓山區,馬卡道路、美明路口（龍水）,120.287916666667,22.6663611111111
1536,中華分隊,地上,鼓山區,馬卡道路、美術北三路口（龍水）,120.2865,22.6642777777778
1537,中華分隊,地上,鼓山區,馬卡道路、美術北五街口（龍水）,120.287111111111,22.6651666666667
1538,中華分隊,地上,鼓山區,馬卡道路、美術北五街口右側5m（龍水）,120.287362783636,22.6647214630933
1539,中華分隊,地上,鼓山區,馬卡道路、美術南三路口(東北角) (龍水),120.282116382803,22.6538702972366
1540,中華分隊,地上,鼓山區,馬卡道路、美賢街口（龍水）,120.288444444444,22.6671111111111
1541,中華分隊,地上,鼓山區,馬卡道路、華安街口(東北角) (龍水),120.281612127509,22.6475483056248
1542,中華分隊,地上,鼓山區,馬卡道路、龍水一街口(東北角) (龍水),120.281692593779,22.6489246136285
1543,中華分隊,地上,鼓山區,馬卡道路、龍水二路口(東北角) (龍水),120.281773060049,22.6499692122937
1544,中華分隊,地上,鼓山區,馬卡道路與華安街口(東南角) (龍水),120.281714051451,22.6473997823536
1545,中華分隊,地上,鼓山區,馬卡道路與龍水一街口東側8m處(龍水),120.28215393373,22.6488305498516
1546,中華分隊,地上,三民區,得勝街與德旺街交叉口（往德旺街南15公尺）,120.289594,22.644319
1547,中華分隊,地上,鼓山區,博愛一路450號左前,120.303839,22.653638
1548,中華分隊,地上,鼓山區,博愛二路、神農路口,120.302884532471,22.6579683885796
1549,中華分隊,地上,鼓山區,博愛二路、裕誠路口,120.303144706746,22.6657600926993
1550,中華分隊,地上,鼓山區,博愛二路357號前,120.303033923943,22.6638840037135
1551,中華分隊,地上,鼓山區,博愛二路R14捷運站2號出口前,120.303144706746,22.6656016888892
1552,中華分隊,地上,鼓山區,博愛二路上(近大順一路20m),120.303121237417,22.6561831399511
1553,中華分隊,地上,鼓山區,博愛二路上（近至聖路口）,120.302930130025,22.6595450810563
1554,中華分隊,地上,鼓山區,富農路上（近南屏路口,120.299491192413,22.6564683157843
1555,中華分隊,地上,鼓山區,華夏路173號前（華豐）,120.296033076721,22.6691502749879
1556,中華分隊,地上,鼓山區,華榮路、明倫路514巷口,120.297132618559,22.6617262668213
1557,中華分隊,地上,鼓山區,華榮路250號前,120.296805555556,22.6655277777778
1558,中華分隊,地上,鼓山區,華榮路325號前（華豐）,120.296543454037,22.6668656205792
1559,中華分隊,地上,鼓山區,華榮路370號對面（華豐）,120.295790440475,22.667780398127
1560,中華分隊,地上,鼓山區,華榮路400號前（華豐）,120.294700825726,22.6689296750547
1561,中華分隊,地上,鼓山區,華榮路543號. （華豐）,120.293632565064,22.6698696941268
1562,中華分隊,地上,鼓山區,雄峰路29號前（雄峰）,120.284277777778,22.6687222222222
1563,中華分隊,地上,鼓山區,新德路中段,120.305186688635,22.6553094893909
1564,中華分隊,地上,鼓山區,新德路左側與新順路口,120.305857240889,22.6561857238858
1565,中華分隊,地上,鼓山區,新疆路、九如四路口（建國）,120.277257,22.656583
1566,中華分隊,地上,鼓山區,新疆路加油亭（左側3公尺）（建國）,120.278423713492,22.656476415549
1567,中華分隊,地上,鼓山區,葆禎路、內惟路口（民族）,120.281021,22.663023
1568,中華分隊,地上,鼓山區,葆禎路161號（前峰）,120.283266460188,22.6616086803019
1569,中華分隊,地上,鼓山區,葆禎路167號左前（前峰）,120.282448330025,22.6621807114744
1570,中華分隊,地上,鼓山區,葆禎路240號前（民族）,120.280416666667,22.6636388888889
1571,中華分隊,地上,鼓山區,葆禎路58巷口（前峰）,120.282838269906,22.6620469857911
1572,中華分隊,地上,鼓山區,葆禎路68巷口（前峰）,120.282332,22.662432
1573,中華分隊,地上,鼓山區,裕誠路、華榮路口（西北側） （華豐）,120.296743769728,22.6659110072821
1574,中華分隊,地上,鼓山區,裕誠路1023號右5m,120.302138888889,22.6657777777778
1575,中華分隊,地上,鼓山區,裕誠路1075號前,120.300416666667,22.6657777777778
1576,中華分隊,地上,鼓山區,裕誠路1083號1085號中間前,120.29975,22.6657777777778
1577,中華分隊,地上,鼓山區,裕誠路1097號前,120.299055555556,22.6658055555556
1578,中華分隊,地上,鼓山區,裕誠路1113號,120.298333333333,22.6658055555556
1579,中華分隊,地上,鼓山區,裕誠路1143號,120.297694444444,22.6658055555556
1580,中華分隊,地上,鼓山區,裕誠路1511號前,120.295143936176,22.6649996510098
1581,中華分隊,地上,鼓山區,裕誠路1538號前（明誠）,120.29462364418,22.6645483457472
1582,中華分隊,地上,鼓山區,裕誠路1561號前,120.294491851521,22.6641897045547
1583,中華分隊,地上,鼓山區,裕誠路1570號前（明誠）,120.294303063824,22.6636405478915
1584,中華分隊,地上,鼓山區,裕誠路1789號前,120.294187333729,22.6587853697448
1585,中華分隊,地上,鼓山區,裕誠路1900號前（龍子）,120.294105,22.659834
1586,中華分隊,地上,鼓山區,裕誠路2036號對面,120.294101483467,22.6566968920526
1587,中華分隊,地上,鼓山區,裕誠路2078號前(龍子),120.29399187791,22.6560767065346
1588,中華分隊,地上,鼓山區,裕誠路2122號前、與美術館路口20公尺(龍子),120.293979048729,22.6549564224728
1589,中華分隊,地上,鼓山區,裕誠路2196號、大順路口(龍子),120.29390599259,22.6538470570915
1590,中華分隊,地上,鼓山區,鼓山三路、葆禎路口（民族）,120.27966652642,22.6640976030789
1591,中華分隊,地上,鼓山區,翠華路、日昌路口（光榮）,120.282040157078,22.6588249821153
1592,中華分隊,地上,鼓山區,翠華路、吳鳳路(南約20公尺處) （光榮）,120.282652578712,22.6598169460495
1593,中華分隊,地上,鼓山區,翠華路、建榮路口（光榮）,120.281567625166,22.6572458440102
1594,中華分隊,地上,鼓山區,翠華路、逢甲路口（前峰）,120.284763477207,22.6630284354504
1595,中華分隊,地上,鼓山區,翠華路、葆禎路口（前峰）,120.283744237782,22.6614790094847
1596,中華分隊,地上,鼓山區,翠華路373號(北約20m處) （前峰）,120.283230771827,22.6607568568714
1597,中華分隊,地上,鼓山區,翠華路439號前（前峰）,120.285373754631,22.6640567010692
1598,中華分隊,地上,鼓山區,翠華路451號前（前峰）,120.286,22.6647777777778
1599,中華分隊,地上,鼓山區,翠華路479號左前（前峰）,120.286305555556,22.6653333333333
1600,中華分隊,地上,鼓山區,翠華路497巷與九如四路口（前峰）,120.285055555556,22.6666944444444
1601,中華分隊,地上,三民區,德西044電線桿旁,120.287012,22.644883
1602,中華分隊,地上,三民區,德西047電線桿旁,120.286117,22.645159
1603,中華分隊,地上,三民區,德利街與美都路交叉口（往美都路約10公尺）,120.288272,22.645911
1604,中華分隊,地上,三民區,德旺街65號（何容公司前）,120.289902911639,22.6479509159503
1605,中華分隊,地上,三民區,德旺街與德利街交叉口,120.289809,22.645729
1606,中華分隊,地上,三民區,德旺街與德勝街交叉口（往德勝街西側約10公尺）,120.289396,22.644499
1607,中華分隊,地上,三民區,德旺街與熱河三街口,120.289694,22.645024
1608,中華分隊,地上,三民區,熱河三街與美都路交叉口,120.288261,22.64513
1609,中華分隊,地上,三民區,遼北街255之1號旁,120.288166666667,22.6480833333333
1610,中華分隊,地上,三民區,遼寧三街與德旺街交叉口,120.289354,22.643608
1611,中華分隊,地上,鼓山區,龍文路69號（麗緻春天大樓右側,120.301044042328,22.6574968674286
1612,中華分隊,地上,鼓山區,龍水一街口68號對面(龍水),120.283142359525,22.6487079390518
1613,中華分隊,地上,鼓山區,龍水二路77號前(龍水),120.28341310105,22.6497473027764
1614,中華分隊,地上,鼓山區,龍水二路上，近馬卡道路口約20m處(龍水),120.282409695493,22.6498869110422
1615,中華分隊,地上,鼓山區,龍勝路、至聖路口,120.295956995107,22.6597581433413
1616,中華分隊,地上,鼓山區,龍勝路、美術東五路口,120.295988,22.65873
1617,中華分隊,地上,鼓山區,龍勝路、神農路口,120.29594626627,22.6578770040147
1618,中華分隊,地上,鼓山區,龍勝路、富農路口,120.295841660119,22.6566468239593
1619,中華分隊,地上,鼓山區,龍勝路上、近大順路口,120.295844342328,22.6545502945154
1620,中華分隊,地上,鼓山區,龍勝路上、近富農路口,120.295844342328,22.6566220717324
1621,中華分隊,地上,鼓山區,龍德新路VS自由路口左側約10公尺,120.308094203207,22.6549233503802
1622,中華分隊,地上,鼓山區,龍德新路VS新順路口,120.305747270319,22.6545322597623
1623,中華分隊,地上,鼓山區,龍德新路VS新順路口北上60公尺,120.305943071578,22.6551906775033
1624,中華分隊,地上,鼓山區,龍德新路VS新順路口右側,120.306305555556,22.6545277777778
1625,中華分隊,地上,鼓山區,龍德新路VS新德路左側,120.304602740601,22.6545674694969
1626,中華分隊,地上,鼓山區,龍德新路上距自由路約30公尺,120.307214438651,22.6546362206682
1627,中華分隊,地上,鼓山區,龍德新路與新德路右側,120.304650246832,22.6543589914109
1628,中華分隊,地上,鼓山區,龍德路、大順路口,120.297012785879,22.6547036493729
1629,中華分隊,地上,鼓山區,龍德路上（近神農路約30m處）,120.297014,22.658221
1630,中華分隊,地上,鼓山區,龍德路上近至聖路口10m處,120.297062406746,22.6599102547985
1631,鼓山分隊,地上,鹽埕區,七賢二路472號(大裕首席寶座)前,120.284389,22.629483
1632,鼓山分隊,地上,鹽埕區,七賢三路、興華街口(東南側，七賢三路250號前),120.284494,22.63029
1633,鼓山分隊,地上,鹽埕區,七賢三路107號前（左前5m，七賢三路、新樂街口-西北側）,120.281778914597,22.6257899674292
1634,鼓山分隊,地上,鹽埕區,七賢三路139號前（七賢三路、大仁路口-西南側）,120.282157580013,22.6264816869454
1635,鼓山分隊,地上,鹽埕區,七賢三路206號前(捷安特前),120.283428,22.628316
1636,鼓山分隊,地上,鹽埕區,七賢三路222號前(七賢二路口),120.283833,22.629058
1637,鼓山分隊,地上,鹽埕區,七賢三路265號前,120.284598,22.630874
1638,鼓山分隊,地上,鹽埕區,七賢三路與公園二路口,120.2802,22.62295
1639,鼓山分隊,地上,鹽埕區,七賢三路與必忠街口（阿明土雞城）,120.280811,22.623822
1640,鼓山分隊,地上,鹽埕區,七賢派出所旁(七賢三路上、與冬粉王之間),120.282855,22.627256
1641,鼓山分隊,地上,鼓山區,九如四路758號,120.279147,22.651303
1642,鼓山分隊,地上,鼓山區,九如四路與大榮街口(888號前),120.279208,22.653616
1643,鼓山分隊,地上,鼓山區,九如四路與西藏街口(九如邑大樓前),120.278918,22.654928
1644,鼓山分隊,地上,鼓山區,九如四路與迪化街口(九如國小前),120.27884,22.652491
1645,鼓山分隊,地上,鼓山區,九如四路與華安街口,120.278878,22.64765
1646,鼓山分隊,地上,鼓山區,九如四路與銀川街口(北側),120.279143246627,22.6489087100927
1647,鼓山分隊,地上,鼓山區,千光路千光寺前,120.273179,22.624804
1648,鼓山分隊,地上,鹽埕區,大仁路與七賢三路口(大仁路161號前),120.282494,22.626383
1649,鼓山分隊,地上,鹽埕區,大安街3號前（大安街、必信街口）,120.277828,22.622773
1650,鼓山分隊,地上,鹽埕區,大成街29號前,120.287447,22.620372
1651,鼓山分隊,地上,鹽埕區,大成街81號前,120.288433,22.622133
1652,鼓山分隊,地上,鹽埕區,大勇路131號對面(公園人行道上),120.285136,22.625747
1653,鼓山分隊,地上,鹽埕區,大勇路36號前,120.282837,22.621688
1654,鼓山分隊,地上,鹽埕區,大勇路與必信街口(東北側、大勇路人行道上),120.282297,22.620695
1655,鼓山分隊,地上,鹽埕區,大智路71號前(忠孝國小前),120.285267,22.621375
1656,鼓山分隊,地上,鹽埕區,大義街56號前(欣高石油公司門口),120.28609,22.621036
1657,鼓山分隊,地上,鹽埕區,中正四路272號-歷史博物館前,120.286794,22.626328
1658,鼓山分隊,地上,鼓山區,五福四路、七賢三路路口（靠7-11旁）,120.280951559544,22.6247909150823
1659,鼓山分隊,地上,鹽埕區,五福四路133號前(郵局),120.284325,22.623106
1660,鼓山分隊,地上,鹽埕區,五福四路150號前(近莒光街口),120.284472,22.623222
1661,鼓山分隊,地上,鹽埕區,五福四路263號前（五福、七賢路口）,120.281136,22.624644
1662,鼓山分隊,地上,鹽埕區,五福四路35號前,120.288053,22.621228
1663,鼓山分隊,地上,鹽埕區,五福四路與建國路口（東南角）,120.280222,22.625103
1664,鼓山分隊,地上,鹽埕區,公園二路15-1號,120.289094,22.619525
1665,鼓山分隊,地上,鹽埕區,公園二路與大成街口(西北側),120.286887,22.619637
1666,鼓山分隊,地上,鹽埕區,北端街7巷124號後面(近北端街29巷口),120.282375,22.631463
1667,鼓山分隊,地上,鹽埕區,北端街7巷18號,120.28167,22.630289
1668,鼓山分隊,地上,鹽埕區,北端街7巷口,120.282162,22.630652
1669,鼓山分隊,地上,鹽埕區,必忠街26號前,120.288255,22.620095
1670,鼓山分隊,地上,鹽埕區,必信街18號前,120.284522,22.619536
1671,鼓山分隊,地上,鹽埕區,田單街11號前,120.280544,22.628147
1672,鼓山分隊,地上,鹽埕區,光榮街44號前、近光榮街口(忠孝國小後門北側),120.284740667494,22.6218462577414
1673,鼓山分隊,地上,鼓山區,西子灣O1站出入口1,120.273392,22.622086
1674,鼓山分隊,地上,鼓山區,西子灣O1站出入口2,120.275253,22.621664
1675,鼓山分隊,地上,鼓山區,忠義路30號--忠烈祠公廁旁,120.274069,22.626745
1676,鼓山分隊,地上,鼓山區,青松街20號,120.280085,22.651342
1677,鼓山分隊,地上,鼓山區,厚生路10號對面,120.280115,22.643843
1678,鼓山分隊,地上,鹽埕區,建國四路、必忠街口西側（天主教聖母堂、新東京賓館間）,120.279525,22.62425
1679,鼓山分隊,地上,鹽埕區,建國四路270號前（鹽埕分局右前方、黑茶本舖前）,120.283317,22.630878
1680,鼓山分隊,地上,鹽埕區,建國四路42號前（建國、必信路口）,120.278683,22.622312
1681,鼓山分隊,地上,鹽埕區,建國四路與大仁路口,120.281208,22.627028
1682,鼓山分隊,地上,鹽埕區,莒光路46號前(必信街口),120.283006,22.620308
1683,鼓山分隊,地上,鼓山區,新疆路與伊犁街口(135號前),120.277126,22.656358
1684,鼓山分隊,地上,鼓山區,鼓山一路161巷50弄5號前,120.279671,22.631091
1685,鼓山分隊,地上,鼓山區,鼓山一路上大公路橋口,120.2797,22.628328
1686,鼓山分隊,地上,鼓山區,鼓山一路與五福四路口(鼓山分局前),120.278094,22.626442
1687,鼓山分隊,地上,鼓山區,鼓山一路與萬壽路口,120.278979,22.627279
1688,鼓山分隊,地上,鼓山區,鼓山二路197號前,120.279418,22.639864
1689,鼓山分隊,地上,鼓山區,鼓山二路47號前,120.282464,22.632839
1690,鼓山分隊,地上,鼓山區,鼓山二路台電牆邊,120.281371,22.631187
1691,鼓山分隊,地上,鼓山區,鼓山二路派出所前,120.282491,22.6346
1692,鼓山分隊,地上,鼓山區,鼓山二路與興隆路口(民眾服務站前),120.280949,22.636377
1693,鼓山分隊,地上,鼓山區,鼓山三路青泉街口（聖明醫院對面）,120.275311,22.655233
1694,鼓山分隊,地上,鼓山區,鼓山三路與青海路口,120.276267,22.651761
1695,鼓山分隊,地上,鼓山區,鼓山三路與新疆路口,120.275578,22.656356
1696,鼓山分隊,地上,鼓山區,翠華路117號,120.280964,22.648958
1697,鼓山分隊,地上,鼓山區,翠華路137號(近翠華路、金川街口北側),120.280994,22.650036
1698,鼓山分隊,地上,鼓山區,翠華路157號,120.281072,22.650933
1699,鼓山分隊,地上,鼓山區,翠華路282號前,120.281361,22.656053
1700,鼓山分隊,地上,鼓山區,翠華路大榮高工側門處(南側),120.281185,22.652664
1701,鼓山分隊,地上,鼓山區,翠華路與大榮街口(大榮高中宿舍前),120.281245,22.653856
1702,鼓山分隊,地上,鼓山區,翠華路與西藏街口(翠華路上),120.281308,22.654997
1703,鼓山分隊,地上,鼓山區,翠華路與華安街口,120.280881,22.647658
1704,鼓山分隊,地上,鼓山區,興國路12號--法興襌寺前,120.2771,22.627768
1705,鼓山分隊,地上,鼓山區,興隆路與河西一路口,120.284194,22.636584
1706,鼓山分隊,地上,鼓山區,臨海一路18號前,120.273408,22.620697
1707,鼓山分隊,地上,鼓山區,臨海一路21-4號（對面）前,120.274292,22.622017
1708,鼓山分隊,地上,鼓山區,臨海一路61-1號--鼓山消防隊前,120.275529424029,22.6231878955604
1709,鼓山分隊,地上,鹽埕區,瀨南街4號前,120.280669046457,22.6203389461068
1710,鼓山分隊,地上,鼓山區,鐵路街20巷口,120.280615,22.641582
1711,鼓山分隊,地上,鹽埕區,鹽埕埔站(O2)出入口1右側,120.283218,22.622627
1712,鼓山分隊,地上,鹽埕區,鹽埕埔站(O2)出入口2右側,120.28435,22.624581
1713,鳳祥分隊,地上,鳳山區,一成街中間空地,120.348349008171,22.5861521649205
1714,鳳祥分隊,地上,鳳山區,一成街與保南一路口,120.349156688361,22.5862363656165
1715,鳳祥分隊,地上,鳳山區,一成街與保華一路口,120.346742700247,22.5862710364765
1716,鳳祥分隊,地上,鳳山區,七成街146號旁,120.347818668509,22.5883514994031
1717,鳳祥分隊,地上,鳳山區,七成街地目55-25,120.349889333868,22.5882573941845
1718,鳳祥分隊,地上,鳳山區,七成街與保南一路口,120.3490954,22.5882673
1719,鳳祥分隊,地上,鳳山區,七成街與保華一路口,120.346906717444,22.5884456045573
1720,鳳祥分隊,地上,鳳山區,二成街62號前,120.347917603497,22.5865848118741
1721,鳳祥分隊,地上,鳳山區,二成街與保華一路口,120.346750842575,22.5866789182352
1722,鳳祥分隊,地上,鳳山區,二成街與南盛街口,120.349905120377,22.5865105173325
1723,鳳祥分隊,地上,鳳山區,八成街底,120.348328410065,22.5886798826468
1724,鳳祥分隊,地上,鳳山區,三成街與保南一路口,120.3490874,22.5870044
1725,鳳祥分隊,地上,鳳山區,三成街與保華一路口,120.346769971411,22.5871381296659
1726,鳳祥分隊,地上,鳳山區,三商街與保安一路口,120.339606396851,22.5945572922397
1727,鳳祥分隊,地上,鳳山區,中山東路與維武路口,120.365487298889,22.6204607012681
1728,鳳祥分隊,地上,鳳山區,中安路709號（長興保養廠前）,120.360877710222,22.5849747591902
1729,鳳祥分隊,地上,鳳山區,中安路與鳳頂路口,120.35867730105,22.5851799572079
1730,鳳祥分隊,地上,鳳山區,中崙一路236號對面,120.352333220902,22.6094299621567
1731,鳳祥分隊,地上,鳳山區,中崙一路242號對面,120.352220305557,22.6088664492903
1732,鳳祥分隊,地上,鳳山區,中崙一路252號對面,120.352157949738,22.608134599091
1733,鳳祥分隊,地上,鳳山區,中崙一路35號旁,120.354308280179,22.6129980181548
1734,鳳祥分隊,地上,鳳山區,中崙一路39號旁,120.353964957425,22.6124631991999
1735,鳳祥分隊,地上,鳳山區,中崙一路市場停車場前,120.353567990491,22.6115668775851
1736,鳳祥分隊,地上,鳳山區,中崙一路御宿Motel旁,120.354517492482,22.6133496109645
1737,鳳祥分隊,地上,鳳山區,中崙一路混凝土場對面,120.351175628196,22.6043711368025
1738,鳳祥分隊,地上,鳳山區,中崙一路與油管路口,120.351883563229,22.6068623313577
1739,鳳祥分隊,地上,鳳山區,中崙二路574巷1號旁,120.352932682803,22.6010770010778
1740,鳳祥分隊,地上,鳳山區,中崙二路574巷27號旁,120.350674959525,22.6011683818231
1741,鳳祥分隊,地上,鳳山區,中崙二路575巷22號,120.354583568123,22.6001148585152
1742,鳳祥分隊,地上,鳳山區,中崙二路576巷1號旁,120.3530137,22.6007471
1743,鳳祥分隊,地上,鳳山區,中崙二路577巷20號旁,120.354660410451,22.5995332087386
1744,鳳祥分隊,地上,鳳山區,中崙二路578巷1號旁,120.352891269311,22.6002279020633
1745,鳳祥分隊,地上,鳳山區,中崙二路578巷27號旁,120.350630846033,22.6001806128345
1746,鳳祥分隊,地上,鳳山區,中崙二路581巷23號旁,120.35483345582,22.5982449710766
1747,鳳祥分隊,地上,鳳山區,中崙二路582巷1-1號,120.3529123,22.5982345
1748,鳳祥分隊,地上,鳳山區,中崙二路583巷10-1對面,120.354117893115,22.5972106403469
1749,鳳祥分隊,地上,鳳山區,中崙二路583巷23號旁,120.3549773,22.5977752
1750,鳳祥分隊,地上,鳳山區,中崙二路583巷24-1號,120.3548015,22.5977496
1751,鳳祥分隊,地上,鳳山區,中崙二路584巷24號前,120.3512146,22.5977172
1752,鳳祥分隊,地上,鳳山區,中崙二路與中崙三路口,120.353084226919,22.6034715077273
1753,鳳祥分隊,地上,鳳山區,中崙二路與中崙路口,120.3530929,22.6020973
1754,鳳祥分隊,地上,鳳山區,中崙二路與油管路口,120.354523959663,22.6067074591159
1755,鳳祥分隊,地上,鳳山區,中崙三路-1,120.3510038,22.6040282
1756,鳳祥分隊,地上,鳳山區,中崙三路-2,120.351862106885,22.6039291531526
1757,鳳祥分隊,地上,鳳山區,中崙四路11號前（冠芳水果行前）,120.3521155,22.5994924
1758,鳳祥分隊,地上,鳳山區,中崙四路26號前,120.351176529005,22.5996022158282
1759,鳳祥分隊,地上,鳳山區,中崙四路與中崙一路口,120.350454765464,22.5994702029643
1760,鳳祥分隊,地上,鳳山區,中崙四路與中崙二路口(全家轉角旁),120.352716967737,22.5994175298881
1761,鳳祥分隊,地上,鳳山區,中崙路570號 旁,120.350868671816,22.6022440995228
1762,鳳祥分隊,地上,鳳山區,中崙路584號前,120.351431240771,22.6022082846773
1763,鳳祥分隊,地上,鳳山區,中崙路600號旁,120.352818845477,22.6021465158365
1764,鳳祥分隊,地上,鳳山區,五甲一路332巷19號前,120.351282,22.614918
1765,鳳祥分隊,地上,鳳山區,五甲一路332巷7-3號,120.35194,22.614922
1766,鳳祥分隊,地上,鳳山區,五甲一路451-1號前,120.35272,22.614813
1767,鳳祥分隊,地上,鳳山區,五甲一路451-27號旁,120.352025,22.614
1768,鳳祥分隊,地上,鳳山區,五甲一路太子汽車旁,120.347838061346,22.6078194711157
1769,鳳祥分隊,地上,鳳山區,五甲一路稻田旁,120.351048,22.612483
1770,鳳祥分隊,地上,鳳山區,五成街93號旁,120.347889334779,22.5874091396988
1771,鳳祥分隊,地上,鳳山區,五成街與保成一路口,120.350930959802,22.5872958411854
1772,鳳祥分隊,地上,鳳山區,五成街與保南一路口,120.3490856,22.5873949
1773,鳳祥分隊,地上,鳳山區,五成街與保華一路口,120.346896917444,22.5874543352546
1774,鳳祥分隊,地上,鳳山區,五成街與南盛街口,120.350158483606,22.5872562176396
1775,鳳祥分隊,地上,鳳山區,六成街51號前,120.35021319895,22.5877911649164
1776,鳳祥分隊,地上,鳳山區,六成街-修善堂旁,120.348196177771,22.5879496584156
1777,鳳祥分隊,地上,鳳山區,六成街與保成一街口,120.351114421179,22.5876722946724
1778,鳳祥分隊,地上,鳳山區,公園三街63巷口,120.333783198148,22.5868976176085
1779,鳳祥分隊,地上,鳳山區,公園街與公園二街口,120.331897847469,22.5876477527219
1780,鳳祥分隊,地上,鳳山區,公園街與公園三街口,120.334075801189,22.5886185235525
1781,鳳祥分隊,地上,鳳山區,公園街與祥和街口,120.336918942744,22.5907606339567
1782,鳳祥分隊,地上,鳳山區,田衙路與真君路口,120.361290812442,22.5912788770695
1783,鳳祥分隊,地上,鳳山區,甲智路109號前,120.343850620715,22.5980193353911
1784,鳳祥分隊,地上,鳳山區,甲智路122巷前,120.343074828342,22.5973359626763
1785,鳳祥分隊,地上,鳳山區,宏成路和富新路交叉口,120.340778231621,22.5897687907825
1786,鳳祥分隊,地上,鳳山區,和成路335號對面,120.33974742632,22.5916511040054
1787,鳳祥分隊,地上,鳳山區,和成路491號對面,120.3425664,22.5935918
1788,鳳祥分隊,地上,鳳山區,和成路與南一街口,120.33974742632,22.5917897819402
1789,鳳祥分隊,地上,鳳山區,和成路與鳳育路口,120.342789051343,22.5938674578482
1790,鳳祥分隊,地上,鳳山區,明學路與明鳳12街口,120.340664069836,22.5847059407386
1791,鳳祥分隊,地上,鳳山區,東南客運停車場,120.361918250601,22.6033096390449
1792,鳳祥分隊,地上,鳳山區,油管路12號旁,120.355434807965,22.6068623313577
1793,鳳祥分隊,地上,鳳山區,油管路20巷12-1檳榔站對面,120.353680660049,22.6052627581163
1794,鳳祥分隊,地上,鳳山區,油管路20巷25-9號對面嘉實多,120.353659214084,22.6049194958577
1795,鳳祥分隊,地上,鳳山區,油管路3巷22號對面-1,120.35493055267,22.6076200217758
1796,鳳祥分隊,地上,鳳山區,油管路3巷22號對面-2,120.355327519605,22.608546082176
1797,鳳祥分隊,地上,鳳山區,油管路3巷22號對面-3,120.355627927014,22.6098633552148
1798,鳳祥分隊,地上,鳳山區,油管路中段一,120.353538486191,22.6068969970235
1799,鳳祥分隊,地上,鳳山區,油管路中段二,120.352838429639,22.6068573791191
1800,鳳祥分隊,地上,鳳山區,保仁路與保愛路口,120.351007160788,22.5937005862499
1801,鳳祥分隊,地上,鳳山區,保生路與田衙路口,120.360417437048,22.5930092821909
1802,鳳祥分隊,地上,鳳山區,保生路與溪濱路口,120.354784798117,22.5933014933654
1803,鳳祥分隊,地上,鳳山區,保安一街與和成路口,120.337587884131,22.5883412950262
1804,鳳祥分隊,地上,鳳山區,保安一街與南一街口,120.338682225409,22.5934550744028
1805,鳳祥分隊,地上,鳳山區,保安二街與南華路口,120.341680231213,22.5978095533407
1806,鳳祥分隊,地上,鳳山區,保安二街與鳳燕一街口,120.342463436246,22.5991467392187
1807,鳳祥分隊,地上,鳳山區,保安二街與鳳燕二街口,120.344641389966,22.600132286421
1808,鳳祥分隊,地上,鳳山區,保成1路與台88路口,120.352167727539,22.5902710992874
1809,鳳祥分隊,地上,鳳山區,保成一路與寶陽路口,120.351518632957,22.5887233294924
1810,鳳祥分隊,地上,鳳山區,保成二路與台88路口,120.352676509321,22.591067584876
1811,鳳祥分隊,地上,鳳山區,保成二路與保愛路口,120.352945736051,22.5933842407993
1812,鳳祥分隊,地上,鳳山區,保孝街與保仁路口,120.351019539035,22.5929620812969
1813,鳳祥分隊,地上,鳳山區,保孝路中間西邊,120.348347423971,22.5932808526568
1814,鳳祥分隊,地上,鳳山區,保忠街46號對面,120.352305023372,22.591990042065
1815,鳳祥分隊,地上,鳳山區,保忠街與保仁路口,120.35078565054,22.5922278977934
1816,鳳祥分隊,地上,鳳山區,保忠路中間東邊,120.348263269663,22.5924778894089
1817,鳳祥分隊,地上,鳳山區,保信路中間,120.348237788677,22.5943834491475
1818,鳳祥分隊,地上,鳳山區,保南二街與保忠路口,120.349548677858,22.5923289995394
1819,鳳祥分隊,地上,鳳山區,保南二街與保信路口,120.349749508258,22.5939603056934
1820,鳳祥分隊,地上,鳳山區,保南二路與保雅路口,120.349919023737,22.5949303509711
1821,鳳祥分隊,地上,鳳山區,保南二路與保義路口,120.350022087749,22.5958577968849
1822,鳳祥分隊,地上,鳳山區,保華二路337號,120.347078730689,22.5972942832431
1823,鳳祥分隊,地上,鳳山區,保華二路與保孝路口,120.346974795089,22.5934671216261
1824,鳳祥分隊,地上,鳳山區,保華二路與保忠路口,120.346942943857,22.59263691934
1825,鳳祥分隊,地上,鳳山區,保華二路與保信路口,120.347017710433,22.5946892
1826,鳳祥分隊,地上,鳳山區,保華二路與保雅路口,120.347041850315,22.5955608683218
1827,鳳祥分隊,地上,鳳山區,保雅路中間,120.3482488943,22.5952552480625
1828,鳳祥分隊,地上,鳳山區,保雅路與保仁路口,120.351149837591,22.5945916524964
1829,鳳祥分隊,地上,鳳山區,保愛路與保仁路口,120.351045390964,22.593636829468
1830,鳳祥分隊,地上,鳳山區,保義路中間,120.348473823071,22.5962122168968
1831,鳳祥分隊,地上,鳳山區,南京路130巷口,120.345668483283,22.6093841084186
1832,鳳祥分隊,地上,鳳山區,南京路156號前,120.345327367526,22.6099579957032
1833,鳳祥分隊,地上,鳳山區,南京路196號前,120.345533,22.611078
1834,鳳祥分隊,地上,鳳山區,南京路226巷口,120.345661,22.611838
1835,鳳祥分隊,地上,鳳山區,南京路4號,120.345891163675,22.6067839970808
1836,鳳祥分隊,地上,鳳山區,家和1街18-44地目,120.345529392065,22.5849546795461
1837,鳳祥分隊,地上,鳳山區,家和1街偉成路口貴陽變電所旁,120.344415654176,22.5848827283845
1838,鳳祥分隊,地上,鳳山區,家和1街與紅毛港路口,120.343008115591,22.5849001962417
1839,鳳祥分隊,地上,鳳山區,家和2街2號旁,120.345906692868,22.585422877096
1840,鳳祥分隊,地上,鳳山區,家和2街地目16-45,120.345615222754,22.5853311090609
1841,鳳祥分隊,地上,鳳山區,家和2街地目30-14,120.345261171164,22.585514370426
1842,鳳祥分隊,地上,鳳山區,家和2街與偉成路上,120.344553067984,22.5855639004828
1843,鳳祥分隊,地上,鳳山區,家和3街2號旁,120.345949608212,22.5858389292961
1844,鳳祥分隊,地上,鳳山區,家和6.7街中間(智成路上),120.346019085724,22.5868512906576
1845,鳳祥分隊,地上,鳳山區,家和6街27號前,120.345556214156,22.5866461277784
1846,鳳祥分隊,地上,鳳山區,家和6街99號旁,120.343962982001,22.5867228987281
1847,鳳祥分隊,地上,鳳山區,家和7街69號旁-偉成路上,120.344477966132,22.5870200761944
1848,鳳祥分隊,地上,鳳山區,家和7街空地旁(偉成街與智成街間),120.345261171164,22.5871587587926
1849,鳳祥分隊,地上,鳳山區,家和8街與紅毛港路口,120.343383624853,22.5875153705467
1850,鳳祥分隊,地上,鳳山區,家和三街67號對面,120.345041028311,22.5857812410099
1851,鳳祥分隊,地上,鳳山區,家和三街廟旁-新-1,120.343238583853,22.585900112886
1852,鳳祥分隊,地上,鳳山區,家和三街廟旁-舊-2,120.343281499197,22.5859199248554
1853,鳳祥分隊,地上,鳳山區,家和五街122號前,120.344005302377,22.5863109532984
1854,鳳祥分隊,地上,鳳山區,家和五街與偉成路口,120.3444881,22.5862639
1855,鳳祥分隊,地上,鳳山區,海函路與保華一路口,120.346849411726,22.5904813807473
1856,鳳祥分隊,地上,鳳山區,海洋二路159號前,120.348848,22.613098
1857,鳳祥分隊,地上,鳳山區,海洋二路62號,120.3470586,22.6109326
1858,鳳祥分隊,地上,鳳山區,海洋二路88號前,120.347499847412,22.6115447655915
1859,鳳祥分隊,地上,鳳山區,海涵路空地旁-1,120.350394048024,22.5902467774897
1860,鳳祥分隊,地上,鳳山區,海涵路空地旁-2,120.351332821179,22.5901130508423
1861,鳳祥分隊,地上,鳳山區,海涵路貨櫃場變電箱旁,120.348242916394,22.5903656455118
1862,鳳祥分隊,地上,鳳山區,海涵路與保南一路口,120.349551834393,22.5903111643477
1863,鳳祥分隊,地上,鳳山區,高鳳一路5號前,120.366111303076,22.5893259546273
1864,鳳祥分隊,地上,鳳山區,國泰一路.大發汽車訓練場,120.358180759525,22.614203153471
1865,鳳祥分隊,地上,鳳山區,國泰路一段.欣雄公司右側,120.358663557147,22.6142180093932
1866,鳳祥分隊,地上,鳳山區,國泰路一段.欣雄公司左側,120.359157083606,22.6142774330661
1867,鳳祥分隊,地上,鳳山區,國泰路一段國泰橋南側,120.356099365329,22.6142922889804
1868,鳳祥分隊,地上,鳳山區,國泰路一段與中崙一路口,120.354940651035,22.6148469086297
1869,鳳祥分隊,地上,鳳山區,國泰路一段與五甲一路中間（八仙公園牌樓對面）,120.35408234415,22.6155302761937
1870,鳳祥分隊,地上,鳳山區,國泰路一段與鳳頂路交叉口,120.362053869342,22.6143616165588
1871,鳳祥分隊,地上,鳳山區,國泰路二段13巷口,120.352183766123,22.6167626226467
1872,鳳祥分隊,地上,鳳山區,國泰路與忠孝國小側門,120.349901583081,22.6182457609442
1873,鳳祥分隊,地上,鳳山區,國富路21巷5弄3號前,120.349329,22.6136516
1874,鳳祥分隊,地上,鳳山區,國富路口亞亞幼兒園旁花園內,120.349059148191,22.6160251697612
1875,鳳祥分隊,地上,鳳山區,國慶10街與明學路口,120.341861844063,22.5882977854139
1876,鳳祥分隊,地上,鳳山區,國慶10街與明龍路口,120.338447021149,22.5893956090746
1877,鳳祥分隊,地上,鳳山區,國慶10街與紅毛港路口,120.343253539703,22.5879691759918
1878,鳳祥分隊,地上,鳳山區,國慶10街與富新路口,120.340356753967,22.5888408868535
1879,鳳祥分隊,地上,鳳山區,國慶10街與富新路口-右,120.34037552943,22.5887975490859
1880,鳳祥分隊,地上,鳳山區,國慶11街85號,120.341197268787,22.5891646065885
1881,鳳祥分隊,地上,鳳山區,國慶11街與明學路口,120.342106022168,22.5887113896511
1882,鳳祥分隊,地上,鳳山區,國慶11街與紅毛港路口,120.343253539703,22.5885040901292
1883,鳳祥分隊,地上,鳳山區,國慶6街109號旁,120.339981176576,22.5870021592783
1884,鳳祥分隊,地上,鳳山區,國慶6街188號對面,120.338843378783,22.5873952244022
1885,鳳祥分隊,地上,鳳山區,國慶6街226號對面,120.338135884903,22.5876373300661
1886,鳳祥分隊,地上,鳳山區,國慶6街55號,120.342010603981,22.5865507457244
1887,鳳祥分隊,地上,鳳山區,國慶6街與明學路口,120.341251538829,22.5867562937972
1888,鳳祥分隊,地上,鳳山區,國慶6街與紅毛港路口,120.343081878326,22.5863198443232
1889,鳳祥分隊,地上,鳳山區,國慶6街與富新路口-左,120.339755402673,22.5871621420093
1890,鳳祥分隊,地上,鳳山區,國慶7街195號對面,120.339037107132,22.5878255412863
1891,鳳祥分隊,地上,鳳山區,國慶7街38號前,120.342448876999,22.5869934476309
1892,鳳祥分隊,地上,鳳山區,國慶7街富新路口,120.339991973541,22.5874936950145
1893,鳳祥分隊,地上,鳳山區,國慶7街與明學路口,120.34149401059,22.587181659731
1894,鳳祥分隊,地上,鳳山區,國慶7街與紅毛港路口,120.343060420654,22.5868200941533
1895,鳳祥分隊,地上,鳳山區,國慶8街41號前,120.340228007935,22.5878899292763
1896,鳳祥分隊,地上,鳳山區,國慶8街與明學路口,120.341579841278,22.5876125654127
1897,鳳祥分隊,地上,鳳山區,國慶8街與紅毛港路口,120.343103335999,22.5871767067843
1898,鳳祥分隊,地上,鳳山區,國慶8街與富新路-海眾廟旁,120.339820312164,22.5882069158649
1899,鳳祥分隊,地上,鳳山區,國慶9街23巷1號對面,120.342324167737,22.5877041935303
1900,鳳祥分隊,地上,鳳山區,國慶9街59-26空地,120.338848279552,22.5886532651467
1901,鳳祥分隊,地上,鳳山區,國慶9街紅毛港路口,120.343189166687,22.5875778948905
1902,鳳祥分隊,地上,鳳山區,國慶9街與明學路口,120.341837333344,22.5879493643172
1903,鳳祥分隊,地上,鳳山區,國慶9街與富新路83號旁,120.340115823079,22.5883993571264
1904,鳳祥分隊,地上,鳳山區,國慶一街紅毛港路口,120.342817694196,22.5845887666933
1905,鳳祥分隊,地上,鳳山區,國慶一街與明學路口,120.3407363,22.5851336
1906,鳳祥分隊,地上,鳳山區,國慶一街與明學路口空地,120.341390759,22.5849008078508
1907,鳳祥分隊,地上,鳳山區,國慶一街與富新路口,120.339363008984,22.585539747063
1908,鳳祥分隊,地上,鳳山區,國慶二街明學路30公尺處,120.340945273016,22.5857149490759
1909,鳳祥分隊,地上,鳳山區,國慶二街飛鳳寺旁,120.341374426459,22.5854623458769
1910,鳳祥分隊,地上,鳳山區,國慶二街與明學路口,120.340902357672,22.5855267349716
1911,鳳祥分隊,地上,鳳山區,國慶二街與明龍街口,120.337619333838,22.5864578969763
1912,鳳祥分隊,地上,鳳山區,國慶二街與富新路口,120.339550524329,22.5863538845115
1913,鳳祥分隊,地上,鳳山區,國慶三街中段空地90-30,120.341506697623,22.5859305290631
1914,鳳祥分隊,地上,鳳山區,國慶三街紅毛港路口,120.342976548163,22.5854253229925
1915,鳳祥分隊,地上,鳳山區,國慶三街與明學路口,120.3410239,22.5859652
1916,鳳祥分隊,地上,鳳山區,國慶三街與富新路45號旁,120.339328743903,22.5863713446109
1917,鳳祥分隊,地上,鳳山區,國慶三街與富新路56號旁,120.339714982001,22.5862722850601
1918,鳳祥分隊,地上,鳳山區,國慶五街58號對面,120.341994058126,22.5861174334617
1919,鳳祥分隊,地上,鳳山區,國慶五街底,120.339144607657,22.5868820793677
1920,鳳祥分隊,地上,鳳山區,國慶五街富新路口,120.339702507132,22.5867334905658
1921,鳳祥分隊,地上,鳳山區,國慶五街與明學路口,120.3411509,22.5863323
1922,鳳祥分隊,地上,鳳山區,國慶五街與紅毛港路口,120.34302844631,22.5858716723538
1923,鳳祥分隊,地上,鳳山區,頂庄路216號前,120.361425876617,22.5883737300094
1924,鳳祥分隊,地上,鳳山區,頂庄路310巷口,120.357011728836,22.5885158698722
1925,鳳祥分隊,地上,鳳山區,頂庄路與頂茂街口,120.3582205,22.5884105
1926,鳳祥分隊,地上,鳳山區,頂庄路與復華一街口,120.363423985489,22.5881777133892
1927,鳳祥分隊,地上,鳳山區,頂庄路與過雄街55巷口,120.35999075795,22.5883064890098
1928,鳳祥分隊,地上,鳳山區,頂庄路與鳳頂路口,120.358767670639,22.5883362064436
1929,鳳祥分隊,地上,鳳山區,頂新1街87號前,120.364615356922,22.5893545221468
1930,鳳祥分隊,地上,鳳山區,頂新8街2號前,120.362319149304,22.5893602169229
1931,鳳祥分隊,地上,鳳山區,頂新二街路?旁,120.365579074588,22.5887975709755
1932,鳳祥分隊,地上,鳳山區,頂新八街88號前,120.360740937455,22.5893409935714
1933,鳳祥分隊,地上,鳳山區,頂豐街與頂賢路口,120.356479913492,22.5855792361625
1934,鳳祥分隊,地上,鳳山區,凱旋路110號前,120.35878455801,22.6074833946615
1935,鳳祥分隊,地上,鳳山區,凱旋路203號前,120.3500419,22.6126682
1936,鳳祥分隊,地上,鳳山區,凱旋路311號前,120.348275,22.614153
1937,鳳祥分隊,地上,鳳山區,凱旋路339號前,120.347683,22.61441
1938,鳳祥分隊,地上,鳳山區,凱旋路與誠義路口（便利商店旁）,120.360660574668,22.6075490150833
1939,鳳祥分隊,地上,鳳山區,富新路與鳳南一路口,120.34193051377,22.5914724125633
1940,鳳祥分隊,地上,鳳山區,復華一街41號,120.363466317197,22.5874657022217
1941,鳳祥分隊,地上,鳳山區,復華一街與頂新六街口,120.363622605801,22.5888079338365
1942,鳳祥分隊,地上,鳳山區,智成街與家和八街口,120.345981584656,22.5874227751427
1943,鳳祥分隊,地上,鳳山區,園茂路338號旁,120.358099411114,22.5966688805726
1944,鳳祥分隊,地上,鳳山區,園茂路與過埤路口,120.357713173016,22.59067114482
1945,鳳祥分隊,地上,鳳山區,園盛路與園中路口,120.356408380426,22.5943897211431
1946,鳳祥分隊,地上,鳳山區,園盛路與園墘路口,120.355904125131,22.5919678357193
1947,鳳祥分隊,地上,鳳山區,新富路與國富路口-花園上,120.348767089224,22.6161205605035
1948,鳳祥分隊,地上,鳳山區,誠平路34號對面,120.361448437573,22.6102529563505
1949,鳳祥分隊,地上,鳳山區,誠和路與河提街口,120.357217730411,22.611407868682
1950,鳳祥分隊,地上,鳳山區,誠東路與鳳頂路口,120.362319149304,22.6111015917689
1951,鳳祥分隊,地上,鳳山區,誠勇路與誠義路口,120.3605515,22.6087476
1952,鳳祥分隊,地上,鳳山區,誠愛路與誠平路口,120.359012388361,22.6101841949029
1953,鳳祥分隊,地上,鳳山區,誠愛路與誠和路口,120.358926557672,22.6113702222969
1954,鳳祥分隊,地上,鳳山區,誠義路247號對面,120.360486554709,22.6115025605903
1955,鳳祥分隊,地上,鳳山區,誠義路與誠平路口,120.360603646033,22.6100077617778
1956,鳳祥分隊,地上,鳳山區,過勇路116號旁,120.362943273016,22.5890459601973
1957,鳳祥分隊,地上,鳳山區,過勇路380巷口,120.362944482105,22.5934761309627
1958,鳳祥分隊,地上,鳳山區,過勇路頂新特區大樓前,120.362906660798,22.5895071653497
1959,鳳祥分隊,地上,鳳山區,過勇路與頂庄路口,120.362760882803,22.5883575082159
1960,鳳祥分隊,地上,鳳山區,過勇路與過埤路口,120.362793069311,22.5900712024527
1961,鳳祥分隊,地上,鳳山區,過智街13巷口,120.366362657672,22.591239207739
1962,鳳祥分隊,地上,鳳山區,過雄一街77號前,120.3568584,22.5867312
1963,鳳祥分隊,地上,鳳山區,過雄一街與頂明路口,120.354862836493,22.5867411059253
1964,鳳祥分隊,地上,鳳山區,過雄街130巷口,120.36314354418,22.5864819427682
1965,鳳祥分隊,地上,鳳山區,過雄街52巷7號旁,120.360382,22.586336
1966,鳳祥分隊,地上,鳳山區,鳳甲二街6號旁,120.342265077299,22.5955951488868
1967,鳳祥分隊,地上,鳳山區,鳳甲二街與甲智路122巷口,120.343608273819,22.5966027797553
1968,鳳祥分隊,地上,鳳山區,鳳甲路267號右前方,120.342869491263,22.5949615921587
1969,鳳祥分隊,地上,鳳山區,鳳甲路與南一街口,120.339198722198,22.5924326208674
1970,鳳祥分隊,地上,鳳山區,鳳甲路與南三街口,120.337986363724,22.591659988488
1971,鳳祥分隊,地上,鳳山區,鳳甲路與南華一路口,120.343855037048,22.5955231070303
1972,鳳祥分隊,地上,鳳山區,鳳育路61巷與鳳育路口,120.341889641278,22.5949557140588
1973,鳳祥分隊,地上,鳳山區,鳳東路387號旁,120.376928730688,22.6218212002178
1974,鳳祥分隊,地上,鳳山區,鳳東路472巷前,120.375389459282,22.6200555845861
1975,鳳祥分隊,地上,鳳山區,鳳林路35號面對,120.371334288361,22.6221614977643
1976,鳳祥分隊,地上,鳳山區,鳳林路與鳳東路口,120.376746074097,22.6222477045786
1977,鳳祥分隊,地上,鳳山區,鳳凰山登山口前空地一,120.377396577629,22.621515687682
1978,鳳祥分隊,地上,鳳山區,鳳凰山登山口前空地二,120.378167671272,22.6215545361632
1979,鳳祥分隊,地上,鳳山區,鳳凰山登山口前空地三,120.377902939253,22.6209138214176
1980,鳳祥分隊,地上,鳳山區,鳳凰山登山口前空地四,120.37729270293,22.620946453127
1981,鳳祥分隊,地上,鳳山區,鳳祥分隊前,120.35933653288,22.5927826063708
1982,鳳祥分隊,地上,鳳山區,鳳頂路602號（台糖加油站）,120.3604487393,22.5980954068702
1983,鳳祥分隊,地上,鳳山區,鳳頂路博愛停車場前（步校門口附近）,120.362520834671,22.6060146529205
1984,鳳祥分隊,地上,鳳山區,鳳頂路與田中央路口,120.359444444444,22.5946944444444
1985,鳳祥分隊,地上,鳳山區,鳳頂路與保生路口,120.358840843903,22.5928013647271
1986,鳳祥分隊,地上,鳳山區,鳳頂路與國泰路一段交叉口,120.362295529114,22.6141410865116
1987,鳳祥分隊,地上,鳳山區,鳳頂路與過埤路口,120.358755,22.590685
1988,鳳祥分隊,地上,鳳山區,鳳燕一街與鳳燕二街口,120.34312863782,22.5989004679911
1989,鳳祥分隊,地上,鳳山區,寶陽路與保南一路口,120.349099,22.5889996
1990,鳳祥分隊,地上,鳳山區,寶陽路與保華一路口,120.346931775116,22.5893661127241
1991,鳳祥分隊,地上,鳳山區,灣頭南巷101號前,120.3755742,22.6193744
1992,五甲分隊,地上,鳳山區,二甲里活動中心前,120.339628,22.59888
1993,五甲分隊,地上,鳳山區,三多路上近國泰路,120.343974,22.624699
1994,五甲分隊,地上,鳳山區,三多路上近衛武營大門,120.342611,22.624542
1995,五甲分隊,地上,鳳山區,三商街與林森路口,120.337910570201,22.5968887472406
1996,五甲分隊,地上,鳳山區,三商街與南江街口,120.335691712794,22.5995866482758
1997,五甲分隊,地上,鳳山區,大明路新甲國小旁（升旗台前方）,120.341303,22.613707
1998,五甲分隊,地上,鳳山區,大明路與新富路口,120.341424269312,22.6128150075144
1999,五甲分隊,地上,鳳山區,五甲二路138號鯨世界加油站旁,120.342781,22.603171
2000,五甲分隊,地上,鳳山區,五甲二路302號旁,120.338659,22.600165
2001,五甲分隊,地上,鳳山區,五甲二路363號前,120.336056,22.598088
2002,五甲分隊,地上,鳳山區,五甲二路493號前,120.3333919,22.5964313
2003,五甲分隊,地上,鳳山區,五甲二路589號前（鞋子大王前）,120.330776,22.595285
2004,五甲分隊,地上,鳳山區,五甲二路與天興街口,120.329753463446,22.5942706160231
2005,五甲分隊,地上,鳳山區,五甲二路與南和路口,120.333369081198,22.5964101621932
2006,五甲分隊,地上,鳳山區,五甲二路與南富街口,120.338333,22.599793
2007,五甲分隊,地上,鳳山區,五甲二路與南華路口,120.339579,22.600672
2008,五甲分隊,地上,鳳山區,五甲三路151號前,120.325477571758,22.5911328201687
2009,五甲分隊,地上,鳳山區,五甲三路291號旁,120.323205,22.589133
2010,五甲分隊,地上,鳳山區,五甲三路與五福二路口,120.324048910837,22.589853521003
2011,五甲分隊,地上,鳳山區,五甲消防隊前,120.334685367767,22.5974764762885
2012,五甲分隊,地上,鳳山區,天興街與大仁街口,120.332393241278,22.5909488751261
2013,五甲分隊,地上,鳳山區,天興街與福安二街口,120.332594,22.590431
2014,五甲分隊,地上,鳳山區,同明街與興隆街口,120.342974,22.604829
2015,五甲分隊,地上,鳳山區,自強一路117號旁,120.329249,22.590776
2016,五甲分隊,地上,鳳山區,自強一路119巷4號旁,120.328888,22.59077
2017,五甲分隊,地上,鳳山區,自強一路與漁村街口,120.330231637573,22.5887424791863
2018,五甲分隊,地上,鳳山區,自強二路5巷與自強二路交叉口,120.328069726597,22.5939373517569
2019,五甲分隊,地上,鳳山區,自強二路84-8號,120.327817,22.595178
2020,五甲分隊,地上,鳳山區,忠誠路與五甲三路口,120.327195187311,22.5924650267692
2021,五甲分隊,地上,鳳山區,林森路11號前,120.329894017197,22.5912776521333
2022,五甲分隊,地上,鳳山區,林森路141號（第二衛生所前）,120.333326,22.593603
2023,五甲分隊,地上,鳳山區,林森路146號前,120.333669,22.593846
2024,五甲分隊,地上,鳳山區,林森路189號前,120.334262,22.594412
2025,五甲分隊,地上,鳳山區,林森路23號前,120.330397559524,22.5916319443043
2026,五甲分隊,地上,鳳山區,林森路291號前（家樂福五甲店後方）,120.3367383,22.596086
2027,五甲分隊,地上,鳳山區,林森路85號,120.331667525131,22.5925698900293
2028,五甲分隊,地上,鳳山區,林森路與天興街口,120.331283582773,22.5922711111321
2029,五甲分隊,地上,鳳山區,保泰路520號前,120.338517,22.6054929
2030,五甲分隊,地上,鳳山區,南正一路129號前,120.334863,22.597104
2031,五甲分隊,地上,鳳山區,南正一路南正公園旁,120.335938,22.595874
2032,五甲分隊,地上,鳳山區,南正二路64巷47弄與南榮路口,120.333716,22.599714
2033,五甲分隊,地上,鳳山區,南正二路與南正二路150巷口,120.331158616394,22.5992064522995
2034,五甲分隊,地上,鳳山區,南光街與錦田路口,120.331945094443,22.5941227191709
2035,五甲分隊,地上,鳳山區,南安路與漁南街口,120.325801499475,22.5862326613525
2036,五甲分隊,地上,鳳山區,南京路201號前人行道,120.3454145,22.6111507
2037,五甲分隊,地上,鳳山區,南京路241號前,120.34534,22.611905
2038,五甲分隊,地上,鳳山區,南京路29號,120.345531,22.606328
2039,五甲分隊,地上,鳳山區,南京路385巷和南京路路口,120.345436,22.613507
2040,五甲分隊,地上,鳳山區,南京路389號前,120.3454665,22.614375
2041,五甲分隊,地上,鳳山區,南京路一號前,120.345672,22.605253
2042,五甲分隊,地上,鳳山區,南京路小北百貨前,120.345448,22.61305
2043,五甲分隊,地上,鳳山區,南進七街49號旁,120.32942,22.588648
2044,五甲分隊,地上,鳳山區,善政街與保泰路口,120.336237,22.60404
2045,五甲分隊,地上,鳳山區,善美路與南榮路口,120.334374563893,22.6002666438956
2046,五甲分隊,地上,鳳山區,新康街32號,120.3430662,22.6075183
2047,五甲分隊,地上,鳳山區,新強公園（大明路）上，停車格編號783375對面,120.341238,22.615201
2048,五甲分隊,地上,鳳山區,新強公園旁（大明路上），停車格編號787378對面,120.341221,22.615625
2049,五甲分隊,地上,鳳山區,新強路220巷30-1號,120.340463,22.612105
2050,五甲分隊,地上,鳳山區,新強路327號前,120.33896,22.614607
2051,五甲分隊,地上,鳳山區,新強路3號前（美麗新世界大樓前）,120.344221,22.610962
2052,五甲分隊,地上,鳳山區,新富路與南京路口,120.345411,22.613136
2053,五甲分隊,地上,鳳山區,瑞隆東路103號前,120.342641,22.606232
2054,五甲分隊,地上,鳳山區,瑞隆東路186號,120.341608,22.606385
2055,五甲分隊,地上,鳳山區,瑞隆東路199號前,120.339309,22.605958
2056,五甲分隊,地上,鳳山區,瑞隆東路205號旁,120.3392375,22.6059065
2057,五甲分隊,地上,鳳山區,瑞隆東路210號,120.340319,22.606244
2058,五甲分隊,地上,鳳山區,瑞隆東路31號,120.344662,22.606393
2059,五甲分隊,地上,鳳山區,漁村街58號對面,120.3270076,22.5865739
2060,五甲分隊,地上,鳳山區,漁村街與南安路口（地上式）,120.326064,22.585921
2061,五甲分隊,地上,鳳山區,福德街五福國小右前方,120.326326461099,22.5902472340919
2062,五甲分隊,地上,鳳山區,鳳南路6號,120.339122661971,22.5965426952312
2063,五甲分隊,地上,鳳山區,鳳南路與五甲二路口（HONDA汽車前）,120.337307373016,22.5990687899253
2064,五甲分隊,地上,鳳山區,鳳南路與林森路口（加水站旁）,120.338541189163,22.5972759663584
2065,五甲分隊,地上,鳳山區,鳳南路與南榮路口,120.335719505279,22.6010596881806
2066,五甲分隊,地上,鳳山區,輜汽北一路15號前（圓環邊）,120.332874430723,22.6177078337212
2067,五甲分隊,地上,鳳山區,輜汽北一路16號前（滿福貿易前）,120.333112761902,22.6174750744044
2068,五甲分隊,地上,鳳山區,輜汽北一路與輜汽北二路口（唯興食品對面）,120.334356852848,22.6169497823832
2069,五甲分隊,地上,鳳山區,龍成路與鎮南街口,120.329087,22.596176
2070,五甲分隊,地上,鳳山區,鎮南街與南成街口,120.3314,22.597366
2071,鳳山分隊,地上,鳳山區,八德文仁路口,120.360335817437,22.6384089989497
2072,鳳山分隊,地上,鳳山區,八德文南路口,120.357557460666,22.6382814873095
2073,鳳山分隊,地上,鳳山區,八德路273號,120.35572886467,22.6385606056858
2074,鳳山分隊,地上,鳳山區,八德路305號7-11前,120.354939959943,22.6387840237558
2075,鳳山分隊,地上,鳳山區,八德路362號前,120.354602336884,22.6401511363863
2076,鳳山分隊,地上,鳳山區,八德路二段139號前,120.354988574982,22.6433284293467
2077,鳳山分隊,地上,鳳山區,八德路二段142巷對面,120.355040237679,22.6439592809658
2078,鳳山分隊,地上,鳳山區,八德路二段212巷53號右前方,120.351874530315,22.6459140256671
2079,鳳山分隊,地上,鳳山區,八德路二段278號正對面,120.351485274732,22.6446159732829
2080,鳳山分隊,地上,鳳山區,力行路右轉北賢街王50公尺處（津鼎食品對面）,120.369318947196,22.6386500348461
2081,鳳山分隊,地上,鳳山區,三民路3號前近中山路口,120.362059883773,22.6209286182257
2082,鳳山分隊,地上,鳳山區,三民路成功所前,120.358761437237,22.6245619037114
2083,鳳山分隊,地上,鳳山區,三民路佛教蓮社前,120.362159460783,22.6221584992067
2084,鳳山分隊,地上,鳳山區,大東二路與立志街口,120.359997935593,22.6203761894941
2085,鳳山分隊,地上,鳳山區,中山西路308號前,120.343671999872,22.6282278966667
2086,鳳山分隊,地上,鳳山區,中山西路家樂福前,120.348088985983,22.6279099775165
2087,鳳山分隊,地上,鳳山區,中山東路10巷口,120.364019572735,22.6203833076375
2088,鳳山分隊,地上,鳳山區,中山東路237號,120.373810306191,22.6255577909225
2089,鳳山分隊,地上,鳳山區,中山東路250號前,120.377064496279,22.6267789653309
2090,鳳山分隊,地上,鳳山區,中山東路264之2號前,120.377770923078,22.627083174095
2091,鳳山分隊,地上,鳳山區,中山東路290巷168弄31號圍牆旁,120.380182228982,22.62347657031
2092,鳳山分隊,地上,鳳山區,中山東路290巷近鳳學路,120.380778685212,22.6244557537168
2093,鳳山分隊,地上,鳳山區,中山東路325巷口,120.376502238214,22.6267235701732
2094,鳳山分隊,地上,鳳山區,中山東路379號前,120.377697497606,22.6272106754318
2095,鳳山分隊,地上,鳳山區,中山東路380巷108弄16號,120.381861506407,22.6257952059131
2096,鳳山分隊,地上,鳳山區,中山東路400巷22弄腳踏車道,120.382473170757,22.6286158268581
2097,鳳山分隊,地上,鳳山區,中山東路52號前,120.369261614978,22.623455216359
2098,鳳山分隊,地上,鳳山區,中山東路O14車站1號出口,120.372444391251,22.6249750523269
2099,鳳山分隊,地上,鳳山區,中山路94-1號 中山與維新路轉角,120.358761772513,22.6222982436509
2100,鳳山分隊,地上,鳳山區,中山路企銀旁,120.358003042638,22.622856854233
2101,鳳山分隊,地上,鳳山區,中山路與維新路口,120.358771292295,22.6222907314927
2102,鳳山分隊,地上,鳳山區,中山路與體育路口,120.357101485133,22.6242292175942
2103,鳳山分隊,地上,鳳山區,中山路龍山寺前,120.362026020885,22.6209128345784
2104,鳳山分隊,地上,鳳山區,五甲一路與光華路口,120.355847217143,22.6194823953391
2105,鳳山分隊,地上,鳳山區,五權路40號旁,120.353814102709,22.6269405086242
2106,鳳山分隊,地上,鳳山區,仁愛路40巷41號旁,120.37369094789,22.6232354871055
2107,鳳山分隊,地上,鳳山區,仁愛路鳳林路口,120.373030789196,22.6223788491415
2108,鳳山分隊,地上,鳳山區,文中街68號,120.357530638576,22.640877699536
2109,鳳山分隊,地上,鳳山區,文化西路186號前,120.345734283328,22.6348651809729
2110,鳳山分隊,地上,鳳山區,文化西路202巷2號前,120.345317199826,22.6339553894198
2111,鳳山分隊,地上,鳳山區,文化西路文建街口,120.347648374736,22.6351703001926
2112,鳳山分隊,地上,鳳山區,文化西路與青年路口,120.350199826062,22.6347299504328
2113,鳳山分隊,地上,鳳山區,文化路113號前,120.352794528008,22.6342611295662
2114,鳳山分隊,地上,鳳山區,文化路139號前,120.351113788784,22.6345588232655
2115,鳳山分隊,地上,鳳山區,文化路與文康街口,120.35601887852,22.6337152529575
2116,鳳山分隊,地上,鳳山區,文平街36號{小叢林幼稚園}旁,120.350355058908,22.6401078147824
2117,鳳山分隊,地上,鳳山區,文平街43號前,120.350825116038,22.64273400761
2118,鳳山分隊,地上,鳳山區,文平路11號前,120.35052202642,22.6410054975121
2119,鳳山分隊,地上,鳳山區,文安南街163號,120.347312092781,22.6409402622736
2120,鳳山分隊,地上,鳳山區,文安街9號前,120.347740193855,22.642392854193
2121,鳳山分隊,地上,鳳山區,文建街160號前,120.347498841584,22.6342509176087
2122,鳳山分隊,地上,鳳山區,文教路108巷旁公園,120.348422862589,22.6341775771646
2123,鳳山分隊,地上,鳳山區,文教路119號旁,120.346750505269,22.6344220451594
2124,鳳山分隊,地上,鳳山區,文教路172號,120.345996133983,22.6345204511409
2125,鳳山分隊,地上,鳳山區,文教路186號對面,120.345677621663,22.6345582043603
2126,鳳山分隊,地上,鳳山區,文教路31號前,120.351782329381,22.6336344853159
2127,鳳山分隊,地上,鳳山區,文教路47號旁（公園）前,120.350763425231,22.6338155161706
2128,鳳山分隊,地上,鳳山區,文教路61號,120.349934622645,22.633923206207
2129,鳳山分隊,地上,鳳山區,文教路文建街口,120.347493812442,22.6343310659817
2130,鳳山分隊,地上,鳳山區,文清街17號前,120.354452133179,22.6436688050288
2131,鳳山分隊,地上,鳳山區,文福街文建街口,120.347380824387,22.6335719754612
2132,鳳山分隊,地上,鳳山區,文鳳路116號前,120.348343402147,22.642643343371
2133,鳳山分隊,地上,鳳山區,文鳳路71號 園周綠,120.347147136927,22.6428791321548
2134,鳳山分隊,地上,鳳山區,文鳳路近澄清路口,120.346355885267,22.6430511772587
2135,鳳山分隊,地上,鳳山區,文樂街46號 櫻花戀大樓,120.348905338854,22.6450976713132
2136,鳳山分隊,地上,鳳山區,文衡路433號,120.349070951343,22.6411240122359
2137,鳳山分隊,地上,鳳山區,文衡路48號前,120.358008723296,22.6333332578348
2138,鳳山分隊,地上,鳳山區,文衡路540號前,120.348242148757,22.6414124079513
2139,鳳山分隊,地上,鳳山區,文衡路598號,120.346516817808,22.6417896113046
2140,鳳山分隊,地上,鳳山區,文衡路與建國路口,120.35724196583,22.6363004113189
2141,鳳山分隊,地上,鳳山區,文龍路17號前,120.350178033113,22.643396195118
2142,鳳山分隊,地上,鳳山區,文龍路73號前,120.348279364407,22.6437638006368
2143,鳳山分隊,地上,鳳山區,文龍路上（近文平街口）,120.350795038272,22.6432709119821
2144,鳳山分隊,地上,鳳山區,文龍路與文揚街口,120.347180664539,22.6439151127237
2145,鳳山分隊,地上,鳳山區,文濱路77號前,120.348885543644,22.6414380912313
2146,鳳山分隊,地上,鳳山區,文濱路92巷口,120.348663414698,22.6404272950369
2147,鳳山分隊,地上,鳳山區,文濱路麗馨汽車旅館旁,120.349227525294,22.6427179170327
2148,鳳山分隊,地上,鳳山區,王生明路與國泰路口,120.362407565114,22.6147172051029
2149,鳳山分隊,地上,鳳山區,北仁街86號前,120.374388322234,22.6446880704355
2150,鳳山分隊,地上,鳳山區,北文街60巷巷口對面,120.368697345257,22.642408791922
2151,鳳山分隊,地上,鳳山區,北昌一街2之10號旁,120.371600836515,22.6465873371607
2152,鳳山分隊,地上,鳳山區,北昌一街與北昌路約10公尺處（北昌一街上）,120.372500047088,22.6468385904201
2153,鳳山分隊,地上,鳳山區,北昌一街與北賢街約10公尺處（北昌一街上）,120.370799526572,22.6465273086046
2154,鳳山分隊,地上,鳳山區,北昌三街21號上河國大樓前,120.374747738242,22.645564372716
2155,鳳山分隊,地上,鳳山區,北昌三街49號旁,120.373597070575,22.6451150828385
2156,鳳山分隊,地上,鳳山區,北昌三街龍騰一品前,120.371755063534,22.6449919301223
2157,鳳山分隊,地上,鳳山區,北昌五街上河漾大樓前,120.37531401962,22.6442937156934
2158,鳳山分隊,地上,鳳山區,北昌五街與鳳仁路110巷口,120.373841151595,22.64345467788
2159,鳳山分隊,地上,鳳山區,北昌街161號右側10公尺處,120.371337980032,22.6474363980512
2160,鳳山分隊,地上,鳳山區,北堤街23號前,120.37531837821,22.6452976457071
2161,鳳山分隊,地上,鳳山區,北堤街與北昌三街口公園旁,120.37480674684,22.6464629480617
2162,鳳山分隊,地上,鳳山區,北賢街88號對面人行道上,120.370230227709,22.6420300430902
2163,鳳山分隊,地上,鳳山區,北賢街與文龍東路口（北賢街上）,120.37014439702,22.6409083339285
2164,鳳山分隊,地上,鳳山區,北賢街與北昌二街約10公尺處（公園旁）,120.370550751686,22.6454746386293
2165,鳳山分隊,地上,鳳山區,北賢街與永義街口,120.369979441166,22.6481443573459
2166,鳳山分隊,地上,鳳山區,北賢街轉彎處(資源回收場),120.369992971724,22.6393351200532
2167,鳳山分隊,地上,鳳山區,市議會後方青年停車場右側對面,120.347741246223,22.6224252711332
2168,鳳山分隊,地上,鳳山區,市議會後方青年停車場左側對面,120.348484218121,22.621962288434
2169,鳳山分隊,地上,鳳山區,市議會旁道路公園邊,120.346338786185,22.622140549337
2170,鳳山分隊,地上,鳳山區,平等路與光華路口（羽球館前）,120.352053232491,22.62213652609
2171,鳳山分隊,地上,鳳山區,永忠街 H PARK前,120.369731336832,22.6462531572364
2172,鳳山分隊,地上,鳳山區,永誠街137號前,120.367675423622,22.6453056908448
2173,鳳山分隊,地上,鳳山區,永誠街71號前,120.369136556983,22.6451936777303
2174,鳳山分隊,地上,鳳山區,永誠與永福街口,120.369679033756,22.6451515954316
2175,鳳山分隊,地上,鳳山區,永福街79號右側,120.369117110968,22.6475317004766
2176,鳳山分隊,地上,鳳山區,光明路天公廟大門口前,120.35987790674,22.6250502545255
2177,鳳山分隊,地上,鳳山區,光復路116號前,120.359135291419,22.6290323161429
2178,鳳山分隊,地上,鳳山區,光復路2段與家樂福賣場後面（約20公尺）,120.34780756985,22.6292889899926
2179,鳳山分隊,地上,鳳山區,光復路一段128之1號前,120.3503748402,22.6292126165932
2180,鳳山分隊,地上,鳳山區,光復路二段忠孝派出所旁,120.341837704182,22.629501965702
2181,鳳山分隊,地上,鳳山區,光復路自來水服務所門口,120.362133979797,22.6287335645372
2182,鳳山分隊,地上,鳳山區,光復路與五權路口,120.35424426198,22.6290851171135
2183,鳳山分隊,地上,鳳山區,光華東路182號前,120.360049430799,22.6146547450598
2184,鳳山分隊,地上,鳳山區,光華南路13號右側,120.362002551556,22.616462083257
2185,鳳山分隊,地上,鳳山區,光華南路與光華東路交叉口,120.359975472093,22.6164385617632
2186,鳳山分隊,地上,鳳山區,光遠路301-2號前,120.357592801835,22.6260901675904
2187,鳳山分隊,地上,鳳山區,安寧街與光華路口,120.354600995779,22.6203740231025
2188,鳳山分隊,地上,鳳山區,安寧街靈善堂前,120.356460101902,22.6222408209933
2189,鳳山分隊,地上,鳳山區,自由路110號前,120.351818203926,22.6258115584182
2190,鳳山分隊,地上,鳳山區,自由路417-5號(慈濟功德會旁),120.344913527369,22.6249704102145
2191,鳳山分隊,地上,鳳山區,自由路上鳳西捷運站1號出口旁,120.347727835178,22.6252777177156
2192,鳳山分隊,地上,鳳山區,自由路與中安街口,120.349953062832,22.6256187570587
2193,鳳山分隊,地上,鳳山區,自由路與澄清路口,120.344427376986,22.6249892881372
2194,鳳山分隊,地上,鳳山區,協和路8-2號對面,120.359599627554,22.6303071885716
2195,鳳山分隊,地上,鳳山區,和德街至善大樓前,120.360241681337,22.6200735133151
2196,鳳山分隊,地上,鳳山區,和德街至善大樓旁公園前,120.360542088747,22.6190636594446
2197,鳳山分隊,地上,鳳山區,和德街底,120.358919161658,22.6183901725608
2198,鳳山分隊,地上,鳳山區,明德管訓班工協市場前,120.373621552963,22.6299911348699
2199,鳳山分隊,地上,鳳山區,東福街14巷62號,120.374928260965,22.6230288670076
2200,鳳山分隊,地上,鳳山區,青年夜市停車場旁,120.366509668529,22.6301376032095
2201,鳳山分隊,地上,鳳山區,青年停車場北側道路與議會路口,120.347620882094,22.6238315405746
2202,鳳山分隊,地上,鳳山區,青年停車場東側道路旁,120.348829217255,22.6229909992135
2203,鳳山分隊,地上,鳳山區,青年路2段171號旁,120.350160598755,22.6347704886636
2204,鳳山分隊,地上,鳳山區,青年路2段197號（鳳翔大樓斜對面）,120.350265204906,22.6351675151318
2205,鳳山分隊,地上,鳳山區,青年路2段243號（保羅飯店旁）,120.350617580116,22.6374168975207
2206,鳳山分隊,地上,鳳山區,青年路2段334號前,120.351120628864,22.640732811361
2207,鳳山分隊,地上,鳳山區,青年路2段376號前,120.351460129023,22.6425474186843
2208,鳳山分隊,地上,鳳山區,青年路2段498號前,120.350387078857,22.6449149733141
2209,鳳山分隊,地上,鳳山區,青年路2段544號前,120.349349714698,22.6457914587249
2210,鳳山分隊,地上,鳳山區,青年路2段602號前,120.348357483745,22.6465607265669
2211,鳳山分隊,地上,鳳山區,青年路2段652號前,120.347633259507,22.6471386073198
2212,鳳山分隊,地上,鳳山區,青年路一段（台電公司對面）,120.349444784224,22.6212204606316
2213,鳳山分隊,地上,鳳山區,青年路一段252巷對面,120.34936465323,22.6231302645217
2214,鳳山分隊,地上,鳳山區,青年路一段262巷斜對面,120.349287204444,22.6239392384336
2215,鳳山分隊,地上,鳳山區,青年路一段280巷對面,120.349294245243,22.6246968347815
2216,鳳山分隊,地上,鳳山區,青年路一段294號前,120.349251665175,22.6257505923675
2217,鳳山分隊,地上,鳳山區,青年路一段325號前,120.349234566092,22.6261491922504
2218,鳳山分隊,地上,鳳山區,青年路一段348號前,120.349223166704,22.6266010199126
2219,鳳山分隊,地上,鳳山區,青年路一段381號前,120.34915946424,22.6276987073683
2220,鳳山分隊,地上,鳳山區,青年路一段與光華路口旁行人道,120.349398851395,22.6220378017614
2221,鳳山分隊,地上,鳳山區,青年路一段與自由路口（鳳山西站二號出口旁）,120.349227190018,22.6253207345215
2222,鳳山分隊,地上,鳳山區,青年路二段1號前,120.349135659635,22.6277364624618
2223,鳳山分隊,地上,鳳山區,青年路二段青年公園旁,120.349307656288,22.6294589502046
2224,鳳山分隊,地上,鳳山區,青年路二段青年國中前,120.349529072825,22.6306895525533
2225,鳳山分隊,地上,鳳山區,信義街與華明街口,120.355125367641,22.6272889710969
2226,鳳山分隊,地上,鳳山區,建國路一段197號前,120.373006984591,22.6352516858335
2227,鳳山分隊,地上,鳳山區,建國路一段289巷口附近,120.37164375186,22.6345031217908
2228,鳳山分隊,地上,鳳山區,建國路一段325巷口,120.370660625708,22.634086410446
2229,鳳山分隊,地上,鳳山區,建國路一段53巷2弄84號前,120.374528777944,22.6351077347509
2230,鳳山分隊,地上,鳳山區,建國路一段53巷2弄94號前,120.373499789601,22.6350844923999
2231,鳳山分隊,地上,鳳山區,建國路一段93巷口,120.375725068152,22.6356963662215
2232,鳳山分隊,地上,鳳山區,建國路二段178號前,120.359366606397,22.6360651377252
2233,鳳山分隊,地上,鳳山區,建國路二段與文英路口,120.359344147146,22.6359173133531
2234,鳳山分隊,地上,鳳山區,建國路三段246號前,120.351443356398,22.6374612755997
2235,鳳山分隊,地上,鳳山區,建國路三段365巷,120.349306548504,22.6376145175168
2236,鳳山分隊,地上,鳳山區,建國路三段459號前,120.346901714802,22.6375329273929
2237,鳳山分隊,地上,鳳山區,建國路三段483巷口,120.346348723199,22.637334931302
2238,鳳山分隊,地上,鳳山區,建國路三段悅讀水世紀,120.344738177955,22.6363466879557
2239,鳳山分隊,地上,鳳山區,建國路三段與文德路口,120.352589061044,22.6372498736673
2240,鳳山分隊,地上,鳳山區,海光四村660號對面,120.374291427433,22.6328237117246
2241,鳳山分隊,地上,鳳山區,海光社區活動中心對面,120.374118040799,22.6326636012306
2242,鳳山分隊,地上,鳳山區,國光路91巷2弄1號前,120.350176638502,22.6192292020744
2243,鳳山分隊,地上,鳳山區,國光與國昌路口,120.352784339495,22.6187555930118
2244,鳳山分隊,地上,鳳山區,國泰路一段122號前,120.359822921455,22.6145846840031
2245,鳳山分隊,地上,鳳山區,國泰路北側廟後方,120.35488832742,22.6152466976442
2246,鳳山分隊,地上,鳳山區,國泰路往澄清路約100公尺處,120.345268249512,22.621933816185
2247,鳳山分隊,地上,鳳山區,國泰路與五甲路北側,120.353921726346,22.6160077463221
2248,鳳山分隊,地上,鳳山區,國泰路與南京路口,120.345790609717,22.6213259941593
2249,鳳山分隊,地上,鳳山區,國泰路橋北側旁,120.356171093881,22.6146032538541
2250,鳳山分隊,地上,鳳山區,國泰路龍鳳餐廳前,120.358920358121,22.6145302124256
2251,鳳山分隊,地上,鳳山區,埤北路95-3號,120.380446349074,22.6322687600603
2252,鳳山分隊,地上,鳳山區,埤北路與建國路（埤北路上）,120.37824600935,22.6359100553414
2253,鳳山分隊,地上,鳳山區,埤北路與埤頂街118巷口,120.381085462868,22.6312098866948
2254,鳳山分隊,地上,鳳山區,曹公路113號前,120.357426032424,22.6305826096079
2255,鳳山分隊,地上,鳳山區,曹公路曹公祠前,120.357259735465,22.6276993263044
2256,鳳山分隊,地上,鳳山區,曹公路稅捐處前（花圃樹叢裡）,120.35711389035,22.6287245900319
2257,鳳山分隊,地上,鳳山區,曹公路與鳳明街口,120.357345230877,22.6271274282132
2258,鳳山分隊,地上,鳳山區,莒光三村13號前,120.374400195107,22.6345385124282
2259,鳳山分隊,地上,鳳山區,莒光三村26號前,120.374305329448,22.6342134667556
2260,鳳山分隊,地上,鳳山區,勝利路軍教福利社旁,120.373825058341,22.6278766513656
2261,鳳山分隊,地上,鳳山區,博愛路107號前,120.372941270471,22.6271970587898
2262,鳳山分隊,地上,鳳山區,博愛路143巷1號前,120.37205733497,22.6276504302166
2263,鳳山分隊,地上,鳳山區,博愛路175號前,120.371067076921,22.6284253363626
2264,鳳山分隊,地上,鳳山區,博愛路180巷口,120.371075123549,22.6285961617014
2265,鳳山分隊,地上,鳳山區,博愛路267號前左側,120.369535078539,22.6297509772156
2266,鳳山分隊,地上,鳳山區,博愛路375號前,120.367411810433,22.6311698760845
2267,鳳山分隊,地上,鳳山區,博愛路497號前,120.364069472387,22.6307419251364
2268,鳳山分隊,地上,鳳山區,博愛路571號前,120.361857399388,22.6305571223614
2269,鳳山分隊,地上,鳳山區,博愛路607號前,120.360782146454,22.6307320794449
2270,鳳山分隊,地上,鳳山區,博愛路與勝利路口,120.373816341162,22.6267795842711
2271,鳳山分隊,地上,鳳山區,黃埔二村（國泰路）,120.360356345773,22.6146097533014
2272,鳳山分隊,地上,鳳山區,黃埔二村東4巷99-3號（國泰路）,120.361583456397,22.6146552494237
2273,鳳山分隊,地上,鳳山區,黃埔三村3-11巷前,120.365598388006,22.6157332687843
2274,鳳山分隊,地上,鳳山區,黃埔新村西二巷巷口,120.364175140858,22.6191243189732
2275,鳳山分隊,地上,鳳山區,黃埔路與鎮東街口(鎮東里花圃內),120.365156158805,22.6217091327961
2276,鳳山分隊,地上,鳳山區,新生街185號對面,120.355470366776,22.6269207025601
2277,鳳山分隊,地上,鳳山區,瑞光街29號前,120.370351668797,22.6320117885152
2278,鳳山分隊,地上,鳳山區,瑞光街與瑞大街口,120.370247651939,22.6316281847389
2279,鳳山分隊,地上,鳳山區,瑞竹路22號前,120.366148589532,22.6247615490789
2280,鳳山分隊,地上,鳳山區,瑞竹路與光遠路口,120.36578848958,22.6241515391384
2281,鳳山分隊,地上,鳳山區,瑞竹路與瑞順街口,120.36931425333,22.6278881016671
2282,鳳山分隊,地上,鳳山區,瑞興國小左前,120.368701465655,22.6304325578408
2283,鳳山分隊,地上,鳳山區,瑞興路喚善堂前,120.366246,22.627092
2284,鳳山分隊,地上,鳳山區,經武路一號前,120.361947349703,22.6255503525172
2285,鳳山分隊,地上,鳳山區,經武路八十五號前（華僑銀行）,120.362461544573,22.6282467741421
2286,鳳山分隊,地上,鳳山區,經武路與力行路口,120.364578478038,22.6393011021336
2287,鳳山分隊,地上,鳳山區,經武路與文雅東街口,120.363616906106,22.6340049020403
2288,鳳山分隊,地上,鳳山區,經武路與民興路口,120.363298084725,22.6324189683251
2289,鳳山分隊,地上,鳳山區,經武路與鳳明街口,120.362096764147,22.6263228056579
2290,鳳山分隊,地上,鳳山區,經武路鳳山消防分隊前,120.362428687513,22.6279561845212
2291,鳳山分隊,地上,鳳山區,誠智街、誠群街路口,120.37813000381,22.6239219077494
2292,鳳山分隊,地上,鳳山區,誠群街52號前,120.377800762653,22.6242084827119
2293,鳳山分隊,地上,鳳山區,誠體街近中山東路192巷,120.380116850138,22.6232354871055
2294,鳳山分隊,地上,鳳山區,維武路與中山東路口,120.365260764956,22.6206262527467
2295,鳳山分隊,地上,鳳山區,維武路與黃埔新村東3巷口,120.365250371397,22.6187758358066
2296,鳳山分隊,地上,鳳山區,維武路與黃埔新村東六巷127-2號前,120.365408621728,22.6173039024938
2297,鳳山分隊,地上,鳳山區,鳳山區文化西路70巷12弄11號,120.348489247262,22.6356437597093
2298,鳳山分隊,地上,鳳山區,鳳仁路100之86號旁,120.374288409948,22.6389037781672
2299,鳳山分隊,地上,鳳山區,鳳仁路110巷1號前,120.375518202782,22.6399469058482
2300,鳳山分隊,地上,鳳山區,鳳仁路110巷31號前（重劃區角落）,120.374675653875,22.6420226166321
2301,鳳山分隊,地上,鳳山區,鳳仁路110巷51之1號前,120.373586341739,22.6438915959277
2302,鳳山分隊,地上,鳳山區,鳳仁路110巷61之1號前,120.37325207144,22.6445163368122
2303,鳳山分隊,地上,鳳山區,鳳仁路142號（八方雲集前）,120.36868494004,22.6353293580161
2304,鳳山分隊,地上,鳳山區,鳳仁路232號對面,120.37389613688,22.6381097456764
2305,鳳山分隊,地上,鳳山區,鳳仁路248巷口,120.375250987709,22.6388158963871
2306,鳳山分隊,地上,鳳山區,鳳仁路46巷口,120.36637455225,22.634115686464
2307,鳳山分隊,地上,鳳山區,鳳仁路56號斜對面,120.367424301803,22.6346909594514
2308,鳳山分隊,地上,鳳山區,鳳仁路93之6號對面電線桿旁,120.372896979745,22.6395612219614
2309,鳳山分隊,地上,鳳山區,鳳仁路94-3號（申豐化學）旁,120.370887368917,22.6365405432634
2310,鳳山分隊,地上,鳳山區,鳳仁路98號前,120.37325643003,22.6377739978997
2311,鳳山分隊,地上,鳳山區,鳳仁路高旗高工前,120.369241833687,22.6356443786095
2312,鳳山分隊,地上,鳳山區,鳳仁路與力行路口,120.370574781318,22.6363589742404
2313,鳳山分隊,地上,鳳山區,鳳北路與北榮街口（鳳北路81號旁）,120.367274433374,22.6419406161303
2314,鳳山分隊,地上,鳳山區,鳳東七街、中山東路380巷交叉口,120.38307197392,22.6253275429356
2315,鳳山分隊,地上,鳳山區,鳳東七街180號,120.382268957412,22.6250228010883
2316,鳳山分隊,地上,鳳山區,鳳東七街2號旁,120.387044996023,22.627149091063
2317,鳳山分隊,地上,鳳山區,鳳東二街、七街交叉口,120.383875966072,22.6256722958261
2318,鳳山分隊,地上,鳳山區,鳳東二街86號前,120.383068621159,22.6274074976514
2319,鳳山分隊,地上,鳳山區,鳳東五街72巷,120.384137146175,22.6280119195934
2320,鳳山分隊,地上,鳳山區,鳳東六街59號前,120.384591445327,22.6264694948902
2321,鳳山分隊,地上,鳳山區,鳳東六街79號前,120.383925922215,22.6280196253322
2322,鳳山分隊,地上,鳳山區,鳳東六街近環河街,120.385142304003,22.6252566735179
2323,鳳山分隊,地上,鳳山區,鳳東路107號前,120.378933995962,22.6263652031948
2324,鳳山分隊,地上,鳳山區,鳳東路160號對面,120.378377798777,22.6261221541571
2325,鳳山分隊,地上,鳳山區,鳳東路與中山東路380巷口,120.381882414222,22.627644859922
2326,鳳山分隊,地上,鳳山區,鳳林路37-3號對面圍牆邊(地上式),120.371410064399,22.6222395830721
2327,鳳山分隊,地上,鳳山區,鳳林路91-2號與東門街口,120.37404499948,22.6224376503284
2328,鳳山分隊,地上,鳳山區,鳳松路159號前,120.364122715709,22.6423497903441
2329,鳳山分隊,地上,鳳山區,鳳松路182號前,120.362670879168,22.6375428995357
2330,鳳山分隊,地上,鳳山區,鳳松路302號前,120.363228842922,22.6393476119964
2331,鳳山分隊,地上,鳳山區,鳳松路37巷口,120.361441299319,22.6337195853201
2332,鳳山分隊,地上,鳳山區,鳳松路57號前,120.36167062819,22.6343979078324
2333,鳳山分隊,地上,鳳山區,鳳松路64號前,120.360984877893,22.6320673296595
2334,鳳山分隊,地上,鳳山區,鳳松路74號前,120.361226722598,22.632935116013
2335,鳳山分隊,地上,鳳山區,鳳松路77巷口,120.361222028732,22.6363192876854
2336,鳳山分隊,地上,鳳山區,鳳松路口市場內,120.362037420273,22.6354389035696
2337,鳳山分隊,地上,鳳山區,鳳松路與和平路口,120.360776782036,22.6314382680707
2338,鳳山分隊,地上,鳳山區,鳳松路與建國路二段口,120.362077653408,22.6355057448814
2339,鳳山分隊,地上,鳳山區,鳳松路與經武路口,120.363935418427,22.6417116333378
2340,鳳山分隊,地上,鳳山區,鳳捷路、鳳東七街口,120.385917127132,22.626605043029
2341,鳳山分隊,地上,鳳山區,鳳捷路56號旁電線桿,120.385512234266,22.6273308948582
2342,鳳山分隊,地上,鳳山區,鳳捷路近中山東路400巷30弄,120.383492074907,22.6284454516762
2343,鳳山分隊,地上,鳳山區,鳳捷路近鳳東五街,120.385285802186,22.6272255299488
2344,鳳山分隊,地上,鳳山區,鳳捷路近環河街口,120.386546440423,22.6258644781663
2345,鳳山分隊,地上,鳳山區,鳳捷與鳳東三街,120.384731225288,22.6279469592972
2346,鳳山分隊,地上,鳳山區,鳳誠路13號前,120.368777811527,22.6439163504497
2347,鳳山分隊,地上,鳳山區,鳳學路中間,120.380156075954,22.6241780684617
2348,鳳山分隊,地上,鳳山區,鳳學與中山東路192巷口,120.379335686926,22.623822401727
2349,鳳山分隊,地上,鳳山區,環河東街（立德路旁）1,120.385830625892,22.62942986058
2350,鳳山分隊,地上,鳳山區,環河東街（立德路旁）2,120.385442039371,22.6292527613794
2351,鳳山分隊,地上,鳳山區,環河東街、鳳東五街口,120.386698320508,22.6278370395044
2352,鳳山分隊,地上,鳳山區,環河東街立德路旁3,120.384442008785,22.6288359777085
2353,鳳山分隊,地上,鳳山區,環河東街近鳳東七街,120.387235097587,22.62699930786
2354,鳳山分隊,地上,鳳山區,環河東街與鳳東三街路口,120.38625843823,22.6286029699533
2355,鳳山分隊,地上,鳳山區,環河街、中山東路380巷交叉口,120.383360646665,22.6246429861593
2356,鳳山分隊,地上,鳳山區,環河街公園旁,120.386028438807,22.625673843189
2357,鳳山分隊,地上,鳳山區,環河街近中山東路290巷,120.381637325883,22.6241669273269
2358,鳳山分隊,地上,鳳山區,環河街近鳳東二街,120.384427160025,22.6248611657913
2359,鳳山分隊,地上,鳳山區,環河街與中山東路192巷,120.38047084138,22.6230002866696
2360,鳳山分隊,地上,鳳山區,鎮北北巷20-17號與北賢街路口（天立橡膠）,120.370496436954,22.6447629524167
2361,鳳山分隊,地上,鳳山區,鎮北北巷20-2號前,120.371116697788,22.6415946663047
2362,鳳山分隊,地上,鳳山區,鎮北北巷20之10號與北賢街北側50公尺處,120.370398536325,22.6437740118872
2363,鳳山分隊,地上,鳳山區,鎮北北巷20之10號與北賢街路口,120.370336174965,22.6430115697718
2364,鳳山分隊,地上,鳳山區,鎮北北巷21-16號前,120.372102744877,22.6441666803027
2365,鳳山分隊,地上,鳳山區,鎮北北巷22-8號建發輪胎旁,120.372986026545,22.642590748278
2366,鳳山分隊,地上,鳳山區,議會路往議會方向250公尺,120.347061641514,22.6231246939121
2367,鳳山分隊,地上,鳳山區,議會路往議會方向50公尺,120.347749963403,22.6241991984352
2368,鳳山分隊,地上,鳳山區,議會路靠議會北路告示牌前,120.347603993561,22.6238034936404
2369,林園分隊,地上,林園區,一心街22巷口,120.379752069712,22.5021100997925
2370,林園分隊,地上,林園區,力行路5-1號,120.399566888809,22.4863937298044
2371,林園分隊,地上,林園區,力行路5-5號,120.399679541588,22.4870926034776
2372,林園分隊,地上,林園區,大安一街20號右側（中門里大安社區）,120.365818664432,22.5093927506428
2373,林園分隊,地上,林園區,大安五街15號左側（中門里大安社區）,120.366002854002,22.5101986107243
2374,林園分隊,地上,林園區,大和街41號右側（中門里大安社區）,120.367763688326,22.5098120351159
2375,林園分隊,地上,林園區,"大排水溝北面,東聯白線15號與16號間",120.409058,22.496621
2376,林園分隊,地上,林園區,大排水溝北面水溝高幹18號旁,120.408420860767,22.5067983967179
2377,林園分隊,地上,林園區,大排水溝北面水溝高幹21號旁,120.408600568771,22.5060252847017
2378,林園分隊,地上,林園區,大排水溝北面水溝高幹23號旁,120.40876686573,22.5053562419681
2379,林園分隊,地上,林園區,大排水溝北面水溝高幹25-26號旁,120.409244298935,22.5038744246866
2380,林園分隊,地上,林園區,大排水溝北面水溝高幹28號旁,120.413943529129,22.5037059227194
2381,林園分隊,地上,林園區,大排水溝北面水溝高幹30號旁,120.409836,22.501638
2382,林園分隊,地上,林園區,大排水溝北面水溝高幹33號旁,120.40977537632,22.5023901135325
2383,林園分隊,地上,林園區,大排水溝北面水溝高幹35號旁,120.409712344408,22.4998439500388
2384,林園分隊,地上,林園區,大排水溝北面水溝高幹38號與39號旁,120.409519895911,22.498394288571
2385,林園分隊,地上,林園區,大排水溝北面水溝高幹50號與53號之間旁,120.410747006536,22.4885807961196
2386,林園分隊,地上,林園區,大排水溝北面電大塔００３號旁,120.406905412674,22.5126659777803
2387,林園分隊,地上,林園區,大排水溝北面電大塔003號與004號旁,120.407055616379,22.5109215878004
2388,林園分隊,地上,林園區,大排水溝北面電大塔004號旁,120.407715439796,22.5092973526261
2389,林園分隊,地上,林園區,大排水溝北面電大塔005號旁,120.40819555521,22.508423900192
2390,林園分隊,地上,林園區,大排水溝南面台石線２０號旁,120.410695,22.502265
2391,林園分隊,地上,林園區,大排水溝南面台石線２１號旁,120.410725,22.501635
2392,林園分隊,地上,林園區,大排水溝南面台石線２３號與２４號旁,120.410595,22.499941
2393,林園分隊,地上,林園區,大排水溝南面台石線２４號與２５號旁,120.410425,22.499155
2394,林園分隊,地上,林園區,大排水溝南面東聯紅線１４號旁,120.410076,22.497446
2395,林園分隊,地上,林園區,大排水溝南面東聯紅線１７號與１８號旁,120.409865,22.49641
2396,林園分隊,地上,林園區,大排水溝南面東聯紅線２０號旁,120.40971,22.495696
2397,林園分隊,地上,林園區,大排水溝南面東聯紅線２２號與２３號旁,120.40970759259,22.4955474343536
2398,林園分隊,地上,林園區,大排水溝南面昭明台石34號與33號,120.410093,22.504506
2399,林園分隊,地上,林園區,大排水溝南面昭明台石線22號旁,120.407669719661,22.5128723730469
2400,林園分隊,地上,林園區,大排水溝南面昭明台石線23號旁,120.40774830423,22.5126580991437
2401,林園分隊,地上,林園區,大排水溝南面昭明台石線24號旁,120.408176980322,22.5112975351678
2402,林園分隊,地上,林園區,大排水溝南面昭明台石線26號旁,120.408368280916,22.5106914945865
2403,林園分隊,地上,林園區,大排水溝南面昭明台石線27號旁,120.409215519591,22.5075699501313
2404,林園分隊,地上,林園區,大排水溝南面昭明台石線27號與28號旁,120.409335011657,22.5073183960612
2405,林園分隊,地上,林園區,大排水溝南面昭明台石線32號與31號旁,120.409420359455,22.5069276278159
2406,林園分隊,地上,林園區,大排水溝南面昭明台石線35號與34號旁,120.410436,22.503525
2407,林園分隊,地上,林園區,工業一路2號對面,120.408323,22.503154
2408,林園分隊,地上,林園區,工業一路林工高幹１１－１號對面,120.405001122685,22.5090931858444
2409,林園分隊,地上,林園區,工業一路林工高幹１４號對面(台苯大門旁),120.405230402447,22.5080554778938
2410,林園分隊,地上,林園區,工業一路林工高幹１８號對面,120.405736,22.506598
2411,林園分隊,地上,林園區,工業一路林工高幹２０號對面(台達大門旁),120.405747562583,22.5057892814748
2412,林園分隊,地上,林園區,工業一路林工高幹２５號對面,120.408072,22.504078
2413,林園分隊,地上,林園區,工業一路林工高幹３０號對面,120.406623,22.502085
2414,林園分隊,地上,林園區,工業一路林工高幹３３號對面,120.40688,22.501076
2415,林園分隊,地上,林園區,工業一路林工高幹３５－１號對面,120.406798,22.500208
2416,林園分隊,地上,林園區,工業二路林石高幹１１號對面,120.413128,22.509434
2417,林園分隊,地上,林園區,工業二路林石高幹１６號對面,120.412573,22.507061
2418,林園分隊,地上,林園區,工業二路林石高幹１９號對面,120.41315,22.506013
2419,林園分隊,地上,林園區,工業二路林石高幹1號(電線桿),120.412351,22.512461
2420,林園分隊,地上,林園區,工業二路林石高幹２２號對面,120.413351,22.504998
2421,林園分隊,地上,林園區,工業二路林石高幹２５號對面,120.41358,22.503936
2422,林園分隊,地上,林園區,工業二路林石高幹28-29號對面,120.413913,22.502903
2423,林園分隊,地上,林園區,工業二路林石高幹31號對面,120.41414,22.501958
2424,林園分隊,地上,林園區,工業二路林石高幹33號對面,120.414376,22.5009141
2425,林園分隊,地上,林園區,工業二路林石高幹41號對面,120.414848,22.498785
2426,林園分隊,地上,林園區,工業二路林石高幹4與5號(電線桿),120.412446,22.511313
2427,林園分隊,地上,林園區,工業二路林石高幹8號(電線桿),120.412561,22.51012
2428,林園分隊,地上,林園區,工業二路林西幹38號旁,120.414655,22.49968
2429,林園分隊,地上,林園區,工業三路(中美和)停車場出口左側30m,120.416365,22.485896
2430,林園分隊,地上,林園區,工業三路合成高分59與60號對面(中美紅線30號),120.416128,22.488008
2431,林園分隊,地上,林園區,工業三路合成高分62號對面(中美紅線29號),120.416065,22.489686
2432,林園分隊,地上,林園區,工業三路合成高分65號對面(中美紅線27與28號),120.415955,22.491006
2433,林園分隊,地上,林園區,工業三路合成高分67與68號對面(中美紅線26號),120.415846,22.491901
2434,林園分隊,地上,林園區,工業三路合成高分71號對面(中美紅線25號),120.415705,22.493008
2435,林園分隊,地上,林園區,工業三路合成高分75與76號對面(中美紅線22與23號),120.415498,22.494851
2436,林園分隊,地上,林園區,工業三路合成高分79與80號對面(中美紅線20與21號),120.415345,22.49625
2437,林園分隊,地上,林園區,中芸三路245號前,120.397608876228,22.4911866436105
2438,林園分隊,地上,林園區,中芸三路中芸幹25號,120.39727628231,22.4909586494026
2439,林園分隊,地上,林園區,中門路3巷口,120.373870655894,22.5047330381397
2440,林園分隊,地上,林園區,中門路與海漧路路口,120.36892130971,22.5067785733869
2441,林園分隊,地上,林園區,中美和右側20M(路?0148),120.416167214035,22.4877580682933
2442,林園分隊,地上,林園區,中厝村三元殿前,120.397952869534,22.5303489838357
2443,林園分隊,地上,林園區,中厝路209號對面,120.399430096149,22.531543130767
2444,林園分隊,地上,林園區,五福路230號旁,120.400947460731,22.5038599880683
2445,林園分隊,地上,林園區,五福路34巷口,120.403704323331,22.5010572486109
2446,林園分隊,地上,林園區,五福路五福橋旁,120.400273454614,22.5040375611211
2447,林園分隊,地上,林園區,仁愛路150巷口,120.392269939184,22.5079630124284
2448,林園分隊,地上,林園區,仁愛路366巷10弄1號,120.399656,22.49126
2449,林園分隊,地上,林園區,文化街與福興街口附近,120.393881946802,22.5067872460946
2450,林園分隊,地上,林園區,文聖街153號旁,120.389862,22.506075
2451,林園分隊,地上,林園區,文賢南路300號,120.393941,22.495784
2452,林園分隊,地上,林園區,文賢南路與沿海路三段路口,120.393237546086,22.5002793039467
2453,林園分隊,地上,林園區,王公二路與東林西路口,120.388424322009,22.5035200747234
2454,林園分隊,地上,林園區,王公路177號前,120.3912011374,22.5103897814975
2455,林園分隊,地上,林園區,王公路223號前,120.390906297536,22.5099275125274
2456,林園分隊,地上,林園區,王公路27號,120.393926144844,22.5131104334095
2457,林園分隊,地上,林園區,王公路417號前,120.386880463789,22.5066123801361
2458,林園分隊,地上,林園區,王公路64號對面,120.392194111028,22.5122439283747
2459,林園分隊,地上,林園區,王公路與王公一路路口,120.388584533729,22.5079558685533
2460,林園分隊,地上,林園區,北汕公園(250號旁),120.409745679151,22.4843465006642
2461,林園分隊,地上,林園區,北汕路116號前,120.410088,22.480301
2462,林園分隊,地上,林園區,北汕路168號前,120.40991,22.481933
2463,林園分隊,地上,林園區,北汕路58號前,120.410288,22.478801
2464,林園分隊,地上,林園區,占岸路1號前,120.399406,22.483911
2465,林園分隊,地上,林園區,石化一路台苯側門旁,120.407032817602,22.5070598166301
2466,林園分隊,地上,林園區,石化一路台塑大門右側50公尺處,120.41225,22.50784
2467,林園分隊,地上,林園區,石化一路台塑大門左側50公尺處,120.411196,22.507655
2468,林園分隊,地上,林園區,石化一路石化一橋東面50公處,120.410085,22.507506
2469,林園分隊,地上,林園區,石化一路石化一橋旁(電大塔6號),120.408537,22.5671
2470,林園分隊,地上,林園區,石化二路中油林園廠右側５０公尺處,120.407150030005,22.4987453308472
2471,林園分隊,地上,林園區,石化二路至石化二橋前(12號電大塔),120.409475,22.498351
2472,林園分隊,地上,林園區,石化三路(中美和)大門左側 路燈0311旁,120.414696,22.487755
2473,林園分隊,地上,林園區,石化三路11號(李長榮大門右側50m，電桿合成25旁),120.405256,22.487825
2474,林園分隊,地上,林園區,石化三路1號(台灣拜耳)大門右側,120.41364,22.487755
2475,林園分隊,地上,林園區,石化三路1號(台灣拜耳)大門左側,120.412565,22.487758
2476,林園分隊,地上,林園區,石化三路9號(合益化工大門),120.40622,22.487816
2477,林園分隊,地上,林園區,石化三路合成高分(電線桿)33號前,120.40792,22.487788
2478,林園分隊,地上,林園區,石化三路合成高分(電線桿)39號前,120.409683,22.487788
2479,林園分隊,地上,林園區,石化三路合益化工右側50M處(電桿合成29旁),120.406575,22.48783
2480,林園分隊,地上,林園區,石化三路路?0165號旁,120.401405391584,22.4879132150105
2481,林園分隊,地上,林園區,石化三路路?0166號旁,120.405027714858,22.4878060304624
2482,林園分隊,地上,林園區,石化三路路?0168號旁,120.406512317548,22.4878221391281
2483,林園分隊,地上,林園區,石化三路路?0172號旁,120.406175700317,22.4878221391281
2484,林園分隊,地上,林園區,石化三橋往台拜方向路?0318旁,120.411509222804,22.4878054649553
2485,林園分隊,地上,林園區,石化四路4號(遠榮公司)大門,120.40911,22.486375
2486,林園分隊,地上,林園區,西汕路5號前,120.410814222687,22.4773260382909
2487,林園分隊,地上,林園區,西汕路93號左側,120.408780362431,22.4773558671532
2488,林園分隊,地上,林園區,西溪路184號對面,120.393336117268,22.4906804711783
2489,林園分隊,地上,林園區,西溪路45號前(中芸國中西溪路側門),120.394372791052,22.4862078585526
2490,林園分隊,地上,林園區,忠孝東路132號前,120.399262,22.508376
2491,林園分隊,地上,林園區,林內路214巷口,120.401378656807,22.5352943585717
2492,林園分隊,地上,林園區,林內路70巷118號,120.399230271578,22.5335802175468
2493,林園分隊,地上,林園區,林家路一段58巷口,120.384509333139,22.5131978356355
2494,林園分隊,地上,林園區,林園北路１８７號前,120.39471745491,22.5080553702973
2495,林園分隊,地上,林園區,林園北路481號（林園中學大門）旁50公尺處,120.395087451555,22.5139210125875
2496,林園分隊,地上,林園區,沿海路北上林石幹線62號旁,120.410785095215,22.4981899041656
2497,林園分隊,地上,林園區,沿海路四段176號前,120.383459553123,22.5028522588634
2498,林園分隊,地上,林園區,沿海路南下中美和白14紅29號旁,120.412108299384,22.4977978911787
2499,林園分隊,地上,林園區,沿海路南下雙園大橋旁(中美白33號),120.414499352761,22.4975667113331
2500,林園分隊,地上,林園區,沿海路南下雙園大橋旁便道100公尺處,120.413342317791,22.4975803788691
2501,林園分隊,地上,林園區,沿海路南下雙園大橋旁便道150公尺處(中美白32),120.413343125339,22.4975529812795
2502,林園分隊,地上,林園區,金潭路92號右前,120.394837483764,22.5268346139308
2503,林園分隊,地上,林園區,前厝路20巷口,120.375678451844,22.5093337611449
2504,林園分隊,地上,林園區,建佑醫院右側巷口,120.386635288596,22.5036427344288
2505,林園分隊,地上,林園區,後厝路與前厝路口,120.374009923925,22.5097405839775
2506,林園分隊,地上,林園區,校前路交叉口（國小校門口旁）,120.378864690807,22.5042079094195
2507,林園分隊,地上,林園區,海墘路46巷12弄28號前,120.364950299263,22.5067983967179
2508,林園分隊,地上,林園區,海漧路66巷20號前,120.367262363434,22.5051561480033
2509,林園分隊,地上,林園區,清水岩路251巷口對面,120.387525111437,22.5228847122099
2510,林園分隊,地上,林園區,清水岩路277號對面,120.386910885572,22.5227050840747
2511,林園分隊,地上,林園區,清水岩路清水寺對面軍營旁,120.390616357327,22.522322908955
2512,林園分隊,地上,林園區,頂嗂溝119巷42號前,120.389255269884,22.5145565858081
2513,林園分隊,地上,林園區,頂嗂溝119巷67之11號前,120.389701857685,22.5144934024783
2514,林園分隊,地上,林園區,堤防路22號前,120.416206,22.484753
2515,林園分隊,地上,林園區,港埔二路115巷33弄口,120.379147902131,22.4958542468076
2516,林園分隊,地上,林園區,港埔二路162巷25號左側,120.376305431128,22.4994127702665
2517,林園分隊,地上,林園區,港埔二路42號旁50公尺,120.381013378501,22.4981910869462
2518,林園分隊,地上,林園區,港埔二路99號對面,120.378337875009,22.4969830223437
2519,林園分隊,地上,林園區,港嘴二路135巷口,120.384503,22.493018
2520,林園分隊,地上,林園區,港嘴三路與沿海路四段口,120.386560186744,22.5000329005212
2521,林園分隊,地上,林園區,椰樹南巷巷口,120.383912175894,22.5036396369628
2522,林園分隊,地上,林園區,溪州一路與溪州二路口,120.405317478793,22.5132010528549
2523,林園分隊,地上,林園區,溪州二路清水寺前,120.403858308904,22.5133599156345
2524,林園分隊,地上,林園區,漁港路41號前,120.398361235857,22.4849476448828
2525,林園分隊,地上,林園區,鳳林路一段131號前,120.396838,22.50552
2526,林園分隊,地上,林園區,鳳林路一段１４８號旁,120.397120052744,22.505371726108
2527,林園分隊,地上,林園區,鳳林路一段169號（7-11商店停車場前）,120.396521,22.506286
2528,林園分隊,地上,林園區,鳳林路一段２號後方,120.397974461325,22.501387847576
2529,林園分隊,地上,林園區,鳳林路二段1000-5號,120.39576,22.514433
2530,林園分隊,地上,林園區,鳳林路二段710號,120.396148,22.510878
2531,林園分隊,地上,林園區,鳳林路二段715號,120.39593,22.512395
2532,林園分隊,地上,林園區,鳳林路二段７７巷前,120.396107055225,22.508963008857
2533,林園分隊,地上,林園區,鳳林路二段795號前,120.396043077316,22.5131556335838
2534,林園分隊,地上,林園區,鳳林路二段與介壽路路口,120.396114885807,22.5196507506266
2535,林園分隊,地上,林園區,鳳林路三段261號旁,120.397189110518,22.5221408024482
2536,林園分隊,地上,林園區,鳳林路三段685巷49弄口附近,120.3995631,22.527504
2537,林園分隊,地上,林園區,鳳林路三段705號前,120.401238985285,22.5268366571025
2538,林園分隊,地上,林園區,鳳林路三段與潭平路路口,120.399948433042,22.5248184872064
2539,林園分隊,地上,林園區,潭平路155號,120.400951,22.524812
2540,林園分隊,地上,林園區,潭平路57巷口,120.398209691048,22.525478144811
2541,林園分隊,地上,林園區,龍潭路130號,120.377263392521,22.5145198342441
2542,林園分隊,地上,林園區,龍潭路51巷181號附近,120.379300117493,22.5114307834571
2543,大寮分隊,地上,大寮區,三隆路鳳林三路口,120.400074,22.599534
2544,大寮分隊,地上,大寮區,大有一街20號同喬公司前,120.42736479364,22.5884797841451
2545,大寮分隊,地上,大寮區,大有一街28號扶星公司前,120.426363571966,22.5884567725389
2546,大寮分隊,地上,大寮區,大有一街32號昇樺公司,120.425510224359,22.5884940957363
2547,大寮分隊,地上,大寮區,大有一街8號東締公司對面,120.4305865,22.5886776
2548,大寮分隊,地上,大寮區,大有一街9號理鉑光電前,120.4296838,22.5886778
2549,大寮分隊,地上,大寮區,大有一街上近華西路,120.423202005249,22.5884389725107
2550,大寮分隊,地上,大寮區,大有一街立竑公司前,120.424189058167,22.5884984073147
2551,大寮分隊,地上,大寮區,大有一街近華中路,120.428244558197,22.5885182189103
2552,大寮分隊,地上,大寮區,大有一街近華東路口,120.432750669342,22.5885380305031
2553,大寮分隊,地上,大寮區,大有二街16號翔美公司,120.4263732,22.5874373
2554,大寮分隊,地上,大寮區,大有二街24號京明公司,120.4247686,22.587423
2555,大寮分隊,地上,大寮區,大有二街30號豐亞二廠旁,120.4235654,22.5874252
2556,大寮分隊,地上,大寮區,大有二街8號南美製藥公司,120.4279779,22.5874516
2557,大寮分隊,地上,大寮區,大有二街近華中路,120.428387365637,22.5874002
2558,大寮分隊,地上,大寮區,大有二街近華西路口,120.423076591788,22.5873407647221
2559,大寮分隊,地上,大寮區,大有三街16號,120.4264098,22.58624
2560,大寮分隊,地上,大寮區,大有三街24號英大公司前,120.4250509,22.5862403
2561,大寮分隊,地上,大寮區,大有三街2號,120.42838010423,22.5862594119205
2562,大寮分隊,地上,大寮區,大有三街32號勤凱公司,120.423692,22.5862405
2563,大寮分隊,地上,大寮區,大有三街8號煜升公司右前,120.4277686,22.5862398
2564,大寮分隊,地上,大寮區,大有三街近華西路,120.423030434918,22.5861006283995
2565,大寮分隊,地上,大寮區,大有四街（華西路50m）,120.429040530689,22.5752191216764
2566,大寮分隊,地上,大寮區,大有四街10號金欣螺絲公司前,120.423916299475,22.5847038635842
2567,大寮分隊,地上,大寮區,大有四街永臻公司對面,120.4233584,22.5847633
2568,大寮分隊,地上,大寮區,大有四街全尚美公司對面,120.424860437048,22.5847038635842
2569,大寮分隊,地上,大寮區,大有四街信肯公司前,120.428057630194,22.5846444271428
2570,大寮分隊,地上,大寮區,大有四街莊鼎鍋爐前(3號對面),120.427285153998,22.5846048028343
2571,大寮分隊,地上,大寮區,大智街94號,120.411532135582,22.5942444461837
2572,大寮分隊,地上,大寮區,大業街12號晉瑜公司前,120.430617853373,22.5807168163637
2573,大寮分隊,地上,大寮區,大業街19號對面(良達公司對面),120.430624186993,22.5833466472857
2574,大寮分隊,地上,大寮區,大業街38號東京窯業左側,120.430609806746,22.5860649076528
2575,大寮分隊,地上,大寮區,大業街38號東京窯業前,120.4306259,22.586207305949
2576,大寮分隊,地上,大寮區,大業街42號鴻洋遊艇右側,120.430604442328,22.5874579281392
2577,大寮分隊,地上,大寮區,大業街46號峻暐公司,120.430609806746,22.5877972038841
2578,大寮分隊,地上,大寮區,大業街4號左前莊宏億軸承,120.429889932275,22.5793989823657
2579,大寮分隊,地上,大寮區,大業街6-1號原塑公司前,120.430443808436,22.580338853878
2580,大寮分隊,地上,大寮區,大業街台灣巴斯夫前,120.430518611639,22.5804022891338
2581,大寮分隊,地上,大寮區,大業街理成功司前,120.429488643378,22.5788766980517
2582,大寮分隊,地上,大寮區,大寮路農會信用合作社前,120.409991563741,22.5927871706433
2583,大寮分隊,地上,大寮區,大寮路與大仁街口,120.415436448041,22.5914672577706
2584,大寮分隊,地上,大寮區,大寮路與光明路口,120.419620694104,22.5910165529165
2585,大寮分隊,地上,大寮區,大寮路與開封街口,120.413419426862,22.5918733861559
2586,大寮分隊,地上,大寮區,仁忠路71號前,120.400154025586,22.5928453709481
2587,大寮分隊,地上,大寮區,仁勇路11號對面,120.398695036214,22.5941014516189
2588,大寮分隊,地上,大寮區,仁德路10-9號（荷蘭町大樓右側10M）,120.399365397423,22.5917745129048
2589,大寮分隊,地上,大寮區,仁德路14號（濃家灣客菜）,120.397502117677,22.5911784045293
2590,大寮分隊,地上,大寮區,仁德路152號,120.396036647233,22.5910564536635
2591,大寮分隊,地上,大寮區,仁德路162號,120.395802624601,22.5909403616503
2592,大寮分隊,地上,大寮區,仁德路與大寮路口,120.407998360527,22.5934971754101
2593,大寮分隊,地上,大寮區,仁德路與內坑路T字路口,120.389798917397,22.5903599310307
2594,大寮分隊,地上,大寮區,仁德路與拷潭路口,120.393144287003,22.5900401338195
2595,大寮分隊,地上,大寮區,仁德路與崇偉路口,120.398626722229,22.5919023905033
2596,大寮分隊,地上,大寮區,內厝路太子盛世大樓管理室前,120.390492604369,22.6076670623999
2597,大寮分隊,地上,大寮區,水源路垃圾處理場前,120.381526350975,22.6059091944538
2598,大寮分隊,地上,大寮區,台八八與鎮潭路口,120.381417855142,22.5889881960507
2599,大寮分隊,地上,大寮區,正隆街103巷口（龍觀豪景大樓）,120.407097861171,22.6050283060935
2600,大寮分隊,地上,大寮區,永芳路44號,120.4060331,22.6099162
2601,大寮分隊,地上,大寮區,田單一街11號前,120.4313671,22.5769506
2602,大寮分隊,地上,大寮區,田單一街近華東路口,120.432933510065,22.5770496662536
2603,大寮分隊,地上,大寮區,田單七街12號前,120.4318342,22.571351
2604,大寮分隊,地上,大寮區,田單七街32號前,120.4292438,22.571359
2605,大寮分隊,地上,大寮區,田單七街近華東路口,120.432510119379,22.5713313232418
2606,大寮分隊,地上,大寮區,田單二街11號前,120.4310619,22.5759634
2607,大寮分隊,地上,大寮區,田單二街13號前,120.430639749668,22.5713374010733
2608,大寮分隊,地上,大寮區,田單二街5號前,120.4323401,22.5759693
2609,大寮分隊,地上,大寮區,田單三街1-1號前,120.432478263974,22.5750295482113
2610,大寮分隊,地上,大寮區,田單三街15號前,120.429854393005,22.5750233564817
2611,大寮分隊,地上,大寮區,田單三街7號前,120.4318949,22.5750125
2612,大寮分隊,地上,大寮區,田單三街近華東路口,120.433117970824,22.5750406933237
2613,大寮分隊,地上,大寮區,田單五街13號前,120.4312429,22.5731185
2614,大寮分隊,地上,大寮區,田單五街23號前,120.4295931,22.5731268
2615,大寮分隊,地上,大寮區,田單五街3號勵螢企業前,120.4328927,22.5731102
2616,大寮分隊,地上,大寮區,田單五街近華東路口,120.432624019604,22.5729925894762
2617,大寮分隊,地上,大寮區,田單六街10號前,120.4321703,22.5722453
2618,大寮分隊,地上,大寮區,田單六街18號前,120.4310009,22.5722385
2619,大寮分隊,地上,大寮區,田單六街26號前,120.4298317,22.5722411
2620,大寮分隊,地上,大寮區,田單六街近華東路口,120.432519956097,22.5721767721174
2621,大寮分隊,地上,大寮區,田單四街12號傑期企業前,120.4315874,22.5741465
2622,大寮分隊,地上,大寮區,田單四街18號前,120.4307042,22.574144
2623,大寮分隊,地上,大寮區,田單四街24號前,120.4298211,22.5741414
2624,大寮分隊,地上,大寮區,田單四街28號前,120.4292332,22.5741432
2625,大寮分隊,地上,大寮區,田單四街2號旁,120.4330593,22.5741507
2626,大寮分隊,地上,大寮區,光明路一段1057號旁10m,120.421642563438,22.5749579158726
2627,大寮分隊,地上,大寮區,光明路一段1135號對面,120.42172,22.579066
2628,大寮分隊,地上,大寮區,光明路一段1177號,120.42108,22.58098
2629,大寮分隊,地上,大寮區,光明路一段117號,120.41390439043,22.5616357594243
2630,大寮分隊,地上,大寮區,光明路一段229-1號對面,120.414998731708,22.5631219108506
2631,大寮分隊,地上,大寮區,光明路一段235-1號,120.416329107379,22.5648458264393
2632,大寮分隊,地上,大寮區,光明路一段402號,120.418410501575,22.5675604544194
2633,大寮分隊,地上,大寮區,光明路一段443號,120.418346128558,22.5677586003541
2634,大寮分隊,地上,大寮區,光明路一段622號,120.419397554492,22.5688483979039
2635,大寮分隊,地上,大寮區,光明路一段678號,120.4200424,22.5699844
2636,大寮分隊,地上,大寮區,光明路一段689號,120.420172712898,22.5705301367626
2637,大寮分隊,地上,大寮區,光明路一段863號對面,120.4200842,22.5703741
2638,大寮分隊,地上,大寮區,光明路一段891號往南,120.420556268787,22.5713251784766
2639,大寮分隊,地上,大寮區,光明路一段935號對面,120.421242914294,22.5729400154428
2640,大寮分隊,地上,大寮區,光明路一段與光華路口,120.421006879901,22.5827153192909
2641,大寮分隊,地上,大寮區,光明路二段147號對面,120.42054,22.585673
2642,大寮分隊,地上,大寮區,光明路二段186-31號旁,120.420225,22.587548
2643,大寮分隊,地上,大寮區,光明路二段215號旁,120.420252940159,22.5869078846819
2644,大寮分隊,地上,大寮區,光明路二段233-1號旁,120.41995,22.58841
2645,大寮分隊,地上,大寮區,光明路二段376號,120.419982037048,22.5901266496498
2646,大寮分隊,地上,大寮區,光明路二段546-1號(通天金香舖)往北50M,120.418651476502,22.596823949959
2647,大寮分隊,地上,大寮區,光明路二段865-16號,120.416398605804,22.6029241952527
2648,大寮分隊,地上,大寮區,光明路二段保生街口,120.418561421951,22.5969631561547
2649,大寮分隊,地上,大寮區,光明路近光華路口隆燕公司旁,120.420701,22.583701
2650,大寮分隊,地上,大寮區,光明路與新厝路口,120.411955693007,22.5611344338543
2651,大寮分隊,地上,大寮區,光華路12-1號威宏貨櫃左側,120.428505767414,22.5827957155285
2652,大寮分隊,地上,大寮區,光華路15號地勇公司左方,120.425504504091,22.5827578481054
2653,大寮分隊,地上,大寮區,光華路16-2號奕承公司前,120.42616,22.58298
2654,大寮分隊,地上,大寮區,光華路18號大榮貨運前,120.424592,22.582912
2655,大寮分隊,地上,大寮區,光華路1號台灣企銀斜對面,120.42896336993,22.5827909204457
2656,大寮分隊,地上,大寮區,光華路21號右前,120.423205911726,22.5827523593185
2657,大寮分隊,地上,大寮區,光華路21號左前,120.423301130146,22.5827529784567
2658,大寮分隊,地上,大寮區,光華路2號右側,120.434076852938,22.5827835580135
2659,大寮分隊,地上,大寮區,光華路2號前,120.434563673874,22.5828838583486
2660,大寮分隊,地上,大寮區,光華路4號前,120.433091998185,22.5827858463873
2661,大寮分隊,地上,大寮區,光華路6號右前（近大業街）,120.430649696104,22.5827851172389
2662,大寮分隊,地上,大寮區,光華路6號左前,120.431441618315,22.5827999765522
2663,大寮分隊,地上,大寮區,光華路9號大東樹脂前,120.427781672833,22.5827524982835
2664,大寮分隊,地上,大寮區,光華路與華五街口,120.415194947469,22.5826279330266
2665,大寮分隊,地上,大寮區,光華路與華六街口,120.416857917058,22.5826353626917
2666,大寮分隊,地上,大寮區,光華路與鳳林二路口,120.407411176907,22.5812187659223
2667,大寮分隊,地上,大寮區,利民街13號正對面,120.4343112,22.5904331
2668,大寮分隊,地上,大寮區,利民街18號前,120.434341058135,22.5874483593332
2669,大寮分隊,地上,大寮區,利民街26號前,120.4343615,22.5880969
2670,大寮分隊,地上,大寮區,利民街32號祥乙公司前,120.4343595,22.5890982
2671,大寮分隊,地上,大寮區,利民街37號對面揚達化工,120.4343575,22.5900994
2672,大寮分隊,地上,大寮區,利民街39號正享紙器公司前,120.4343112,22.5904331
2673,大寮分隊,地上,大寮區,利民街6號前,120.4343669,22.5854269
2674,大寮分隊,地上,大寮區,利民街與裕民街口晏鑫公司前,120.434097965607,22.5849452553722
2675,大寮分隊,地上,大寮區,保福宮旁,120.391690715669,22.5877524465347
2676,大寮分隊,地上,大寮區,保福路207號斜對面,120.391728266595,22.5854864642079
2677,大寮分隊,地上,大寮區,保福路上拷潭路36-3號旁10M,120.391516372083,22.5873859295166
2678,大寮分隊,地上,大寮區,保福路天金堂旁10M,120.392334445833,22.5819450182671
2679,大寮分隊,地上,大寮區,保福路原木廠旁,120.391942843316,22.5848277126252
2680,大寮分隊,地上,大寮區,建民街18號旁,120.4308145,22.5769948
2681,大寮分隊,地上,大寮區,建民街2號前,120.4308145,22.5769948
2682,大寮分隊,地上,大寮區,建民街43號對面,120.431915,22.5789225
2683,大寮分隊,地上,大寮區,建民街近華東路口,120.432993911392,22.5792042532007
2684,大寮分隊,地上,大寮區,建民街與田單一街口,120.4310996,22.5774717
2685,大寮分隊,地上,大寮區,建業路3 號(福瑞公司)對面,120.432123168015,22.5711481647789
2686,大寮分隊,地上,大寮區,建業路5號對面皇華企業,120.432841166376,22.5710972258173
2687,大寮分隊,地上,大寮區,建業路台灣寶理工程塑膠對面,120.423325522446,22.5712373281641
2688,大寮分隊,地上,大寮區,建業路汙水處理廠斜前面,120.42513869574,22.5712373281641
2689,大寮分隊,地上,大寮區,建業路往堤岸路50米,120.433635933899,22.5713363985245
2690,大寮分隊,地上,大寮區,建業路近華中路口,120.42979501059,22.5710788154394
2691,大寮分隊,地上,大寮區,建業路近華西路300米處,120.427026970886,22.571257142242
2692,大寮分隊,地上,大寮區,建業路近華西路口,120.423121674561,22.5712571422419
2693,大寮分隊,地上,大寮區,建業路與堤岸路口,120.433571560883,22.5709599307762
2694,大寮分隊,地上,大寮區,拷潭路60號（法雲寺前）,120.389430166253,22.5864297115603
2695,大寮分隊,地上,大寮區,拷潭路81號,120.3873,22.583728
2696,大寮分隊,地上,大寮區,琉球路107-25號(萬丹路上近興隆路),120.410265355225,22.6127154103252
2697,大寮分隊,地上,大寮區,高雄女子監獄前面,120.370448826431,22.5892222861438
2698,大寮分隊,地上,大寮區,高雄監獄左側200公尺,120.394292910707,22.5902748918026
2699,大寮分隊,地上,大寮區,崇恩路101號,120.399113417109,22.594484873066
2700,大寮分隊,地上,大寮區,崇惠路51號,120.401133270375,22.5931662562041
2701,大寮分隊,地上,大寮區,莒光一街10號地勇選礦公司往東10公尺,120.426932182526,22.5806116728285
2702,大寮分隊,地上,大寮區,莒光一街14號光遠公司前,120.4257817,22.5807942
2703,大寮分隊,地上,大寮區,莒光一街18號長賡公司西側,120.42388229895,22.5807648618847
2704,大寮分隊,地上,大寮區,莒光一街5號對面,120.427469024329,22.5806883491413
2705,大寮分隊,地上,大寮區,莒光一街與華中路口,120.428419059802,22.5808312381123
2706,大寮分隊,地上,大寮區,莒光一街與華西路口,120.423054641773,22.5808510508107
2707,大寮分隊,地上,大寮區,莒光二街10號太爺公司往西10公尺,120.426356143903,22.5789573389207
2708,大寮分隊,地上,大寮區,莒光二街22號（台郡）,120.4237188,22.5788835
2709,大寮分隊,地上,大寮區,莒光二街22號太普公司往西10公尺,120.424031984131,22.5789722648713
2710,大寮分隊,地上,大寮區,莒光二街3號緯航公司對面,120.42779868941,22.5789390519105
2711,大寮分隊,地上,大寮區,莒光二街與華中路口,120.428571065607,22.578940338928
2712,大寮分隊,地上,大寮區,莒光二街與華西路口,120.422949155511,22.5789007129789
2713,大寮分隊,地上,大寮區,莒光三街12號鈺仁公司,120.4246913,22.5769583
2714,大寮分隊,地上,大寮區,莒光三街16號震安公司,120.423399730164,22.576932486741
2715,大寮分隊,地上,大寮區,莒光三街4-1號尚富公司前,120.4275944,22.5769673
2716,大寮分隊,地上,大寮區,莒光三街上距華西路100m,120.422868347716,22.5769362933704
2717,大寮分隊,地上,大寮區,莒光三街與華中路口,120.428581452917,22.5771047059766
2718,大寮分隊,地上,大寮區,莒光三街與華西路口,120.422895169806,22.5769660132571
2719,大寮分隊,地上,大寮區,富民街（田單一.二街中間）,120.4289581,22.5753413
2720,大寮分隊,地上,大寮區,富民街12號前,120.430096,22.577442
2721,大寮分隊,地上,大寮區,富民街1-3號旁,120.429126361377,22.5734557082913
2722,大寮分隊,地上,大寮區,富民街18號前,120.4304563,22.5782755
2723,大寮分隊,地上,大寮區,富民街1號前,120.42925510741,22.5715337601421
2724,大寮分隊,地上,大寮區,富民街2號前,120.428986886508,22.5738618897789
2725,大寮分隊,地上,大寮區,富民街7號前,120.43096,22.57898
2726,大寮分隊,地上,大寮區,富民街近田單三街口,120.428943112493,22.5748146950341
2727,大寮分隊,地上,大寮區,華中南路229號,120.428623259068,22.5628257285459
2728,大寮分隊,地上,大寮區,華中南路2巷口,120.428811684251,22.5696129169077
2729,大寮分隊,地上,大寮區,華中南路357號,120.428570955992,22.5610702066885
2730,大寮分隊,地上,大寮區,華中路18號中鴻公司右側,120.4283746,22.589597
2731,大寮分隊,地上,大寮區,華中路20號對面,120.4288286,22.575738
2732,大寮分隊,地上,大寮區,華中路23號圍牆旁,120.428763171164,22.5804080616042
2733,大寮分隊,地上,大寮區,華中路25號高銪企業前,120.428896,22.583656
2734,大寮分隊,地上,大寮區,華中路32號三順木箱對面,120.429086049738,22.581793377318
2735,大寮分隊,地上,大寮區,華中路大祈企業對面左側,120.428592523279,22.5797130426589
2736,大寮分隊,地上,大寮區,華中路未到建業路100米處,120.428656896295,22.5728774362036
2737,大寮分隊,地上,大寮區,華中路未到建業路200米處,120.428613980951,22.5739473795958
2738,大寮分隊,地上,大寮區,華中路未到建業路300米處,120.428656896295,22.5752748904064
2739,大寮分隊,地上,大寮區,華中路近高架橋,120.428571065607,22.5912832673499
2740,大寮分隊,地上,大寮區,華中路過建業路100米,120.428689082803,22.5705988253745
2741,大寮分隊,地上,大寮區,華中路與建業路口,120.428485234918,22.5713121336843
2742,大寮分隊,地上,大寮區,華西路19號觀宏企業對面,120.422584,22.574831
2743,大寮分隊,地上,大寮區,華西路25號對面太子彈簧床,120.4227333,22.5769313
2744,大寮分隊,地上,大寮區,華西路28-1號中華電信前,120.422485950262,22.5880545587567
2745,大寮分隊,地上,大寮區,華西路33號倫飛電腦對面,120.422547280951,22.5813314679476
2746,大寮分隊,地上,大寮區,華西路39號台郡公司對面,120.422463150263,22.5857563869177
2747,大寮分隊,地上,大寮區,華西路台灣住友對面,120.423000934393,22.5714910145387
2748,大寮分隊,地上,大寮區,華西路長春大門左側50米,120.423086765082,22.5757707813219
2749,大寮分隊,地上,大寮區,華東路15-1號久發環保前,120.4331916,22.5792464
2750,大寮分隊,地上,大寮區,華東路30號對面(侑德公司),120.433188442328,22.5815887496757
2751,大寮分隊,地上,大寮區,華東路32號對面,120.4332099,22.5827775
2752,大寮分隊,地上,大寮區,華東路35號(三石公司右方),120.433320346033,22.5838627348197
2753,大寮分隊,地上,大寮區,華東路35號(三石公司左方),120.433441981195,22.5843621268993
2754,大寮分隊,地上,大寮區,華東路37號禹青公司右方,120.432912650262,22.5809899266079
2755,大寮分隊,地上,大寮區,華東路39號加高電子前,120.4331916,22.5792464
2756,大寮分隊,地上,大寮區,華東路3號前,120.432869734918,22.572549467701
2757,大寮分隊,地上,大寮區,華東路70號翊晶公司對面,120.4331993,22.588659
2758,大寮分隊,地上,大寮區,華東路9-1號旁,120.4331916,22.5792464
2759,大寮分隊,地上,大寮區,華東路世華公司57號前,120.433183684945,22.5789296633607
2760,大寮分隊,地上,大寮區,進學路206號,120.3933113,22.6044092
2761,大寮分隊,地上,大寮區,進學路永芳國小後門,120.394199978851,22.6062188983831
2762,大寮分隊,地上,大寮區,陽明山莊前,120.388445242761,22.6093232262384
2763,大寮分隊,地上,大寮區,慈隆街103號,120.404849226984,22.5975269988188
2764,大寮分隊,地上,大寮區,慈隆街268號,120.405364211114,22.5962393234242
2765,大寮分隊,地上,大寮區,慈隆街37號,120.4049136,22.5984977
2766,大寮分隊,地上,大寮區,新厝路163巷,120.40567815054,22.5609627772763
2767,大寮分隊,地上,大寮區,新厝路53號,120.410253411917,22.561190937165
2768,大寮分隊,地上,大寮區,新厝路901號,120.396504995709,22.5600562126177
2769,大寮分隊,地上,大寮區,新厝路下坡處（養鴨場前）,120.397942659741,22.5600760283023
2770,大寮分隊,地上,大寮區,新厝路大坪頂往大寮交界處（水塔旁）,120.395786163693,22.5601156596631
2771,大寮分隊,地上,大寮區,新厝路大坪頂往高市交界（水塔對面）,120.395668146497,22.560442617955
2772,大寮分隊,地上,大寮區,新厝路公墓左前約100米,120.401590464001,22.5614036726887
2773,大寮分隊,地上,大寮區,新厝路昭明國小分校前,120.407509428745,22.5612767296322
2774,大寮分隊,地上,大寮區,新厝路與新七街口,120.408800241833,22.56131945682
2775,大寮分隊,地上,大寮區,會結路37-19號,120.418145949182,22.5543629882508
2776,大寮分隊,地上,大寮區,會結路37-60號,120.418993527231,22.5540855569161
2777,大寮分隊,地上,大寮區,會結路85-10號,120.41799902916,22.5406029506719
2778,大寮分隊,地上,大寮區,會結路85-15號,120.417819321156,22.5400121109728
2779,大寮分隊,地上,大寮區,會結路85-4號,120.423124129114,22.5493691388669
2780,大寮分隊,地上,大寮區,萬丹路114號前,120.394134081229,22.6126849052848
2781,大寮分隊,地上,大寮區,萬丹路241號對面(蔡昌達服務處前),120.40271269266,22.6136062560479
2782,大寮分隊,地上,大寮區,萬丹路452號前,120.400382716568,22.6133762299858
2783,大寮分隊,地上,大寮區,萬丹路童的夢幼稚園對面,120.407545331973,22.6135692501229
2784,大寮分隊,地上,大寮區,裕民街11號旁,120.43475309577,22.5846207149861
2785,大寮分隊,地上,大寮區,裕民街17號,120.435589944983,22.5855122590681
2786,大寮分隊,地上,大寮區,裕民街21號正熊公司前,120.435718691016,22.5875528826913
2787,大寮分隊,地上,大寮區,裕民街29號前,120.43546119895,22.5886425237
2788,大寮分隊,地上,大寮區,裕民街30號長興化工對面,120.435568487311,22.5888406393208
2789,大寮分隊,地上,大寮區,裕民街35號憲達公司前,120.435568487311,22.5900887611782
2790,大寮分隊,地上,大寮區,裕民街7號鋼龍公司前,120.433894788885,22.5846405271394
2791,大寮分隊,地上,大寮區,鳳林一路107號前,120.40413975457,22.5410467730531
2792,大寮分隊,地上,大寮區,鳳林一路161巷口,120.404386517799,22.5420971451193
2793,大寮分隊,地上,大寮區,鳳林一路184巷口（鳳林路四段上）,120.409672420654,22.5409900935437
2794,大寮分隊,地上,大寮區,鳳林一路25號,120.40304627791,22.538793035946
2795,大寮分隊,地上,大寮區,鳳林一路329巷左側30公尺,120.40832,22.54532
2796,大寮分隊,地上,大寮區,鳳林一路480號昭明變電所前,120.41157,22.54743
2797,大寮分隊,地上,大寮區,鳳林一路51巷口,120.40371,22.53976
2798,大寮分隊,地上,大寮區,鳳林一路5巷口,120.401885389024,22.5367401835571
2799,大寮分隊,地上,大寮區,鳳林一路昭明派出所,120.40644,22.54474
2800,大寮分隊,地上,大寮區,鳳林一路昭明國宅前,120.40666,22.54307
2801,大寮分隊,地上,大寮區,鳳林二路111號,120.4118274,22.5611763
2802,大寮分隊,地上,大寮區,鳳林二路293-25號,120.407574574591,22.5755524839072
2803,大寮分隊,地上,大寮區,鳳林二路293-6號,120.407220523001,22.5753444424318
2804,大寮分隊,地上,大寮區,鳳林二路496號,120.410085728836,22.5738940822349
2805,大寮分隊,地上,大寮區,鳳林二路522號對面,120.409670155208,22.5749889736994
2806,大寮分隊,地上,大寮區,鳳林三路1-10號（7-11前）,120.40223910006,22.5935346153156
2807,大寮分隊,地上,大寮區,鳳林三路569-1號(大寮消防隊前),120.39496368122,22.6083228882987
2808,大寮分隊,地上,大寮區,鳳林三路轉大寮路口右側,120.401440052809,22.5961794509701
2809,大寮分隊,地上,大寮區,鳳林三路轉大寮路口左側,120.401295213523,22.5962432159763
2810,大寮分隊,地上,大寮區,鳳林路四段115號,120.4083105,22.5371014
2811,大寮分隊,地上,大寮區,鳳林路四段629號,120.41018,22.54358
2812,大寮分隊,地上,大寮區,鳳林路四段781號大眾模板行前,120.41089,22.54606
2813,大寮分隊,地上,大寮區,潮寮活動中心前,120.428637340665,22.5632876716768
2814,大寮分隊,地上,大寮區,潮寮路168巷33號,120.421644,22.565167
2815,大寮分隊,地上,大寮區,潮寮路168巷9號,120.401191,22.565775
2816,大寮分隊,地上,大寮區,興隆路280號右前,120.4073178,22.6076483
2817,大寮分隊,地上,大寮區,興業路12號味帝公司前,120.432282092729,22.5903155961879
2818,大寮分隊,地上,大寮區,興業路16號輝創公司前,120.431238474344,22.5903613773476
2819,大寮分隊,地上,大寮區,興業路19號力高公司對面,120.428318431213,22.5902306979847
2820,大寮分隊,地上,大寮區,興業路22號奇英公司前,120.430056702655,22.5901898866053
2821,大寮分隊,地上,大寮區,興業路25號寶鴻公司對面,120.427541780426,22.5902351866704
2822,大寮分隊,地上,大寮區,興業路2號濱川公司前,120.435254426984,22.5903111376935
2823,大寮分隊,地上,大寮區,興業路34號昇益公司前,120.426280152362,22.5902493206536
2824,大寮分隊,地上,大寮區,興業路38號奇昱公司前,120.425400387805,22.5901700752501
2825,大寮分隊,地上,大寮區,興業路40號台鎳公司左前,120.424756657642,22.5902493206536
2826,大寮分隊,地上,大寮區,興業路41號鉅明公司對面,120.4239499,22.5904398
2827,大寮分隊,地上,大寮區,興業路與華東路口,120.433049847916,22.5902901320155
2828,大寮分隊,地上,大寮區,鎮潭路319-1號前,120.380774124979,22.5832328273251
2829,大寮分隊,地上,大寮區,鎮潭路上拷潭路172-20號對面（豐聖停車場前）,120.381541236757,22.5842630659035
2830,大寮分隊,地上,大寮區,鎮潭路與拷潭路口,120.381578787683,22.5849862095341
2831,中庄分隊,地上,大寮區,（21世紀百貨對面）八德路上靠近立德路約50公尺,120.394691571589,22.6329575453975
2832,中庄分隊,地上,大寮區,八德路與打鐵店街交叉口（紅綠燈下）,120.403468966472,22.6310938638596
2833,中庄分隊,地上,大寮區,八德路與鳳屏一路口,120.392155811182,22.6360098634788
2834,中庄分隊,地上,大寮區,大寮區鳳屏一路463-1號(地中海水族館前),120.396237328632,22.6382096591114
2835,中庄分隊,地上,大寮區,中庄里八德路(土地公廟)對面,120.39808912574,22.6324202046366
2836,中庄分隊,地上,大寮區,中庄里八德路193號對面,120.395512461646,22.6325021489349
2837,中庄分隊,地上,大寮區,中庄里八德路203號左側,120.396126151077,22.6325122991271
2838,中庄分隊,地上,大寮區,中庄里八德路300號（消防隊前）,120.396861794642,22.6324078581526
2839,中庄分隊,地上,大寮區,中庄里八德路408號左側約50公尺(土地公右旁),120.398969158514,22.6323336803211
2840,中庄分隊,地上,大寮區,中庄里八德路425號前,120.399713203299,22.6322930794855
2841,中庄分隊,地上,大寮區,中庄里八德路456號左側,120.40055447816,22.6321493672671
2842,中庄分隊,地上,大寮區,中庄里八德路上與打鐵店街47號對面左側,120.403947827956,22.6310285862808
2843,中庄分隊,地上,大寮區,中庄里工商路52號對面(中華機械前),120.388687446709,22.632183902768
2844,中庄分隊,地上,大寮區,中庄里中庄路與崇仁街口,120.397951394311,22.634464464964
2845,中庄分隊,地上,大寮區,中庄里仁愛路101號(中庄派出所)前,120.395379155866,22.6350446258257
2846,中庄分隊,地上,大寮區,中庄里仁愛路21號與四維路口,120.394803285599,22.6366259137881
2847,中庄分隊,地上,大寮區,中庄里仁愛路319號前,120.394733584985,22.6279321635677
2848,中庄分隊,地上,大寮區,中庄里民信街79號前,120.389256477356,22.6398914169799
2849,中庄分隊,地上,大寮區,中庄里光明路三段1193號右側約50公尺巷口,120.407842576508,22.6304661529986
2850,中庄分隊,地上,大寮區,中庄里光明路三段1253號右側,120.405169621106,22.6330664739299
2851,中庄分隊,地上,大寮區,中庄里信義路33對面（和春技術學院前）,120.391844674937,22.6341557545078
2852,中庄分隊,地上,大寮區,中庄里崇仁街129號對面,120.397990554559,22.6362296960933
2853,中庄分隊,地上,大寮區,中庄里崇仁街183號左側,120.398091539732,22.6352452740032
2854,中庄分隊,地上,大寮區,中庄里鳳屏一路288號前,120.388949096197,22.6339021262094
2855,中庄分隊,地上,大寮區,中庄里興中街16號旁,120.386657416821,22.6296339458324
2856,中庄分隊,地上,大寮區,中興里萬丹路325號（環中公司旁）,120.399233087419,22.6133071732402
2857,中庄分隊,地上,大寮區,中興里鳳林四路102號前,120.387073159218,22.615485157947
2858,中庄分隊,地上,大寮區,仁愛路與鳳屏一路口,120.394515618682,22.637330462996
2859,中庄分隊,地上,大寮區,六和路4巷底(廟旁),120.371480358383,22.5901225540835
2860,中庄分隊,地上,大寮區,水源路365號（清潔隊）對面,120.38299334022,22.6077432385835
2861,中庄分隊,地上,大寮區,民族路272號（英群藥局前）,120.39159254788,22.6375341933119
2862,中庄分隊,地上,大寮區,民權街136-1號右前方,120.39705484,22.6424874
2863,中庄分隊,地上,大寮區,民權街50號前,120.3931369,22.642105
2864,中庄分隊,地上,大寮區,立德路與信義路口,120.392855599498,22.6327542944409
2865,中庄分隊,地上,大寮區,光明路三段319-1號旁10公尺（巷尾路）,120.412387177348,22.6198254545284
2866,中庄分隊,地上,大寮區,江山里光明三段1022巷口,120.407938331361,22.6305586201468
2867,中庄分隊,地上,大寮區,江山里光明路三段1179號對面,120.406660929318,22.6318109435696
2868,中庄分隊,地上,大寮區,江山里光明路三段1253號對面右側,120.405261352666,22.6331645095457
2869,中庄分隊,地上,大寮區,江山里光明路三段1510號前,120.402289682269,22.6364617701899
2870,中庄分隊,地上,大寮區,江山里光明路三段918-1號 A棟前,120.409785353456,22.6286728194146
2871,中庄分隊,地上,大寮區,江山里江山路與鳳屏二路84號（萊爾富商店）左側,120.408987075086,22.6408235725852
2872,中庄分隊,地上,大寮區,江山里鳳屏二路34號前,120.404573902488,22.6399242176758
2873,中庄分隊,地上,大寮區,江山里鳳屏二路35號前,120.404523611069,22.6401087678584
2874,中庄分隊,地上,大寮區,忠義里鳳林四路82號對面,120.387201455972,22.6153396949841
2875,中庄分隊,地上,大寮區,後庄里大漢路225號（台灣加油站）前,120.383497774601,22.6359284164122
2876,中庄分隊,地上,大寮區,後庄里民信街10號對面與濱南街口(停車場入口),120.390356719486,22.637376261055
2877,中庄分隊,地上,大寮區,後庄里民族路348號前,120.393291190267,22.6381212817835
2878,中庄分隊,地上,大寮區,後庄里民族路415號,120.39466032385,22.638619362823
2879,中庄分隊,地上,大寮區,後庄里民揚街28號與民信街口(市場旁),120.390293285238,22.6376567428339
2880,中庄分隊,地上,大寮區,後庄里民智街28號對面,120.389727070919,22.6385436110496
2881,中庄分隊,地上,大寮區,後庄里民順街2號對面慈惠醫院牆邊,120.39811259509,22.6388410479057
2882,中庄分隊,地上,大寮區,後庄里民楊街46號前,120.38859651982,22.6368009374076
2883,中庄分隊,地上,大寮區,後庄里民義街17號(朱伯公祠)前,120.388865947727,22.636568232681
2884,中庄分隊,地上,大寮區,後庄里民慶街90號對面,120.391874447453,22.6402236319793
2885,中庄分隊,地上,大寮區,後庄里成功路116巷福鎮雙星大門前,120.391370682209,22.6386260067556
2886,中庄分隊,地上,大寮區,後庄里成功路75號左側,120.390382871024,22.6387839866335
2887,中庄分隊,地上,大寮區,後庄里鳳屏一路7號(裕隆食品公司)前,120.383760764717,22.6303261667572
2888,中庄分隊,地上,大寮區,琉球里光明路三段13號對面（和記牛肉店前）,120.413396894924,22.6120892074808
2889,中庄分隊,地上,大寮區,琉球里光明路三段155號前,120.412841811776,22.6163225264712
2890,中庄分隊,地上,大寮區,琉球里光明路三段37號前,120.412982761848,22.6133404611396
2891,中庄分隊,地上,大寮區,琉球里光明路三段80-1號旁,120.413133233769,22.6135025154123
2892,中庄分隊,地上,大寮區,琉球里萬丹路751號前,120.410960040508,22.6124795666467
2893,中庄分隊,地上,大寮區,琉球里農場路11號與河堤路口,120.432582870126,22.6102336987987
2894,中庄分隊,地上,大寮區,琉球里農場路168號旁,120.430923253298,22.6182224699584
2895,中庄分隊,地上,大寮區,琉球里農場路171號,120.43092392385,22.6182113283413
2896,中庄分隊,地上,大寮區,琉球里農場路175號對面,120.430233925581,22.6180485368326
2897,中庄分隊,地上,大寮區,琉球里農場路178號,120.429129526019,22.6177644249546
2898,中庄分隊,地上,大寮區,琉球里農場路179號,120.429564714432,22.6178671757233
2899,中庄分隊,地上,大寮區,琉球里農場路182號前樹叢（佳進實業）,120.428556203842,22.6176208213419
2900,中庄分隊,地上,大寮區,琉球里農場路183號對面,120.429089963436,22.6177043838072
2901,中庄分隊,地上,大寮區,琉球里農場路185號,120.428663492203,22.6176362958764
2902,中庄分隊,地上,大寮區,琉球里農場路189號,120.428042560816,22.6174784555435
2903,中庄分隊,地上,大寮區,琉球里農場路191號左側,120.427492707968,22.6173497072162
2904,中庄分隊,地上,大寮區,琉球里農場路193號,120.427119210362,22.6169578906518
2905,中庄分隊,地上,大寮區,琉球里農場路196號前,120.427286177874,22.6163531415675
2906,中庄分隊,地上,大寮區,琉球里農場路197號前,120.427854135633,22.6163141453735
2907,中庄分隊,地上,大寮區,琉球里農場路203號前,120.428610518575,22.6165165540694
2908,中庄分隊,地上,大寮區,琉球里農場路205號左側,120.429033637047,22.617061261007
2909,中庄分隊,地上,大寮區,琉球里農場路205號正對面,120.429194569588,22.6170365016476
2910,中庄分隊,地上,大寮區,琉球里農場路206號前,120.428133755922,22.6163791390239
2911,中庄分隊,地上,大寮區,琉球里農場路210號左側,120.429185852408,22.6166589208636
2912,中庄分隊,地上,大寮區,琉球里農場路211號對面,120.429923459888,22.6168526632642
2913,中庄分隊,地上,大寮區,琉球里農場路212號對面,120.429332703352,22.6167047258009
2914,中庄分隊,地上,大寮區,琉球里農場路213號前,120.430208444595,22.6169287983821
2915,中庄分隊,地上,大寮區,琉球里農場路219號前,120.431094914675,22.6171658692515
2916,中庄分隊,地上,大寮區,琉球里農場路220號,120.430650338531,22.6170464053919
2917,中庄分隊,地上,大寮區,翁園里光明路三段1193-1號右側約50公尺廟旁,120.410493135448,22.6274608747972
2918,中庄分隊,地上,大寮區,翁園里光明路三段1193-1號左側圳溝路口,120.409723768507,22.6285821405023
2919,中庄分隊,地上,大寮區,翁園里光明路三段1193-1號對面右側,120.410599082684,22.6275636183151
2920,中庄分隊,地上,大寮區,翁園里光明路三段397號(汽車旅館)對面左側,120.41204801154,22.6222551580889
2921,中庄分隊,地上,大寮區,翁園里光明路三段520號對面,120.411516666404,22.6242865572736
2922,中庄分隊,地上,大寮區,翁園里光明路三段與翁園路口,120.411277547466,22.6254958592097
2923,中庄分隊,地上,大寮區,翁園里翁園路4-1號,120.405721935829,22.6257907692457
2924,中庄分隊,地上,大寮區,溪寮里溪寮路69號(溪寮國小)大門右側,120.420610830188,22.6297492705097
2925,中庄分隊,地上,大寮區,萬丹路237號右側約10公尺,120.396395645557,22.6129710553812
2926,中庄分隊,地上,大寮區,義和里九和路13號（博仁養護中心）前,120.418854385598,22.6428283478661
2927,中庄分隊,地上,大寮區,義和里九和路43號（進興汽修廠）前,120.419310092934,22.6438919301143
2928,中庄分隊,地上,大寮區,義和里鳳屏二路295號(中油)右側,120.417802020916,22.6422066317664
2929,中庄分隊,地上,大寮區,鳳屏一路與成功路口 (丹丹漢堡前),120.392005473369,22.6361565423767
2930,大林分隊,地上,小港區,上林路1號台灣石原公司對面,120.367105,22.533605
2931,大林分隊,地上,小港區,上林路中石化公司對面,120.366295,22.534578
2932,大林分隊,地上,小港區,上林路林商行公司旁,120.369228,22.531945
2933,大林分隊,地上,小港區,上林路與大業南路口,120.367771,22.532883
2934,大林分隊,地上,小港區,上林路與中林路口,120.365421,22.535635
2935,大林分隊,地上,小港區,大林消防隊前,120.345763,22.527125
2936,大林分隊,地上,小港區,大業南路13號乾佑公司前,120.363246,22.523715
2937,大林分隊,地上,小港區,大業南路18號壹東實業,120.364038,22.524841
2938,大林分隊,地上,小港區,大業南路21號萬翔公司旁,120.36455,22.525956
2939,大林分隊,地上,小港區,大業南路28號遠龍不銹鋼,120.365273,22.527051
2940,大林分隊,地上,小港區,大業南路2號中工保全公司右側30公尺處,120.358988,22.517203
2941,大林分隊,地上,小港區,大業南路31號聯合報前,120.365861,22.528281
2942,大林分隊,地上,小港區,大業南路42號統益公司前,120.367673,22.531316
2943,大林分隊,地上,小港區,大業南路45號東聲公司前,120.36689,22.530311
2944,大林分隊,地上,小港區,大業南路46號林商行對面,120.368351,22.532883
2945,大林分隊,地上,小港區,大業南路50號順益汽車斜對面,120.36875,22.533606
2946,大林分隊,地上,小港區,大業南路55號前,120.36989,22.535685
2947,大林分隊,地上,小港區,大業南路60號對面,120.370095,22.537971
2948,大林分隊,地上,小港區,大業南路8號聯成化學公司前,120.36103,22.519345
2949,大林分隊,地上,小港區,大業南路尚承鋼鐵公司前,120.36154,22.5206
2950,大林分隊,地上,小港區,大業南路與中亨街口,120.35989,22.517993
2951,大林分隊,地上,小港區,大業南路與中利街口,120.362636,22.522516
2952,大林分隊,地上,小港區,大業南路與中林路口,120.36949,22.53872
2953,大林分隊,地上,小港區,大業南路與中智路口,120.366538,22.529258
2954,大林分隊,地上,小港區,大業南路與沿海四路口,120.357988,22.516635
2955,大林分隊,地上,小港區,大業南路聯合電機公司前,120.36213,22.521431
2956,大林分隊,地上,小港區,大業南路職訓中心前,120.370433,22.536681
2957,大林分隊,地上,小港區,中亨街中油後門口,120.359003,22.521505
2958,大林分隊,地上,小港區,中亨街中油後門右方50公尺處,120.359766,22.52297
2959,大林分隊,地上,小港區,中亨街尚承鋼鐵公司旁,120.359546,22.519275
2960,大林分隊,地上,小港區,中亨街尚承鋼鐵公司轉彎處,120.358696,22.520265
2961,大林分隊,地上,小港區,中亨路30號永覲公司前,120.361461,22.526216
2962,大林分隊,地上,小港區,中亨路38號大傳公司前,120.362496,22.527976
2963,大林分隊,地上,小港區,中亨路46號旭誠公司旁,120.362876,22.528778
2964,大林分隊,地上,小港區,中亨路與中智路口,120.364083,22.5308
2965,大林分隊,地上,小港區,中利路12號尚餘公司前,120.362016,22.523768
2966,大林分隊,地上,小港區,中利路18號有興公司前,120.361011,22.524908
2967,大林分隊,地上,小港區,中利路中油側門右方,120.357366,22.528838
2968,大林分隊,地上,小港區,中利路中油側門左方,120.358101,22.528055
2969,大林分隊,地上,小港區,中利路中油側門左方30公尺處,120.35883,22.527258
2970,大林分隊,地上,小港區,中利路中油側門左方60公尺處,120.359521,22.526438
2971,大林分隊,地上,小港區,中利路中油側門左方90公尺處,120.360216,22.525715
2972,大林分隊,地上,小港區,中利路永記塑膠公司旁,120.364193,22.522165
2973,大林分隊,地上,小港區,中林路20號盛餘公司前,120.366893,22.537341
2974,大林分隊,地上,小港區,中林路34號對面,120.364423,22.535311
2975,大林分隊,地上,小港區,中林路36號華西昌公司左側,120.36311,22.534463
2976,大林分隊,地上,小港區,中林路3號李長榮公司西側前,120.368246,22.538201
2977,大林分隊,地上,小港區,中林路三僕行貨運旁,120.371085,22.54037
2978,大林分隊,地上,小港區,中林路中油南門右側3公尺,120.354096,22.527583
2979,大林分隊,地上,小港區,中林路中油南門左側50公尺,120.352683,22.526515
2980,大林分隊,地上,小港區,中林路中油側門右方,120.352286,22.526078
2981,大林分隊,地上,小港區,中林路中油側門左方,120.355608,22.528545
2982,大林分隊,地上,小港區,中林路中鋼南門右上100公尺,120.358423,22.530901
2983,大林分隊,地上,小港區,中林路中鋼南門右側,120.358098,22.530473
2984,大林分隊,地上,小港區,中林路中鋼南門左側100公尺,120.360953,22.53285
2985,大林分隊,地上,小港區,中林路中鋼南門對面,120.359801,22.531753
2986,大林分隊,地上,小港區,中林路盛餘公司西側前,120.366228,22.536658
2987,大林分隊,地上,小港區,中林路與大業南路口,120.369393,22.539243
2988,大林分隊,地上,小港區,中林路與中利路口,120.356693,22.529586
2989,大林分隊,地上,小港區,中林路與中智路口,120.361978,22.533633
2990,大林分隊,地上,小港區,中林路與沿海四路10公尺,120.350736,22.525055
2991,大林分隊,地上,小港區,中林路廢鐵廠旁（皇華股份有限公司前）,120.370126,22.53983
2992,大林分隊,地上,小港區,中智路台灣志氯左側,120.363286,22.532328
2993,大林分隊,地上,小港區,中智路與中林路口,120.36241,22.533421
2994,大林分隊,地上,小港區,岐山一路54號前,120.354191987035,22.5159996789215
2995,大林分隊,地上,小港區,岐山二路37號前,120.353972250909,22.5174563886264
2996,大林分隊,地上,小港區,岐山二路與鳳鳴路口（左側）,120.354786,22.518215
2997,大林分隊,地上,小港區,沿海三路20之1號志傳公司,120.372681,22.534368
2998,大林分隊,地上,小港區,沿海三路24號鴻立鋼鐵前,120.37149,22.5322
2999,大林分隊,地上,小港區,沿海三路26之3號山隆加油站旁,120.370296,22.530078
3000,大林分隊,地上,小港區,沿海三路26之4號陸海公司右側30公尺處,120.369261,22.528195
3001,大林分隊,地上,小港區,沿海三路36號中聯資源（股）公司,120.366815,22.523768
3002,大林分隊,地上,小港區,沿海三路52號三千鋼鐵前,120.36429,22.519156
3003,大林分隊,地上,小港區,沿海三路70號協勝發鋼鐵右側5公尺,120.362051,22.515306
3004,大林分隊,地上,小港區,沿海三路70號協勝發鋼鐵前,120.361958,22.515135
3005,大林分隊,地上,小港區,沿海三路80號左側,120.362233,22.512386
3006,大林分隊,地上,小港區,沿海三路80號左側30公尺處,120.36256,22.511356
3007,大林分隊,地上,小港區,沿海三路友成巷中聯爐石公司左側50公尺,120.374463,22.534896
3008,大林分隊,地上,小港區,沿海三路友成巷中聯爐石公司前,120.375436,22.533913
3009,大林分隊,地上,小港區,沿海三路台灣貨櫃公司左側50公尺處,120.367881,22.525711
3010,大林分隊,地上,小港區,沿海三路長榮運輸公司後方,120.372815,22.535633
3011,大林分隊,地上,小港區,沿海三路茂生飼料公司後方,120.372583,22.539543
3012,大林分隊,地上,小港區,沿海三路乾惠公司後方,120.369311,22.529331
3013,大林分隊,地上,小港區,沿海三路梧桐公司後方,120.36563,22.522608
3014,大林分隊,地上,小港區,沿海三路瑞翔鋼鐵,120.37161,22.533498
3015,大林分隊,地上,小港區,沿海三路與上林路太子汽車廠前,120.370341,22.531433
3016,大林分隊,地上,小港區,沿海三路與中利路口,120.36563,22.521571
3017,大林分隊,地上,小港區,沿海三路與中林路口約10公尺,120.371551,22.540931
3018,大林分隊,地上,小港區,沿海三路與友成巷口左側20公尺處,120.373506,22.53669
3019,大林分隊,地上,小港區,沿海三路與友成巷口左側50公尺處,120.37333,22.539213
3020,大林分隊,地上,小港區,沿海三路與鳳鳴路口,120.362301,22.510718
3021,大林分隊,地上,小港區,沿海三路遠龍不銹鋼後方右側,120.367971,22.52693
3022,大林分隊,地上,小港區,沿海三路遠龍不銹鋼後方左側,120.366831,22.524688
3023,大林分隊,地上,小港區,沿海三路廢棄焚化爐左側,120.36315,22.51707
3024,大林分隊,地上,小港區,沿海三路機車道尾端處,120.362181,22.516261
3025,大林分隊,地上,小港區,沿海三路聯合電機公司後方,120.36429,22.52023
3026,大林分隊,地上,小港區,沿海三路聯成化學公司後方,120.363203,22.518081
3027,大林分隊,地上,小港區,沿海三路職訓中心後方,120.373255,22.537848
3028,大林分隊,地上,小港區,沿海四路三角公園內南邊（沿海四路和沿海三路交叉口）,120.360861,22.513595
3029,大林分隊,地上,小港區,沿海四路上.沿海四路與大業南路口交叉口.往中林路方向50公尺處,120.356331,22.51757
3030,大林分隊,地上,小港區,沿海四路上.沿海四路與中林路口往林園方向100公尺處,120.351638,22.522766
3031,大林分隊,地上,小港區,沿海四路上.沿海四路與中林路交叉口往中油大門方向5公尺,120.350115,22.52518
3032,大林分隊,地上,小港區,沿海四路上.沿海四路與中林路交叉口往林園方向10公尺,120.351001,22.523946
3033,大林分隊,地上,小港區,沿海四路中油公司大門口對向車道,120.346773,22.528905
3034,大林分隊,地上,小港區,沿海四路中油槽區D區316槽旁,120.354031,22.520115
3035,大林分隊,地上,小港區,沿海四路中油槽區D區329槽旁,120.355906,22.518253
3036,大林分隊,地上,小港區,沿海四路面對中油大門右側5公尺處,120.34717,22.528766
3037,大林分隊,地上,小港區,沿海四路面對中油公司大門左側15公尺（對向車道）,120.346395,22.529233
3038,大林分隊,地上,小港區,沿海四路面對將門吊車右側對向車道,120.352418,22.521993
3039,大林分隊,地上,小港區,沿海四路將門吊車廠右旁30公尺處,120.353076,22.520815
3040,大林分隊,地上,小港區,沿海四路將門吊車廠右旁50公尺處,120.353303,22.520548
3041,大林分隊,地上,小港區,沿海四路與中心路口（回收場大門左側）,120.348366,22.52709
3042,大林分隊,地上,小港區,沿海四路廣源食品公司（沿海四路299-1號）前,120.354865,22.519048
3043,大林分隊,地上,小港區,南星路456號前,120.357143269248,22.5118954566777
3044,大林分隊,地上,小港區,南星路508號前,120.356208631166,22.5129264344578
3045,大林分隊,地上,小港區,南星路760號前,120.353515469797,22.5154289962424
3046,大林分隊,地上,小港區,南星路826號前,120.35260888315,22.5162070111684
3047,大林分隊,地上,小港區,鳳北路193號前,120.34373,22.528303
3048,大林分隊,地上,小港區,鳳北路209號旁,120.343143,22.528263
3049,大林分隊,地上,小港區,鳳北路中油大門往南星計劃區左巷口（大俠檳榔供應站旁）,120.345442755659,22.5288399651913
3050,大林分隊,地上,小港區,鳳北路汙水處理廠前,120.342791392048,22.5284592522672
3051,大林分隊,地上,小港區,鳳北路與鳳林路166巷口,120.341253,22.528268
3052,大林分隊,地上,小港區,鳳林國小前,120.342866,22.526673
3053,大林分隊,地上,小港區,鳳林路與鳳華路口（右側）,120.34889,22.524495
3054,大林分隊,地上,小港區,鳳華路與龍鳳路口,120.347348,22.523103
3055,大林分隊,地上,小港區,鳳鳴國小前,120.357528,22.515408
3056,大林分隊,地上,小港區,鳳鳴路、丹山三路口（右側）,120.35997,22.512961
3057,大林分隊,地上,小港區,鳳鳴路251號前,120.355495,22.517488
3058,大林分隊,地上,小港區,鳳鳴路與岐山二路口（右側）,120.354651,22.518231
3059,大林分隊,地上,小港區,興業街10號才易公司前,120.362275,22.524706
3060,大林分隊,地上,小港區,興業街34號賀慶公司前,120.362926,22.52594
3061,大林分隊,地上,小港區,興業街46號顯隆機械前,120.363886,22.5275
3062,大林分隊,地上,小港區,興業街旗勝公司後門右側,120.363781,22.528833
3063,大林分隊,地上,小港區,龍鳳路148之1號前,120.355004161581,22.5157309547993
3064,大林分隊,地上,小港區,龍鳳路47之1號,120.357638819032,22.5129693825583
3065,大林分隊,地上,小港區,龍鳳路上公園大門前,120.352524158637,22.5179382160685
3066,大林分隊,地上,小港區,龍鳳路與岐山二路口,120.35368,22.517311
3067,高桂分隊,地上,小港區,大平路（山松霞前）,120.385035116312,22.5659442210715
3068,高桂分隊,地上,小港區,大平路100號旁,120.39085977581,22.5617718695482
3069,高桂分隊,地上,小港區,大平路126巷口,120.390245619049,22.5622506853603
3070,高桂分隊,地上,小港區,大平路23號左前處,120.389167851521,22.5632418315013
3071,高桂分隊,地上,小港區,大平路36-1號右前,120.386933900455,22.564580026362
3072,高桂分隊,地上,小港區,大平路36號,120.387929,22.564315
3073,高桂分隊,地上,小港區,大平路5-13號[天橋下],120.391781342258,22.5616517839399
3074,高桂分隊,地上,小港區,大平路5號,120.39286763691,22.561654260872
3075,高桂分隊,地上,小港區,大平路之1（險升坡標示牌旁）,120.384826574561,22.5657083004311
3076,高桂分隊,地上,小港區,大平路公園人行道第1支,120.384094331499,22.5660154306343
3077,高桂分隊,地上,小港區,大平路-永和街口,120.390574548479,22.5623100076815
3078,高桂分隊,地上,小港區,大平路與17街口   [坪頂國小]左側,120.39125314736,22.5615322525203
3079,高桂分隊,地上,小港區,大平路與大房路口  [大平路79號]對面,120.386553917166,22.5644500501979
3080,高桂分隊,地上,小港區,大平路與大潭路口  [大平路上靠公園],120.387549016711,22.5641280551825
3081,高桂分隊,地上,小港區,大平路與高坪23路口 [大平路上靠公園],120.38834026837,22.5634840628964
3082,高桂分隊,地上,小港區,山明路（307巷對面）,120.364317027179,22.5656770165574
3083,高桂分隊,地上,小港區,山明路（商檢局門口）,120.36873863114,22.5657624194238
3084,高桂分隊,地上,小港區,"山明路（靠宏和街口南側（師父牛肉麵對面,菜圃內）",120.363702113162,22.5660193932296
3085,高桂分隊,地上,小港區,山明路281巷口,120.364773616429,22.5654815133805
3086,高桂分隊,地上,小港區,山明路529號風采美言生活館前,120.362052373016,22.5689084832231
3087,高桂分隊,地上,小港區,山明路66號,120.366773317791,22.5657196549738
3088,高桂分隊,地上,小港區,山明路-宏偉街口,120.365419397484,22.5656856367962
3089,高桂分隊,地上,小港區,山明路-博學路（東北）,120.370545098911,22.5659481836685
3090,高桂分隊,地上,小港區,山明路-華山路口,120.367897758614,22.5657450814149
3091,高桂分隊,地上,小港區,中安路（褔升交通公司）,120.367046293502,22.5847462897337
3092,高桂分隊,地上,小港區,中安路、金城路口東北角,120.366102826481,22.584902929351
3093,高桂分隊,地上,小港區,中安路、華昌街口,120.362543535118,22.5847301923716
3094,高桂分隊,地上,小港區,中安路626號前,120.358917267529,22.584842865931
3095,高桂分隊,地上,小港區,中安路692號前復華路口,120.363308766865,22.5847219599151
3096,高桂分隊,地上,小港區,孔宅10街（無名路口）,120.375530203913,22.5786044876849
3097,高桂分隊,地上,小港區,孔宅10街、孔宅1街口,120.376125654314,22.578351871448
3098,高桂分隊,地上,小港區,孔宅1街、孔宅2街口,120.376057257984,22.5770181986384
3099,高桂分隊,地上,小港區,孔宅3街、孔宅2街口,120.374757727717,22.5772318100541
3100,高桂分隊,地上,小港區,孔宅5街、孔宅6街282號旁,120.373720103271,22.5779097844739
3101,高桂分隊,地上,小港區,孔宅6街、孔宅1街口,120.377394339178,22.5781264977477
3102,高桂分隊,地上,小港區,孔宅6街、孔宅2街口,120.376808276509,22.5776181672518
3103,高桂分隊,地上,小港區,孔宅6街206號旁,120.375439008807,22.5778775955954
3104,高桂分隊,地上,小港區,孔宅6街493號對面,120.372795691822,22.5779419882352
3105,高桂分隊,地上,小港區,孔宅7街、孔宅6街口（紅綠燈旁）,120.372365197275,22.5779556097513
3106,高桂分隊,地上,小港區,孔宅8路、孔宅3路1號旁分割島上口,120.374700450666,22.5785710457644
3107,高桂分隊,地上,小港區,孔宅二街（加油站後方）,120.371842793536,22.577449296765
3108,高桂分隊,地上,小港區,孔鳳新路、孔宅5街口（天進宮對面）,120.373654830793,22.5791876
3109,高桂分隊,地上,小港區,孔鳳新路、孔宅7街口,120.372264775971,22.5790792479628
3110,高桂分隊,地上,小港區,孔鳳路、明義國中左側門前,120.368308275494,22.5812308368241
3111,高桂分隊,地上,小港區,孔鳳路、新昌街口,120.361677854809,22.5814611585987
3112,高桂分隊,地上,小港區,孔鳳路168號前（振興堂國術館旁）,120.366156349703,22.5813252688732
3113,高桂分隊,地上,小港區,孔鳳路272巷口,120.364247690196,22.5813697146992
3114,高桂分隊,地上,小港區,孔鳳路371巷2號左前,120.360568152844,22.5812504159803
3115,高桂分隊,地上,小港區,世全路（世全鋼鐵公司對面）,120.372000358861,22.547995184115
3116,高桂分隊,地上,小港區,世全路（正大鋼鐵工廠對面）,120.37454108135,22.5499397546117
3117,高桂分隊,地上,小港區,世全路（亞港造船）右側,120.371010623734,22.5474210970769
3118,高桂分隊,地上,小港區,世全路（春源鋼鐵）右前,120.36906065778,22.545937873014
3119,高桂分隊,地上,小港區,世全路（唐榮鋼鐵側門對面）,120.373159073155,22.5490616048318
3120,高桂分隊,地上,小港區,世全路（漢泰鋼鐵對面）,120.370306543868,22.5467194318973
3121,高桂分隊,地上,小港區,世全路-高坪22路（高松油庫）右側,120.376192651551,22.5537334460628
3122,高桂分隊,地上,小港區,北林路（南區資源回收廠大門左側6m）,120.376323850445,22.5482763560857
3123,高桂分隊,地上,小港區,北林路（南區資源回收廠對面）,120.375588703228,22.5501605609853
3124,高桂分隊,地上,小港區,北林路（祥益鋼鐵）左側100m,120.371334049178,22.5558008899428
3125,高桂分隊,地上,小港區,北林路（祥益鋼鐵）左側30m,120.373502615166,22.5530191491444
3126,高桂分隊,地上,小港區,北林路（祥益鋼鐵）東門口旁,120.372601392937,22.5541387879823
3127,高桂分隊,地上,小港區,北林路1號（博淳金屬左側）,120.377220156861,22.5460075758825
3128,高桂分隊,地上,小港區,北林路8號前右側1公尺（南區資源回收廠門口右側1m）,120.376606641312,22.548134348572
3129,高桂分隊,地上,小港區,北林路-世全路口,120.375211182309,22.5509037005189
3130,高桂分隊,地上,小港區,北林路-利昌街口,120.370086821986,22.5573515065013
3131,高桂分隊,地上,小港區,北林路-利昌街口往北林路50m,120.370450261307,22.5569056441006
3132,高桂分隊,地上,小港區,北林路-長泰街口（自助餐前）,120.377035915921,22.5468393899281
3133,高桂分隊,地上,小港區,北林路-茂大街口,120.369549039078,22.5581713941542
3134,高桂分隊,地上,小港區,北林路-漢泰鋼鐵北林廠門口,120.374822262002,22.5513817848366
3135,高桂分隊,地上,小港區,平治街-大鵬路口（大鵬路87號前）,120.358357524953,22.5676014484158
3136,高桂分隊,地上,小港區,平治街-金府路口（電信局機房）,120.354776775919,22.5675884450829
3137,高桂分隊,地上,小港區,永光街（泰盛鋼鐵）右側50m,120.367709433849,22.5509485032123
3138,高桂分隊,地上,小港區,永春街14號（太爺企業右側）,120.378404393848,22.5459692063971
3139,高桂分隊,地上,小港區,永春街22號（龍德石材左側）,120.37826353373,22.5472818211843
3140,高桂分隊,地上,小港區,永春街3號（洪邦公司左側）,120.378453898148,22.5444398537526
3141,高桂分隊,地上,小港區,永順街-金府路口（澄清湖計程車招呼站）,120.354750407375,22.5689332808062
3142,高桂分隊,地上,小港區,光陽街5號右側20米,120.36682787676,22.5575927709196
3143,高桂分隊,地上,小港區,光陽街6號旁20米,120.365560364418,22.5590120331788
3144,高桂分隊,地上,小港區,光陽街9號右前（嘉信遊艇公司門口對面）,120.364034862427,22.5610868221207
3145,高桂分隊,地上,小港區,光陽街上（龍慶鋼鐵）牆外,120.368305340684,22.555538276975
3146,高桂分隊,地上,小港區,光陽街-永光街口（轉彎處）,120.370115831769,22.5528853395965
3147,高桂分隊,地上,小港區,利昌街（金合發鋼鐵）左前,120.368175598811,22.5562647271284
3148,高桂分隊,地上,小港區,利昌街（龍慶鋼鐵）右側100m,120.367380323838,22.5557321648976
3149,高桂分隊,地上,小港區,利昌街（龍慶鋼鐵）右側20m,120.364917385411,22.5540471492261
3150,高桂分隊,地上,小港區,"宏文,宏光街口",120.364259952076,22.570365732582
3151,高桂分隊,地上,小港區,宏文路63號前,120.364846492083,22.5695202173378
3152,高桂分隊,地上,小港區,宏平路136號左邊（富山檀香門口）,120.362221490738,22.5705605553426
3153,高桂分隊,地上,小港區,宏平路613號前（吳響峻布莊前）,120.353185513952,22.5696919026579
3154,高桂分隊,地上,小港區,宏平路96號旁,120.363815062566,22.5716130420885
3155,高桂分隊,地上,小港區,宏平路-大鵬路口（金港黑砂糖刨冰前）,120.358603576162,22.5697278160745
3156,高桂分隊,地上,小港區,宏平路-山明路口（新光眼科前）,120.361493656375,22.5698219339492
3157,高桂分隊,地上,小港區,宏平路-宏平路321巷口（安泰輪胎行前）,120.360424796083,22.569731531255
3158,高桂分隊,地上,小港區,宏平路-金府路口,120.354420671203,22.5697476303692
3159,高桂分隊,地上,小港區,宏平路-崇文路口,120.351663360336,22.5697352464354
3160,高桂分隊,地上,小港區,宏平路-樂利路口（巴莎諾瓦前）,120.357220897414,22.5697166705326
3161,高桂分隊,地上,小港區,宏平路-龍華街口（村之炭海鮮前）,120.355964953043,22.5697358656321
3162,高桂分隊,地上,小港區,東林路（中鋼鋁業大門對面）,120.373519441456,22.5423822315498
3163,高桂分隊,地上,小港區,東林路（全美手套公司右側）,120.376823922962,22.5448632032375
3164,高桂分隊,地上,小港區,東林路（萊爾富超商右側）,120.37482970056,22.5433867641507
3165,高桂分隊,地上,小港區,東林路9號（力建鋼鐵左側）,120.376187157655,22.5442484428059
3166,高桂分隊,地上,小港區,東林路-沿海2路口,120.37225612101,22.541429714846
3167,高桂分隊,地上,小港區,松仁街（經松愛路口再行50公尺北側）,120.373128225656,22.5589531871882
3168,高桂分隊,地上,小港區,松仁街左轉松富街約50公尺右側,120.376303961129,22.5593934697819
3169,高桂分隊,地上,小港區,松仁街-松義街口,120.375027229639,22.5587872293902
3170,高桂分隊,地上,小港區,松平路62號斜對面,120.371808365082,22.5678177112804
3171,高桂分隊,地上,小港區,松正路底往北方向,120.377253475533,22.5721066804394
3172,高桂分隊,地上,小港區,松正路-高松路口,120.376452836142,22.5708484886031
3173,高桂分隊,地上,小港區,松光街50號前（廟右邊大約20公尺）,120.377894455434,22.5689749314764
3174,高桂分隊,地上,小港區,松光街-松正路口,120.375904256345,22.5699557410048
3175,高桂分隊,地上,小港區,松光街-松直路口,120.37417423153,22.5708894850061
3176,高桂分隊,地上,小港區,松和路1號（餐旅學院正門口）,120.371556874834,22.5659547249663
3177,高桂分隊,地上,小港區,松直街-松頂街口,120.375350738762,22.5725248750208
3178,高桂分隊,地上,小港區,松直路153號,120.374664240845,22.5698802837167
3179,高桂分隊,地上,小港區,松金街1巷26號前,120.366513769346,22.5717406221304
3180,高桂分隊,地上,小港區,松金街21號前,120.366081618385,22.5722310000001
3181,高桂分隊,地上,小港區,松青街87號,120.377588898217,22.5710334400712
3182,高桂分隊,地上,小港區,松青街-高松路6巷口,120.37815216211,22.5709591371444
3183,高桂分隊,地上,小港區,松信路-松富街口,120.376103208945,22.5607150995044
3184,高桂分隊,地上,小港區,松信路-松華路口（毅通保養廠前）,120.373768345998,22.5608946781847
3185,高桂分隊,地上,小港區,松信路-松愛路口,120.372287766622,22.560690330013
3186,高桂分隊,地上,小港區,松美街-松青街口,120.379196679237,22.5704727014841
3187,高桂分隊,地上,小港區,松美路-松光街口,120.37840006316,22.5683847654939
3188,高桂分隊,地上,小港區,松美路路底,120.378470830158,22.5665564250536
3189,高桂分隊,地上,小港區,松美路-鳳梨園前面,120.378402745369,22.5677903295358
3190,高桂分隊,地上,小港區,松崗路100巷1號前,120.376121381615,22.575327906746
3191,高桂分隊,地上,小港區,松崗路114巷8號前,120.376465597553,22.5754619275104
3192,高桂分隊,地上,小港區,松崗路142巷2號和4號中間,120.377205542328,22.5759341399479
3193,高桂分隊,地上,小港區,松崗路86巷1號前,120.375715084656,22.5752922797589
3194,高桂分隊,地上,小港區,松華路365號前,120.373067746033,22.5669251389766
3195,高桂分隊,地上,小港區,松華路-松義街口,120.373596901852,22.5642414582444
3196,高桂分隊,地上,小港區,松華路-松達街口,120.373811478574,22.562222781715
3197,高桂分隊,地上,小港區,松華路-松福街28巷口,120.373032296855,22.5681982261936
3198,高桂分隊,地上,小港區,松園1路（南向北）近第10支電線桿旁,120.369368737743,22.5708919949738
3199,高桂分隊,地上,小港區,松園1路（南向北）第12支電線桿對面,120.369343811341,22.571470140378
3200,高桂分隊,地上,小港區,松園1路（南向北）第6支電線桿旁近松園6路,120.369322579648,22.5698548459734
3201,高桂分隊,地上,小港區,松園1路（南向北）第7支電線桿旁,120.369297163566,22.5701246603979
3202,高桂分隊,地上,小港區,松園1路與松園8路口近紅綠燈,120.369198700919,22.5687225940141
3203,高桂分隊,地上,小港區,松園2路（東向西）靠近第12支電線桿近松園3路,120.368170258094,22.5711045045776
3204,高桂分隊,地上,小港區,松園2路與松園3路口,120.367939609149,22.5711559293766
3205,高桂分隊,地上,小港區,松園6路（東向西）第11支電線桿近松園3路,120.367932633807,22.5699910721683
3206,高桂分隊,地上,小港區,松園6路與松園8路口（紅綠燈旁）,120.367813858856,22.5701054731858
3207,高桂分隊,地上,小港區,松園8路（東向西）第3支電線桿對旁約2公尺,120.369518760444,22.5684945823788
3208,高桂分隊,地上,小港區,松達街27號對面,120.374650508165,22.5621451955647
3209,高桂分隊,地上,小港區,松福街82巷口,120.371672541734,22.5694048071717
3210,高桂分隊,地上,小港區,松樂街170號對面,120.377535400594,22.5683089951814
3211,高桂分隊,地上,小港區,松樂街路底,120.377626595701,22.5664959564988
3212,高桂分隊,地上,小港區,松興路132巷口農會前,120.371787797553,22.5748775548754
3213,高桂分隊,地上,小港區,松興路18巷-松崗路18巷15號旁口,120.374436149074,22.5741210615198
3214,高桂分隊,地上,小港區,松興路94號與松興路96巷口,120.372733154596,22.5746485179691
3215,高桂分隊,地上,小港區,沿海1路193號前（澄清眼科招牌前）,120.351985370535,22.5670562712233
3216,高桂分隊,地上,小港區,沿海1路-宏平路上,120.35005047758,22.5692861159196
3217,高桂分隊,地上,小港區,沿海1路-康莊路口（7-11前）,120.351278929308,22.5678074613992
3218,高桂分隊,地上,小港區,沿海1路-漢民路上,120.352569071845,22.5665168957837
3219,高桂分隊,地上,小港區,沿海2路（春源鋼鐵D3門外）牆外-臨北上機車道,120.368001161412,22.5472867068144
3220,高桂分隊,地上,小港區,沿海2路（春源鋼鐵D5門）對面-臨南下快車道,120.367368830636,22.5474619678983
3221,高桂分隊,地上,小港區,沿海2路（唐榮鋼鐵大門對面）,120.369609816268,22.5442911322485
3222,高桂分隊,地上,小港區,沿海2路（復興木業）牆外南下機車道,120.360771267012,22.5561460925679
3223,高桂分隊,地上,小港區,沿海2路18號左側10米,120.361144508741,22.5562846480882
3224,高桂分隊,地上,小港區,沿海2路-台灣優力加油站入口處,120.358224509552,22.5598504426565
3225,高桂分隊,地上,小港區,沿海2路-永光街口,120.366086536415,22.5500063729228
3226,高桂分隊,地上,小港區,沿海2路-利昌街口,120.363727533586,22.5532495319462
3227,高桂分隊,地上,小港區,沿海2路-嘉興街口,120.359198623665,22.558925031597
3228,高桂分隊,地上,小港區,沿海二路-（中鋼新廠房）對面-臨南下機車道,120.361894995354,22.5546934260218
3229,高桂分隊,地上,小港區,金府路23號右前,120.354656798777,22.5657015946631
3230,高桂分隊,地上,小港區,"金城路,復華路174巷口",120.365706682215,22.585285491088
3231,高桂分隊,地上,小港區,金城路168號對面,120.365591088341,22.5858996683775
3232,高桂分隊,地上,小港區,金鋁街（中聯爐石公司左側，銘祥機械對面）,120.37920638476,22.5431081148746
3233,高桂分隊,地上,小港區,金鋁街12號（峰達實業右側）,120.377594766865,22.5432005911672
3234,高桂分隊,地上,小港區,金鋁街22號（打狗地麥酒右側）,120.3760378,22.5432277
3235,高桂分隊,地上,小港區,金鋁街8號（必丕志國際）,120.378622449651,22.5433624992883
3236,高桂分隊,地上,小港區,長泰街（川進-寶崧公司之間）,120.375759943447,22.5454814577137
3237,高桂分隊,地上,小港區,長泰街24號對面（文樂）,120.376867241734,22.5463039786486
3238,高桂分隊,地上,小港區,長泰街33號（進發橡膠左側）,120.374442041664,22.5444026842282
3239,高桂分隊,地上,小港區,長泰街37號（合雄-年鴻公司之間）,120.374403586473,22.5444120455168
3240,高桂分隊,地上,小港區,長泰街5號門口（新海洋遊艇）,120.377918932541,22.547118200077
3241,高桂分隊,地上,小港區,青山街123巷7號前,120.35903035582,22.5706792787641
3242,高桂分隊,地上,小港區,青山街139號前,120.358543682209,22.570920773704
3243,高桂分隊,地上,小港區,建成街22號,120.367455317791,22.5633262571452
3244,高桂分隊,地上,小港區,建成街97號前,120.369596555829,22.5634771546046
3245,高桂分隊,地上,小港區,茂大街3號左側10米,120.366080865082,22.5556412653042
3246,高桂分隊,地上,小港區,茂大街4號左前,120.364535942922,22.554702434202
3247,高桂分隊,地上,小港區,茂大街5號右側20米,120.363269940267,22.5537586722934
3248,高桂分隊,地上,小港區,茂大街-光陽街口往茂大街東面10米,120.368043299475,22.556973411191
3249,高桂分隊,地上,小港區,飛機路、松柏街口,120.364727920576,22.5730005463803
3250,高桂分隊,地上,小港區,飛機路14號對面安全島上（泰山里守望相助亭前）,120.365470647812,22.5729528265288
3251,高桂分隊,地上,小港區,飛機路236號對面,120.36090284586,22.5731311509067
3252,高桂分隊,地上,小港區,高坪11路（高坪3街與高坪1街中間）,120.381311895709,22.5402220986199
3253,高桂分隊,地上,小港區,高坪11路20m與高坪3街口,120.380909564357,22.5408017895418
3254,高桂分隊,地上,小港區,高坪11路238號前,120.380646219227,22.5418735786784
3255,高桂分隊,地上,小港區,高坪11路2號（唐榮運輸停車場）前,120.380303511362,22.5465505277269
3256,高桂分隊,地上,小港區,高坪11路52號左前,120.382070472214,22.539728231296
3257,高桂分隊,地上,小港區,高坪11路之3,120.382521083328,22.549434052126
3258,高桂分隊,地上,小港區,高坪11路高壓電塔前,120.38148038623,22.5479328901565
3259,高桂分隊,地上,小港區,高坪11路與高坪12街口,120.379663878448,22.5456279563595
3260,高桂分隊,地上,小港區,高坪11路與高坪35路口,120.383234550926,22.5499443443899
3261,高桂分隊,地上,小港區,高坪11路與高坪7路口,120.38027276694,22.5431334191266
3262,高桂分隊,地上,小港區,高坪11路與高坪9街口,120.380019070964,22.5437200256701
3263,高桂分隊,地上,小港區,高坪15路456巷口,120.393241347873,22.5598124437204
3264,高桂分隊,地上,小港區,高坪15路516號前,120.393240531656,22.5605795450494
3265,高桂分隊,地上,小港區,高坪15路62號右側旁巷口,120.39552979705,22.5540489081794
3266,高桂分隊,地上,小港區,高坪15路92號,120.394937028858,22.5547523938789
3267,高桂分隊,地上,小港區,高坪15路之1（第二支路燈）,120.39442271528,22.5553735142751
3268,高桂分隊,地上,小港區,高坪15路之2,120.393775632355,22.5562510046226
3269,高桂分隊,地上,小港區,高坪15路與高坪17街口,120.393536263473,22.5567353629448
3270,高桂分隊,地上,小港區,高坪15路與高坪20街口,120.393281453617,22.558214136196
3271,高桂分隊,地上,小港區,高坪18路上40公尺與高坪27路口,120.38818054435,22.5533974375894
3272,高桂分隊,地上,小港區,高坪18路上高坪38街右斜對面,120.384572320946,22.5526729896754
3273,高桂分隊,地上,小港區,高坪18路之1（由東邊算起）,120.386123290035,22.5531918397683
3274,高桂分隊,地上,小港區,高坪18路與高坪19街口,120.389930033453,22.5535913689756
3275,高桂分隊,地上,小港區,高坪18路與高坪23路口（東往西算起）,120.389167597267,22.5534890895313
3276,高桂分隊,地上,小港區,高坪18路與高坪27路口,120.387183433148,22.5532971157994
3277,高桂分隊,地上,小港區,高坪18路與高坪29路口,120.385200610134,22.5530456917333
3278,高桂分隊,地上,小港區,高坪22路118號右側（17街與21街中間）,120.390288108356,22.5589176006535
3279,高桂分隊,地上,小港區,高坪22路12號左側5公尺處,120.392911308773,22.5589374165017
3280,高桂分隊,地上,小港區,高坪22路260號前,120.385780455928,22.5585827495823
3281,高桂分隊,地上,小港區,高坪22路82號旁（與高坪17街口）,120.391390496262,22.5589349395209
3282,高桂分隊,地上,小港區,高坪22路之1,120.387273957703,22.558777551162
3283,高桂分隊,地上,小港區,高坪22路高坪35街口,120.380275771022,22.5556938981005
3284,高桂分隊,地上,小港區,高坪22路高坪76街口,120.377001585822,22.5545278618976
3285,高桂分隊,地上,小港區,高坪22路與29街口〈於22路上〉,120.383368364819,22.5574785205885
3286,高桂分隊,地上,小港區,高坪22路與7路口（德維交通公司前）,120.381821026775,22.5567612716729
3287,高桂分隊,地上,小港區,高坪22路與高坪17街口 （於22路上）,120.391350263126,22.5586178856016
3288,高桂分隊,地上,小港區,高坪22路與高坪21街口,120.389258140095,22.5589250315969
3289,高桂分隊,地上,小港區,高坪22路與高坪29路口,120.383364638063,22.5571192005888
3290,高桂分隊,地上,小港區,高坪22路與高坪35路口,120.380171468231,22.5560033014907
3291,高桂分隊,地上,小港區,高坪22路與高坪37路口,120.378701617691,22.5548836777848
3292,高桂分隊,地上,小港區,高坪22路與高坪39路口,120.377178122971,22.5541851468872
3293,高桂分隊,地上,小港區,高坪22路與高坪7路口,120.381871988747,22.5564194424984
3294,高桂分隊,地上,小港區,高坪23路233號（天寶宮對面）,120.388712962839,22.5575780665775
3295,高桂分隊,地上,小港區,高坪23路256號前,120.388773312542,22.5568380592694
3296,高桂分隊,地上,小港區,高坪23路730號   [九龍寺],120.388765265915,22.5627654373018
3297,高桂分隊,地上,小港區,高坪23路之1,120.388706257317,22.5598129264724
3298,高桂分隊,地上,小港區,高坪23路之1 （晶富招牌對面）,120.389893805358,22.5531732616369
3299,高桂分隊,地上,小港區,高坪23路之2,120.389014711353,22.5554125277252
3300,高桂分隊,地上,小港區,高坪23路之2      [靠公園，九龍寺門口對面],120.388284298043,22.562718636983
3301,高桂分隊,地上,小港區,高坪23路之3,120.388880600903,22.5561271531124
3302,高桂分隊,地上,小港區,高坪23路之3      [靠公園，殘障專用路口],120.388350012164,22.5611984232865
3303,高桂分隊,地上,小港區,高坪23路之4      [靠公園],120.388374152045,22.560096180472
3304,高桂分隊,地上,小港區,高坪23路與高坪18路口 （於23路上）,120.389520307753,22.5539758346352
3305,高桂分隊,地上,小港區,高坪23路與高坪32街口,120.388756567009,22.5609115561138
3306,高桂分隊,地上,小港區,高坪23路與高坪二十二路口,120.388296367984,22.5589642050872
3307,高桂分隊,地上,小港區,高坪25路1號左前與高坪23路口（北邊）,120.38826881639,22.55761789013
3308,高桂分隊,地上,小港區,高坪25路之3,120.387402703735,22.5566968691394
3309,高桂分隊,地上,小港區,高坪25路之4,120.387685676786,22.5550719337336
3310,高桂分隊,地上,小港區,高坪25路之5（轉彎處）,120.387992789719,22.5539411556515
3311,高桂分隊,地上,小港區,高坪25路之6與高坪23路口（南邊）,120.389054944489,22.5540142292141
3312,高桂分隊,地上,小港區,高坪26街171號對面,120.390239483112,22.5594476391224
3313,高桂分隊,地上,小港區,高坪27街488號前,120.383930927509,22.5594203924306
3314,高桂分隊,地上,小港區,高坪27街672號前,120.382787110667,22.5619489341388
3315,高桂分隊,地上,小港區,高坪27街852巷口,120.382470610004,22.562565687524
3316,高桂分隊,地上,小港區,高坪29街與22路口〈西邊〉,120.382844862996,22.5572692349834
3317,高桂分隊,地上,小港區,高坪29路190號右側,120.384017755959,22.5559190823245
3318,高桂分隊,地上,小港區,高坪29路360號前,120.382183124992,22.5592011147283
3319,高桂分隊,地上,小港區,高坪29路底,120.385181834671,22.5537169805825
3320,高桂分隊,地上,小港區,高坪2街之2,120.382002419227,22.5407700083198
3321,高桂分隊,地上,小港區,高坪35路（南邊）20m與高坪39街口,120.38196119047,22.5524073211587
3322,高桂分隊,地上,小港區,高坪35路197號對面,120.38169161019,22.5528685799244
3323,高桂分隊,地上,小港區,高坪35路279號前,120.380855920177,22.554475843627
3324,高桂分隊,地上,小港區,高坪35路上與高坪11路口,120.383232539269,22.5503344937559
3325,高桂分隊,地上,小港區,高坪35路與50路口約10公尺,120.381493797276,22.5535064290811
3326,高桂分隊,地上,小港區,高坪35路與高坪18路口,120.382630383346,22.5512993345919
3327,高桂分隊,地上,小港區,高坪37街上（60街與72街中間）,120.379371172183,22.5536910367897
3328,高桂分隊,地上,小港區,高坪37路345號,120.377717246983,22.5566720989264
3329,高桂分隊,地上,小港區,高坪38街上10m與高坪18路口,120.384296378487,22.5521255164671
3330,高桂分隊,地上,小港區,高坪39街與高坪7路口,120.383318042749,22.5527063959381
3331,高桂分隊,地上,小港區,高坪3街115號右前,120.382854838046,22.5424635264742
3332,高桂分隊,地上,小港區,高坪3街125號前,120.383392620954,22.5431348668026
3333,高桂分隊,地上,小港區,高坪3街路上10公尺與高坪11路口,120.38125944733,22.5407823948541
3334,高桂分隊,地上,小港區,高坪3街路上5公尺與高坪6街口,120.38248521685,22.542008656263
3335,高桂分隊,地上,小港區,高坪3街與高坪2街口,120.381838804477,22.5413323558635
3336,高桂分隊,地上,小港區,高坪50路241號前,120.380943944427,22.5532574824794
3337,高桂分隊,地上,小港區,高坪50路與高坪33街口,120.381959849365,22.5537201769118
3338,高桂分隊,地上,小港區,高坪5路102號前,120.382306506607,22.5431493756888
3339,高桂分隊,地上,小港區,高坪5路132號對面,120.38300656316,22.5437872697719
3340,高桂分隊,地上,小港區,高坪5路5m與高坪8路口,120.383317699406,22.5445911359812
3341,高桂分隊,地上,小港區,高坪5路路上10公尺與高坪11路口,120.380717968318,22.5421727107833
3342,高桂分隊,地上,小港區,高坪60街與高坪29路口,120.383539324992,22.5567650526941
3343,高桂分隊,地上,小港區,高坪60街與高坪7路口,120.382058745616,22.5559550648198
3344,高桂分隊,地上,小港區,高坪62街 [益泰汽車材料]大坪頂分倉庫左斜對面,120.378582602733,22.5564727640402
3345,高桂分隊,地上,小港區,高坪62街46號前,120.384117341035,22.5589460514427
3346,高桂分隊,地上,小港區,高坪62街底,120.384950166934,22.5593683760052
3347,高桂分隊,地上,小港區,高坪62街與高坪37街口靠〈37街上〉,120.37799251675,22.5561061638362
3348,高桂分隊,地上,小港區,高坪62街與高坪7路口,120.381356006854,22.5577917736072
3349,高桂分隊,地上,小港區,高坪66街與高坪35街口,120.379086858028,22.558112544919
3350,高桂分隊,地上,小港區,高坪7路（35街與36街中間）,120.384522011253,22.5500384757665
3351,高桂分隊,地上,小港區,高坪7路（東邊）與高坪18路口,120.383842071268,22.5518312946585
3352,高桂分隊,地上,小港區,高坪7路（南邊）與高坪18路口,120.383607377979,22.5522232965141
3353,高桂分隊,地上,小港區,高坪7路1115號左前200公尺處第一路燈下,120.380450417969,22.5597188017656
3354,高桂分隊,地上,小港區,高坪7路133號對面,120.382356127474,22.5453702252664
3355,高桂分隊,地上,小港區,高坪7路141號對面無名巷子,120.382714202377,22.5456167088782
3356,高桂分隊,地上,小港區,高坪7路350巷口,120.383425803983,22.5487535895754
3357,高桂分隊,地上,小港區,高坪7路與（高坪12街對面）右邊30公尺,120.382363521822,22.5465891143004
3358,高桂分隊,地上,小港區,高坪7路與（朝天街16巷口）,120.380790406235,22.5432646684242
3359,高桂分隊,地上,小港區,高坪7路與66路口右轉1公尺處,120.381120970222,22.5588914923663
3360,高桂分隊,地上,小港區,高坪7路與高坪12街口,120.382367545135,22.5459054046998
3361,高桂分隊,地上,小港區,高坪7路與高坪16街口,120.382666611441,22.5480457017196
3362,高桂分隊,地上,小港區,高坪7路與高坪35街口,120.383992963799,22.5493214416763
3363,高桂分隊,地上,小港區,高坪7路與高坪36街口,120.38454683996,22.550512947372
3364,高桂分隊,地上,小港區,高坪7路與高坪3街口,120.381982447963,22.5440073868416
3365,高桂分隊,地上,小港區,高坪7路與高坪50路口,120.382636418316,22.554051385248
3366,高桂分隊,地上,小港區,高坪7路與高坪6街口,120.381306531291,22.5435862538861
3367,高桂分隊,地上,小港區,高坪7路與高坪8路口,120.382352592807,22.5447010147909
3368,高桂分隊,地上,小港區,高坪8街上（高坪7路與高坪5路中間）,120.382643467181,22.5449689798208
3369,高桂分隊,地上,小港區,高坪十五路與高坪二十二路口（東方）,120.393249464418,22.558778403805
3370,高桂分隊,地上,小港區,高松派出所前,120.372461927578,22.5725383474663
3371,高桂分隊,地上,小港區,高松路12號對面,120.375056651339,22.5711851047971
3372,高桂分隊,地上,小港區,高松路自動攝影機斜對面,120.373952292838,22.5717734122798
3373,高桂分隊,地上,小港區,高松路-松美路口,120.378651523032,22.5690489600613
3374,高桂分隊,地上,小港區,高桂分隊旁,120.370814949274,22.5622219801638
3375,高桂分隊,地上,小港區,高鳳路、孔宅6街口,120.371654214889,22.5779703839917
3376,高桂分隊,地上,小港區,高鳳路、東高街口,120.368559616238,22.5848205968938
3377,高桂分隊,地上,小港區,高鳳路1-1號前、高松路口,120.370956642853,22.5730161262955
3378,高桂分隊,地上,小港區,高鳳路13-8號左側邊前（鳳興家具）,120.371179667494,22.5750874687494
3379,高桂分隊,地上,小港區,高鳳路24-56號大門左前,120.371153031912,22.5754883782415
3380,高桂分隊,地上,小港區,高鳳路34-6號前-松興路口,120.371380804894,22.5748010301751
3381,高桂分隊,地上,小港區,高鳳路82-68號,120.370290441803,22.582377455145
3382,高桂分隊,地上,小港區,康莊路-大鵬路口（果子狸水果行前）,120.35828536008,22.568492781107
3383,高桂分隊,地上,小港區,康莊路-行義路口（迪化街麵線前）,120.353093944532,22.5683169275407
3384,高桂分隊,地上,小港區,康莊路-金府路口（檳榔攤）,120.354381404858,22.5684358144833
3385,高桂分隊,地上,小港區,康莊路-崇文路口,120.352109573823,22.5682915402116
3386,高桂分隊,地上,小港區,康莊路-樂利路口（澄果水果行前）,120.356954984409,22.5682896826019
3387,高桂分隊,地上,小港區,康莊路-龍華街口（全聯前）,120.355992071372,22.5682927786181
3388,高桂分隊,地上,小港區,博學路（商檢局外牆）,120.370581161902,22.5667416698565
3389,高桂分隊,地上,小港區,博學路-水秀路（圖書館前）,120.370825242922,22.5605618138919
3390,高桂分隊,地上,小港區,博學路-秀峰街口,120.370656263754,22.5677398330341
3391,高桂分隊,地上,小港區,博學路往松仁街20公尺前,120.3706401705,22.5595710296613
3392,高桂分隊,地上,小港區,博學路-松仁街口,120.370817196295,22.5590013255054
3393,高桂分隊,地上,小港區,博學路-鳳陽國小靠水秀路口,120.370838653967,22.5609581255913
3394,高桂分隊,地上,小港區,博學路-鳳陽國小籃球場前,120.370833289549,22.5620776999886
3395,高桂分隊,地上,小港區,博學路靠鳳福路口北側,120.370758187697,22.5631217196934
3396,高桂分隊,地上,小港區,朝天街47號旁,120.381061626984,22.5429942499407
3397,高桂分隊,地上,小港區,朝天街-朝興路口,120.380210915834,22.5425101387867
3398,高桂分隊,地上,小港區,華昌街103號對面,120.362721483467,22.583992906123
3399,高桂分隊,地上,小港區,華昌路53號對面,120.362694561481,22.5826708034461
3400,高桂分隊,地上,小港區,嘉興街上-利隆鋼鐵右側20米,120.361909951382,22.5609199036185
3401,高桂分隊,地上,小港區,嘉興街-光陽街口（東和鋼鐵前）,120.363546098881,22.561488980615
3402,高桂分隊,地上,小港區,嘉興街-海光鋼鐵側門右斜面,120.360668088608,22.5599464607002
3403,高桂分隊,地上,小港區,漢民路800號前,120.364700558089,22.5686881245507
3404,高桂分隊,地上,小港區,漢民路829號對面（7-11對面）,120.365420334988,22.5691270145851
3405,高桂分隊,地上,小港區,漢民路-山明路口,120.362577117435,22.5677150529702
3406,高桂分隊,地上,小港區,漢民路-金府路口（康是美前）,120.354417837612,22.5669571429922
3407,高桂分隊,地上,小港區,漢民路-崇文路口（巨匠電腦前）,120.353407315366,22.5669107022944
3408,高桂分隊,地上,小港區,漢民路-華盛街口（呷尚飽前）,120.360057182066,22.5669843881943
3409,高桂分隊,地上,小港區,漢民路-新豐街口（桂林藥局）,120.361343301289,22.567489661876
3410,高桂分隊,地上,小港區,漢民路-樂利路口（全聯前）,120.356931067459,22.5669608582474
3411,高桂分隊,地上,小港區,漢民路-龍華路口（嘉家生活百貨前）,120.355958766691,22.5669348514593
3412,高桂分隊,地上,小港區,營口路（圍牆1171北側）,120.370757560678,22.5694673266845
3413,高桂分隊,地上,小港區,營口路（圍牆1174北側）,120.370705257603,22.5685558643245
3414,高桂分隊,地上,小港區,營口路營區大門右側,120.370792150497,22.570206472509
3415,高桂分隊,地上,小港區,營口路營區外牆往南第2支路燈,120.370906423279,22.5724964096555
3416,高桂分隊,地上,小港區,營口路營區外牆往南第4支路燈,120.37085009689,22.5712964252219
3417,高桂分隊,地上,小港區,營前街2號前,120.371239660494,22.5703485616079
3418,小港分隊,地上,小港區,二苓路208號前,120.348744944774,22.5654308968485
3419,小港分隊,地上,小港區,二苓路264號左前,120.347314921461,22.5654914058947
3420,小港分隊,地上,小港區,大地街、台機路口東北側,120.347445910641,22.5610717335816
3421,小港分隊,地上,小港區,大地街6號（大地菱農機公司大門北側）,120.346095777944,22.5631664607655
3422,小港分隊,地上,小港區,大業北路、二苓路東北側,120.346065528576,22.5655357306035
3423,小港分隊,地上,小港區,大業北路、中山四路轉角處（公園左側）,120.343782298152,22.5685580887422
3424,小港分隊,地上,小港區,大業北路、中鋼路口,120.352536357824,22.5578752018318
3425,小港分隊,地上,小港區,大業北路、漢民路口,120.349324412529,22.5624928716479
3426,小港分隊,地上,小港區,大業北路162號前,120.349868498759,22.5610963335025
3427,小港分隊,地上,小港區,大業北路210號前,120.349162250909,22.5618814228386
3428,小港分隊,地上,小港區,大業北路25號大門旁,120.346951195106,22.564383136177
3429,小港分隊,地上,小港區,大業北路310號,120.347729496277,22.5634769665574
3430,小港分隊,地上,小港區,大業北路404號,120.346564708581,22.564877522829
3431,小港分隊,地上,小港區,大業北路48號前,120.351623708581,22.5591022563802
3432,小港分隊,地上,小港區,大業北路50號前,120.351543982804,22.5591940426915
3433,小港分隊,地上,小港區,大業北路中國時報大門南側,120.349305637066,22.5617039713283
3434,小港分隊,地上,小港區,大業北路航油供應站旁,120.343484572951,22.568920321442
3435,小港分隊,地上,小港區,大業北路高雄公園側門入口旁,120.344158477966,22.5680757295328
3436,小港分隊,地上,小港區,大業北路管理中心側門入口旁,120.345250137036,22.5665890122895
3437,小港分隊,地上,小港區,大業北路憲兵隊旁,120.348900623505,22.5621547720635
3438,小港分隊,地上,小港區,小港路、小港二街口,120.335947720628,22.5640539092091
3439,小港分隊,地上,小港區,小港路155號前,120.339067726355,22.5651859217295
3440,小港分隊,地上,小港區,小港路20號（小港分局）旁停車場內,120.344795272318,22.5658355974551
3441,小港分隊,地上,小港區,小港路217號前,120.336682901206,22.5644812067224
3442,小港分隊,地上,小港區,中山四路南下機車分隔島上（靠近平和東路）,120.337235704064,22.570466787301
3443,小港分隊,地上,小港區,中山四路機場出口處北向安全島,120.336860761069,22.5715138607916
3444,小港分隊,地上,小港區,中光街、光盛街口,120.355894850926,22.5726767267144
3445,小港分隊,地上,小港區,中光街23號前（活動中心前）,120.355865346627,22.5717386605063
3446,小港分隊,地上,小港區,中安路、明聖街口,120.344706845169,22.5833934856273
3447,小港分隊,地上,小港區,中安路、桂園路口,120.354861017947,22.5847921052924
3448,小港分隊,地上,小港區,中安路320號前,120.346249084079,22.5838517492126
3449,小港分隊,地上,小港區,中安路418號前（近德仁路）,120.349558987766,22.5848181683683
3450,小港分隊,地上,小港區,中安路472號（祥億貨運前左側）,120.351664106903,22.5848580808714
3451,小港分隊,地上,小港區,中安路571號左前,120.355313670552,22.5848158873377
3452,小港分隊,地上,小港區,中船二村25號旁,120.333505804317,22.5616888960588
3453,小港分隊,地上,小港區,中鋼路（中船大門附近）,120.347444881063,22.5542090970802
3454,小港分隊,地上,小港區,中鋼路（中鋼大門東側）,120.347883422237,22.5545007712659
3455,小港分隊,地上,小港區,中鋼路（台機公司後門正對面）,120.350977350336,22.5567158648545
3456,小港分隊,地上,小港區,中鋼路（台機公司後門西側）,120.349789802295,22.5558699596757
3457,小港分隊,地上,小港區,中鋼路、大業北路口東南側,120.353100989324,22.5582274584839
3458,小港分隊,地上,小港區,中鋼路、店北路西北側,120.353593174678,22.5589594081514
3459,小港分隊,地上,小港區,中鋼路、沿海一路口（北側）,120.356797073346,22.5612097265396
3460,小港分隊,地上,小港區,中鋼路、沿海一路口（南側）,120.35687284575,22.5608672891533
3461,小港分隊,地上,小港區,台機路14號（高興工業公司）大門東側,120.34571108289,22.5597503293359
3462,小港分隊,地上,小港區,台機路14號（高興工業公司）大門對面,120.34526449509,22.5593955034638
3463,小港分隊,地上,小港區,台機路20號（國際鎂合金公司）大門對面,120.343720883802,22.5582245096839
3464,小港分隊,地上,小港區,台機路26號（聯華公司）大門東側,120.341668323353,22.5566862880457
3465,小港分隊,地上,小港區,台機路26號（聯華公司）大門斜對面,120.341837302521,22.5567965154485
3466,小港分隊,地上,小港區,台機路8號（大隆華工業公司）對面,120.347131983116,22.5608160399492
3467,小港分隊,地上,小港區,台糖路10-1號對面,120.342772184027,22.5647204018316
3468,小港分隊,地上,小港區,台糖路13-1號、15號交接處,120.343302119627,22.5647669652734
3469,小港分隊,地上,小港區,台糖路17號旁轉角處,120.342225184026,22.5646783099679
3470,小港分隊,地上,小港區,台糖路7號（大門東側）,120.344333678573,22.5648659651168
3471,小港分隊,地上,小港區,平和九路36號前,120.333725976686,22.5631753620402
3472,小港分隊,地上,小港區,平和十路52號（中鋼幼稚園）斜對角,120.332723879583,22.5628745213705
3473,小港分隊,地上,小港區,平和十路5巷1弄16號,120.333059127595,22.5636242537939
3474,小港分隊,地上,小港區,平和西路19號前,120.332524332506,22.5655644836028
3475,小港分隊,地上,小港區,平和東路、平和南路口,120.336709272179,22.5687359534846
3476,小港分隊,地上,小港區,平和東路、翠亨南路口,120.337672185215,22.5694690857688
3477,小港分隊,地上,小港區,平和東路121號,120.333758405505,22.5664573482531
3478,小港分隊,地上,小港區,平和東路61號前,120.336149411778,22.5682976442759
3479,小港分隊,地上,小港區,平和東路71號前,120.335296982803,22.5676611327027
3480,小港分隊,地上,小港區,平和東路93號,120.334374366149,22.5669485246566
3481,小港分隊,地上,小港區,平和南路119號前（分隊前）,120.336630812915,22.5629771922715
3482,小港分隊,地上,小港區,平和南路150巷口,120.339017417179,22.5647657729715
3483,小港分隊,地上,小港區,平和路、平和東路（東南角）,120.333091620134,22.5659344521564
3484,小港分隊,地上,小港區,平和路、港興路口,120.331206027196,22.5681245939483
3485,小港分隊,地上,小港區,平和路296巷45號對面,120.331015227595,22.5703110990485
3486,小港分隊,地上,小港區,平和路296巷口,120.33011463789,22.5696824598901
3487,小港分隊,地上,小港區,民義街38號前,120.350171708581,22.5703942787028
3488,小港分隊,地上,小港區,永義街157巷1號前,120.349241734952,22.5667230136711
3489,小港分隊,地上,小港區,永義街2號前,120.350533635582,22.5654161568314
3490,小港分隊,地上,小港區,永義街96號前,120.349984442957,22.5669327977279
3491,小港分隊,地上,小港區,光和路、平和二路口,120.336212341525,22.5603380715989
3492,小港分隊,地上,小港區,光和路、東亞南路口,120.337402571776,22.5589416807551
3493,小港分隊,地上,小港區,宏平路、民義街口,120.350156629421,22.5696460820786
3494,小港分隊,地上,小港區,宏平路、廠邊一路口,120.354493761399,22.5699179093474
3495,小港分隊,地上,小港區,宏平路460巷口,120.356827318403,22.5699117223749
3496,小港分隊,地上,小港區,宏平路506號前,120.355637711063,22.5699014797228
3497,小港分隊,地上,小港區,宏平路618號前,120.35324201662,22.569881433258
3498,小港分隊,地上,小港區,宏平路664號前,120.351807300611,22.5698683544702
3499,小港分隊,地上,小港區,宏平路686-3號、廠西路口,120.350850912863,22.5697769624522
3500,小港分隊,地上,小港區,明芳街50號、店中路口,120.352320157655,22.5623703540203
3501,小港分隊,地上,小港區,明聖街90號前,120.347214787119,22.5821649394452
3502,小港分隊,地上,小港區,東亞南路、中船一村2號前（草坪內）,120.333897416585,22.5600752536672
3503,小港分隊,地上,小港區,東亞南路、中船二村10號旁（草坪內）,120.333154204281,22.5609462371552
3504,小港分隊,地上,小港區,東亞南路、平和七路口（草坪內）,120.332280574556,22.5619060676757
3505,小港分隊,地上,小港區,東亞南路1號前,120.330757414104,22.5640089721537
3506,小港分隊,地上,小港區,東亞南路21號前,120.331148726931,22.5634775391539
3507,小港分隊,地上,小港區,東亞路、亞太路口,120.329080186001,22.5657144206093
3508,小港分隊,地上,小港區,東亞路、崇明街口,120.327404475919,22.567399912942
3509,小港分隊,地上,小港區,東亞路3號前,120.329757694443,22.5648489146875
3510,小港分隊,地上,小港區,東亞路4號對面,120.327050560852,22.56813533901
3511,小港分隊,地上,小港區,沿海一路250號前（捷運機房旁）,120.353163856483,22.565444448186
3512,小港分隊,地上,小港區,沿海一路-捷運1號出口前,120.354254098812,22.5642569275647
3513,小港分隊,地上,小港區,長春街（漢威鐵工廠西側）,120.34470702022,22.5633587394803
3514,小港分隊,地上,小港區,信義二路、平和路口,120.333783005084,22.5648812658979
3515,小港分隊,地上,小港區,信義二路11號前,120.33324889203,22.564561883025
3516,小港分隊,地上,小港區,飛機路、民治街口,120.348438194676,22.5707869527616
3517,小港分隊,地上,小港區,桂華路、德仁路口,120.34960624064,22.5834875177694
3518,小港分隊,地上,小港區,桂陽路、桂聖街口,120.351199523982,22.5820536349323
3519,小港分隊,地上,小港區,桂陽路305號左前,120.352346087714,22.5820080626887
3520,小港分隊,地上,小港區,桂陽路35號前,120.357940585896,22.5817187349273
3521,小港分隊,地上,小港區,崇明街、孝先街口,120.331207317301,22.5701033047754
3522,小港分隊,地上,小港區,崇明街164號對面,120.329983491436,22.5691859218205
3523,小港分隊,地上,小港區,港壽街、平和路296巷口,120.331816498672,22.570861147839
3524,小港分隊,地上,小港區,漢民路180號前,120.351259201223,22.5650753029087
3525,小港分隊,地上,小港區,漢民路243巷、義興街口,120.351941143621,22.5659780634877
3526,小港分隊,地上,小港區,漢民路67號前,120.349752775463,22.562895628135
3527,小港分隊,地上,小港區,翠亨南路、豐田街口,120.335721179415,22.5702019391385
3528,小港分隊,地上,小港區,德仁路1號前,120.349547442957,22.5821403047082
3529,橋頭分隊,地上,橋頭區,三民路172號,120.304833333333,22.7541944444444
3530,橋頭分隊,地上,橋頭區,三民路230號,120.30575,22.7548055555556
3531,橋頭分隊,地上,橋頭區,三民路24號前,120.3065,22.752
3532,橋頭分隊,地上,橋頭區,三德路5號前,120.291363894939,22.7556857055708
3533,橋頭分隊,地上,橋頭區,中正路29號前,120.305136977513,22.7630289207479
3534,橋頭分隊,地上,橋頭區,中正路與美德街口,120.304628160053,22.7639950534354
3535,橋頭分隊,地上,橋頭區,中正路與德松路民族巷口,120.30423199537,22.7647739749089
3536,橋頭分隊,地上,橋頭區,中正路與鐵道北路口,120.303787023804,22.7656288634339
3537,橋頭分隊,地上,橋頭區,中崎路19-2號前,120.324626818948,22.7624727466435
3538,橋頭分隊,地上,橋頭區,中崎路與通燕路口,120.318898461474,22.7625257350516
3539,橋頭分隊,地上,橋頭區,中崎路關聖巷口,120.323188293483,22.7622238892145
3540,橋頭分隊,地上,橋頭區,五林國小前,120.293972222222,22.7601111111111
3541,橋頭分隊,地上,橋頭區,五林路與里林東路口,120.293777212501,22.7626958526309
3542,橋頭分隊,地上,橋頭區,公園路網球場旁,120.306166666667,22.7556388888889
3543,橋頭分隊,地上,橋頭區,戶政事務所旁,120.305166666667,22.75775
3544,橋頭分隊,地上,橋頭區,仕隆活動中心對面,120.310740172863,22.7530440537791
3545,橋頭分隊,地上,橋頭區,仕隆路125號前,120.309944444444,22.7523333333333
3546,橋頭分隊,地上,橋頭區,仕隆路147號對面,120.309653878212,22.751938403455
3547,橋頭分隊,地上,橋頭區,仕隆路19號前,120.311177372932,22.7542684212137
3548,橋頭分隊,地上,橋頭區,仕隆路32號旁,120.311126410961,22.7538058836948
3549,橋頭分隊,地上,橋頭區,仕隆路教會斜對面,120.310957431793,22.7538231979617
3550,橋頭分隊,地上,橋頭區,仕隆路網球場前,120.310694444444,22.75275
3551,橋頭分隊,地上,橋頭區,仕豐南路100號西側100 M處,120.308083333333,22.7481111111111
3552,橋頭分隊,地上,橋頭區,仕豐南路100號前,120.308833333333,22.7485
3553,橋頭分隊,地上,橋頭區,仕豐南路與大崎巷口,120.311112303605,22.7499191735831
3554,橋頭分隊,地上,橋頭區,仕豐南路與仕龍東巷口,120.311103801369,22.7498029135015
3555,橋頭分隊,地上,橋頭區,仕豐路146號對面,120.30576158306,22.7489488876102
3556,橋頭分隊,地上,橋頭區,仕豐路158-42號前,120.306885570271,22.7475966976919
3557,橋頭分隊,地上,橋頭區,仕豐路64號前,120.307527777778,22.7505
3558,橋頭分隊,地上,橋頭區,仕豐路大崎巷8號對面,120.309527777778,22.75075
3559,橋頭分隊,地上,橋頭區,仕豐路六合巷61號前,120.304,22.7502222222222
3560,橋頭分隊,地上,橋頭區,仕豐路成功巷48號南?,120.307722222222,22.7493333333333
3561,橋頭分隊,地上,橋頭區,仕豐路長記巷與文武巷口,120.308375986913,22.7498930269099
3562,橋頭分隊,地上,橋頭區,仕豐路長記巷與信義巷口,120.308656495743,22.749493772511
3563,橋頭分隊,地上,橋頭區,仕豐路與大仁路口,120.303027777778,22.7465555555556
3564,橋頭分隊,地上,橋頭區,仕豐路與隆豐路口,120.308967232704,22.7515624308363
3565,橋頭分隊,地上,橋頭區,甲昌路195號,120.293861111111,22.7371666666667
3566,橋頭分隊,地上,橋頭區,甲昌路222號前,120.293678488927,22.7368644841804
3567,橋頭分隊,地上,橋頭區,甲昌路286號,120.29395076455,22.7335361191788
3568,橋頭分隊,地上,橋頭區,甲昌路28號,120.2943484709,22.7416265204529
3569,橋頭分隊,地上,橋頭區,甲昌路市場巷口,120.294777777778,22.7393888888889
3570,橋頭分隊,地上,橋頭區,甲昌路與甲新路口,120.294035375118,22.742197410631
3571,橋頭分隊,地上,橋頭區,甲圍活動中心,120.295905752976,22.7428647197134
3572,橋頭分隊,地上,橋頭區,甲圍國小前,120.293416666667,22.7359166666667
3573,橋頭分隊,地上,橋頭區,甲新路義山宮旁,120.291892290115,22.7438893952191
3574,橋頭分隊,地上,橋頭區,甲樹路1168號,120.296807899475,22.7415140700489
3575,橋頭分隊,地上,橋頭區,甲樹路1186巷（394）1,120.301129368014,22.737572345688
3576,橋頭分隊,地上,橋頭區,甲樹路1186巷（395）1,120.301158872314,22.7378073527508
3577,橋頭分隊,地上,橋頭區,甲樹路1186巷（396）1,120.300254,22.738361
3578,橋頭分隊,地上,橋頭區,甲樹路與里林東路口,120.301333333333,22.7648055555556
3579,橋頭分隊,地上,橋頭區,白樹路31號前,120.305351614952,22.7583057383547
3580,橋頭分隊,地上,橋頭區,白樹路82號前,120.304383488366,22.7586426099342
3581,橋頭分隊,地上,橋頭區,白樹路與建樹路口,120.30388712883,22.7588541362616
3582,橋頭分隊,地上,橋頭區,合興街18號前,120.304356515408,22.7613769559103
3583,橋頭分隊,地上,橋頭區,成功北路138號前,120.307062618261,22.7649656475901
3584,橋頭分隊,地上,橋頭區,成功北路1號,120.308583333333,22.7618611111111
3585,橋頭分隊,地上,橋頭區,成功北路20號,120.308777777778,22.762
3586,橋頭分隊,地上,橋頭區,成功南路(001),120.314416666667,22.7493611111111
3587,橋頭分隊,地上,橋頭區,成功南路(002),120.314790265642,22.748592151217
3588,橋頭分隊,地上,橋頭區,成功南路(003),120.315,22.7480277777778
3589,橋頭分隊,地上,橋頭區,成功南路(004),120.315361111111,22.7473611111111
3590,橋頭分隊,地上,橋頭區,成功南路(005),120.315666666667,22.7466944444444
3591,橋頭分隊,地上,橋頭區,成功南路(006),120.315916666667,22.7458888888889
3592,橋頭分隊,地上,橋頭區,成功南路(007),120.316225290298,22.7450371623141
3593,橋頭分隊,地上,橋頭區,成功南路(008),120.316504240036,22.7441565487656
3594,橋頭分隊,地上,橋頭區,成功南路(009),120.316710871165,22.7433602457787
3595,橋頭分隊,地上,橋頭區,成功南路(010),120.316916666667,22.7425555555556
3596,橋頭分隊,地上,橋頭區,成功南路(011),120.317138888889,22.7418888888889
3597,橋頭分隊,地上,橋頭區,成功南路(012),120.317361111111,22.7410555555556
3598,橋頭分隊,地上,橋頭區,成功南路(013),120.317583333333,22.74025
3599,橋頭分隊,地上,橋頭區,成功南路(014),120.317722222222,22.7397777777778
3600,橋頭分隊,地上,橋頭區,成功南路(015),120.317888888889,22.7391666666667
3601,橋頭分隊,地上,橋頭區,成功南路(016),120.318071,22.739051
3602,橋頭分隊,地上,橋頭區,成功南路(017),120.318178,22.738586
3603,橋頭分隊,地上,橋頭區,成功南路(018),120.318468,22.737547
3604,橋頭分隊,地上,橋頭區,成功南路(019),120.318596,22.737052
3605,橋頭分隊,地上,橋頭區,成功南路(020),120.318768,22.736547
3606,橋頭分隊,地上,橋頭區,成功南路(021),120.318929,22.736033
3607,橋頭分隊,地上,橋頭區,成功南路240巷11號對面1,120.3146119,22.7509941008957
3608,橋頭分隊,地上,橋頭區,成功南路240巷口1,120.3139814,22.7508215
3609,橋頭分隊,地上,橋頭區,成功南路燦坤前1,120.313033676166,22.7522790847229
3610,橋頭分隊,地上,橋頭區,成功路177號前,120.310388888889,22.7572777777778
3611,橋頭分隊,地上,橋頭區,成功路與新興路口,120.309472222222,22.7598888888889
3612,橋頭分隊,地上,橋頭區,西林路通黃巷15號,120.29225,22.7648888888889
3613,橋頭分隊,地上,橋頭區,芋林路305號前,120.283206626773,22.7648117494027
3614,橋頭分隊,地上,橋頭區,芋寮路135號旁,120.280767157674,22.7616416019372
3615,橋頭分隊,地上,橋頭區,芋寮路89號前,120.283001195494,22.7612357177421
3616,橋頭分隊,地上,橋頭區,芋寮路南段13號旁（國盟對面）,120.28964047674,22.7583019794063
3617,橋頭分隊,地上,橋頭區,芋寮路南段2號對面,120.288652181625,22.7588788700138
3618,橋頭分隊,地上,橋頭區,芋寮路燁輝公司前,120.277137458324,22.7622154121219
3619,橋頭分隊,地上,橋頭區,里林西路46號前,120.290083333333,22.7631666666667
3620,橋頭分隊,地上,橋頭區,里林西路文化巷52號,120.29125,22.7606111111111
3621,橋頭分隊,地上,橋頭區,里林西路與市場巷口,120.291302204132,22.7630588097839
3622,橋頭分隊,地上,橋頭區,里林西路與明光巷口,120.28925,22.7632777777778
3623,橋頭分隊,地上,橋頭區,里林西路與秋尾巷口,120.287416666667,22.7635277777778
3624,橋頭分隊,地上,橋頭區,里林東路與明德南巷口,120.292187333107,22.7628683656059
3625,橋頭分隊,地上,橋頭區,里林東路興樹巷1號前,120.300150811672,22.7631453752316
3626,橋頭分隊,地上,橋頭區,里林東路興樹巷35號前,120.299805555556,22.7638055555556
3627,橋頭分隊,地上,橋頭區,典昌路20號前,120.267838,22.734836
3628,橋頭分隊,地上,橋頭區,典昌路36號前,120.269111111111,22.7336944444444
3629,橋頭分隊,地上,橋頭區,明德新村大門前（401）,120.296868431542,22.7330117458308
3630,橋頭分隊,地上,橋頭區,明德新村活動中心（402）,120.296750414345,22.7322762453503
3631,橋頭分隊,地上,橋頭區,林北路上、芋林路301號旁（欣建公司圍牆旁）,120.283608287573,22.7646948874616
3632,橋頭分隊,地上,橋頭區,林西路1-1號對面,120.302662543071,22.769539789022
3633,橋頭分隊,地上,橋頭區,林西路6巷圍牆後護安宮廟前廣場樹邊,120.301583333333,22.7691111111111
3634,橋頭分隊,地上,橋頭區,林頭路家和巷口,120.303583333333,22.7684166666667
3635,橋頭分隊,地上,橋頭區,南北路38號前,120.276567,22.7481455
3636,橋頭分隊,地上,橋頭區,南北路69-1號前,120.276662707329,22.7497320230448
3637,橋頭分隊,地上,橋頭區,南北路7號前,120.2769836,22.7463431
3638,橋頭分隊,地上,橋頭區,南溝路147號前,120.307416666667,22.7517777777778
3639,橋頭分隊,地上,橋頭區,南溝路89號前,120.309305555556,22.7535555555556
3640,橋頭分隊,地上,橋頭區,南溝路二段89號前,120.3045,22.75
3641,橋頭分隊,地上,橋頭區,南溝路二段一號斜對面,120.306083333333,22.75125
3642,橋頭分隊,地上,橋頭區,南溝路金福一巷口,120.307888888889,22.7520833333333
3643,橋頭分隊,地上,橋頭區,南溝路註生宮前,120.306638888889,22.7514722222222
3644,橋頭分隊,地上,橋頭區,南溝路義成巷口,120.308916666667,22.7529444444444
3645,橋頭分隊,地上,橋頭區,南溝路與隆豐路口,120.308611111111,22.7527222222222
3646,橋頭分隊,地上,橋頭區,美德街175號前,120.30228048563,22.76086992237
3647,橋頭分隊,地上,橋頭區,美德街207號前,120.302967131138,22.7597371284399
3648,橋頭分隊,地上,橋頭區,美德街72號前,120.303213894367,22.7629821374845
3649,橋頭分隊,地上,橋頭區,美德街與中正路口2,120.304153935126,22.7638669360193
3650,橋頭分隊,地上,橋頭區,海峰路14號前,120.332032371362,22.7636270473359
3651,橋頭分隊,地上,橋頭區,高苑工商大門西側,120.291444444444,22.7575
3652,橋頭分隊,地上,橋頭區,高苑工商大門東側,120.292805555556,22.7576944444444
3653,橋頭分隊,地上,橋頭區,通德路3號前,120.2778686,22.7480035
3654,橋頭分隊,地上,橋頭區,筆秀東路136號前,120.316470780837,22.7662181570122
3655,橋頭分隊,地上,橋頭區,筆秀路102號前,120.30818438616,22.7682520725034
3656,橋頭分隊,地上,橋頭區,筆秀路1號前,120.314812461641,22.7683855686912
3657,橋頭分隊,地上,橋頭區,筆秀路秀成巷口,120.313399232308,22.7686981085523
3658,橋頭分隊,地上,橋頭區,筆秀路信義巷口,120.311127204365,22.7680182399209
3659,橋頭分隊,地上,橋頭區,筆秀路與秀正路口,120.311919164021,22.7685614294048
3660,橋頭分隊,地上,橋頭區,隆豐路227號前,120.307611111111,22.7534166666667
3661,橋頭分隊,地上,橋頭區,新中一街(314),120.310666666667,22.7398055555556
3662,橋頭分隊,地上,橋頭區,新中一街(315),120.311027777778,22.7390833333333
3663,橋頭分隊,地上,橋頭區,新中一街(316),120.311361111111,22.7384722222222
3664,橋頭分隊,地上,橋頭區,新中一街(317),120.311583333333,22.7380833333333
3665,橋頭分隊,地上,橋頭區,新中一街(318),120.31189084053,22.7374874485032
3666,橋頭分隊,地上,橋頭區,新中二街(319),120.309944444444,22.7371388888889
3667,橋頭分隊,地上,橋頭區,新中二街(320),120.309916666667,22.7376111111111
3668,橋頭分隊,地上,橋頭區,新中二街(321),120.309798717499,22.7380514651257
3669,橋頭分隊,地上,橋頭區,新中二街(322),120.309833333333,22.7388611111111
3670,橋頭分隊,地上,橋頭區,新中二街(323),120.309777777778,22.7395277777778
3671,橋頭分隊,地上,橋頭區,新中三街(324),120.306666666667,22.7372777777778
3672,橋頭分隊,地上,橋頭區,新中三街（325）,120.306491,22.736784
3673,橋頭分隊,地上,橋頭區,新中三街（326）,120.305994,22.736705
3674,橋頭分隊,地上,橋頭區,新中三街（327）,120.304996,22.736566
3675,橋頭分隊,地上,橋頭區,新中五街(325),120.306833333333,22.7443888888889
3676,橋頭分隊,地上,橋頭區,新中五街(326),120.306638888889,22.7441666666667
3677,橋頭分隊,地上,橋頭區,新中五街(327),120.306361111111,22.7438055555556
3678,橋頭分隊,地上,橋頭區,新中五街(328),120.306166666667,22.7435555555556
3679,橋頭分隊,地上,橋頭區,新中五街(329),120.305916666667,22.7432222222222
3680,橋頭分隊,地上,橋頭區,新中五街(330),120.305527777778,22.7426666666667
3681,橋頭分隊,地上,橋頭區,新中五街(331),120.304166666667,22.7375555555556
3682,橋頭分隊,地上,橋頭區,新中五街(332),120.30425,22.7368333333333
3683,橋頭分隊,地上,橋頭區,新中五街(333),120.304277777778,22.7364166666667
3684,橋頭分隊,地上,橋頭區,新中五街(334),120.304333333333,22.7360555555556
3685,橋頭分隊,地上,橋頭區,新中五街(335),120.303916666667,22.7390277777778
3686,橋頭分隊,地上,橋頭區,新中五街(336),120.303805555556,22.7396944444444
3687,橋頭分隊,地上,橋頭區,新中五街(337),120.304027777778,22.7406944444444
3688,橋頭分隊,地上,橋頭區,新中五街(338),120.304416666667,22.7413055555556
3689,橋頭分隊,地上,橋頭區,新中五街(339),120.307944444444,22.7448888888889
3690,橋頭分隊,地上,橋頭區,新中五街（488）,120.303956866264,22.7383197295588
3691,橋頭分隊,地上,橋頭區,新中五街往橋新三路（01）,120.305976,22.742769
3692,橋頭分隊,地上,橋頭區,新中五街往橋新三路（02）,120.306327,22.742329
3693,橋頭分隊,地上,橋頭區,新中六街(340),120.307333333333,22.7453333333333
3694,橋頭分隊,地上,橋頭區,新中六街(341),120.308111111111,22.7457222222222
3695,橋頭分隊,地上,橋頭區,新中六街(342),120.308361111111,22.7456388888889
3696,橋頭分隊,地上,橋頭區,新中六街(343),120.308583333333,22.7451666666667
3697,橋頭分隊,地上,橋頭區,新中六街(344),120.308805555556,22.74475
3698,橋頭分隊,地上,橋頭區,新中六街(345),120.309111111111,22.7442222222222
3699,橋頭分隊,地上,橋頭區,新中六街(346),120.309305555556,22.7438333333333
3700,橋頭分隊,地上,橋頭區,新中六街(347),120.309583333333,22.7433333333333
3701,橋頭分隊,地上,橋頭區,新中六街(348),120.308972222222,22.7431111111111
3702,橋頭分隊,地上,橋頭區,新中六街(349),120.308361111111,22.7425833333333
3703,橋頭分隊,地上,橋頭區,新中六街(350),120.308305555556,22.7433333333333
3704,橋頭分隊,地上,橋頭區,新中六街(351),120.308854579926,22.7437508709523
3705,橋頭分隊,地上,橋頭區,新庄村仕元代天府旁（404）,120.297217601492,22.7540692582189
3706,橋頭分隊,地上,橋頭區,新東一街(352),120.315089653439,22.7405255098288
3707,橋頭分隊,地上,橋頭區,新東一街(353),120.314452243381,22.7402469088763
3708,橋頭分隊,地上,橋頭區,新東一街(354),120.314581096183,22.7393249917034
3709,橋頭分隊,地上,橋頭區,新東一街(355),120.315111111111,22.7386111111111
3710,橋頭分隊,地上,橋頭區,新東一街(356),120.316828787327,22.7390325516689
3711,橋頭分隊,地上,橋頭區,新東一街(357),120.317024588585,22.7394036113045
3712,橋頭分隊,地上,橋頭區,新東一街(409),120.315949031734,22.7386139702922
3713,橋頭分隊,地上,橋頭區,新東二街(358),120.315753221512,22.7414501332558
3714,橋頭分隊,地上,橋頭區,新東二街(359),120.316328555356,22.7419545402972
3715,橋頭分隊,地上,橋頭區,新東二街(360),120.315860509872,22.7428644022821
3716,橋頭分隊,地上,橋頭區,新東二街(410),120.316222222222,22.7423055555556
3717,橋頭分隊,地上,橋頭區,新東三街(361),120.313805555556,22.7460277777778
3718,橋頭分隊,地上,橋頭區,新東三街(362),120.315222222222,22.7434722222222
3719,橋頭分隊,地上,橋頭區,新東三街(363),120.31575,22.7439444444444
3720,橋頭分隊,地上,橋頭區,新東三街(364),120.3155,22.7444722222222
3721,橋頭分隊,地上,橋頭區,新東三街(397),120.31375,22.7432222222222
3722,橋頭分隊,地上,橋頭區,新東三街(398),120.313111111111,22.7429166666667
3723,橋頭分隊,地上,橋頭區,新東三街(399),120.312666666667,22.7425555555556
3724,橋頭分隊,地上,橋頭區,新東三街(400),120.312444444444,22.7432777777778
3725,橋頭分隊,地上,橋頭區,新東五街(365),120.314972222222,22.7461666666667
3726,橋頭分隊,地上,橋頭區,新東五街(366),120.314444444444,22.7463055555556
3727,橋頭分隊,地上,橋頭區,新東五街(367),120.312555555556,22.7454444444444
3728,橋頭分隊,地上,橋頭區,新東五街(368),120.311777777778,22.7451111111111
3729,橋頭分隊,地上,橋頭區,新東五街(369),120.311777777778,22.7445555555556
3730,橋頭分隊,地上,橋頭區,新東五街(370),120.312138888889,22.7444722222222
3731,橋頭分隊,地上,橋頭區,新東五街(371),120.312944444444,22.7448333333333
3732,橋頭分隊,地上,橋頭區,新東五街(372),120.313472222222,22.7450555555556
3733,橋頭分隊,地上,橋頭區,新東五街(373),120.314166666667,22.7453888888889
3734,橋頭分隊,地上,橋頭區,新東五街(374),120.314888888889,22.7456944444444
3735,橋頭分隊,地上,橋頭區,新東五街(411),120.313805555556,22.7460277777778
3736,橋頭分隊,地上,橋頭區,新東五街(412),120.313138888889,22.7457222222222
3737,橋頭分隊,地上,橋頭區,新東六街(375),120.313972222222,22.7483611111111
3738,橋頭分隊,地上,橋頭區,新東六街（376）,120.312438011169,22.7470160484621
3739,橋頭分隊,地上,橋頭區,新東六街(377),120.312888888889,22.7481944444444
3740,橋頭分隊,地上,橋頭區,新東六街(378),120.312277777778,22.7478611111111
3741,橋頭分隊,地上,橋頭區,新東六街(379),120.31125,22.7473333333333
3742,橋頭分隊,地上,橋頭區,新東六街(380),120.310638888889,22.7470277777778
3743,橋頭分隊,地上,橋頭區,新東六街(381),120.310611111111,22.7466388888889
3744,橋頭分隊,地上,橋頭區,新東六街(382),120.310944444444,22.7464166666667
3745,橋頭分隊,地上,橋頭區,新東六街(383),120.311638888889,22.7466944444444
3746,橋頭分隊,地上,橋頭區,新東六街(384),120.312638888889,22.74725
3747,橋頭分隊,地上,橋頭區,新東六街(385),120.31325,22.7475277777778
3748,橋頭分隊,地上,橋頭區,新東六街(386),120.314027777778,22.7478888888889
3749,橋頭分隊,地上,橋頭區,新南一街（01）,120.302883982658,22.7345546345217
3750,橋頭分隊,地上,橋頭區,新南一街（02）,120.302556753159,22.7345714014836
3751,橋頭分隊,地上,橋頭區,新南一街（03）,120.30214369297,22.7345694774126
3752,橋頭分隊,地上,橋頭區,新南一街（04）,120.301784276962,22.7345595821522
3753,橋頭分隊,地上,橋頭區,新南一街（05）,120.301317572594,22.7345397916481
3754,橋頭分隊,地上,橋頭區,新南一街（06）,120.300840139389,22.7345211005918
3755,橋頭分隊,地上,橋頭區,新南一街（07）,120.30037343502,22.7344971870141
3756,橋頭分隊,地上,橋頭區,新南二街（01）,120.301607251167,22.7331396048594
3757,橋頭分隊,地上,橋頭區,新南二街（02）,120.301580429077,22.7333573026836
3758,橋頭分隊,地上,橋頭區,新南二街（03）,120.301537513733,22.7336602099528
3759,橋頭分隊,地上,橋頭區,新南二街（04）,120.301534831524,22.7340840590362
3760,橋頭分隊,地上,橋頭區,新南二街（05）,120.301499962807,22.7342973575848
3761,橋頭分隊,地上,橋頭區,新南二街（06）,120.301490575075,22.7346428672273
3762,橋頭分隊,地上,橋頭區,新南二街（07）,120.301467776299,22.7348613872725
3763,橋頭分隊,地上,橋頭區,新南二街（08）,120.301451683044,22.7353127194222
3764,橋頭分隊,地上,橋頭區,新南二街（09）,120.301419496536,22.735678841526
3765,橋頭分隊,地上,橋頭區,新南二街（10）,120.3014087677,22.7360251723793
3766,橋頭分隊,地上,橋頭區,新南三街（01）3,120.300314426422,22.7330961752162
3767,橋頭分隊,地上,橋頭區,新南三街（02）3,120.300314426422,22.7332940824063
3768,橋頭分隊,地上,橋頭區,新南三街（03）3,120.300271511078,22.7336997912505
3769,橋頭分隊,地上,橋頭區,新南三街（04）3,120.300271511078,22.7339372787959
3770,橋頭分隊,地上,橋頭區,新南三街（05）3,120.300228595734,22.7342341376477
3771,橋頭分隊,地上,橋頭區,新南三街（06）3,120.300191044807,22.7347080109831
3772,橋頭分隊,地上,橋頭區,新南三街（07）3,120.300153493881,22.7349070153257
3773,橋頭分隊,地上,橋頭區,新南三街（08）3,120.300174951553,22.735213767286
3774,橋頭分隊,地上,橋頭區,新南五街(387),120.302785034406,22.7365051755618
3775,橋頭分隊,地上,橋頭區,新南五街(388),120.302194444444,22.7365277777778
3776,橋頭分隊,地上,橋頭區,新南五街(389),120.301805555556,22.7365277777778
3777,橋頭分隊,地上,橋頭區,新南五街（390）3,120.301277777778,22.7361666666667
3778,橋頭分隊,地上,橋頭區,新南五街（391）3,120.300742506915,22.7357706468203
3779,橋頭分隊,地上,橋頭區,新南五街（392）,120.299821972912,22.7351806953742
3780,橋頭分隊,地上,橋頭區,新南五街（393）,120.299138888889,22.7348333333333
3781,橋頭分隊,地上,橋頭區,新南四街（01）,120.299263000488,22.7333237684601
3782,橋頭分隊,地上,橋頭區,新南四街（02）,120.29928445816,22.7336008379848
3783,橋頭分隊,地上,橋頭區,新南四街（03）,120.299209356308,22.7341549753502
3784,橋頭分隊,地上,橋頭區,新莊村右邊巷白埔農場前（405）,120.297557115555,22.7548373154797
3785,橋頭分隊,地上,橋頭區,瑞祥2街與瑞祥3街口,120.302834361792,22.7647784164992
3786,橋頭分隊,地上,橋頭區,瑞祥五街83號,120.302244543964,22.7636431996486
3787,橋頭分隊,地上,橋頭區,經武路(60),120.316606919664,22.7428073341529
3788,橋頭分隊,地上,橋頭區,經武路(61),120.315666666667,22.7423333333333
3789,橋頭分隊,地上,橋頭區,經武路(62),120.315055555556,22.7420277777778
3790,橋頭分隊,地上,橋頭區,經武路(63),120.31459572784,22.7418450102964
3791,橋頭分隊,地上,橋頭區,經武路(64),120.313083333333,22.7411944444444
3792,橋頭分隊,地上,橋頭區,經武路(65),120.31275,22.7405833333333
3793,橋頭分隊,地上,橋頭區,經武路(66),120.312027777778,22.7403888888889
3794,橋頭分隊,地上,橋頭區,經武路(67),120.311429313827,22.7404188959449
3795,橋頭分隊,地上,橋頭區,經武路(68),120.310777777778,22.7401388888889
3796,橋頭分隊,地上,橋頭區,經武路(69),120.310188509717,22.7398927954461
3797,橋頭分隊,地上,橋頭區,經武路(70),120.30825,22.7396111111111
3798,橋頭分隊,地上,橋頭區,經武路(71),120.307416666667,22.7394444444444
3799,橋頭分隊,地上,橋頭區,經武路(72),120.307027777778,22.7395555555556
3800,橋頭分隊,地上,橋頭區,經武路(73),120.305551445705,22.7390633994251
3801,橋頭分隊,地上,橋頭區,經武路(74),120.30372899812,22.7385729430474
3802,橋頭分隊,地上,橋頭區,經武路(75),120.302472222222,22.7385555555556
3803,橋頭分隊,地上,橋頭區,經武路(76),120.301669463902,22.7385335924626
3804,橋頭分隊,地上,橋頭區,經武路(77),120.301194444444,22.7383611111111
3805,橋頭分隊,地上,橋頭區,經武路(78),120.300805555556,22.7379166666667
3806,橋頭分隊,地上,橋頭區,經武路(79),120.299863342897,22.7369974428236
3807,橋頭分隊,地上,橋頭區,經武路(80),120.3003014559,22.7374757926767
3808,橋頭分隊,地上,橋頭區,經武路(81),120.300944444444,22.7382777777778
3809,橋頭分隊,地上,橋頭區,經武路(82),120.301833451241,22.7386394298102
3810,橋頭分隊,地上,橋頭區,經武路(83),120.30325,22.7387777777778
3811,橋頭分隊,地上,橋頭區,經武路(84),120.305916666667,22.7393888888889
3812,橋頭分隊,地上,橋頭區,經武路(85),120.306674543898,22.7395299831266
3813,橋頭分隊,地上,橋頭區,經武路(86),120.30725,22.7400833333333
3814,橋頭分隊,地上,橋頭區,經武路(87),120.308138888889,22.7401944444444
3815,橋頭分隊,地上,橋頭區,經武路(88),120.309611111111,22.7399166666667
3816,橋頭分隊,地上,橋頭區,經武路(89),120.310555555556,22.7401666666667
3817,橋頭分隊,地上,橋頭區,經武路(90),120.311138888889,22.7404166666667
3818,橋頭分隊,地上,橋頭區,經武路(91),120.311722222222,22.7409444444444
3819,橋頭分隊,地上,橋頭區,經武路(92),120.312444444444,22.7413611111111
3820,橋頭分隊,地上,橋頭區,經武路(93),120.313194444444,22.7413888888889
3821,橋頭分隊,地上,橋頭區,經武路（94）,120.313972222222,22.74175
3822,橋頭分隊,地上,橋頭區,經武路(95),120.315045344215,22.7422793125973
3823,橋頭分隊,地上,橋頭區,經武路(96),120.315669299264,22.7425780713768
3824,橋頭分隊,地上,橋頭區,經武路(97),120.316584974462,22.7430272772693
3825,橋頭分隊,地上,橋頭區,經武路（98）,120.308702096327,22.7398765377195
3826,橋頭分隊,地上,橋頭區,經武路過工地右轉（01）,120.29957279563,22.7375085699791
3827,橋頭分隊,地上,橋頭區,經武路過工地右轉（02）,120.299574136734,22.7381267771159
3828,橋頭分隊,地上,橋頭區,樹德路177號前,120.305356451312,22.762234357454
3829,橋頭分隊,地上,橋頭區,樹德路249號前,120.306753069162,22.7632665667661
3830,橋頭分隊,地上,橋頭區,樹德路57號前,120.305008292198,22.7586117452533
3831,橋頭分隊,地上,橋頭區,橋中街(1),120.307944444444,22.7578333333333
3832,橋頭分隊,地上,橋頭區,橋中街(2),120.308027777778,22.7573611111111
3833,橋頭分隊,地上,橋頭區,橋中街102號前,120.309,22.7555
3834,橋頭分隊,地上,橋頭區,橋中街19號前,120.310442447662,22.7540433363066
3835,橋頭分隊,地上,橋頭區,橋中街52號前,120.309694444444,22.7548333333333
3836,橋頭分隊,地上,橋頭區,橋中街與公園路口,120.308472222222,22.75625
3837,橋頭分隊,地上,橋頭區,橋南路138巷口1,120.313208128248,22.7533821399771
3838,橋頭分隊,地上,橋頭區,橋南路91號前1,120.312078595161,22.7550500318575
3839,橋頭分隊,地上,橋頭區,橋都路（01）3,120.302709639072,22.7331068951743
3840,橋頭分隊,地上,橋頭區,橋都路（02）3,120.302008241415,22.7330509588548
3841,橋頭分隊,地上,橋頭區,橋都路（03）3,120.301314890385,22.7330228532489
3842,橋頭分隊,地上,橋頭區,橋都路（04）,120.30100107193,22.7330010696999
3843,橋頭分隊,地上,橋頭區,橋都路（05）,120.299799442291,22.7328883723583
3844,橋頭分隊,地上,橋頭區,橋都路（06）,120.298941135406,22.7329279538417
3845,橋頭分隊,地上,橋頭區,橋都路（07）,120.299842357635,22.7327102553717
3846,橋頭分隊,地上,橋頭區,橋都路（08）,120.300716757774,22.7328526390162
3847,橋頭分隊,地上,橋頭區,橋都路（09）,120.301274657249,22.7328724297833
3848,橋頭分隊,地上,橋頭區,橋都路（10）,120.301856696606,22.7329362000156
3849,橋頭分隊,地上,橋頭區,橋都路（11）,120.302792787552,22.7329763312827
3850,橋頭分隊,地上,橋頭區,橋新一路(098),120.316305555556,22.7375277777778
3851,橋頭分隊,地上,橋頭區,橋新一路(099),120.314527777778,22.7371111111111
3852,橋頭分隊,地上,橋頭區,橋新一路(100),120.313777777778,22.7369166666667
3853,橋頭分隊,地上,橋頭區,橋新一路(101),120.312611111111,22.7366388888889
3854,橋頭分隊,地上,橋頭區,橋新一路(102),120.311555555556,22.7365277777778
3855,橋頭分隊,地上,橋頭區,橋新一路(103),120.310333333333,22.7364444444444
3856,橋頭分隊,地上,橋頭區,橋新一路(104),120.309194444444,22.7363611111111
3857,橋頭分隊,地上,橋頭區,橋新一路(105),120.307138888889,22.736
3858,橋頭分隊,地上,橋頭區,橋新一路(106),120.3063083589,22.7358376122929
3859,橋頭分隊,地上,橋頭區,橋新一路(107),120.305527777778,22.73575
3860,橋頭分隊,地上,橋頭區,橋新一路(108),120.304458975825,22.735735716829
3861,橋頭分隊,地上,橋頭區,橋新一路(109),120.304,22.7359166666667
3862,橋頭分隊,地上,橋頭區,橋新一路(110),120.304833333333,22.7358888888889
3863,橋頭分隊,地上,橋頭區,橋新一路（111）,120.305861111111,22.7359166666667
3864,橋頭分隊,地上,橋頭區,橋新一路(112),120.306694444444,22.7360555555556
3865,橋頭分隊,地上,橋頭區,橋新一路(113),120.307527777778,22.7362222222222
3866,橋頭分隊,地上,橋頭區,橋新一路(114),120.308583333333,22.7363888888889
3867,橋頭分隊,地上,橋頭區,橋新一路(115),120.310611111111,22.7366388888889
3868,橋頭分隊,地上,橋頭區,橋新一路(116),120.311861111111,22.7367222222222
3869,橋頭分隊,地上,橋頭區,橋新一路(117),120.313222222222,22.7369444444444
3870,橋頭分隊,地上,橋頭區,橋新一路(118),120.313916666667,22.7371111111111
3871,橋頭分隊,地上,橋頭區,橋新一路(119),120.314888888889,22.7373333333333
3872,橋頭分隊,地上,橋頭區,橋新一路(120),120.315722222222,22.7375555555556
3873,橋頭分隊,地上,橋頭區,橋新一路(121),120.316527777778,22.7377222222222
3874,橋頭分隊,地上,橋頭區,橋新一路（122）,120.317555555556,22.7379444444444
3875,橋頭分隊,地上,橋頭區,橋新一路(123),120.309638888889,22.7365277777778
3876,橋頭分隊,地上,橋頭區,橋新一路(124),120.312555555556,22.7366666666667
3877,橋頭分隊,地上,橋頭區,橋新七路（203）1,120.311694444444,22.74775
3878,橋頭分隊,地上,橋頭區,橋新七路（204）3,120.312027777778,22.7471666666667
3879,橋頭分隊,地上,橋頭區,橋新七路（232）1,120.311853289604,22.7473574034248
3880,橋頭分隊,地上,橋頭區,橋新七路（233）1,120.311531424522,22.7479807450695
3881,橋頭分隊,地上,橋頭區,橋新七路〈205〉3,120.312388888889,22.7464722222222
3882,橋頭分隊,地上,橋頭區,橋新七路〈206〉3,120.312722222222,22.7458333333333
3883,橋頭分隊,地上,橋頭區,橋新七路〈207〉2,120.312972222222,22.7453333333333
3884,橋頭分隊,地上,橋頭區,橋新七路〈208〉2,120.31325,22.7447777777778
3885,橋頭分隊,地上,橋頭區,橋新七路〈209〉1,120.313666666667,22.744
3886,橋頭分隊,地上,橋頭區,橋新七路〈210〉1,120.314111111111,22.7431944444444
3887,橋頭分隊,地上,橋頭區,橋新七路〈211〉2,120.314416666667,22.7426111111111
3888,橋頭分隊,地上,橋頭區,橋新七路〈212〉2,120.314888888889,22.7416388888889
3889,橋頭分隊,地上,橋頭區,橋新七路〈213〉3,120.31525,22.7409722222222
3890,橋頭分隊,地上,橋頭區,橋新七路〈214〉3,120.315611111111,22.7402777777778
3891,橋頭分隊,地上,橋頭區,橋新七路〈215〉1,120.316055555556,22.7394444444444
3892,橋頭分隊,地上,橋頭區,橋新七路〈216〉1,120.316305555556,22.7389444444444
3893,橋頭分隊,地上,橋頭區,橋新七路〈217〉2,120.316611111111,22.7384444444444
3894,橋頭分隊,地上,橋頭區,橋新七路〈218〉2,120.316888888889,22.7379444444444
3895,橋頭分隊,地上,橋頭區,橋新七路〈219〉3,120.316666666667,22.7380277777778
3896,橋頭分隊,地上,橋頭區,橋新七路〈220〉3,120.316416666667,22.7385
3897,橋頭分隊,地上,橋頭區,橋新七路〈221〉2,120.316083333333,22.7391388888889
3898,橋頭分隊,地上,橋頭區,橋新七路〈222〉2,120.315638888889,22.7400555555556
3899,橋頭分隊,地上,橋頭區,橋新七路〈223〉1,120.31525,22.7408333333333
3900,橋頭分隊,地上,橋頭區,橋新七路〈224〉1,120.314916666667,22.7414444444444
3901,橋頭分隊,地上,橋頭區,橋新七路〈225〉1,120.314472222222,22.7423055555556
3902,橋頭分隊,地上,橋頭區,橋新七路〈226〉2,120.314138888889,22.7429444444444
3903,橋頭分隊,地上,橋頭區,橋新七路〈227〉1,120.313805555556,22.7435555555556
3904,橋頭分隊,地上,橋頭區,橋新七路〈228〉1,120.313376784325,22.74442370179
3905,橋頭分隊,地上,橋頭區,橋新七路〈229〉2,120.313,22.7451111111111
3906,橋頭分隊,地上,橋頭區,橋新七路〈230〉1,120.312555555556,22.7459722222222
3907,橋頭分隊,地上,橋頭區,橋新七路〈231〉1,120.312138888889,22.7467222222222
3908,橋頭分隊,地上,橋頭區,橋新九路 (257),120.306909307837,22.7454261393853
3909,橋頭分隊,地上,橋頭區,橋新九路 (258),120.307123214006,22.7449988211121
3910,橋頭分隊,地上,橋頭區,橋新九路 (259),120.307346507907,22.7443587688113
3911,橋頭分隊,地上,橋頭區,橋新九路 (260),120.307470560074,22.7435603998562
3912,橋頭分隊,地上,橋頭區,橋新九路 (261),120.307542309165,22.7427948023184
3913,橋頭分隊,地上,橋頭區,橋新九路 (262),120.307631492615,22.7416921611722
3914,橋頭分隊,地上,橋頭區,橋新九路 (263),120.307703912258,22.7406371299652
3915,橋頭分隊,地上,橋頭區,橋新九路 (264),120.307850092649,22.7388016283656
3916,橋頭分隊,地上,橋頭區,橋新九路 (265),120.307944640517,22.7376637039477
3917,橋頭分隊,地上,橋頭區,橋新九路 (266),120.308029130101,22.7365801931994
3918,橋頭分隊,地上,橋頭區,橋新九路 (267),120.307960733771,22.7370075377905
3919,橋頭分隊,地上,橋頭區,橋新九路 (268),120.307864844799,22.7381479414201
3920,橋頭分隊,地上,橋頭區,橋新九路 (269),120.307795777917,22.7390564231874
3921,橋頭分隊,地上,橋頭區,橋新九路 (270),120.307648926973,22.7408956319168
3922,橋頭分隊,地上,橋頭區,橋新九路 (271),120.307581871748,22.7418974769671
3923,橋頭分隊,地上,橋頭區,橋新九路 (272),120.307498723269,22.742873341197
3924,橋頭分隊,地上,橋頭區,橋新九路(273),120.307421609759,22.743672332578
3925,橋頭分隊,地上,橋頭區,橋新九路(274),120.307376012206,22.7440625503551
3926,橋頭分隊,地上,橋頭區,橋新九路(275),120.306952223182,22.7452665908954
3927,橋頭分隊,地上,橋頭區,橋新二路(123),120.31725,22.7402777777778
3928,橋頭分隊,地上,橋頭區,橋新二路(124),120.3165,22.7399722222222
3929,橋頭分隊,地上,橋頭區,橋新二路(125),120.315666666667,22.7395833333333
3930,橋頭分隊,地上,橋頭區,橋新二路(126),120.315027777778,22.7393333333333
3931,橋頭分隊,地上,橋頭區,橋新二路(127),120.314472222222,22.7391111111111
3932,橋頭分隊,地上,橋頭區,橋新二路(128),120.313888888889,22.7388055555556
3933,橋頭分隊,地上,橋頭區,橋新二路(129),120.31325,22.7384722222222
3934,橋頭分隊,地上,橋頭區,橋新二路(130),120.312555555556,22.7381388888889
3935,橋頭分隊,地上,橋頭區,橋新二路(131),120.311916666667,22.7378611111111
3936,橋頭分隊,地上,橋頭區,橋新二路(132),120.311472222222,22.7376388888889
3937,橋頭分隊,地上,橋頭區,橋新二路(133),120.310555555556,22.7373333333333
3938,橋頭分隊,地上,橋頭區,橋新二路(134),120.309583333333,22.7372777777778
3939,橋頭分隊,地上,橋頭區,橋新二路(135),120.308722222222,22.7372777777778
3940,橋頭分隊,地上,橋頭區,橋新二路(144),120.308333333333,22.7374444444444
3941,橋頭分隊,地上,橋頭區,橋新二路(145),120.309138888889,22.7374722222222
3942,橋頭分隊,地上,橋頭區,橋新二路(146),120.310243964195,22.7374132356165
3943,橋頭分隊,地上,橋頭區,橋新二路(147),120.311373174191,22.737722455712
3944,橋頭分隊,地上,橋頭區,橋新二路(148),120.312116146088,22.7380712551403
3945,橋頭分隊,地上,橋頭區,橋新二路(149),120.312995910645,22.7384967397629
3946,橋頭分隊,地上,橋頭區,橋新二路(150),120.313725471497,22.7388034836694
3947,橋頭分隊,地上,橋頭區,橋新二路(151),120.314361111111,22.7391388888889
3948,橋頭分隊,地上,橋頭區,橋新二路(152),120.314777777778,22.7393611111111
3949,橋頭分隊,地上,橋頭區,橋新二路(153),120.315361111111,22.7396111111111
3950,橋頭分隊,地上,橋頭區,橋新二路(154),120.316222222222,22.7399722222222
3951,橋頭分隊,地上,橋頭區,橋新二路(155),120.316777777778,22.7402222222222
3952,橋頭分隊,地上,橋頭區,橋新二路(156),120.317333333333,22.7404722222222
3953,橋頭分隊,地上,橋頭區,橋新二路850號(140),120.30535697937,22.7388579059035
3954,橋頭分隊,地上,橋頭區,橋新二路850號對面(139),120.30525,22.7387222222222
3955,橋頭分隊,地上,橋頭區,橋新二路866號(141),120.305888888889,22.7381111111111
3956,橋頭分隊,地上,橋頭區,橋新二路878號對面（137）,120.306083333333,22.73775
3957,橋頭分隊,地上,橋頭區,橋新二路890號(142),120.306777777778,22.7376111111111
3958,橋頭分隊,地上,橋頭區,橋新二路896號對面（138）,120.305666666667,22.7381944444444
3959,橋頭分隊,地上,橋頭區,橋新二路910號(143),120.307583333333,22.7374166666667
3960,橋頭分隊,地上,橋頭區,橋新二路910號對面(136),120.307444444444,22.7372777777778
3961,橋頭分隊,地上,橋頭區,橋新八路(234),120.309249189003,22.7465816709323
3962,橋頭分隊,地上,橋頭區,橋新八路(235),120.309588963744,22.746008777112
3963,橋頭分隊,地上,橋頭區,橋新八路(236),120.309968840673,22.7453503135771
3964,橋頭分隊,地上,橋頭區,橋新八路(237),120.310916666667,22.7436944444444
3965,橋頭分隊,地上,橋頭區,橋新八路(238),120.31125,22.7429444444444
3966,橋頭分隊,地上,橋頭區,橋新八路(239),120.311815303161,22.7419424441503
3967,橋頭分隊,地上,橋頭區,橋新八路(240),120.312694444444,22.7403055555556
3968,橋頭分隊,地上,橋頭區,橋新八路(241),120.313166666667,22.7393333333333
3969,橋頭分隊,地上,橋頭區,橋新八路(242),120.313583333333,22.7384166666667
3970,橋頭分隊,地上,橋頭區,橋新八路(243),120.313805555556,22.7379722222222
3971,橋頭分隊,地上,橋頭區,橋新八路(244),120.314111111111,22.7374166666667
3972,橋頭分隊,地上,橋頭區,橋新八路(245),120.313999692097,22.7374594412283
3973,橋頭分隊,地上,橋頭區,橋新八路(246),120.313597197767,22.7381812805875
3974,橋頭分隊,地上,橋頭區,橋新八路(247),120.313194444444,22.7389444444444
3975,橋頭分隊,地上,橋頭區,橋新八路(248),120.312694444444,22.7399722222222
3976,橋頭分隊,地上,橋頭區,橋新八路(249),120.311833333333,22.7416944444444
3977,橋頭分隊,地上,橋頭區,橋新八路(250),120.311361544314,22.742576166186
3978,橋頭分隊,地上,橋頭區,橋新八路(251),120.310958355797,22.743372306676
3979,橋頭分隊,地上,橋頭區,橋新八路(252),120.310608400703,22.7440420507812
3980,橋頭分隊,地上,橋頭區,橋新八路(253),120.310197946049,22.7448456829519
3981,橋頭分隊,地上,橋頭區,橋新八路(254),120.309731025038,22.7456806743373
3982,橋頭分隊,地上,橋頭區,橋新八路(255),120.309413601758,22.7462475230099
3983,橋頭分隊,地上,橋頭區,橋新八路(256),120.309138888889,22.7467222222222
3984,橋頭分隊,地上,橋頭區,橋新八路(411),120.310416666667,22.7444444444444
3985,橋頭分隊,地上,橋頭區,橋新十路(276),120.304592828142,22.7419785779143
3986,橋頭分隊,地上,橋頭區,橋新十路(277),120.305311660158,22.741543209374
3987,橋頭分隊,地上,橋頭區,橋新十路(278),120.306314806329,22.7408852065619
3988,橋頭分隊,地上,橋頭區,橋新十路(279),120.305928568231,22.7409396279673
3989,橋頭分隊,地上,橋頭區,橋新十路(280),120.304951965809,22.7416383584883
3990,橋頭分隊,地上,橋頭區,橋新十路(281),120.304254105311,22.7421383546753
3991,橋頭分隊,地上,橋頭區,橋新三路(157),120.315623566468,22.7451371346613
3992,橋頭分隊,地上,橋頭區,橋新三路(160),120.313115134424,22.7439910837631
3993,橋頭分隊,地上,橋頭區,橋新三路(161),120.312558237765,22.7437290755385
3994,橋頭分隊,地上,橋頭區,橋新三路(162),120.311615804977,22.7433259632238
3995,橋頭分隊,地上,橋頭區,橋新三路(164),120.309388218337,22.7424892797514
3996,橋頭分隊,地上,橋頭區,橋新三路(165),120.308388218337,22.7423244173264
3997,橋頭分隊,地上,橋頭區,橋新三路(166),120.307189080026,22.7422334048523
3998,橋頭分隊,地上,橋頭區,橋新三路(167),120.306455072999,22.7419960825374
3999,橋頭分隊,地上,橋頭區,橋新三路(168),120.305868772321,22.7415472580781
4000,橋頭分隊,地上,橋頭區,橋新三路(172),120.305087171793,22.7397571119485
4001,橋頭分隊,地上,橋頭區,橋新三路(173),120.305316484954,22.7408157082077
4002,橋頭分隊,地上,橋頭區,橋新三路(174),120.3060744313,22.7417866425478
4003,橋頭分隊,地上,橋頭區,橋新三路(175),120.306947512071,22.7422260887221
4004,橋頭分隊,地上,橋頭區,橋新三路(176),120.308090038856,22.7423473527636
4005,橋頭分隊,地上,橋頭區,橋新三路(177),120.308740327133,22.7423948689203
4006,橋頭分隊,地上,橋頭區,橋新三路(178),120.309697512071,22.7426001868097
4007,橋頭分隊,地上,橋頭區,橋新三路(180),120.311966287534,22.7435075777227
4008,橋頭分隊,地上,橋頭區,橋新三路(181),120.312701535385,22.7438310166515
4009,橋頭分隊,地上,橋頭區,橋新三路(182),120.313274525298,22.744089674558
4010,橋頭分隊,地上,橋頭區,橋新三路503號前（169）,120.305389174025,22.7409009481791
4011,橋頭分隊,地上,橋頭區,橋新三路517號前（170）,120.305138888889,22.7401388888889
4012,橋頭分隊,地上,橋頭區,橋新三路58號前（185）,120.315120213707,22.7449372317191
4013,橋頭分隊,地上,橋頭區,橋新三路66號前（158）,120.314894253307,22.744800658856
4014,橋頭分隊,地上,橋頭區,橋新三路76號（184）,120.314628260334,22.744709443724
4015,橋頭分隊,地上,橋頭區,橋新三路88號前（159）,120.314236974372,22.7444858272185
4016,橋頭分隊,地上,橋頭區,橋新三路96號（183）,120.313982380788,22.7444118767135
4017,橋頭分隊,地上,橋頭區,橋新三路與省道路口（186）,120.315993009342,22.745349001773
4018,橋頭分隊,地上,橋頭區,橋新三路與新中六街口東側10M（163）,120.310372795635,22.7428031838299
4019,橋頭分隊,地上,橋頭區,橋新三路與橋新八路口西側10M處（179）,120.310543871032,22.7429095039434
4020,橋頭分隊,地上,橋頭區,橋新三路鳳凰時代大樓門口（171）,120.30514061541,22.739533034444
4021,橋頭分隊,地上,橋頭區,橋新五路(187),120.312911695979,22.7465046915678
4022,橋頭分隊,地上,橋頭區,橋新五路(188),120.313695967197,22.74686268581
4023,橋頭分隊,地上,橋頭區,橋新五路(189),120.314690610761,22.7473661784591
4024,橋頭分隊,地上,橋頭區,橋新五路(190),120.312256536254,22.7461789367395
4025,橋頭分隊,地上,橋頭區,橋新五路(191),120.311327576637,22.7456803034553
4026,橋頭分隊,地上,橋頭區,橋新五路(192),120.310894094779,22.7454971198505
4027,橋頭分隊,地上,橋頭區,橋新五路(193),120.309724527506,22.7449399488239
4028,橋頭分隊,地上,橋頭區,橋新五路(194),120.308082103729,22.7442851780648
4029,橋頭分隊,地上,橋頭區,橋新五路(195),120.307488420229,22.7441263641578
4030,橋頭分隊,地上,橋頭區,橋新五路(196),120.3086251589,22.7445210873259
4031,橋頭分隊,地上,橋頭區,橋新五路(197),120.309474961455,22.744870758323
4032,橋頭分隊,地上,橋頭區,橋新五路(198),120.310489294165,22.7453250163151
4033,橋頭分隊,地上,橋頭區,橋新五路(199),120.311143753165,22.7456713227301
4034,橋頭分隊,地上,橋頭區,橋新五路(200),120.312117366487,22.7461446711247
4035,橋頭分隊,地上,橋頭區,橋新五路(201),120.312963724136,22.7465757487728
4036,橋頭分隊,地上,橋頭區,橋新五路(202),120.314777777778,22.7474444444444
4037,橋頭分隊,地上,橋頭區,橋新六路(014),120.313805555556,22.7495555555556
4038,橋頭分隊,地上,橋頭區,橋新六路(015),120.313055555556,22.7491111111111
4039,橋頭分隊,地上,橋頭區,橋新六路(016),120.312583333333,22.7488611111111
4040,橋頭分隊,地上,橋頭區,橋新六路(017),120.311805555556,22.7484444444444
4041,橋頭分隊,地上,橋頭區,橋新六路(018),120.311027777778,22.7480277777778
4042,橋頭分隊,地上,橋頭區,橋新六路(019),120.310416666667,22.7476944444444
4043,橋頭分隊,地上,橋頭區,橋新六路(020),120.309555555556,22.7472222222222
4044,橋頭分隊,地上,橋頭區,橋新六路(021),120.308472222222,22.7466111111111
4045,橋頭分隊,地上,橋頭區,橋新六路(022),120.307694444444,22.7462222222222
4046,橋頭分隊,地上,橋頭區,橋新六路(023),120.307083333333,22.7458888888889
4047,橋頭分隊,地上,橋頭區,橋新六路(024),120.306246763229,22.7450414837542
4048,橋頭分隊,地上,橋頭區,橋新六路(025),120.30580863889,22.7443592052378
4049,橋頭分隊,地上,橋頭區,橋新六路(026),120.305422247357,22.7438984188528
4050,橋頭分隊,地上,橋頭區,橋新六路(027),120.304729342461,22.7431349309947
4051,橋頭分隊,地上,橋頭區,橋新六路(028),120.304307097223,22.7425802922584
4052,橋頭分隊,地上,橋頭區,橋新六路(029),120.303866691802,22.7417359298738
4053,橋頭分隊,地上,橋頭區,橋新六路(030),120.303376834657,22.7411053913904
4054,橋頭分隊,地上,橋頭區,橋新六路(031),120.302923572753,22.7406053910646
4055,橋頭分隊,地上,橋頭區,橋新六路(032),120.302968985451,22.7397328383295
4056,橋頭分隊,地上,橋頭區,橋新六路(033),120.302950394843,22.7390433399961
4057,橋頭分隊,地上,橋頭區,橋新六路(034),120.30308434094,22.7382334581116
4058,橋頭分隊,地上,橋頭區,橋新六路(035),120.303105798612,22.7375507017601
4059,橋頭分隊,地上,橋頭區,橋新六路(036),120.303111111111,22.7369166666667
4060,橋頭分隊,地上,橋頭區,橋新六路(037),120.303277459989,22.736214864254
4061,橋頭分隊,地上,橋頭區,橋新六路(038),120.303194444444,22.7353055555556
4062,橋頭分隊,地上,橋頭區,橋新六路（039）,120.303505231152,22.73223082315
4063,橋頭分隊,地上,橋頭區,橋新六路(040),120.303398061385,22.7338640707757
4064,橋頭分隊,地上,橋頭區,橋新六路(041),120.303333333333,22.7310277777778
4065,橋頭分隊,地上,橋頭區,橋新六路(042),120.303111111111,22.73075
4066,橋頭分隊,地上,橋頭區,橋新六路(043),120.303222222222,22.7315833333333
4067,橋頭分隊,地上,橋頭區,橋新六路(044),120.30325,22.7323888888889
4068,橋頭分隊,地上,橋頭區,橋新六路(045),120.303194444444,22.7333888888889
4069,橋頭分隊,地上,橋頭區,橋新六路(046),120.303138888889,22.7338611111111
4070,橋頭分隊,地上,橋頭區,橋新六路(047),120.303083333333,22.7344166666667
4071,橋頭分隊,地上,橋頭區,橋新六路(048),120.303055555556,22.7351666666667
4072,橋頭分隊,地上,橋頭區,橋新六路(049),120.303027777778,22.7355555555556
4073,橋頭分隊,地上,橋頭區,橋新六路(050),120.302955594907,22.7361159128085
4074,橋頭分隊,地上,橋頭區,橋新六路(051),120.302848306546,22.7371054240415
4075,橋頭分隊,地上,橋頭區,橋新六路(052),120.302762475857,22.7377584975323
4076,橋頭分隊,地上,橋頭區,橋新六路(053),120.30275,22.7389444444444
4077,橋頭分隊,地上,橋頭區,橋新六路(054),120.302666666667,22.7396111111111
4078,橋頭分隊,地上,橋頭區,橋新六路(055),120.302527777778,22.7403888888889
4079,橋頭分隊,地上,橋頭區,橋新六路(056),120.30325,22.7416111111111
4080,橋頭分隊,地上,橋頭區,橋新六路(057),120.305111111111,22.7440833333333
4081,橋頭分隊,地上,橋頭區,橋新六路(058),120.305611111111,22.74475
4082,橋頭分隊,地上,橋頭區,橋新六路(059),120.306166666667,22.7454722222222
4083,橋頭分隊,地上,橋頭區,橋新環路(304)685號,120.306472222222,22.7390277777778
4084,橋頭分隊,地上,橋頭區,橋新環路(305)651號,120.307527777778,22.7384166666667
4085,橋頭分隊,地上,橋頭區,橋新環路(306),120.308459365739,22.7384364566285
4086,橋頭分隊,地上,橋頭區,橋新環路(307),120.309393730164,22.7384383637981
4087,橋頭分隊,地上,橋頭區,橋新環路(308),120.310840609127,22.7386531647167
4088,橋頭分隊,地上,橋頭區,橋新環路(309),120.311388888889,22.7388611111111
4089,橋頭分隊,地上,橋頭區,橋新環路(310),120.312055555556,22.7391666666667
4090,橋頭分隊,地上,橋頭區,橋新環路(311),120.312813520432,22.7394318117805
4091,橋頭分隊,地上,橋頭區,橋新環路(312),120.313266813755,22.7398028703324
4092,橋頭分隊,地上,橋頭區,橋新環路(313),120.313800573349,22.740838118367
4093,橋頭分隊,地上,橋頭區,橋新環路(419),120.313272178173,22.7418931480228
4094,橋頭分隊,地上,橋頭區,橋新環路(420),120.312134921551,22.7422691472449
4095,橋頭分隊,地上,橋頭區,橋新環路(422),120.311107635498,22.7418263585791
4096,橋頭分隊,地上,橋頭區,橋新環路(423),120.311281979084,22.7420094110506
4097,橋頭分隊,地上,橋頭區,橋新環路(424),120.310260057449,22.7415938321131
4098,橋頭分隊,地上,橋頭區,橋新環路(425),120.309240818024,22.7413068840141
4099,橋頭分隊,地上,橋頭區,橋新環路(426),120.30824303627,22.7412920418547
4100,橋頭分隊,地上,橋頭區,橋新環路(427),120.307084321976,22.7410867251505
4101,橋頭分隊,地上,橋頭區,橋新環路(428),120.306440591812,22.7405103525136
4102,橋頭分隊,地上,橋頭區,橋新環路（429）,120.306279659271,22.7394961286683
4103,橋頭分隊,地上,橋頭區,橋新環路(430),120.306408405304,22.740173927877
4104,橋頭分隊,地上,橋頭區,橋新環路(431),120.306880474091,22.7408220393057
4105,橋頭分隊,地上,橋頭區,橋新環路(432),120.308044552803,22.7411535149556
4106,橋頭分隊,地上,橋頭區,橋新環路(433),120.308940410614,22.7411535149556
4107,橋頭分隊,地上,橋頭區,橋新環路(434),120.31004011631,22.7413563578673
4108,橋頭分隊,地上,橋頭區,橋新環路（435）,120.313671827316,22.7405301421723
4109,橋頭分隊,地上,橋頭區,橋新環路(436),120.312513113022,22.7394713914073
4110,橋頭分隊,地上,橋頭區,橋新環路(437),120.311467051506,22.7390261199446
4111,橋頭分隊,地上,橋頭區,橋新環路(438),120.310372710228,22.7386055844537
4112,橋頭分隊,地上,橋頭區,橋新環路(439),120.309213995934,22.7385214772002
4113,橋頭分隊,地上,橋頭區,橋新環路(440),120.308130383492,22.7384373698951
4114,橋頭分隊,地上,橋頭區,橋新環路(441),120.306907296181,22.7386501118022
4115,橋頭分隊,地上,橋頭區,橋新環路（經武路右轉左側第一支）,120.312714278698,22.7421603054712
4116,橋頭分隊,地上,橋頭區,橋頭區橋南里成功南路溪邊巷1號1,120.319833333333,22.7351666666667
4117,橋頭分隊,地上,橋頭區,橋頭國中對面,120.307305555556,22.7588055555556
4118,橋頭分隊,地上,橋頭區,橋頭路130號前,120.3115,22.7571388888889
4119,橋頭分隊,地上,橋頭區,橋頭路25號對面,120.310062915087,22.7593101517184
4120,橋頭分隊,地上,橋頭區,橋頭路93號前,120.310833139925,22.7580376970816
4121,橋頭分隊,地上,橋頭區,興糖路11號巷口1,120.316118001938,22.7520373434458
4122,橋頭分隊,地上,橋頭區,鐵道北路68號前,120.305055555556,22.7666111111111
4123,橋頭分隊,地上,橋頭區,鹽田路107號前,120.2815479,22.7465784
4124,橋頭分隊,地上,橋頭區,鹽田路81號前,120.280457,22.746863
4125,梓官分隊,地上,梓官區,八德路＆和平路交叉路口（消防栓位置位於八德路上）,120.261367285069,22.7529105454323
4126,梓官分隊,地上,梓官區,八德路336號東南側,120.254820623279,22.7532233161264
4127,梓官分隊,地上,梓官區,大宅街梓和活動中心前,120.26584069,22.75915446
4128,梓官分隊,地上,梓官區,大舍北路147巷口,120.26144621,22.75080327
4129,梓官分隊,地上,梓官區,大舍北路40號,120.2615181,22.74822979
4130,梓官分隊,地上,梓官區,大舍北路70巷口（消防栓位置位於大舍北路上）,120.26155733,22.74930881
4131,梓官分隊,地上,梓官區,大舍西路29號前,120.26081789,22.74673753
4132,梓官分隊,地上,梓官區,大舍東路71號前,120.263197965671,22.7485996043504
4133,梓官分隊,地上,梓官區,大舍東路進入同安里北側牌樓處(消防栓位置位於大舍東路上),120.265708670778,22.7518657423784
4134,梓官分隊,地上,梓官區,大舍南路145巷口（消防栓位置位於145巷內）,120.26291881,22.74353548
4135,梓官分隊,地上,梓官區,大舍南路198號旁,120.26317474,22.74214349
4136,梓官分隊,地上,梓官區,工維街5號前（豪家濠公司前）,120.25517169,22.76525639
4137,梓官分隊,地上,梓官區,中正二街＆通港路交叉路口（消防栓位置位於東南側通港路上）,120.25995751,22.72703815
4138,梓官分隊,地上,梓官區,中正二街&港七街交叉路口(消防栓位置位於中正二街上),120.258291791927,22.7289413992616
4139,梓官分隊,地上,梓官區,中正四街31號對面,120.25937138,22.7261666
4140,梓官分隊,地上,梓官區,中正路＆通港路交叉路口（消防栓位置位於東南側中正路上）,120.25880326,22.72613219
4141,梓官分隊,地上,梓官區,中正路＆港九街交叉路口（消防栓位置位於東南側中正路上）,120.25662821,22.72875108
4142,梓官分隊,地上,梓官區,中正路&港十街交叉路口（消防栓位置位於東南側中正路上）,120.25590115687,22.7295418644405
4143,梓官分隊,地上,梓官區,中正路＆港五街交叉路口（消防栓位置位於東南側中正路上）,120.25787615,22.72724679
4144,梓官分隊,地上,梓官區,中正路218-2號對面,120.255131,22.730341
4145,梓官分隊,地上,梓官區,中正路4號前,120.259314500864,22.7254985501811
4146,梓官分隊,地上,梓官區,中崙路150號對面,120.271066871164,22.7612682868112
4147,梓官分隊,地上,梓官區,中崙路173巷口,120.27034971,22.76119061
4148,梓官分隊,地上,梓官區,中崙路51之1號前（中崙橋附近）,120.273764455295,22.7616628201083
4149,梓官分隊,地上,梓官區,中崙路7-11前（露庇托兒所對面）,120.26829514,22.76087798
4150,梓官分隊,地上,梓官區,中學路＆信義路68巷交叉路口（消防栓位置位於中學路上）,120.264154408552,22.7623314142132
4151,梓官分隊,地上,梓官區,中學路29號前,120.26507761,22.76099276
4152,梓官分隊,地上,梓官區,中學路梓信社區活動中心對面（涼亭旁）,120.26460172866,22.7645094645363
4153,梓官分隊,地上,梓官區,仁愛路必信巷44號旁,120.263630411045,22.7578312192653
4154,梓官分隊,地上,梓官區,公園北街18號旁,120.264819229791,22.7423401636187
4155,梓官分隊,地上,梓官區,公園西街6號旁,120.264870636134,22.7412506982725
4156,梓官分隊,地上,梓官區,公園東街1號旁,120.266058605048,22.7416194057091
4157,梓官分隊,地上,梓官區,四維路96號旁（96號門口往西約20公尺處）,120.25660192,22.76799003
4158,梓官分隊,地上,梓官區,平安街＆和平路交叉路口（消防栓位置位於平安街上）,120.26244218,22.75681772
4159,梓官分隊,地上,梓官區,平安街與大宅街路口,120.265455,22.756458
4160,梓官分隊,地上,梓官區,"平等路101號往南約30公尺處（梓平活動中心附近,反射鏡旁）",120.26877494,22.75733454
4161,梓官分隊,地上,梓官區,平等路167號往南約30公尺處（消防栓位置位於平等路上.煤氣行旁）,120.268554141092,22.7588357181617
4162,梓官分隊,地上,梓官區,平等路238號對面,120.26843976,22.76071259
4163,梓官分隊,地上,梓官區,民權街117號旁,120.26813657,22.7634187
4164,梓官分隊,地上,梓官區,民權街65號,120.26831899,22.76207948
4165,梓官分隊,地上,梓官區,光明路8號,120.251686,22.7304789
4166,梓官分隊,地上,梓官區,光明路蚵寮國小東側門往南約15公尺,120.249789297939,22.7335766949431
4167,梓官分隊,地上,梓官區,自由路168號對面,120.26911339,22.75920866
4168,梓官分隊,地上,梓官區,赤崁北路142號前,120.245851108598,22.7421112056918
4169,梓官分隊,地上,梓官區,赤崁北路338號前（?霖公司前）,120.245874382003,22.7448242557156
4170,梓官分隊,地上,梓官區,赤崁東路130巷口（消防栓位置位於赤崁東路上）,120.25182834,22.74092391
4171,梓官分隊,地上,梓官區,赤崁東路204號前,120.25382796,22.74224922
4172,梓官分隊,地上,梓官區,赤崁東路317號對面,120.25578906,22.74351888
4173,梓官分隊,地上,梓官區,赤崁東路363號前（信利木器公司前）,120.25674773,22.7443315
4174,梓官分隊,地上,梓官區,赤崁東路50號前,120.24982881,22.73964001
4175,梓官分隊,地上,梓官區,赤崁南路14號前（赤崁活動中心前）,120.24761757,22.73755628
4176,梓官分隊,地上,梓官區,赤崁南路81巷&保生3巷交叉路口(消防栓位置位於81巷上),120.249878771094,22.7358341979577
4177,梓官分隊,地上,梓官區,赤崁南路94巷29號旁,120.247583343517,22.7352200127549
4178,梓官分隊,地上,梓官區,和平路115號旁（益爭公司旁）,120.26186599,22.75494334
4179,梓官分隊,地上,梓官區,和平路258巷口（新光人壽大樓前）,120.2626275,22.75865362
4180,梓官分隊,地上,梓官區,忠孝路與台17線交叉口,120.259022,22.767421
4181,梓官分隊,地上,梓官區,信安街22號前,120.266413552428,22.763009342394
4182,梓官分隊,地上,梓官區,信安街38號前,120.265409065151,22.7631206408569
4183,梓官分隊,地上,梓官區,信安街72號對面,120.264392507935,22.7630464418916
4184,梓官分隊,地上,梓官區,信義路68巷＆22巷交叉路口（消防栓位置位於信義路68巷上）,120.26319953,22.76201091
4185,梓官分隊,地上,梓官區,信德街4號前,120.25510831,22.76603042
4186,梓官分隊,地上,梓官區,信興一路＆中學路交叉路口（消防栓位置位於東側信興一路上）,120.264659,22.764779
4187,梓官分隊,地上,梓官區,信興一路252號對面,120.262743902653,22.7637352759276
4188,梓官分隊,地上,梓官區,信興二路＆梓官路交叉路口（消防栓位置位於信興二路上）,120.26756845,22.76642245
4189,梓官分隊,地上,梓官區,城隍巷60號前（亮麗梓官系列旁）,120.268358150332,22.7572952235461
4190,梓官分隊,地上,梓官區,海景路30號前,120.26393436627,22.7427645213382
4191,梓官分隊,地上,梓官區,高雄市梓官區中崙路105號前,120.27201567,22.76144254
4192,梓官分隊,地上,梓官區,梓官消防隊旁（進學路136號）,120.2629631,22.76030561
4193,梓官分隊,地上,梓官區,梓官國中北側門(後門)正對面,120.263414150787,22.7642361314568
4194,梓官分隊,地上,梓官區,梓官路241號前（梓官路243巷口）,120.267071,22.759898
4195,梓官分隊,地上,梓官區,梓官路355號前(梓官路353巷口),120.266769420238,22.7623493196258
4196,梓官分隊,地上,梓官區,梓官路559號對面,120.26723161,22.76615478
4197,梓官分隊,地上,梓官區,梓官路59號前,120.26783081,22.75640023
4198,梓官分隊,地上,梓官區,淵官路69號對面,120.266958101852,22.7480143501291
4199,梓官分隊,地上,梓官區,通港路&中正五街交叉路口(消防栓位於西側通港路上),120.258093858614,22.7258167730564
4200,梓官分隊,地上,梓官區,通港路＆漁港一路交叉路口（消防栓位置位於東北側通港路上）,120.25737417,22.72534272
4201,梓官分隊,地上,梓官區,通港路140號前,120.2560546,22.72440417
4202,梓官分隊,地上,梓官區,通港路66號對面,120.259267239287,22.7265504822806
4203,梓官分隊,地上,梓官區,港九街&漁港二路交叉路口(消防栓位置位於港九街上),120.254691282001,22.727530506434
4204,梓官分隊,地上,梓官區,進學路23號旁(全家便利商店旁),120.266078199018,22.7606714839858
4205,梓官分隊,地上,梓官區,嘉展路＆嘉好路交叉路口（消防栓位置位於嘉展路上）,120.25457292,22.73539669
4206,梓官分隊,地上,梓官區,嘉展路116號前（上采興業公司前）,120.26197484,22.73786609
4207,梓官分隊,地上,梓官區,嘉展路12號前,120.26435358,22.73841496
4208,梓官分隊,地上,梓官區,嘉展路152號前（天順木器公司前）,120.26079502,22.73758168
4209,梓官分隊,地上,梓官區,漁港一路101號旁(廣澤路&漁港一路交叉路口),120.254069038029,22.728940241387
4210,梓官分隊,地上,梓官區,廣澤路&中正六街交叉路口(消防栓位置位於東南側廣澤路上),120.254623390946,22.729322941918
4211,梓官分隊,地上,梓官區,廣澤路&中正路交叉路口(消防栓位置位於廣澤路上),120.255470968995,22.7299302854551
4212,梓官分隊,地上,梓官區,廣澤路99號北側約30公尺處,120.251696859229,22.7275060744622
4213,梓官分隊,地上,梓官區,樹德街與進學路交叉路口（消防栓位置位於樹德街上）,120.2641701,22.76057335
4214,燕巢分隊,地上,燕巢區,安招里中安路123號（燕巢農會多功能集會中心對面）,120.356148,22.787291
4215,燕巢分隊,地上,燕巢區,安招里中安路130號（正隆公司旁）,120.354313,22.786811
4216,燕巢分隊,地上,燕巢區,安招里中安路204之1號威騰汽車斜對面,120.356371,22.787195
4217,燕巢分隊,地上,燕巢區,安招里中安路344號南隆公司對面,120.349337,22.785328
4218,燕巢分隊,地上,燕巢區,安招里中安路79號永聯邦精密工業旁,120.359568505432,22.7878983814581
4219,燕巢分隊,地上,燕巢區,安招里中安路79號永聯邦精密工業對面,120.359195,22.787925
4220,燕巢分隊,地上,燕巢區,安招里中安路87號斜對面（龍天下公司）,120.357858,22.787541
4221,燕巢分隊,地上,燕巢區,安招里中安路與中西路口（岡榮幼稚園對面）,120.360071,22.788158
4222,燕巢分隊,地上,燕巢區,安招里安北路136號前（大勝牌飼料）,120.348137,22.792028
4223,燕巢分隊,地上,燕巢區,安招里安正路46號前,120.341226,22.788416
4224,燕巢分隊,地上,燕巢區,安招里安西路4-1號,120.340663,22.789438
4225,燕巢分隊,地上,燕巢區,安招里安招路1003號前（檳榔攤旁）,120.319024312268,22.787330645719
4226,燕巢分隊,地上,燕巢區,安招里安招路1066-7號永全駕訓班旁（往涵洞方向20公尺）,120.318584,22.787935
4227,燕巢分隊,地上,燕巢區,安招里安招路480-2號對面(宏眾石材),120.331586566934,22.7892857184722
4228,燕巢分隊,地上,燕巢區,安招里安招路翁瑞珠服務處前,120.316852,22.786771
4229,燕巢分隊,地上,燕巢區,安招里安東街349號對面,120.343039,22.79026
4230,燕巢分隊,地上,燕巢區,安招里安東街59號對面,120.344112,22.785143
4231,燕巢分隊,地上,燕巢區,安招里安東街與安北路口,120.343076,22.791176
4232,燕巢分隊,地上,燕巢區,安招里安林一街2號前,120.329812023279,22.7879195774741
4233,燕巢分隊,地上,燕巢區,安招里安林一街7號前,120.330659033066,22.7882523036012
4234,燕巢分隊,地上,燕巢區,安招里安林二街2號前,120.329869173016,22.7873786028408
4235,燕巢分隊,地上,燕巢區,安招里安林二街67號前,120.331671617474,22.7879819789946
4236,燕巢分隊,地上,燕巢區,安招里安林三街39號前,120.330818870114,22.7871128060321
4237,燕巢分隊,地上,燕巢區,安招里安林六街29號,120.333447743586,22.7871029920483
4238,燕巢分隊,地上,燕巢區,安招里安林路23號前,120.3293258,22.7875116
4239,燕巢分隊,地上,燕巢區,安招里安林路39號前,120.3293258,22.7875116
4240,燕巢分隊,地上,燕巢區,安招里新厝巷19號天后宮前,120.352027,22.792747
4241,燕巢分隊,地上,燕巢區,安招里新厝巷8號前鋼筋加工帶料旁,120.351433,22.792661
4242,燕巢分隊,地上,燕巢區,尖山里過鞍巷(悟光精舍門前),120.355864,22.811584
4243,燕巢分隊,地上,燕巢區,西燕里中民路755號前（中華家具）,120.356838,22.792733
4244,燕巢分隊,地上,燕巢區,西燕里中民路779號對面,120.355108,22.792659
4245,燕巢分隊,地上,燕巢區,西燕里中竹路7之11號旁,120.344575,22.806957
4246,燕巢分隊,地上,燕巢區,西燕里中西路71巷105號對面,120.356549283328,22.7938365451799
4247,燕巢分隊,地上,燕巢區,西燕里中興路64巷巷口,120.359548453165,22.7911181755768
4248,燕巢分隊,地上,燕巢區,西燕里新生南路底,120.356368,22.788966
4249,燕巢分隊,地上,燕巢區,西燕里新生路74號旁,120.355651857672,22.7940768179074
4250,燕巢分隊,地上,燕巢區,西燕里新生路電線桿高燕分子14號（工兵學校側門對面）,120.35508,22.797716
4251,燕巢分隊,地上,燕巢區,西燕里燕南二街1號旁,120.357992353304,22.7927505137528
4252,燕巢分隊,地上,燕巢區,西燕里燕南二街與燕新一街口,120.358016,22.79205
4253,燕巢分隊,地上,燕巢區,西燕里燕南三街37號前,120.35744,22.791798
4254,燕巢分隊,地上,燕巢區,西燕里燕南三街與中民路口,120.357101213422,22.7927945439434
4255,燕巢分隊,地上,燕巢區,西燕里燕南三街與燕新二街口,120.3574,22.790978
4256,燕巢分隊,地上,燕巢區,西燕里燕新二街100號旁(大庭苑),120.358494873819,22.7910813293484
4257,燕巢分隊,地上,燕巢區,西燕里燕新三街61號對面,120.35793224418,22.7898179262313
4258,燕巢分隊,地上,燕巢區,西燕里燕新三街93號旁,120.358715449213,22.7899811318793
4259,燕巢分隊,地上,燕巢區,西燕里燕新五街街口,120.358048484656,22.789046282628
4260,燕巢分隊,地上,燕巢區,角宿里(萬機公司前),120.336193673775,22.7796506224044
4261,燕巢分隊,地上,燕巢區,角宿里中安路（燁輝公司旁）,120.342546,22.783526
4262,燕巢分隊,地上,燕巢區,角宿里中興路922號（泓達化工前）,120.360556,22.776316
4263,燕巢分隊,地上,燕巢區,角宿里四林路108之1號（佔鱉公司前）,120.348059,22.779486
4264,燕巢分隊,地上,燕巢區,角宿里四林路116號（建誌公司前）,120.34578,22.774503
4265,燕巢分隊,地上,燕巢區,角宿里四林路119號前,120.34655,22.777183
4266,燕巢分隊,地上,燕巢區,角宿里四林路124號（長潤公司前）,120.346086,22.775766
4267,燕巢分隊,地上,燕巢區,角宿里四林路134號(新鷹公司對面),120.345225271967,22.7769043944845
4268,燕巢分隊,地上,燕巢區,角宿里四林路146-6號對面,120.344779,22.77567
4269,燕巢分隊,地上,燕巢區,角宿里四林路1號（玉宗公司前）,120.346061,22.777791
4270,燕巢分隊,地上,燕巢區,角宿里四林路22-20號旁,120.346276,22.770572
4271,燕巢分隊,地上,燕巢區,角宿里四林路興農公司前,120.346071,22.776973
4272,燕巢分隊,地上,燕巢區,角宿里角宿路22-3號（祥吉汽車修護廠門口）,120.359343,22.768251
4273,燕巢分隊,地上,燕巢區,角宿里角宿路2之12號對面,120.359714,22.772087
4274,燕巢分隊,地上,燕巢區,角宿里角宿路46-8號對面,120.358275,22.769474
4275,燕巢分隊,地上,燕巢區,角宿里角宿路6之1號（角宿廟前）,120.359768,22.770526
4276,燕巢分隊,地上,燕巢區,角宿里海城一街2號前,120.320936,22.772595
4277,燕巢分隊,地上,燕巢區,角宿里海城二街51號前,120.319675,22.772246
4278,燕巢分隊,地上,燕巢區,角宿里海城北街11號前,120.319151,22.772685
4279,燕巢分隊,地上,燕巢區,角宿里海城東街5號對面,120.320151,22.771543
4280,燕巢分隊,地上,燕巢區,角宿里海城街（海城文化城前）,120.318201,22.77244
4281,燕巢分隊,地上,燕巢區,角宿里海城街1號,120.316453,22.77332
4282,燕巢分隊,地上,燕巢區,角宿里海城街佛光光寺對面,120.315405,22.773663
4283,燕巢分隊,地上,燕巢區,角宿里滾水路107之5號前,120.328366,22.777368
4284,燕巢分隊,地上,燕巢區,角宿里滾水路51號前50公尺,120.330055,22.777631
4285,燕巢分隊,地上,燕巢區,東燕里工兵學校教練場旁,120.355025,22.802638
4286,燕巢分隊,地上,燕巢區,東燕里中民路235巷與中民路163巷交叉口,120.369163,22.794092
4287,燕巢分隊,地上,燕巢區,東燕里中民路245號前,120.36892,22.79463
4288,燕巢分隊,地上,燕巢區,東燕里中民路24號前,120.376016,22.796406
4289,燕巢分隊,地上,燕巢區,東燕里中民路259巷8號前,120.368613,22.794305
4290,燕巢分隊,地上,燕巢區,東燕里中民路276號對面,120.368056,22.794598
4291,燕巢分隊,地上,燕巢區,東燕里中民路325號前,120.36692,22.79431
4292,燕巢分隊,地上,燕巢區,東燕里中民路361號前,120.366297,22.794085
4293,燕巢分隊,地上,燕巢區,東燕里中民路393巷56號斜對面,120.367957,22.793382
4294,燕巢分隊,地上,燕巢區,東燕里中民路455號前,120.365208,22.79329
4295,燕巢分隊,地上,燕巢區,東燕里中民路527號前,120.363591,22.793368
4296,燕巢分隊,地上,燕巢區,東燕里中民路572號前,120.362663,22.793331
4297,燕巢分隊,地上,燕巢區,東燕里中民路585號前,120.36204,22.793184
4298,燕巢分隊,地上,燕巢區,東燕里中東巷70號前,120.368564,22.793551
4299,燕巢分隊,地上,燕巢區,東燕里中東巷78號對面,120.368664,22.793108
4300,燕巢分隊,地上,燕巢區,東燕里中東巷84弄55號前,120.367387,22.791762
4301,燕巢分隊,地上,燕巢區,東燕里中華路301號前,120.36464,22.795254
4302,燕巢分隊,地上,燕巢區,東燕里中興北路40號前,120.361576,22.794518
4303,燕巢分隊,地上,燕巢區,東燕里中興北路51-27號前,120.36102,22.796301
4304,燕巢分隊,地上,燕巢區,東燕里中興北路72之11號前,120.361312,22.795512
4305,燕巢分隊,地上,燕巢區,東燕里水庫路上工兵學校圍牆旁近中興北路,120.358848,22.80037
4306,燕巢分隊,地上,燕巢區,東燕里水庫路與新生路口工兵學校圍牆旁,120.354745,22.802707
4307,燕巢分隊,地上,燕巢區,東燕里活動中心前,120.369352,22.795156
4308,燕巢分隊,地上,燕巢區,金山里車林巷（五仙宮廟前）,120.388883,22.797081
4309,燕巢分隊,地上,燕巢區,金山里金山國小旁，清龍宮前,120.398146959954,22.8112649542797
4310,燕巢分隊,地上,燕巢區,金山里金山路22號附近,120.391008,22.806438
4311,燕巢分隊,地上,燕巢區,南燕里中民路393巷33號斜對面,120.367016,22.793154
4312,燕巢分隊,地上,燕巢區,南燕里中生巷106號旁,120.366566869312,22.7867267318751
4313,燕巢分隊,地上,燕巢區,南燕里中安路58號旁,120.360864,22.788366
4314,燕巢分隊,地上,燕巢區,南燕里中安路5號,120.361175,22.788275
4315,燕巢分隊,地上,燕巢區,南燕里中南路16號對面,120.364520197553,22.7924301719038
4316,燕巢分隊,地上,燕巢區,南燕里中南路20號之1旁,120.364317,22.792108
4317,燕巢分隊,地上,燕巢區,南燕里中南路25號旁,120.363952,22.791284
4318,燕巢分隊,地上,燕巢區,南燕里中南路64號旁,120.362928,22.790724
4319,燕巢分隊,地上,燕巢區,南燕里中興路103號前,120.362734420238,22.7912669055228
4320,燕巢分隊,地上,燕巢區,南燕里中興路151號與中生巷路口,120.362784437434,22.7897287543682
4321,燕巢分隊,地上,燕巢區,南燕里中興路199號（加油站前）,120.362661,22.788166
4322,燕巢分隊,地上,燕巢區,南燕里中興路429號前（舊燕巢消防隊）,120.361769,22.782289
4323,燕巢分隊,地上,燕巢區,南燕里市場路53之6號對面,120.363577,22.791726
4324,燕巢分隊,地上,燕巢區,南燕里市場路73號,120.363024,22.791374
4325,燕巢分隊,地上,燕巢區,深水里大仁路(中華電信機房旁),120.385704,22.770782
4326,燕巢分隊,地上,燕巢區,深水里牧場路78號對面(馬場天官財神廟前),120.425668345404,22.7804860459672
4327,燕巢分隊,地上,燕巢區,深水里臥牛巷16之10號前,120.385168,22.776894
4328,燕巢分隊,地上,燕巢區,深水里臥牛巷24之15號前,120.384251989688,22.7771425675921
4329,燕巢分隊,地上,燕巢區,深水里深中路2號(深水國小前),120.405616,22.77698
4330,燕巢分隊,地上,燕巢區,深水里深中路30號（深水地磅對面）,120.404894,22.773644
4331,燕巢分隊,地上,燕巢區,深水里深中路62號（高雄師範大學入口前）,120.406148,22.777908
4332,燕巢分隊,地上,燕巢區,深水里深中路62號自來水加壓站（高雄師範大學裡面）,120.404672,22.780467
4333,燕巢分隊,地上,燕巢區,深水里深水路2-2號前(仁愛之家對面),120.419176,22.780764
4334,燕巢分隊,地上,燕巢區,深水里深水路3之20號(靜和醫院旁),120.416046677246,22.7814425947551
4335,燕巢分隊,地上,燕巢區,深水里深興路88號(深水派出所旁圍牆內),120.390210623418,22.7723203701098
4336,燕巢分隊,地上,燕巢區,深水里深興路與深中路口（深水花卉產銷班前）,120.397204,22.772282
4337,燕巢分隊,地上,燕巢區,深水里湖內巷18-8號對面(陽旻公司),120.368272,22.774058
4338,燕巢分隊,地上,燕巢區,深水里湖內巷21號對面,120.370318,22.774019
4339,燕巢分隊,地上,燕巢區,深水里湖內巷2之6號前,120.373928,22.78017
4340,燕巢分隊,地上,燕巢區,深水里湖內巷2之7號前,120.374936,22.778652
4341,燕巢分隊,地上,燕巢區,鳳雄里大學路往角宿路方向果菜市場圍牆旁,120.359709,22.76011
4342,燕巢分隊,地上,燕巢區,鳳雄里大學路往角宿路方向紅綠燈前往50公尺處,120.35371,22.760508
4343,燕巢分隊,地上,燕巢區,鳳雄里大學路往角宿路方向高壓電塔對面,120.345872,22.75961
4344,燕巢分隊,地上,燕巢區,鳳雄里大學路往角宿路方向鳳梨田近果菜市場旁,120.356456,22.760399
4345,燕巢分隊,地上,燕巢區,鳳雄里大學路往角宿路高鐵橋往前50公尺處,120.35088,22.760314
4346,燕巢分隊,地上,燕巢區,鳳雄里大學路往第一科大方向三塊厝橋後10公尺處,120.341487,22.759422
4347,燕巢分隊,地上,燕巢區,鳳雄里大學路往第一科大方向高鐵下方,120.349669,22.760419
4348,燕巢分隊,地上,燕巢區,鳳雄里大學路往第一科大方向側門斜對面,120.338431,22.75918
4349,燕巢分隊,地上,燕巢區,鳳雄里大學路往第一科大方向第一支（果菜市場旁）,120.357932,22.760436
4350,燕巢分隊,地上,燕巢區,鳳雄里大學路往第一科大方向第二支（果菜市場旁）,120.355521,22.760645
4351,燕巢分隊,地上,燕巢區,鳳雄里大學路往第一科大方向第三支（果菜市場旁）,120.352509,22.760645
4352,燕巢分隊,地上,燕巢區,鳳雄里大學路往第一科大方向總機廠入口,120.348047,22.760265
4353,燕巢分隊,地上,燕巢區,鳳雄里大學路往第一科大方向總機廠旁,120.34492,22.75955
4354,燕巢分隊,地上,燕巢區,鳳雄里中路巷(電線桿編號中路林高幹38號前),120.343984,22.756282
4355,燕巢分隊,地上,燕巢區,鳳雄里中路巷(電線桿編號中路林高幹39號前),120.33972,22.754622
4356,燕巢分隊,地上,燕巢區,鳳雄里中路巷與鳳龍巷口,120.34852,22.755788
4357,燕巢分隊,地上,燕巢區,鳳雄里鳳東路312巷5號對面,120.359829,22.758627
4358,燕巢分隊,地上,燕巢區,鳳雄里鳳東路86號(統一速邁樂加油站旁),120.363864,22.75983
4359,燕巢分隊,地上,燕巢區,鳳雄里鳳旗路171號鳳雄派出所前,120.355464,22.753864
4360,燕巢分隊,地上,燕巢區,鳳雄里鳳旗路310號合眾公司前,120.35072,22.752892
4361,燕巢分隊,地上,燕巢區,鳳雄里鳳旗路65號前郵局旁,120.356789576999,22.7552731773028
4362,燕巢分隊,地上,燕巢區,鳳雄里鳳龍巷9之9號前,120.349584,22.75496
4363,燕巢分隊,地上,燕巢區,橫山里大仁路71號旁(旗楠公路與大成路路口),120.38412,22.770452
4364,燕巢分隊,地上,燕巢區,橫山里橫山國小對面,120.380207,22.768285
4365,燕巢分隊,地上,燕巢區,橫山里橫山路53號興龍路入口處,120.377051,22.765887
4366,燕巢分隊,地上,燕巢區,橫山里橫山路59號樹德科技大學,120.3748369,22.7648247
4367,燕巢分隊,地上,燕巢區,橫山里興龍路25號旁,120.381344,22.762978
4368,燕巢分隊,地上,燕巢區,橫山里興龍路2號對面(興龍路一巷與東川路路口),120.381992,22.762514
4369,燕巢分隊,地上,燕巢區,瓊林里安招路1044號（SUBARU汽車廠前）,120.3172035756,22.786998982665
4370,燕巢分隊,地上,燕巢區,瓊林里安招路662號(宇信輪胎前),120.32634906316,22.789129573925
4371,燕巢分隊,地上,燕巢區,瓊林里安招路784-2號（順興石材旁）,120.324764805557,22.7890154131911
4372,燕巢分隊,地上,燕巢區,瓊林里安招路與瓊招路路口,120.339102077585,22.7908838240229
4373,燕巢分隊,地上,燕巢區,瓊林里瓊林路13-7號,120.328796,22.799046
4374,燕巢分隊,地上,燕巢區,瓊林里瓊林路180號,120.325893,22.797147
4375,燕巢分隊,地上,燕巢區,瓊林里瓊林路53號,120.327241,22.798009
4376,燕巢分隊,地上,燕巢區,瓊林里瓊林路58號,120.327841,22.798434
4377,燕巢分隊,地上,燕巢區,瓊林里瓊林路64巷38號,120.325724,22.799783
4378,燕巢分隊,地上,燕巢區,瓊林里瓊興路390-2號,120.326007,22.796565
4379,大樹分隊,地上,大樹區,九大路333號旁,120.4244562,22.6543756
4380,大樹分隊,地上,大樹區,九大路372號對面,120.4246299,22.6507469
4381,大樹分隊,地上,大樹區,九曲路162號前,120.4215619,22.6490454
4382,大樹分隊,地上,大樹區,九曲路428號軍營,120.4238808,22.6542051
4383,大樹分隊,地上,大樹區,九曲路559號大樹國中正門,120.422638888889,22.6564444444444
4384,大樹分隊,地上,大樹區,九曲路59巷口對面,120.420194444444,22.6473611111111
4385,大樹分隊,地上,大樹區,九曲路與北極巷口,120.4223612,22.6508107
4386,大樹分隊,地上,大樹區,三和路129號前,120.4235982,22.7272188
4387,大樹分隊,地上,大樹區,三和路130-99號對面,120.4219885,22.7288197
4388,大樹分隊,地上,大樹區,三和路土地公廟前,120.4376179,22.7190098
4389,大樹分隊,地上,大樹區,三和路平安橋前,120.437449,22.7196501
4390,大樹分隊,地上,大樹區,三和路與學成路交叉路口,120.4120589,22.7310028
4391,大樹分隊,地上,大樹區,久堂路城隍巷7之12號東方麗第大樓,120.4207817,22.6620625
4392,大樹分隊,地上,大樹區,久堂路博愛巷1弄10號救難協會,120.418936,22.658432
4393,大樹分隊,地上,大樹區,久堂路湖底一巷12之5號,120.417248485567,22.6538854595223
4394,大樹分隊,地上,大樹區,久堂路湖底二巷304號廟,120.416020033838,22.6564795203447
4395,大樹分隊,地上,大樹區,大坑路108號旁,120.441972222222,22.7135277777778
4396,大樹分隊,地上,大樹區,大坑路73-1號旁,120.4420403,22.715225
4397,大樹分隊,地上,大樹區,大坑路86號,120.4412201,22.7135361
4398,大樹分隊,地上,大樹區,大樹消防隊旁,120.432085783081,22.6962072707968
4399,大樹分隊,地上,大樹區,大樹區九大路197號旁,120.423361111111,22.6488055555556
4400,大樹分隊,地上,大樹區,大樹區九大路402號旁,120.4249825,22.6517439
4401,大樹分隊,地上,大樹區,大樹區九大路506號旁,120.4247876,22.6557046
4402,大樹分隊,地上,大樹區,大樹區小坪路2號之3前,120.40906,22.678918
4403,大樹分隊,地上,大樹區,大樹區姑山國小對面,120.438566207886,22.7088976646459
4404,大樹分隊,地上,大樹區,大樹區復興街43號古蹟,120.4209948,22.6578445
4405,大樹分隊,地上,大樹區,大樹國小大門旁,120.434697,22.68763
4406,大樹分隊,地上,大樹區,大樹路98號,120.428959,22.6872238
4407,大樹分隊,地上,大樹區,大樹路與長春路口（保安宮前）,120.430287,22.686977
4408,大樹分隊,地上,大樹區,小坪水廠側門前,120.408186167479,22.6788702326019
4409,大樹分隊,地上,大樹區,中山路3巷388號前,120.4079056,22.6587266
4410,大樹分隊,地上,大樹區,中山路3巷414號前,120.4081592,22.6579575
4411,大樹分隊,地上,大樹區,中山路3巷85弄2號旁,120.408589,22.660116
4412,大樹分隊,地上,大樹區,中正ㄧ路與大樹路口,120.4338919,22.6867387
4413,大樹分隊,地上,大樹區,中正一路253號前,120.435356,22.6903442
4414,大樹分隊,地上,大樹區,中正一路323號前,120.4348769,22.692203
4415,大樹分隊,地上,大樹區,中正一路393號,120.4343942,22.6940269
4416,大樹分隊,地上,大樹區,中正一路42-1號旁（兵營對面）,120.4252445,22.6793657
4417,大樹分隊,地上,大樹區,中正一路大庄巷98號前,120.441321,22.697801
4418,大樹分隊,地上,大樹區,中正一路大庄巷口,120.4341236,22.6955613
4419,大樹分隊,地上,大樹區,中正一路大坪巷口,120.426398,22.680191
4420,大樹分隊,地上,大樹區,中正一路與中興北路口,120.434001,22.696092
4421,大樹分隊,地上,大樹區,中華路80號,120.4065797,22.6661437
4422,大樹分隊,地上,大樹區,中興北路104號旁,120.4329962,22.6928041
4423,大樹分隊,地上,大樹區,中興北路168號旁,120.4335749,22.6965762
4424,大樹分隊,地上,大樹區,中興北路消防隊下方,120.433242538098,22.6966729038083
4425,大樹分隊,地上,大樹區,中興西路95號,120.428888888889,22.6915555555556
4426,大樹分隊,地上,大樹區,中興西路郵局右前,120.431008920936,22.6911289414289
4427,大樹分隊,地上,大樹區,中興東路6號前,120.4336818,22.6912696
4428,大樹分隊,地上,大樹區,中興南路121號,120.432611111111,22.6883888888889
4429,大樹分隊,地上,大樹區,中興南路163號,120.4319138,22.6870418
4430,大樹分隊,地上,大樹區,中興南路3號,120.4328377,22.690962
4431,大樹分隊,地上,大樹區,井腳路190號,120.409930934671,22.6701285656097
4432,大樹分隊,地上,大樹區,井腳路79號,120.4079461,22.6733757
4433,大樹分隊,地上,大樹區,安和街57-2號前（北極殿旁）,120.4081375,22.6651052
4434,大樹分隊,地上,大樹區,竹寮路107-34號對面,120.4249014,22.6641724
4435,大樹分隊,地上,大樹區,竹寮路114-20號旁（統一精工加油旁）,120.425330905943,22.6591785579474
4436,大樹分隊,地上,大樹區,竹寮路139號對面,120.42657405138,22.664657833549
4437,大樹分隊,地上,大樹區,竹寮路207號對面,120.425183828033,22.6650820008472
4438,大樹分隊,地上,大樹區,竹寮路219號對面,120.423748344183,22.6653254842112
4439,大樹分隊,地上,大樹區,竹寮路349號對面,120.422091194941,22.6623314138178
4440,大樹分隊,地上,大樹區,竹寮路60之18號旁（修車場）,120.426295887732,22.6709027958111
4441,大樹分隊,地上,大樹區,竹寮路60之7號旁（東芳便利商店）,120.426203351521,22.6718333796144
4442,大樹分隊,地上,大樹區,竹寮路626號旁,120.425384035752,22.6692327161811
4443,大樹分隊,地上,大樹區,竹寮路700號旁,120.425166776658,22.6686659410141
4444,大樹分隊,地上,大樹區,竹寮路741號旁,120.42451499995,22.6685199156675
4445,大樹分隊,地上,大樹區,竹寮路921-1號旁,120.424980819225,22.6762499654955
4446,大樹分隊,地上,大樹區,竹寮路951號旁,120.425141751766,22.6769305527335
4447,大樹分隊,地上,大樹區,竹寮路雄獅大地社區大門對面,120.426213928242,22.6689770271255
4448,大樹分隊,地上,大樹區,竹寮路綠陽山莊社區大門旁,120.426071771164,22.674107606306
4449,大樹分隊,地上,大樹區,佛光山加油站後方,120.447539320203,22.7505763191145
4450,大樹分隊,地上,大樹區,佛光山頭山門停車場前,120.44689290783,22.7487063211715
4451,大樹分隊,地上,大樹區,姑山路20-2號前,120.4358194,22.706527
4452,大樹分隊,地上,大樹區,姑山路保能宮前,120.434156641972,22.7048964079501
4453,大樹分隊,地上,大樹區,姑山路崑明寺前,120.433499500764,22.6996803756258
4454,大樹分隊,地上,大樹區,建村街114-1號與建村街135巷口,120.418163,22.657129
4455,大樹分隊,地上,大樹區,神農街11巷32號前,120.423722222222,22.6508888888889
4456,大樹分隊,地上,大樹區,神農街39號對面,120.4236735,22.6515298
4457,大樹分隊,地上,大樹區,統嶺路107-5號前,120.4485676,22.7722466
4458,大樹分隊,地上,大樹區,統嶺路71號（宏季草魚料理）前,120.446781,22.761613
4459,大樹分隊,地上,大樹區,統嶺路72之36號（味香山海產）對面,120.4483294487,22.7683664068942
4460,大樹分隊,地上,大樹區,統嶺路91號對面,120.4481971,22.7716303
4461,大樹分隊,地上,大樹區,逢萊山莊23號旁,120.422617793083,22.6657298846001
4462,大樹分隊,地上,大樹區,逢萊山莊46號對面,120.421930262401,22.6655539821268
4463,大樹分隊,地上,大樹區,逢萊山莊82號前,120.424033114268,22.6647198837393
4464,大樹分隊,地上,大樹區,新生街9號前,120.428614427647,22.686001384086
4465,大樹分隊,地上,大樹區,新鎮路6號旁,120.421827769941,22.6473645250402
4466,大樹分隊,地上,大樹區,新鎮路800號（育才幼稚園旁200M）,120.417265355859,22.6560337185321
4467,大樹分隊,地上,大樹區,溪埔路206號對面,120.4464928,22.7308313
4468,大樹分隊,地上,大樹區,溪埔路246號前,120.447434663195,22.7328310461755
4469,大樹分隊,地上,大樹區,溪埔路3-7號（台29線7-11便利商店對面）,120.445056,22.727037
4470,大樹分隊,地上,大樹區,溪埔路42號（電信局）前,120.443418,22.722581
4471,大樹分隊,地上,大樹區,溪埔路57-8號前,120.4446419,22.7278259
4472,大樹分隊,地上,大樹區,溪埔路溪埔社區活動中心前,120.444887010659,22.7282550115863
4473,大樹分隊,地上,大樹區,義大世界-皇冠飯店天橋下,120.402715,22.7300184
4474,大樹分隊,地上,大樹區,興田路（舊路）29-3號對面,120.4475593,22.7359461
4475,大樹分隊,地上,大樹區,興田路（舊路）33之4號斜對面,120.4477732,22.7382893
4476,大樹分隊,地上,大樹區,興田路（舊路）99-1號旁,120.448305555556,22.7419444444444
4477,大樹分隊,地上,大樹區,興田路194號旁,120.4469332,22.7407044
4478,大樹分隊,地上,大樹區,興田路207號（山海書院）對面,120.446877,22.739653
4479,大樹分隊,地上,大樹區,興田路60-3號旁（大樹圖書館三館招牌前）,120.445288,22.730021
4480,大樹分隊,地上,大樹區,龍目路134號旁,120.416633058748,22.6855985048595
4481,大樹分隊,地上,大樹區,龍目路158號,120.4140745,22.6844177
4482,大樹分隊,地上,大樹區,龍目路安安幼兒園旁,120.419714916906,22.6871377596612
4483,大樹分隊,地上,大樹區,攔河堰旁,120.435538905475,22.6889662531906
4484,鳥松分隊,地上,鳥松區,大仁北路上（育成一街與育成二街中間）,120.361914,22.6660067
4485,鳥松分隊,地上,鳥松區,大同路53巷口,120.3868204,22.6586464
4486,鳥松分隊,地上,鳥松區,大同路與中正路14巷口,120.3671973,22.6516445
4487,鳥松分隊,地上,鳥松區,大竹路20-10號旁,120.393081,22.6656429
4488,鳥松分隊,地上,鳥松區,大竹路8巷與大竹路口（花圃裡面）,120.3949753,22.6643166
4489,鳥松分隊,地上,鳥松區,大昌路287號旁,120.3445333,22.6527683
4490,鳥松分隊,地上,鳥松區,大昌路456號（靠近昌隆街）,120.3381943,22.6571557
4491,鳥松分隊,地上,鳥松區,大昌路510巷56號對面右側15公尺）,120.3357196,22.6588673
4492,鳥松分隊,地上,鳥松區,大昌路512號旁,120.3358866,22.657905
4493,鳥松分隊,地上,鳥松區,大昌路與大昌路275巷交叉口,120.3446902,22.6524465
4494,鳥松分隊,地上,鳥松區,大昌路與青雲街交叉口（青雲街1號旁）,120.3405928,22.65563
4495,鳥松分隊,地上,鳥松區,大昌路與球場路交叉口（自助餐旁）,120.3387129,22.6568419
4496,鳥松分隊,地上,鳥松區,大昌路與興華街交叉口（大昌路403號對面）,120.3398747,22.656074
4497,鳥松分隊,地上,鳥松區,大埤路118號前花圃內,120.3520506,22.6516176
4498,鳥松分隊,地上,鳥松區,大埤路138號前麵包樹下（花圃旁）,120.3514206,22.6528187
4499,鳥松分隊,地上,鳥松區,大埤路23之1號前（大埤路與忠誠路交叉口）,120.3607842,22.6583199
4500,鳥松分隊,地上,鳥松區,大埤路27-11號前（海寶珍珠前）,120.3594571,22.6576891
4501,鳥松分隊,地上,鳥松區,大埤路32號旁（面對自來水廠門口右側80公尺）,120.3567716,22.6540499
4502,鳥松分隊,地上,鳥松區,大埤路與大埤南路交叉口,120.3524029,22.6507398
4503,鳥松分隊,地上,鳥松區,大埤路與中正路交叉口（烤鴨店前）,120.3639696,22.6588967
4504,鳥松分隊,地上,鳥松區,大埤路與忠孝路交叉口（人行道上）,120.3627583,22.658707
4505,鳥松分隊,地上,鳥松區,大埤路與鳥松路交叉口（安全島上）,120.3622336,22.6589056
4506,鳥松分隊,地上,鳥松區,大埤路與澄清路交叉口（正修大學對面機車道旁花圃內）,120.348845,22.6519917
4507,鳥松分隊,地上,鳥松區,大埤路與澄清路交叉口（鳥松濕地公園旁）,120.3493405,22.6520959
4508,鳥松分隊,地上,鳥松區,大埤路與濱湖路交叉口,120.3599631,22.6583679
4509,鳥松分隊,地上,鳥松區,大智路與大仁北路交叉口,120.3621578,22.6641808
4510,鳥松分隊,地上,鳥松區,大智路與大仁南路交叉口,120.3608368,22.6607574
4511,鳥松分隊,地上,鳥松區,大智路與大智路201巷交叉口,120.3603476,22.6637813
4512,鳥松分隊,地上,鳥松區,大智路與文前路交叉口,120.3602377,22.6626988
4513,鳥松分隊,地上,鳥松區,大華路197號對面,120.3394465,22.6538874
4514,鳥松分隊,地上,鳥松區,山水路與山明街交叉口（鳥松分隊車庫旁）,120.3600573,22.656514
4515,鳥松分隊,地上,鳥松區,山明街65號旁轉彎處,120.3604687,22.655475
4516,鳥松分隊,地上,鳥松區,山腳路80號對面（金剛寺對面）,120.3453035,22.6526742
4517,鳥松分隊,地上,鳥松區,山腳路與忠勤巷交叉口,120.342241,22.6563141
4518,鳥松分隊,地上,鳥松區,中山西路與華美路口,120.3920728,22.6614105
4519,鳥松分隊,地上,鳥松區,中山路135巷與中山路口,120.392905,22.661593
4520,鳥松分隊,地上,鳥松區,中山路51巷與中山路口,120.392544,22.65962
4521,鳥松分隊,地上,鳥松區,中山路93巷與中山路口,120.392701,22.660608
4522,鳥松分隊,地上,鳥松區,中山路上水果攤旁（靠近學堂路）,120.392363,22.658537
4523,鳥松分隊,地上,鳥松區,中正路107之21號門口前（高展冷凍）,120.36536,22.648662
4524,鳥松分隊,地上,鳥松區,中正路10號前（勝發傢俱前）（恆山南巷對面）,120.3654281,22.648317
4525,鳥松分隊,地上,鳥松區,中正路142-41號（逸木登傢俱）,120.3633614,22.664445
4526,鳥松分隊,地上,鳥松區,中正路251號（麥當勞前）,120.3639964,22.6597599
4527,鳥松分隊,地上,鳥松區,中正路295之3號（鈜政汽車行）,120.3637795,22.6609656
4528,鳥松分隊,地上,鳥松區,中正路317號前（郵局旁）,120.3636119,22.6619389
4529,鳥松分隊,地上,鳥松區,中正路34之2號前（萬大傢俱行前）,120.3648484,22.6551495
4530,鳥松分隊,地上,鳥松區,中正路353號旁（ 茶之魔手旁）,120.3634439,22.662826
4531,鳥松分隊,地上,鳥松區,中正路354之1號（中正路與水管路口）,120.3625521,22.6686024
4532,鳥松分隊,地上,鳥松區,中正路367之17號旁,120.3632954,22.663854
4533,鳥松分隊,地上,鳥松區,中正路367之33號,120.3631861,22.6643738
4534,鳥松分隊,地上,鳥松區,中正路383號面對門口左側15公尺,120.362938,22.6657645
4535,鳥松分隊,地上,鳥松區,中正路387之12號（大中當舖旁）,120.3626986,22.6672028
4536,鳥松分隊,地上,鳥松區,中正路391號前（靠近夢裡東巷口）,120.3625219,22.6679837
4537,鳥松分隊,地上,鳥松區,中正路42之3號前,120.3652584,22.6508211
4538,鳥松分隊,地上,鳥松區,中正路439號前,120.362202,22.6690278
4539,鳥松分隊,地上,鳥松區,中正路6之9號（信家傢俱行旁）,120.3654874,22.6468757
4540,鳥松分隊,地上,鳥松區,中正路98號旁（鳥松區公所與傢俱行之間）,120.3640732,22.6601482
4541,鳥松分隊,地上,鳥松區,中正路與中正路322巷交叉口,120.3629225,22.666878
4542,鳥松分隊,地上,鳥松區,中正路與文前路交叉口,120.3634986,22.6625023
4543,鳥松分隊,地上,鳥松區,中正路與東山路交叉口（方大元傢俱行旁）,120.3627509,22.6678754
4544,鳥松分隊,地上,鳥松區,中正路與松埔路交叉口（威通電線電纜公司看板旁）,120.3636146,22.6628331
4545,鳥松分隊,地上,鳥松區,中正路與夢裡路交叉口,120.3630342,22.6651816
4546,鳥松分隊,地上,鳥松區,仁德路10號前（雷音禪寺對面）,120.3931158,22.650711
4547,鳥松分隊,地上,鳥松區,仁德路11號（老人活動中心門口旁）,120.3950454,22.6503774
4548,鳥松分隊,地上,鳥松區,仁德路11號（老人活動中心面對門口左側5公尺旁）,120.3948291,22.6503901
4549,鳥松分隊,地上,鳥松區,仁德路16號（仁美派出所旁）,120.3942471,22.6503954
4550,鳥松分隊,地上,鳥松區,公園路上（文山高中大門口對面右側10公尺長庚醫院旁）,120.3536562,22.6486271
4551,鳥松分隊,地上,鳥松區,公園路上（長庚警衛室入口對面左側150公尺）,120.3568608,22.6472037
4552,鳥松分隊,地上,鳥松區,公園路上（面對文山高中大門口右側30公尺文山高中旁）,120.3531694,22.6486097
4553,鳥松分隊,地上,鳥松區,公園路上（面對文山高中大門口左側110公尺）,120.3544585,22.6483931
4554,鳥松分隊,地上,鳥松區,公園路上（面對長庚警衛室入口右側200公尺）,120.3571786,22.646903
4555,鳥松分隊,地上,鳥松區,公園路上（面對長庚警衛室入口右側50公尺）,120.3563206,22.6479033
4556,鳥松分隊,地上,鳥松區,公園路上（面對長庚警衛室入口左側30公尺）,120.3555974,22.648153
4557,鳥松分隊,地上,鳥松區,公園路上（靠近長庚路90公尺轉彎處）,120.359606,22.6505173
4558,鳥松分隊,地上,鳥松區,公園路上（靠近軍人忠靈祠門口約70公尺）,120.3597535,22.6536916
4559,鳥松分隊,地上,鳥松區,公園路上（靠近勞工就業中心停車場路口）（公車站旁）,120.359614,22.6531742
4560,鳥松分隊,地上,鳥松區,公園路上（離正修路40公尺文山高中第二停車場旁）,120.3517059,22.6483439
4561,鳥松分隊,地上,鳥松區,公園路上（離長庚路130公尺軍營旁）,120.3587732,22.6491778
4562,鳥松分隊,地上,鳥松區,公園路上（離長庚路200公尺勞工就業中心後方）,120.3598182,22.6514743
4563,鳥松分隊,地上,鳥松區,公園路上（離長庚路80公尺長庚宿舍後方）,120.358688,22.6495528
4564,鳥松分隊,地上,鳥松區,公園路上（離恆山巷60公尺長庚宿舍後方）,120.3588275,22.648447
4565,鳥松分隊,地上,鳥松區,公園路上（離恆山巷80公尺小貝湖附近）,120.3583159,22.6472718
4566,鳥松分隊,地上,鳥松區,公園路上（離棒球場約100米）（勞工就業中心後方）,120.3598233,22.6525579
4567,鳥松分隊,地上,鳥松區,公園路與中正路177巷交叉口（軍人忠靈祠門口旁）,120.360174,22.654294
4568,鳥松分隊,地上,鳥松區,公園路與恆山巷交叉口,120.3586404,22.6478572
4569,鳥松分隊,地上,鳥松區,文前路上（靠近環湖路口140公尺）（往澄清湖後門方向）,120.3563082,22.6630317
4570,鳥松分隊,地上,鳥松區,文前路澄清湖後門內（收費站後方）,120.3455777,22.6686529
4571,鳥松分隊,地上,鳥松區,文海街18號對面,120.3597666,22.6624216
4572,鳥松分隊,地上,鳥松區,水管路2之50號A棟前（水管路與水管路2巷路口）,120.3857207,22.6480747
4573,鳥松分隊,地上,鳥松區,北平路16號之1旁,120.3949444,22.6557482
4574,鳥松分隊,地上,鳥松區,北平路3號前（機車行旁）,120.3943473,22.6553011
4575,鳥松分隊,地上,鳥松區,北平路56號前,120.3969128,22.655803
4576,鳥松分隊,地上,鳥松區,北平路74號對面（近學堂路口）,120.3991605,22.6572714
4577,鳥松分隊,地上,鳥松區,本館路202號前,120.3354564,22.656139
4578,鳥松分隊,地上,鳥松區,本館路226號前（青青幼稚園大門旁）,120.3348492,22.6566507
4579,鳥松分隊,地上,鳥松區,本館路278號前（靠近大昌路）,120.3343034,22.657121
4580,鳥松分隊,地上,鳥松區,本館路30-11號門口旁,120.3449088,22.6490541
4581,鳥松分隊,地上,鳥松區,本館路373號旁,120.3375019,22.654225
4582,鳥松分隊,地上,鳥松區,本館路3之3號前（存德中醫診所旁）,120.3465269,22.6478241
4583,鳥松分隊,地上,鳥松區,本館路上（靠近高速公路涵洞下方）（ 九龍禮儀館對面）,120.3329435,22.6581139
4584,鳥松分隊,地上,鳥松區,本館路與本館路387巷交叉口（本館路381號旁）,120.3372159,22.6545047
4585,鳥松分隊,地上,鳥松區,本館路與汾陽街交叉口（人行道上）,120.3402472,22.6521903
4586,鳥松分隊,地上,鳥松區,立群街23號斜對角,120.3615979,22.6687435
4587,鳥松分隊,地上,鳥松區,立群街75號對面,120.3622889,22.6674596
4588,鳥松分隊,地上,鳥松區,同富街132巷30弄7號對面,120.3839993,22.6552077
4589,鳥松分隊,地上,鳥松區,同富街132巷3弄26號對面,120.3843185,22.6543401
4590,鳥松分隊,地上,鳥松區,汾陽路上（離本華路60公尺）（公園行人道旁上）,120.3396034,22.6512299
4591,鳥松分隊,地上,鳥松區,育英街上（夢裡東巷3之16號花草旁）,120.3607821,22.6672245
4592,鳥松分隊,地上,鳥松區,育英街上（夢裡路20號對面）,120.3596969,22.666834
4593,鳥松分隊,地上,鳥松區,育英街與大仁北路交叉口,120.3613424,22.6673628
4594,鳥松分隊,地上,鳥松區,育善一街13號旁,120.359147,22.6672269
4595,鳥松分隊,地上,鳥松區,育善一街與夢裡路交叉口（育善一街31號對面）,120.3590672,22.6678045
4596,鳥松分隊,地上,鳥松區,和盛街與大華路交叉口,120.3416476,22.6523611
4597,鳥松分隊,地上,鳥松區,忠仁路上（靠近忠孝路40公尺）,120.3636303,22.6557374
4598,鳥松分隊,地上,鳥松區,忠孝路21號旁（湖畔汽車旅館）,120.3630228,22.6580607
4599,鳥松分隊,地上,鳥松區,忠孝路52號前（紫雲寺門口旁）,120.3630593,22.6574156
4600,鳥松分隊,地上,鳥松區,忠信街33號對面（忠信街102號-得利斜對面）,120.3640561,22.6565508
4601,鳥松分隊,地上,鳥松區,忠誠路56號（中華電信營運所大門口前）,120.3638104,22.654173
4602,鳥松分隊,地上,鳥松區,忠誠路上（面對汽車旅館入口右側40公尺鳥松里活動中心旁）,120.3615493,22.6560421
4603,鳥松分隊,地上,鳥松區,忠誠路上（面對汽車旅館入口左側40公尺 汽車旅館旁）,120.361852,22.655466
4604,鳥松分隊,地上,鳥松區,忠誠路與中正路177巷交叉口（中華電信圍牆旁）,120.3624619,22.6548602
4605,鳥松分隊,地上,鳥松區,昌文街63號前,120.335855,22.6568258
4606,鳥松分隊,地上,鳥松區,昌華街上（球場路138號後門）,120.3399467,22.6571854
4607,鳥松分隊,地上,鳥松區,東山路與水管路交叉口,120.3635378,22.6680567
4608,鳥松分隊,地上,鳥松區,松竹街上（離松竹街115巷20公尺）,120.3637031,22.6523271
4609,鳥松分隊,地上,鳥松區,松美路上（福德路91號後面）,120.382275,22.6596658
4610,鳥松分隊,地上,鳥松區,松埔北巷33號對面（栗安行對面近鳥松國中）,120.3713943,22.6658941
4611,鳥松分隊,地上,鳥松區,松埔北巷4之45號（碧瑤山莊大門前）（全家超商旁）,120.3739052,22.6672006
4612,鳥松分隊,地上,鳥松區,松埔路1之53號前旁（恒品公司旁）,120.3721879,22.6631607
4613,鳥松分隊,地上,鳥松區,松埔路與水管路交叉口,120.3696066,22.6626468
4614,鳥松分隊,地上,鳥松區,松埔路與松埔路58巷路口（?埔里活動中心對面右方20公尺）,120.3824852,22.6601113
4615,鳥松分隊,地上,鳥松區,松埔路與福德路交叉口（福德祠對面）,120.3800082,22.659801
4616,鳥松分隊,地上,鳥松區,金華街81巷15弄內,120.391285,22.660349
4617,鳥松分隊,地上,鳥松區,金華街與溫州街交叉路口,120.390888,22.659589
4618,鳥松分隊,地上,鳥松區,長青街上（離中正路40公尺）,120.3646241,22.6451782
4619,鳥松分隊,地上,鳥松區,長青街與恆山巷交叉口,120.3631532,22.6469286
4620,鳥松分隊,地上,鳥松區,長春路53號前（泰源警犬學校花圃）,120.3872653,22.6782135
4621,鳥松分隊,地上,鳥松區,長春路53號斜對面（泰源警犬學校對面右側80公尺）,120.3879529,22.6784409
4622,鳥松分隊,地上,鳥松區,建華街12號前,120.3423963,22.6555369
4623,鳥松分隊,地上,鳥松區,恆山南巷與松竹街交叉口,120.364723,22.6481574
4624,鳥松分隊,地上,鳥松區,恆山南巷與恆山南巷18弄交叉口,120.364558,22.6480521
4625,鳥松分隊,地上,鳥松區,美山路101-5號宏崗金屬公司斜對面10公尺旁,120.3893349,22.6466523
4626,鳥松分隊,地上,鳥松區,美山路103之5號對面（金防部營區旁）,120.391241,22.647903
4627,鳥松分隊,地上,鳥松區,美山路103號中安廢棄物處理中心斜對面,120.3903552,22.6472084
4628,鳥松分隊,地上,鳥松區,美山路150-1號（面對 新都釣蝦場左側5公尺）,120.391597,22.6488882
4629,鳥松分隊,地上,鳥松區,美山路17號前   倫碩國際有限公司旁,120.3788827,22.6407641
4630,鳥松分隊,地上,鳥松區,美山路19巷15號旁,120.377848,22.6437691
4631,鳥松分隊,地上,鳥松區,美山路220巷與美山路口（山陽機車行旁）,120.3935923,22.6530777
4632,鳥松分隊,地上,鳥松區,美山路228號旁（仁美活動中心旁）,120.3938129,22.6536189
4633,鳥松分隊,地上,鳥松區,美山路37號前（美山路17巷口旁）,120.3820021,22.64256666
4634,鳥松分隊,地上,鳥松區,美山路41號旁（君牧塑膠科技）,120.3826207,22.6429497
4635,鳥松分隊,地上,鳥松區,美山路69號對面,120.3855819,22.644607
4636,鳥松分隊,地上,鳥松區,美山路77巷前,120.3860744,22.6449375
4637,鳥松分隊,地上,鳥松區,美山路77巷與水管路9巷交叉口（崇聖殿前）,120.3856231,22.6454196
4638,鳥松分隊,地上,鳥松區,美山路84號旁,120.3856231,22.6454196
4639,鳥松分隊,地上,鳥松區,美山路與仁德路交叉口（茶之魔手前）,120.3924621,22.651082
4640,鳥松分隊,地上,鳥松區,神農路245號前旁,120.3719844,22.6596259
4641,鳥松分隊,地上,鳥松區,神農路320號前（俐欣小吃部前）,120.3782755,22.6595671
4642,鳥松分隊,地上,鳥松區,神農路335之2號前 （台灣犬旁）,120.3767148,22.6596757
4643,鳥松分隊,地上,鳥松區,神農路370號旁（千越仁美加油站旁）,120.379927,22.65932
4644,鳥松分隊,地上,鳥松區,神農路393之1號旁（汎生製藥大門口對面-汽車買賣行旁）,120.3794865,22.6596104
4645,鳥松分隊,地上,鳥松區,神農路482之1號（嘉義火雞肉飯前）,120.3814948,22.6585223
4646,鳥松分隊,地上,鳥松區,神農路487號前（神農路與大同路口）,120.3817996,22.6585142
4647,鳥松分隊,地上,鳥松區,神農路537-2號旁,120.3842652,22.6569276
4648,鳥松分隊,地上,鳥松區,神農路668號旁（資源回收廠旁）,120.3877719,22.6521652
4649,鳥松分隊,地上,鳥松區,神農路682之1號往東90公尺檳榔攤前,120.3898486,22.6504034
4650,鳥松分隊,地上,鳥松區,神農路682之1號旁（金華汽車保養廠前）,120.3891076,22.6508682
4651,鳥松分隊,地上,鳥松區,神農路69之1號大門旁（889傢俱神農店旁）,120.3663732,22.6595021
4652,鳥松分隊,地上,鳥松區,神農路上（離桃花KTV 75公尺處）,120.3908903,22.6499415
4653,鳥松分隊,地上,鳥松區,神農路上從全國加油站往西方向第1支 （離全國加油站100公尺）,120.3905573,22.650241
4654,鳥松分隊,地上,鳥松區,神農路上從全國加油站往西方向第2支（金華汽車保養廠對面）,120.3897068,22.6506497
4655,鳥松分隊,地上,鳥松區,神農路上從全國加油站往西方向第3支（靠近美德一街）,120.3889048,22.6512212
4656,鳥松分隊,地上,鳥松區,神農路上從全國加油站往西方向第4支（ 神農路668號對面）,120.3882721,22.6518493
4657,鳥松分隊,地上,鳥松區,神農路上從全國加油站往西方向第5支（鴿舍對面）,120.387557,22.6527209
4658,鳥松分隊,地上,鳥松區,神農路上從全國加油站往西方向第6支（靠近美勝七街）,120.3870145,22.6536424
4659,鳥松分隊,地上,鳥松區,神農路上從全國加油站往西方向第7支（龍谷園咖啡對面左側約40公尺）,120.3865957,22.6543583
4660,鳥松分隊,地上,鳥松區,神農路上從全國加油站往西方向第8支（神農路558號對面）,120.3858984,22.6555505
4661,鳥松分隊,地上,鳥松區,神農路往東方向（面對同富街131巷1弄口右側15公尺 ）,120.3854132,22.6559143
4662,鳥松分隊,地上,鳥松區,神農路往東方向（面對同富街131巷口左側18公尺）,120.3860532,22.6548893
4663,鳥松分隊,地上,鳥松區,神農路往東方向（面對龍谷園咖啡左側120公尺）,120.3872512,22.6529038
4664,鳥松分隊,地上,鳥松區,神農路往東方向（御恩企業社正對面）,120.383362,22.6572986
4665,鳥松分隊,地上,鳥松區,神農路往東方向（御恩企業社對面左側50公尺）,120.3838451,22.6569874
4666,鳥松分隊,地上,鳥松區,神農路往東方向（農會對面右側、府城檳榔攤附近）,120.3824604,22.657884
4667,鳥松分隊,地上,鳥松區,神農路往東方向（龍谷園咖啡前）,120.3867154,22.6538537
4668,鳥松分隊,地上,鳥松區,神農路往東方向（離美德一街40公尺）,120.3884089,22.6514517
4669,鳥松分隊,地上,鳥松區,神農路與同富街132巷4弄口附近 （神農路512-1號旁）,120.3847467,22.6564156
4670,鳥松分隊,地上,鳥松區,神農路與同富街路口（往西方向）,120.3852426,22.6562782
4671,鳥松分隊,地上,鳥松區,神農路與松埔路交叉口（香腸攤前）,120.3799962,22.6594929
4672,鳥松分隊,地上,鳥松區,神農路與松富路交叉口,120.3808296,22.6591098
4673,鳥松分隊,地上,鳥松區,球場路266號旁（球場路201號對面左側10公尺）,120.3392279,22.6593932
4674,鳥松分隊,地上,鳥松區,華美路與美竹街口,120.3942209,22.6611525
4675,鳥松分隊,地上,鳥松區,圓山路2號旁（面對圓山飯店大門左側100公尺）（排氣閥）,120.3454895,22.6545666
4676,鳥松分隊,地上,鳥松區,圓山路37巷對面（比佛利山莊大門對面）,120.3421381,22.6573302
4677,鳥松分隊,地上,鳥松區,圓山路上（面對圓山路2之20號右側40公尺）（山頂旅館旁）,120.3445923,22.6565517
4678,鳥松分隊,地上,鳥松區,福德路與松富路交叉口（福德路46號旁）,120.3811093,22.659517
4679,鳥松分隊,地上,鳥松區,德華街30號對面（靠近大昌路）,120.345169,22.6510721
4680,鳥松分隊,地上,鳥松區,德華街上（離大昌路10公尺）（ 耶穌基督教旁）,120.3450906,22.6504421
4681,鳥松分隊,地上,鳥松區,德華街上（離山腳路8公尺）（耶穌基督教旁）,120.3459026,22.6503938
4682,鳥松分隊,地上,鳥松區,澄清路834號前（環保局前靠近澄清路832巷）,120.3482549,22.6498474
4683,鳥松分隊,地上,鳥松區,澄清路與山腳路交叉口（大華里標誌板旁）,120.3474415,22.6483563
4684,鳥松分隊,地上,鳥松區,澄清路與圓山路交叉口,120.3481727,22.6505374
4685,鳥松分隊,地上,鳥松區,澄湖路與明湖路交叉口,120.3536827,22.6658734
4686,鳥松分隊,地上,鳥松區,澄湖路與濱湖路交叉口,120.3552189,22.6670274
4687,鳥松分隊,地上,鳥松區,學堂路106巷25號前,120.389388,22.659077
4688,鳥松分隊,地上,鳥松區,學堂路78-5號前（劉金龍診所前）,120.390389,22.658289
4689,鳥松分隊,地上,鳥松區,濱湖路上（靠近大埤路100公尺）,120.3596207,22.6592064
4690,鳥松分隊,地上,鳥松區,濱湖路與文海路交叉口,120.3585271,22.6621462
4691,鳥松分隊,地上,鳥松區,濱湖路與明湖路交叉口,120.3568665,22.6648258
4692,鳥松分隊,地上,鳥松區,濱湖路與濱湖東路交叉口,120.3562381,22.6657181
4693,鳥松分隊,地上,鳥松區,?埔路2之1號旁空地,120.3817386,22.6610773
4694,大社分隊,地上,大社區,三民路236號前,120.348448,22.727182
4695,大社分隊,地上,大社區,三民路319號前（三奶廟碧雲宮）,120.348095,22.728091
4696,大社分隊,地上,大社區,三民路346號前,120.344289010559,22.7304701200742
4697,大社分隊,地上,大社區,三民路374號前,120.34294,22.730745
4698,大社分隊,地上,大社區,三民路37-4號前,120.350635,22.719171
4699,大社分隊,地上,大社區,三民路451巷對面（大社國小大門左側）,120.345224,22.73018
4700,大社分隊,地上,大社區,三民路51號對面,120.35058,22.720526
4701,大社分隊,地上,大社區,三民路539-1號前（樂得寵物館前）,120.341542,22.731244
4702,大社分隊,地上,大社區,三民路往三中路右側10公尺處(八方黃昏市場旁),120.34256,22.730852
4703,大社分隊,地上,大社區,大吉路107號前,120.3542927,22.7337528
4704,大社分隊,地上,大社區,大吉路165號前,120.35372,22.734642
4705,大社分隊,地上,大社區,大吉路266號前,120.352085,22.734848
4706,大社分隊,地上,大社區,大吉路352號斜對面與仁愛路口,120.350666,22.734913
4707,大社分隊,地上,大社區,大吉路45號旁,120.3540308,22.7321212
4708,大社分隊,地上,大社區,大吉路570號前,120.347636,22.734743
4709,大社分隊,地上,大社區,大吉路619號前,120.345786,22.733486
4710,大社分隊,地上,大社區,大吉路660-1號前,120.346036,22.734533
4711,大社分隊,地上,大社區,大社路30-23號前,120.346416,22.733044
4712,大社分隊,地上,大社區,大社路349號對面,120.364361,22.738581
4713,大社分隊,地上,大社區,大社路373巷58號邊,120.372424,22.741974
4714,大社分隊,地上,大社區,大社路380-1號旁,120.360331,22.736718
4715,大社分隊,地上,大社區,大社路401巷131號,120.373544,22.742138
4716,大社分隊,地上,大社區,大社路401巷29號前,120.373773,22.740143
4717,大社分隊,地上,大社區,大社路502號左側,120.362715,22.738121
4718,大社分隊,地上,大社區,大社路502號對面,120.362536,22.738364
4719,大社分隊,地上,大社區,大社路508之1號對面,120.363751,22.738461
4720,大社分隊,地上,大社區,大社路631號（純真農場）,120.380408,22.74231
4721,大社分隊,地上,大社區,大社路70巷1號邊,120.350584,22.733064
4722,大社分隊,地上,大社區,大社路85之44號對面,120.352046,22.733083
4723,大社分隊,地上,大社區,大社路85之53號前,120.352075,22.733715
4724,大社分隊,地上,大社區,大社路8號前,120.344851,22.73267
4725,大社分隊,地上,大社區,大社路與和平路口(大社路逆向左轉10m),120.361306,22.737791
4726,大社分隊,地上,大社區,大社路環保垃圾車場,120.357456,22.736672
4727,大社分隊,地上,大社區,大新路2-1號（協幼婦嬰用品）對面,120.349248,22.725182
4728,大社分隊,地上,大社區,大新路250號前,120.356696,22.725662
4729,大社分隊,地上,大社區,大新路45號前,120.350456,22.725222
4730,大社分隊,地上,大社區,大新路53號前,120.351255,22.725091
4731,大社分隊,地上,大社區,大新路99號旁,120.353025,22.725028
4732,大社分隊,地上,大社區,大德街25號旁,120.344312,22.729016
4733,大社分隊,地上,大社區,大德街與新興路叉路口處對面,120.344245,22.72785
4734,大社分隊,地上,大社區,中山路125號前（德祥便當對面）,120.345496,22.732128
4735,大社分隊,地上,大社區,中山路19-2號（強者體育用品）,120.342596,22.732305
4736,大社分隊,地上,大社區,中山路259號與中正路口（丹丹漢堡）,120.3490286,22.7318301
4737,大社分隊,地上,大社區,中山路347號前（全聯福利中心）,120.351122,22.7315179
4738,大社分隊,地上,大社區,中山路3號（聚福小館旁苗圃園前）,120.340488,22.731968
4739,大社分隊,地上,大社區,中山路41-1號（老先覺前）,120.344136,22.732292
4740,大社分隊,地上,大社區,中山路459號前,120.353724,22.731218
4741,大社分隊,地上,大社區,中山路519號旁,120.356008,22.730948
4742,大社分隊,地上,大社區,中山路531號旁,120.358144,22.730764
4743,大社分隊,地上,大社區,中山路665-20號（靖海加油站旁）,120.35968,22.730568
4744,大社分隊,地上,大社區,中山路671-20號旁（冠盈盆栽）,120.364131,22.72995
4745,大社分隊,地上,大社區,中山路673之30號前(聯合社區合作農場,120.363568,22.733562
4746,大社分隊,地上,大社區,中山路715號（真壽司前）,120.36661,22.72992
4747,大社分隊,地上,大社區,中山路729-3對面（菲迅廣告對面）,120.367501,22.7298
4748,大社分隊,地上,大社區,中山路730號殿雄重機公司（往觀音山段右一）,120.362431485519,22.7301421635094
4749,大社分隊,地上,大社區,中山路762-2號（漢林鐵板燒旁）,120.36535,22.729991
4750,大社分隊,地上,大社區,中仁路101-7號旁,120.3466,22.717776
4751,大社分隊,地上,大社區,中仁路26號右側（福德廟牌樓對面）,120.348208,22.71812
4752,大社分隊,地上,大社區,中仁路3之1號旁與三民路15號前,120.350896,22.718366
4753,大社分隊,地上,大社區,中正路151號邊,120.348878795701,22.733567970833
4754,大社分隊,地上,大社區,中正路213號旁(大樓旁),120.348231,22.73584
4755,大社分隊,地上,大社區,中正路28號前,120.347871,22.729378
4756,大社分隊,地上,大社區,中正路291號前（國巨公司前）,120.348426,22.739368
4757,大社分隊,地上,大社區,中正路325-3號旁,120.349158,22.742595
4758,大社分隊,地上,大社區,中正路381巷附近,120.350731,22.746385
4759,大社分隊,地上,大社區,中正路389之1號旁（高發對面）,120.351206,22.74754
4760,大社分隊,地上,大社區,中正路46-1號前,120.348421,22.73067
4761,大社分隊,地上,大社區,中正路與大社路叉路口,120.34885823684,22.7332301256844
4762,大社分隊,地上,大社區,中正與旗楠路口近白紗公司,120.352056,22.750744
4763,大社分隊,地上,大社區,中華路14巷105號,120.361853,22.72453
4764,大社分隊,地上,大社區,中華路14巷81號對面,120.363273,22.723593
4765,大社分隊,地上,大社區,中華路8巷147號前（明毅堂後面）,120.350928,22.724108
4766,大社分隊,地上,大社區,中華路與成功一巷2號右側,120.355173540614,22.7271398789971
4767,大社分隊,地上,大社區,文明路17-9號前,120.352512,22.723178
4768,大社分隊,地上,大社區,文明路17號對面,120.352166,22.723085
4769,大社分隊,地上,大社區,文明路24號對面（明毅街口）,120.351512,22.723014
4770,大社分隊,地上,大社區,文明路27號前,120.353904,22.723372
4771,大社分隊,地上,大社區,文明路與三民路98號前,120.350426,22.722845
4772,大社分隊,地上,大社區,水哮巷（傑笙樂園前）,120.396766662598,22.7458287202119
4773,大社分隊,地上,大社區,民生路20號前,120.346904,22.728636
4774,大社分隊,地上,大社區,民生路43巷口,120.34648,22.727935
4775,大社分隊,地上,大社區,民生路87號前,120.346096,22.727121
4776,大社分隊,地上,大社區,民生路88巷25號對面,120.3448,22.726546
4777,大社分隊,地上,大社區,民生路88巷口,120.345852,22.726605
4778,大社分隊,地上,大社區,民生路與大新路叉路口處,120.346168,22.724863
4779,大社分隊,地上,大社區,民族路13之9號前,120.35382,22.747411
4780,大社分隊,地上,大社區,民族路15號前,120.354255,22.74655
4781,大社分隊,地上,大社區,光華路11巷22號旁,120.34867,22.74547
4782,大社分隊,地上,大社區,光華路17之2號前,120.349464,22.74581
4783,大社分隊,地上,大社區,光華路45巷27號前,120.348232,22.746682
4784,大社分隊,地上,大社區,成功一巷12-9號前,120.3551,22.7288
4785,大社分隊,地上,大社區,成功一巷58號前,120.356293,22.72894
4786,大社分隊,地上,大社區,成功四巷25號前,120.355708,22.728595
4787,大社分隊,地上,大社區,自由路58號前,120.355888,22.724856
4788,大社分隊,地上,大社區,自強街5號（自來水公司）,120.347,22.7308
4789,大社分隊,地上,大社區,自強路1號大社區公所對面,120.346858,22.730106
4790,大社分隊,地上,大社區,和平路一段115號之1（鴻裕汽車修護廠）前馬路電線桿旁,120.3628,22.7458
4791,大社分隊,地上,大社區,和平路一段119號邊,120.362584,22.744184
4792,大社分隊,地上,大社區,和平路一段3號前,120.363056,22.750422
4793,大社分隊,地上,大社區,和平路一段929號,120.361443,22.73545
4794,大社分隊,地上,大社區,和平路一段999號之1前,120.360952,22.730702
4795,大社分隊,地上,大社區,和平路二段400號旁（多田野吊桿）,120.3596,22.7173
4796,大社分隊,地上,大社區,和平路二段666之21號旁,120.360889434814,22.7280175588203
4797,大社分隊,地上,大社區,和平路二段與中華路14巷口,120.360333,22.725306
4798,大社分隊,地上,大社區,金龍路335號前,120.35357,22.724826
4799,大社分隊,地上,大社區,金龍路350號（大九九賣場）,120.35336,22.724198
4800,大社分隊,地上,大社區,金龍路67號前,120.354,22.7294
4801,大社分隊,地上,大社區,金龍路與中華路口,120.35408,22.727161
4802,大社分隊,地上,大社區,保社甲路69號旁,120.347813,22.744948
4803,大社分隊,地上,大社區,保社甲路98號（假期汽車旅館前）,120.34782486627,22.74590549448
4804,大社分隊,地上,大社區,食坑巷1號橋旁,120.391380786896,22.7478372778
4805,大社分隊,地上,大社區,食坑巷69-15號前,120.39878,22.75846
4806,大社分隊,地上,大社區,食坑巷金寶塔左方45公尺處,120.3931,22.7526
4807,大社分隊,地上,大社區,食坑巷景橋旁,120.3951,22.7551
4808,大社分隊,地上,大社區,食坑巷與玉源山巷口對面池邊,120.3974,22.7561
4809,大社分隊,地上,大社區,神農路101號前,120.351248,22.727904
4810,大社分隊,地上,大社區,神農路85號旁（永昇五金旁）,120.351312,22.727324
4811,大社分隊,地上,大社區,桶寮巷19號對面,120.38283,22.75278
4812,大社分隊,地上,大社區,桶寮巷5-1號（嘉誠國小後面）,120.381026,22.750541
4813,大社分隊,地上,大社區,桶寮巷三仙橋邊嘉誠山莊入口處,120.381671,22.753465
4814,大社分隊,地上,大社區,復興路8號前,120.348071,22.726991
4815,大社分隊,地上,大社區,新興路19號旁（鐵皮屋旁）,120.344911,22.727873
4816,大社分隊,地上,大社區,新興路22巷8號前,120.345448,22.728423
4817,大社分隊,地上,大社區,萬金路15號旁,120.343824559525,22.7486725288131
4818,大社分隊,地上,大社區,萬金路184號斜對面,120.340767539395,22.752773896417
4819,大社分隊,地上,大社區,萬金路187號斜對面,120.342288,22.75286
4820,大社分隊,地上,大社區,萬金路396號旁,120.343852079762,22.7503943826056
4821,大社分隊,地上,大社區,萬金路49號對面,120.342819661377,22.749507799066
4822,大社分隊,地上,大社區,萬金路5號邊,120.345312,22.74738
4823,大社分隊,地上,大社區,萬金路8-6號前,120.344243682278,22.7490933003568
4824,大社分隊,地上,大社區,經建路大社工業區監測中心對面,120.334928,22.724146
4825,大社分隊,地上,大社區,經建路中纖公司圍牆旁(1),120.338296,22.725554
4826,大社分隊,地上,大社區,經建路中纖公司圍牆旁(2),120.33747,22.725223
4827,大社分隊,地上,大社區,經建路台橡北側門對面,120.336752,22.7254912
4828,大社分隊,地上,大社區,經建路李長榮化工大門右側,120.342088,22.727253
4829,大社分隊,地上,大社區,經建路李長榮化工大門左側,120.342976,22.727702
4830,大社分隊,地上,大社區,經建路李長榮化工側門右側,120.341184,22.726802
4831,大社分隊,地上,大社區,經建路管理中心前,120.340304,22.726424
4832,大社分隊,地上,大社區,經建路與興工路口,120.339464,22.726032
4833,大社分隊,地上,大社區,經建路磐亞公司大門右側,120.335864,22.724532
4834,大社分隊,地上,大社區,旗楠路35號前,120.342600559524,22.7454222161935
4835,大社分隊,地上,大社區,旗楠路71之3號,120.345272,22.747104
4836,大社分隊,地上,大社區,旗楠路80巷207-3號前,120.345224,22.74463
4837,大社分隊,地上,大社區,旗楠路88之1號前,120.347536,22.748162
4838,大社分隊,地上,大社區,旗楠路92-2號旁（大成長城企業）,120.35038,22.74981
4839,大社分隊,地上,大社區,旗楠路99-14號(國巨三場巷內直走20呎再右轉10呎),120.345792,22.749476
4840,大社分隊,地上,大社區,翠屏路111號邊,120.35021,22.72967
4841,大社分隊,地上,大社區,翠屏路112巷10之2號前,120.375038,22.729766
4842,大社分隊,地上,大社區,翠屏路42號前,120.349256,22.728534
4843,大社分隊,地上,大社區,翠屏路84巷27號前,120.351768,22.729718
4844,大社分隊,地上,大社區,翠屏路84巷3號旁,120.351248,22.729666
4845,大社分隊,地上,大社區,翠屏路84巷65號加水站對面,120.3515,22.7292
4846,大社分隊,地上,大社區,翠屏路88之2號前,120.350936,22.730456
4847,大社分隊,地上,大社區,翠屏路與金龍路口（羊肉攤旁）,120.353668,22.731031
4848,大社分隊,地上,大社區,翠湖餐廳停車場對面,120.37246,22.730125
4849,大社分隊,地上,大社區,學府路200巷斜對面,120.382098,22.73949
4850,大社分隊,地上,大社區,學府路綠野山莊右側20公尺處,120.373565,22.734261
4851,大社分隊,地上,大社區,學府路翠屏山莊斜對面,120.373593,22.731386
4852,大社分隊,地上,大社區,興工路大連公司大門對面,120.342166,22.72024
4853,大社分隊,地上,大社區,興工路中石化公司側門對面,120.34144,22.722846
4854,大社分隊,地上,大社區,興工路中石化公司對面,120.340104,22.725332
4855,大社分隊,地上,大社區,興工路元際公司大門對面,120.342488,22.719324
4856,大社分隊,地上,大社區,興工路台橡公司大門右側,120.340416,22.724774
4857,大社分隊,地上,大社區,興工路李長榮化工北側門旁,120.339384,22.726992
4858,大社分隊,地上,大社區,興工路俊鼎公司大門對面,120.343056,22.717478
4859,大社分隊,地上,大社區,興工路朗盛公司大門對面,120.342811,22.71835
4860,大社分隊,地上,大社區,興工路迴車道李長榮化工旁,120.339016,22.727752
4861,大社分隊,地上,大社區,興工路高酯公司大門對面,120.340992,22.723812
4862,大社分隊,地上,大社區,興工路國喬公司大門左側,120.341928,22.72111
4863,大社分隊,地上,大社區,興工路國喬公司側門左側,120.34173,22.721823
4864,大社分隊,地上,大社區,觀音山鹽埕巷開天龍鳳宮入口旁,120.367876,22.718606
4865,大社分隊,地上,大社區,觀音山鹽埕巷駱駝園餐廳入口處前,120.368736,22.722493
4866,仁武分隊,地上,仁武區,01八德南路101號旁,120.339672,22.683804
4867,仁武分隊,地上,仁武區,01安樂東街往水管路東側60M,120.348260589688,22.7057912935605
4868,仁武分隊,地上,仁武區,02八德南路往八德東路（賣場與7-11中間）,120.339494462347,22.6845319379117
4869,仁武分隊,地上,仁武區,02水管路333-3號邊,120.343844235443,22.7059632443839
4870,仁武分隊,地上,仁武區,03八德中路50號前,120.338806985792,22.6854262630897
4871,仁武分隊,地上,仁武區,03水管路303號前,120.3423496069,22.7060256706221
4872,仁武分隊,地上,仁武區,04八德中路146號邊,120.337278444389,22.6867924328577
4873,仁武分隊,地上,仁武區,04水管路299號邊,120.341417001943,22.706066322313
4874,仁武分隊,地上,仁武區,05八德中路202號邊,120.335872192031,22.6868152210461
4875,仁武分隊,地上,仁武區,05水管路297號邊,120.340302538071,22.7061138363049
4876,仁武分隊,地上,仁武區,06八德中路387號對面（順豐速運）,120.331274234946,22.6859009847581
4877,仁武分隊,地上,仁武區,06水管路261號邊,120.339002378326,22.7062955053916
4878,仁武分隊,地上,仁武區,07八德中路315號前,120.332771242853,22.6859071714945
4879,仁武分隊,地上,仁武區,07水管路189號邊,120.3357464,22.7063417
4880,仁武分隊,地上,仁武區,08八德中路與永仁街路口,120.334895552393,22.6864021095009
4881,仁武分隊,地上,仁武區,08水管路135-1號邊,120.334240469785,22.7063989476393
4882,仁武分隊,地上,仁武區,09八德中路179號前（早餐店鐵皮屋）,120.336499537417,22.6869108280969
4883,仁武分隊,地上,仁武區,09水管路97號前,120.332830603669,22.7064588036301
4884,仁武分隊,地上,仁武區,10八德南路100巷135號前,120.337012668936,22.680825948342
4885,仁武分隊,地上,仁武區,10水管路87號邊,120.331582278013,22.7065161501953
4886,仁武分隊,地上,仁武區,11八德南路382號旁（7-11京富路上）,120.339999052918,22.6813067220048
4887,仁武分隊,地上,仁武區,11水管路83號前,120.330622253442,22.7066872728019
4888,仁武分隊,地上,仁武區,12八德南路406號前（金玉堂）,120.3402969018,22.6804100886542
4889,仁武分隊,地上,仁武區,12水管路17號邊（中華村入口）,120.327977382192,22.7066596578768
4890,仁武分隊,地上,仁武區,13大全一巷3號邊（八德南路大斜坡旁）,120.341194980287,22.6744821279935
4891,仁武分隊,地上,仁武區,13華北街21號邊,120.327862069329,22.7089695543334
4892,仁武分隊,地上,仁武區,14八德南路560號對面（大灣國中旁空地）,120.34108334051,22.6764391698544
4893,仁武分隊,地上,仁武區,14華南街92號前,120.326405153269,22.7084623260839
4894,仁武分隊,地上,仁武區,15八德南路449號,120.3407501,22.6782971
4895,仁武分隊,地上,仁武區,15水管路24號邊,120.33136175289,22.7061937676915
4896,仁武分隊,地上,仁武區,16八德南路435號前,120.340600117197,22.6789702751096
4897,仁武分隊,地上,仁武區,16水管路89號斜對面,120.331906825304,22.7062204683676
4898,仁武分隊,地上,仁武區,17八德南路與澄觀路口,120.340378250217,22.6801083057369
4899,仁武分隊,地上,仁武區,17台塑停車場出口前,120.333818,22.706105
4900,仁武分隊,地上,仁武區,18水管路台塑公司大門邊,120.335170489691,22.7059562319906
4901,仁武分隊,地上,仁武區,19水管路100-1號邊,120.336305384846,22.7060280980259
4902,仁武分隊,地上,仁武區,20水管路153號邊（三永裕二廠）,120.33883534499,22.7059093021394
4903,仁武分隊,地上,仁武區,21水管路168號（金隆興工廠）邊,120.339861111111,22.7058611111111
4904,仁武分隊,地上,仁武區,22水管路171號邊,120.340953846157,22.7058144183632
4905,仁武分隊,地上,仁武區,23水管路298號邊,120.341337,22.705774
4906,仁武分隊,地上,仁武區,24仁和街往水管路西側100M,120.346331656952,22.7055761610739
4907,仁武分隊,地上,仁武區,25仁春街往水管路西側60M,120.34952276153,22.7054127467031
4908,仁武分隊,地上,仁武區,八德一路233-1號前,120.336282066253,22.6883099027927
4909,仁武分隊,地上,仁武區,八德一路384巷17號前,120.334065194134,22.6926424968855
4910,仁武分隊,地上,仁武區,八德一路往大同一街左側,120.334854434137,22.6902594624829
4911,仁武分隊,地上,仁武區,八德二路96號巷口,120.328976400456,22.6984039890915
4912,仁武分隊,地上,仁武區,八德中路445之1號（德新街與八德中路）,120.329959071568,22.6860900788903
4913,仁武分隊,地上,仁武區,八德西路1176號前,120.329472897623,22.6869750091208
4914,仁武分隊,地上,仁武區,八德西路1222巷口（1212號邊）,120.32973977742,22.6878126841226
4915,仁武分隊,地上,仁武區,八德西路135號前,120.33144767401,22.6765333380294
4916,仁武分隊,地上,仁武區,八德西路1930號斜對面,120.336866406772,22.6912889188018
4917,仁武分隊,地上,仁武區,八德西路200號前,120.331205604646,22.6770833753858
4918,仁武分隊,地上,仁武區,八德西路2042號邊,120.337316347335,22.6897577531543
4919,仁武分隊,地上,仁武區,八德西路2300號,120.337428013687,22.6874798219697
4920,仁武分隊,地上,仁武區,八德西路232號前,120.330693302725,22.6781030113539
4921,仁武分隊,地上,仁武區,八德西路268號邊,120.330282924745,22.6788801074615
4922,仁武分隊,地上,仁武區,八德西路545號,120.329012898777,22.6837882090593
4923,仁武分隊,地上,仁武區,八德西路與福德街口,120.337642,22.688013
4924,仁武分隊,地上,仁武區,八德東路281-1號,120.344777777778,22.6866111111111
4925,仁武分隊,地上,仁武區,八德東路305號對面,120.345457345247,22.6868488250512
4926,仁武分隊,地上,仁武區,八德東路339號對面,120.346194444444,22.6871388888889
4927,仁武分隊,地上,仁武區,八德東路388巷29號對面,120.345557,22.686093
4928,仁武分隊,地上,仁武區,八德東路551號對面,120.348444444444,22.6877222222222
4929,仁武分隊,地上,仁武區,八德東路563巷7號斜前15M(名山五街口),120.348838269711,22.688234637444
4930,仁武分隊,地上,仁武區,八德東路600巷12號左前(近八德東與名湖街口),120.349450483918,22.6871253699826
4931,仁武分隊,地上,仁武區,八德東路966號,120.35092972219,22.6860482645425
4932,仁武分隊,地上,仁武區,八德東路與名山二街口,120.349950045347,22.6871519727095
4933,仁武分隊,地上,仁武區,八德東路與澄德路口南向20M(近京吉三路),120.344166666667,22.6858888888889
4934,仁武分隊,地上,仁武區,八德東路灣北公共停車場(對面),120.347300022841,22.6875479196615
4935,仁武分隊,地上,仁武區,八德東路灣北公共停車場前,120.34752599895,22.6876141169309
4936,仁武分隊,地上,仁武區,八德東路灣北停車場對面人行道內（八德東路520巷60號對面）,120.347129702568,22.6865704235499
4937,仁武分隊,地上,仁武區,大同一街35號旁,120.336118974938,22.6908950973954
4938,仁武分隊,地上,仁武區,大昌街85號旁（亞洲渡假村守衛室前）,120.342984348536,22.6741890277676
4939,仁武分隊,地上,仁武區,大春街225號前,120.336721095944,22.6774122901542
4940,仁武分隊,地上,仁武區,大春街301號前,120.338211733604,22.6781064832181
4941,仁武分隊,地上,仁武區,大春街358號前,120.337486866618,22.6777760923051
4942,仁武分隊,地上,仁武區,工業一路12號前,120.341054544549,22.700146842737
4943,仁武分隊,地上,仁武區,工業一路1號斜對面,120.34431,22.701916
4944,仁武分隊,地上,仁武區,工業一路6-1號前,120.343207184937,22.7013197240454
4945,仁武分隊,地上,仁武區,工業一路8號邊,120.342048950315,22.7006943253941
4946,仁武分隊,地上,仁武區,工業二路17巷68弄11號,120.344302081636,22.6981863295995
4947,仁武分隊,地上,仁武區,工業二路17巷68弄2號,120.344351,22.69883
4948,仁武分隊,地上,仁武區,工業二路19號前,120.343377010117,22.7001464771324
4949,仁武分隊,地上,仁武區,工業二路23號前,120.342350767692,22.6995894596981
4950,仁武分隊,地上,仁武區,工業二路27號前,120.341478006134,22.6991084467374
4951,仁武分隊,地上,仁武區,中山路(台電公司電力桿九灣分17),120.36723663193,22.6769792242961
4952,仁武分隊,地上,仁武區,中正路111號前,120.348248212881,22.7015499817238
4953,仁武分隊,地上,仁武區,中正路133號前,120.348780154378,22.7016464346433
4954,仁武分隊,地上,仁武區,中正路157號前,120.34977482209,22.7020112559658
4955,仁武分隊,地上,仁武區,中正路259號前,120.352296274162,22.7023809050184
4956,仁武分隊,地上,仁武區,中正路309號前,120.353180543091,22.7027589214926
4957,仁武分隊,地上,仁武區,中正路343號前,120.353936416585,22.7034167006633
4958,仁武分隊,地上,仁武區,中正路371號對面,120.353707798776,22.7043173463849
4959,仁武分隊,地上,仁武區,中正路393號邊,120.353179764131,22.7085054988068
4960,仁武分隊,地上,仁武區,中正路46-1號前,120.345924504143,22.7011385977076
4961,仁武分隊,地上,仁武區,中正路470號前,120.351620449074,22.7169444826049
4962,仁武分隊,地上,仁武區,中正路477巷口,120.352839,22.711482
4963,仁武分隊,地上,仁武區,中正路保五總隊門口,120.352337058809,22.7136854938436
4964,仁武分隊,地上,仁武區,中華路131號前,120.34937213861,22.6993929556527
4965,仁武分隊,地上,仁武區,中華路161號前,120.349899466045,22.6996911962348
4966,仁武分隊,地上,仁武區,中華路195號前,120.350614947256,22.6999047483953
4967,仁武分隊,地上,仁武區,中華路249號前,120.351335945404,22.7000955161523
4968,仁武分隊,地上,仁武區,中華路372號前,120.354106184409,22.701006061254
4969,仁武分隊,地上,仁武區,中華路70號,120.348498619019,22.6985051094482
4970,仁武分隊,地上,仁武區,中華路91號前,120.348960246263,22.6989649400464
4971,仁武分隊,地上,仁武區,五和路368號邊,120.336422456483,22.6947122244391
4972,仁武分隊,地上,仁武區,五和路48號前,120.333613513093,22.694119571906
4973,仁武分隊,地上,仁武區,仁心路126-1號對面,120.360458,22.68402
4974,仁武分隊,地上,仁武區,仁心路160號前(158號鐵皮屋),120.363415400525,22.6849647416373
4975,仁武分隊,地上,仁武區,仁心路199巷2號前(1號鐵皮屋),120.364150974344,22.6870896914505
4976,仁武分隊,地上,仁武區,仁心路199巷42號前,120.362973484586,22.6900901997981
4977,仁武分隊,地上,仁武區,仁心路199巷47號對面,120.362917158197,22.690356221079
4978,仁武分隊,地上,仁武區,仁心路199巷口處,120.364620360921,22.6861920008258
4979,仁武分隊,地上,仁武區,仁心路212巷1號前,120.365302534376,22.6867010220561
4980,仁武分隊,地上,仁武區,仁心路222巷口對面,120.365379173576,22.6870429847898
4981,仁武分隊,地上,仁武區,仁心路227號（224號對面）,120.365549525149,22.687229734702
4982,仁武分隊,地上,仁武區,仁心路251號前,120.366905778435,22.6886863329884
4983,仁武分隊,地上,仁武區,仁心路252-2號邊(巷邊),120.3675990216,22.6879454566545
4984,仁武分隊,地上,仁武區,仁心路252號邊(253號之1對面東源公司邊),120.367672111796,22.6893598398382
4985,仁武分隊,地上,仁武區,仁心路260號前(東亞油漆),120.36789743684,22.6896340673672
4986,仁武分隊,地上,仁武區,仁心路305號斜對面,120.369317050349,22.6911117904147
4987,仁武分隊,地上,仁武區,仁心路308-8號對面(308巷內),120.372130889441,22.6913935152361
4988,仁武分隊,地上,仁武區,仁心路312號旁,120.372962374236,22.6944273356508
4989,仁武分隊,地上,仁武區,仁心路313號斜對面,120.370066808074,22.6917499807751
4990,仁武分隊,地上,仁武區,仁心路317-1號對面,120.370469804963,22.6924052006177
4991,仁武分隊,地上,仁武區,仁心路327巷12號前(三城工廠)(小五角),120.37099807293,22.694446942224
4992,仁武分隊,地上,仁武區,仁心路329號對面,120.371881107427,22.6938212290899
4993,仁武分隊,地上,仁武區,仁心路博愛巷3弄26號邊,120.3674677,22.6852173
4994,仁武分隊,地上,仁武區,仁安二巷100號(水管路上焚化爐回饋設施前),120.372247248888,22.7008213791354
4995,仁武分隊,地上,仁武區,仁安二巷100號(水管路上焚化爐第一入口與第2入口中間),120.370124280453,22.7012989423551
4996,仁武分隊,地上,仁武區,仁安三巷24-2號,120.372141256336,22.7051634623808
4997,仁武分隊,地上,仁武區,仁孝路279號前（仁孝路與赤貴街口）,120.348269730035,22.6747118809047
4998,仁武分隊,地上,仁武區,仁孝路310號,120.349353,22.675014
4999,仁武分隊,地上,仁武區,仁孝路與赤吉街叉口處,120.346544734363,22.6746902255579
5000,仁武分隊,地上,仁武區,仁和南街17巷16號前,120.3480223,22.699143
5001,仁武分隊,地上,仁武區,仁和南街9號前,120.34874741295,22.6992791618529
5002,仁武分隊,地上,仁武區,仁和街73號對面,120.34772006627,22.7033133484993
5003,仁武分隊,地上,仁武區,仁忠路和仁忠十街對面,120.354041,22.680394
5004,仁武分隊,地上,仁武區,仁林路156-2號邊(巷內轉角)(小五角),120.370436969378,22.6953146981458
5005,仁武分隊,地上,仁武區,仁林路156號前(小五角)磚窯,120.37042389361,22.6972973966455
5006,仁武分隊,地上,仁武區,仁林路166號前,120.373095373788,22.6966292830399
5007,仁武分隊,地上,仁武區,仁林路20號(仁武高中),120.355060495701,22.7032579752805
5008,仁武分隊,地上,仁武區,仁林路212-3號前,120.376112697033,22.6968788762067
5009,仁武分隊,地上,仁武區,仁林路224-1號前,120.381019798425,22.699187561857
5010,仁武分隊,地上,仁武區,仁林路236號前,120.387088517992,22.7009448467267
5011,仁武分隊,地上,仁武區,仁林路247號旁20M(客運站牌旁),120.387800037861,22.7010428400065
5012,仁武分隊,地上,仁武區,仁林路255巷8號前,120.390845325062,22.7034472117701
5013,仁武分隊,地上,仁武區,仁林路267巷18號前,120.391497762566,22.7026300027383
5014,仁武分隊,地上,仁武區,仁林路267巷5弄1號邊,120.3912939,22.7013835
5015,仁武分隊,地上,仁武區,仁林路269-17號旁100M,120.392656385125,22.7001477141914
5016,仁武分隊,地上,仁武區,仁林路66號,120.359027777778,22.7019166666667
5017,仁武分隊,地上,仁武區,仁林路與水管路三段口,120.384764447808,22.700912932835
5018,仁武分隊,地上,仁武區,仁武區八德一路247號,120.335612,22.68915
5019,仁武分隊,地上,仁武區,仁信巷137弄31號前,120.34617343373,22.7031148073988
5020,仁武分隊,地上,仁武區,仁信巷157號前(仁樂街上),120.346642971233,22.7037346593266
5021,仁武分隊,地上,仁武區,仁信巷49-2號前,120.349347629708,22.7032519272695
5022,仁武分隊,地上,仁武區,仁信巷7號前,120.349733867806,22.7023561983354
5023,仁武分隊,地上,仁武區,仁勇路101號前,120.355521901454,22.6747650847704
5024,仁武分隊,地上,仁武區,仁勇路178巷口處,120.353951723925,22.6740053067266
5025,仁武分隊,地上,仁武區,仁勇路195號,120.35466,22.67429
5026,仁武分隊,地上,仁武區,仁勇路51號前,120.357251255716,22.6755960284587
5027,仁武分隊,地上,仁武區,仁勇路56-9號前,120.356488731895,22.6752403561648
5028,仁武分隊,地上,仁武區,仁春巷16號前,120.351058118402,22.7031493977016
5029,仁武分隊,地上,仁武區,仁祥街19號前(近市場),120.347301973924,22.7026608433157
5030,仁武分隊,地上,仁武區,仁雄路234號斜對面（中都花園對面）,120.337845071077,22.6755802407341
5031,仁武分隊,地上,仁武區,仁雄路39-6號(橋邊鵝肉旁),120.349499434233,22.6797395109098
5032,仁武分隊,地上,仁武區,仁雄路42-30號前,120.349499948753,22.6797471895421
5033,仁武分隊,地上,仁武區,仁雄路43巷13號前,120.349967726953,22.6787451766804
5034,仁武分隊,地上,仁武區,仁雄路43巷51號前,120.349652328293,22.6785125246975
5035,仁武分隊,地上,仁武區,仁雄路68-1號前(過舊街),120.3485251,22.678917
5036,仁武分隊,地上,仁武區,仁雄路70-7號邊(傢俱),120.348537537643,22.6789000371347
5037,仁武分隊,地上,仁武區,仁雄路76-1號前（77號對面）,120.347766989445,22.6782680932958
5038,仁武分隊,地上,仁武區,仁雄路86-18號邊,120.345755642853,22.6772442194532
5039,仁武分隊,地上,仁武區,仁雄路86-30號前,120.344719,22.677055
5040,仁武分隊,地上,仁武區,仁雄路87號對面（82號邊）,120.346684131213,22.6776756139806
5041,仁武分隊,地上,仁武區,仁雄路92-3號前(全家),120.343725671763,22.6768306248701
5042,仁武分隊,地上,仁武區,仁雄路98-10號前（大灣國中正門口對面）,120.341673402447,22.6767311567938
5043,仁武分隊,地上,仁武區,仁雄路與仁孝路右側100M,120.344013490213,22.6761722860997
5044,仁武分隊,地上,仁武區,仁雄路與澄仁路口(仁雄路86-1號),120.346188091172,22.6774084782062
5045,仁武分隊,地上,仁武區,仁慈路111號前（仁慈五街與仁慈六街中間）,120.358032430498,22.6734816357218
5046,仁武分隊,地上,仁武區,仁新巷6號前,120.352563207323,22.7018017128409
5047,仁武分隊,地上,仁武區,仁樂街190號邊(石頭火鍋旁),120.347560046627,22.703837603
5048,仁武分隊,地上,仁武區,仁樂街240號前,120.348615614104,22.7039514135424
5049,仁武分隊,地上,仁武區,仁樂街274號前,120.349477666288,22.7040162808604
5050,仁武分隊,地上,仁武區,仁樂街29號對面,120.345324575901,22.7035637508741
5051,仁武分隊,地上,仁武區,仁樂街300號邊,120.350119554562,22.7040349487343
5052,仁武分隊,地上,仁武區,公館一巷2號旁,120.389689,22.715671
5053,仁武分隊,地上,仁武區,公館一巷34號(16494在往古嚴寺後方100M白色建築物旁),120.390337711136,22.713059163931
5054,仁武分隊,地上,仁武區,公館一巷34號旁(古嚴寺),120.389224435964,22.7126781921232
5055,仁武分隊,地上,仁武區,公館二巷10-8號旁(義大二路上),120.392908770652,22.7203411418328
5056,仁武分隊,地上,仁武區,公館二巷15-50號前,120.385438818546,22.7164110214688
5057,仁武分隊,地上,仁武區,公館二巷5之1號(往法光寺方向8-1號對面),120.387624337303,22.7213247294799
5058,仁武分隊,地上,仁武區,文安二街／水管路二段355巷交叉口,120.352105,22.70658
5059,仁武分隊,地上,仁武區,文明巷13號對面,120.351709747816,22.7039365990172
5060,仁武分隊,地上,仁武區,文明巷31-2號對面(3號旁),120.351882431877,22.7031625256174
5061,仁武分隊,地上,仁武區,文達街和文達一街口,120.353916666667,22.7088055555556
5062,仁武分隊,地上,仁武區,文學三街188號旁(新寶街5號斜對面),120.352017828767,22.6951107570803
5063,仁武分隊,地上,仁武區,文興二巷5號邊,120.352750312285,22.7033754151345
5064,仁武分隊,地上,仁武區,文興三巷17-6號前,120.352209428819,22.7047429677441
5065,仁武分隊,地上,仁武區,水管路(往大樹方向)過義大二路10M右側,120.37989154458,22.7006698205117
5066,仁武分隊,地上,仁武區,水管路261號旁停車場,120.337194,22.706246
5067,仁武分隊,地上,仁武區,水管路三段331-1號（全順汽車水箱前）,120.361700803041,22.7034652768792
5068,仁武分隊,地上,仁武區,水管路三段489號旁(基地台旁),120.366122424603,22.7024662433708
5069,仁武分隊,地上,仁武區,水管路三段512號,120.363124572297,22.7028698168156
5070,仁武分隊,地上,仁武區,水管路三段512號(富賀企業大門往大樹方向150M),120.364621890088,22.7025307981494
5071,仁武分隊,地上,仁武區,水管路三段660-1號(貨車停車場前)(陞達與新世紀中間),120.367405317419,22.7018985957987
5072,仁武分隊,地上,仁武區,水管路三段699號旁(焚化爐第一入口對面)(NS公司),120.368904545903,22.7018346524825
5073,仁武分隊,地上,仁武區,水管路三段往仁武方向近獅龍橋(過冠順),120.37491068244,22.7004465032135
5074,仁武分隊,地上,仁武區,水管路三段往仁武方向過獅龍橋60M(焚化爐對面),120.372333333333,22.7011666666667
5075,仁武分隊,地上,仁武區,水管路三段往仁武方向過義大二路300M(近林森巷),120.377076566219,22.7004112425542
5076,仁武分隊,地上,仁武區,水管路三段與澄觀路(造景),120.360146462917,22.7034566165581
5077,仁武分隊,地上,仁武區,水管路和竹東路口西側,120.339252,22.706353
5078,仁武分隊,地上,仁武區,水管路和竹東路口東側,120.339485,22.7063244
5079,仁武分隊,地上,仁武區,水管路路與竹楠路交叉口（靠樺塑公司側門口）,120.333068,22.706753
5080,仁武分隊,地上,仁武區,水管路與竹楠路口左側25M處,120.333141063296,22.7065695557516
5081,仁武分隊,地上,仁武區,水管路與維新巷口(中油儲運課大門旁20M),120.383094102144,22.7009760306194
5082,仁武分隊,地上,仁武區,水管路與維新巷口(中油儲運課大門對面馬路),120.383360981941,22.7009451003366
5083,仁武分隊,地上,仁武區,北屋五街138號前,120.336163055556,22.6808447222222
5084,仁武分隊,地上,仁武區,北屋六街55號邊,120.33757769397,22.6810700384513
5085,仁武分隊,地上,仁武區,永仁街19-3號前（杰鑫汽修廠）,120.331584548935,22.6823337391297
5086,仁武分隊,地上,仁武區,永仁街201號前(197號對面),120.333432141157,22.6831960473143
5087,仁武分隊,地上,仁武區,永仁街202號前,120.332560873016,22.6827049524792
5088,仁武分隊,地上,仁武區,永仁街299號前(356號對面),120.334785136246,22.6847111575172
5089,仁武分隊,地上,仁武區,永仁街318號前,120.334313067459,22.6838672767318
5090,仁武分隊,地上,仁武區,永仁街555號旁,120.333656727971,22.68899902935
5091,仁武分隊,地上,仁武區,永宏巷12弄42號前,120.341431935582,22.7138772068651
5092,仁武分隊,地上,仁武區,永宏巷33號對面,120.342099594842,22.7165994926763
5093,仁武分隊,地上,仁武區,永和一街78號（轉角舊衣回收旁）,120.334653,22.694816
5094,仁武分隊,地上,仁武區,永和北街28號前,120.334305312268,22.69509712854
5095,仁武分隊,地上,仁武區,永新三街127巷口邊,120.334764813561,22.68368798055
5096,仁武分隊,地上,仁武區,永新三街158號前(153號對面),120.335327071626,22.6832555200024
5097,仁武分隊,地上,仁武區,永新四街227號前（小五角）,120.334376,22.685577
5098,仁武分隊,地上,仁武區,永新四街371號斜對面約50M,120.336009275043,22.6859966347327
5099,仁武分隊,地上,仁武區,永新四街53號對面,120.336000061498,22.6845090822398
5100,仁武分隊,地上,仁武區,永榮一街182號對面,120.330708881476,22.6874115867292
5101,仁武分隊,地上,仁武區,永榮一街43號前,120.332638730862,22.6869129403538
5102,仁武分隊,地上,仁武區,永榮一街與永榮二街路口,120.331942697623,22.6872284612239
5103,仁武分隊,地上,仁武區,永榮二街30號（29號對面）,120.331937364418,22.6863623506276
5104,仁武分隊,地上,仁武區,永榮三街42號前,120.33007278345,22.6868901279112
5105,仁武分隊,地上,仁武區,名山一街2號旁(近八德東路),120.351203307509,22.6857414023968
5106,仁武分隊,地上,仁武區,名山一街56號前,120.352014005184,22.6861416841319
5107,仁武分隊,地上,仁武區,名山七街109號右前(名湖街789巷20號),120.34595489502,22.6891811887473
5108,仁武分隊,地上,仁武區,名山七街71巷1號旁(正新輪胎右前),120.346532911062,22.6892764621764
5109,仁武分隊,地上,仁武區,名山七街與名湖街口（名湖街479對面）,120.345501601696,22.6899260519735
5110,仁武分隊,地上,仁武區,名山九街50號,120.344124287367,22.689338328004
5111,仁武分隊,地上,仁武區,名山九街98巷17號,120.344422012568,22.688218552202
5112,仁武分隊,地上,仁武區,名山二街66號旁(68巷1-1號對面),120.351525172591,22.6872633329054
5113,仁武分隊,地上,仁武區,名山八街55號,120.344042479992,22.6903281774477
5114,仁武分隊,地上,仁武區,名山十街220號左前20M,120.346390753984,22.688520459507
5115,仁武分隊,地上,仁武區,名山十街220號左前20M+右轉10M,120.346495360136,22.6883806418623
5116,仁武分隊,地上,仁武區,名山十街238號,120.3455,22.6883333333333
5117,仁武分隊,地上,仁武區,名山十街80號旁,120.344677492976,22.6873295303123
5118,仁武分隊,地上,仁武區,名山三街1號（鳳仁講堂）,120.349854156375,22.6880465637268
5119,仁武分隊,地上,仁武區,名山三街208號前,120.35038,22.689414
5120,仁武分隊,地上,仁武區,名山三街29號（三菱重工公司後方）,120.350936427712,22.6882173148756
5121,仁武分隊,地上,仁武區,名山三街與名湖街1076巷口,120.349769666791,22.6894422625316
5122,仁武分隊,地上,仁武區,名山五街87巷7號對面,120.348822847009,22.6889232077657
5123,仁武分隊,地上,仁武區,名山六街138號對面,120.34981995821,22.6903665339697
5124,仁武分隊,地上,仁武區,名山六街29號對面前15M（近公園旁）,120.348138888889,22.6894166666667
5125,仁武分隊,地上,仁武區,名光街101號對面,120.349473953247,22.6866768348572
5126,仁武分隊,地上,仁武區,名光街161號(街口),120.349889025092,22.6851883063912
5127,仁武分隊,地上,仁武區,名湖街141號巷口處,120.348422820238,22.6857572457653
5128,仁武分隊,地上,仁武區,名湖街263號前,120.346477255225,22.686132404043
5129,仁武分隊,地上,仁武區,名湖街501號對面,120.34645780921,22.6901128858021
5130,仁武分隊,地上,仁武區,名湖街537號斜前（名湖街952巷口）,120.347289294004,22.6901914549189
5131,仁武分隊,地上,仁武區,名湖街55號前,120.349230165151,22.6848762507283
5132,仁武分隊,地上,仁武區,名湖街760號(名湖街與名山十街口),120.34560084343,22.68773104474
5133,仁武分隊,地上,仁武區,名湖街與名山六街口(887號),120.348583333333,22.6902222222222
5134,仁武分隊,地上,仁武區,安樂一街169號巷口邊,120.349122380951,22.7088579971201
5135,仁武分隊,地上,仁武區,安樂一街253號邊（255之1號前）,120.349688327053,22.7088233571967
5136,仁武分隊,地上,仁武區,安樂一街331號巷口邊,120.351172373034,22.7087875972234
5137,仁武分隊,地上,仁武區,安樂一街63號前,120.345803147295,22.7089730510883
5138,仁武分隊,地上,仁武區,安樂四街99號對面,120.3468422,22.7071508
5139,仁武分隊,地上,仁武區,安樂東街108號邊,120.347516947239,22.7078542551134
5140,仁武分隊,地上,仁武區,旭成街93號前(接竹門),120.3338875,22.7084435
5141,仁武分隊,地上,仁武區,竹工一巷2號前,120.33082143153,22.7079683082197
5142,仁武分隊,地上,仁武區,竹工一巷9號邊,120.332288092083,22.7074644848001
5143,仁武分隊,地上,仁武區,竹工二巷19號前,120.331789057672,22.7107811814396
5144,仁武分隊,地上,仁武區,竹工二巷1號前,120.333028778504,22.7093120734049
5145,仁武分隊,地上,仁武區,竹工三巷17號對面,120.3329634,22.7118413
5146,仁武分隊,地上,仁武區,竹工三巷31號前,120.332073223926,22.7133422338956
5147,仁武分隊,地上,仁武區,竹東路117-1號前,120.338814,22.708279
5148,仁武分隊,地上,仁武區,竹東路42號邊,120.339380619014,22.7075277245311
5149,仁武分隊,地上,仁武區,竹門街15號前,120.337825298108,22.7089580065195
5150,仁武分隊,地上,仁武區,竹業巷16號前,120.33182131625,22.711697554682
5151,仁武分隊,地上,仁武區,竹業巷31號前,120.331534319885,22.7124701303837
5152,仁武分隊,地上,仁武區,竹楠路23號斜對面,120.333531542241,22.7097092833645
5153,仁武分隊,地上,仁武區,竹楠路31號,120.335001,22.710842
5154,仁武分隊,地上,仁武區,竹楠路47號,120.336043,22.711607
5155,仁武分隊,地上,仁武區,竹楠路和南亞路口,120.335415,22.710899
5156,仁武分隊,地上,仁武區,竹楠路與仁智街口,120.333281615205,22.7074970742215
5157,仁武分隊,地上,仁武區,竹楠路與竹東路交叉口（西側）,120.336464,22.711241
5158,仁武分隊,地上,仁武區,竹楠路與竹東路交叉口（東側）,120.336619,22.71134
5159,仁武分隊,地上,仁武區,赤仁路190號旁（牛排店旁）,120.347857922316,22.6766008024755
5160,仁武分隊,地上,仁武區,赤仁路28號,120.348209291697,22.6753076807257
5161,仁武分隊,地上,仁武區,赤仁路與赤仁路62巷（停車場前）,120.347997397184,22.676121297029
5162,仁武分隊,地上,仁武區,赤西一街48號對面,120.343956877316,22.6787013911483
5163,仁武分隊,地上,仁武區,赤西一街92號邊,120.34349186316,22.6782975270355
5164,仁武分隊,地上,仁武區,赤西三街127號邊,120.341256031144,22.6794718396058
5165,仁武分隊,地上,仁武區,赤西三街2號邊,120.342398197657,22.6774705981648
5166,仁武分隊,地上,仁武區,赤西三街59號邊,120.341535319643,22.6781672467571
5167,仁武分隊,地上,仁武區,赤西三街74號前,120.341489791349,22.6785032808523
5168,仁武分隊,地上,仁武區,赤西中街110號前,120.343917085112,22.6792944129231
5169,仁武分隊,地上,仁武區,赤西五街36-1號前,120.343674991402,22.6796946236478
5170,仁武分隊,地上,仁武區,赤西五街96號邊,120.344155111726,22.6798703511961
5171,仁武分隊,地上,仁武區,赤西四街46號邊,120.342708954666,22.6792112703923
5172,仁武分隊,地上,仁武區,赤東一街43號邊,120.346209354561,22.6793193700027
5173,仁武分隊,地上,仁武區,赤東二街17號邊,120.34669004418,22.6792203111676
5174,仁武分隊,地上,仁武區,赤東二街26-1號邊,120.347418919608,22.6792667291797
5175,仁武分隊,地上,仁武區,赤東二街35-1號前,120.346342375428,22.679978646978
5176,仁武分隊,地上,仁武區,赤東二街59號前,120.347034188361,22.6800866112937
5177,仁武分隊,地上,仁武區,赤東三街27號前,120.347480879762,22.6803862553668
5178,仁武分隊,地上,仁武區,赤東六街24號邊,120.347011797605,22.6811955703331
5179,仁武分隊,地上,仁武區,赤東六街42號前,120.346388854562,22.6811671103653
5180,仁武分隊,地上,仁武區,赤東四街101號前,120.3472776,22.6808655
5181,仁武分隊,地上,仁武區,赤東四街11號對面,120.3487507,22.6805373
5182,仁武分隊,地上,仁武區,赤東四街131號斜對面(公園邊),120.346443473541,22.6805351907648
5183,仁武分隊,地上,仁武區,赤東四街60號前,120.348497242328,22.6813793919737
5184,仁武分隊,地上,仁武區,赤東四街65號邊,120.3478094,22.6811262
5185,仁武分隊,地上,仁武區,赤勇路2號,120.35035841167,22.6752928314099
5186,仁武分隊,地上,仁武區,赤勇路65號對面,120.349450483918,22.6767004156547
5187,仁武分隊,地上,仁武區,赤勇路91號（赤勇路與慈惠二街口T路口）,120.348930805922,22.6775387721526
5188,仁武分隊,地上,仁武區,赤富街111號前（赤富街122號對面）,120.347592356074,22.6733580775293
5189,仁武分隊,地上,仁武區,赤貴街88號（93號對面）,120.348314125471,22.6727006332429
5190,仁武分隊,地上,仁武區,京中一街40號對面,120.338598188343,22.679994169098
5191,仁武分隊,地上,仁武區,京中一街60號對面,120.33829979259,22.679711422764
5192,仁武分隊,地上,仁武區,京中二街80號旁(85號鐵皮屋前),120.336959669381,22.6790992853498
5193,仁武分隊,地上,仁武區,京中三街103號對面,120.334246437087,22.6780378517508
5194,仁武分隊,地上,仁武區,京中三街27號巷口邊,120.336333195701,22.6787710201206
5195,仁武分隊,地上,仁武區,京中三街75號邊,120.335091332927,22.6781640683571
5196,仁武分隊,地上,仁武區,京中五街198號前,120.331861549385,22.6770644914997
5197,仁武分隊,地上,仁武區,京中五街276號邊,120.33252941943,22.6771869967243
5198,仁武分隊,地上,仁武區,京中五街50號對面,120.331636243828,22.679133453939
5199,仁武分隊,地上,仁武區,京中五街98號前,120.331041463979,22.6788865907427
5200,仁武分隊,地上,仁武區,京中四街106巷1號邊,120.332162962497,22.6793030141249
5201,仁武分隊,地上,仁武區,京中四街203號對面,120.333640189111,22.6776448789056
5202,仁武分隊,地上,仁武區,京中四街208-2號前,120.333113805591,22.6773082997563
5203,仁武分隊,地上,仁武區,京中四街41號對面,120.332867712915,22.6795331716075
5204,仁武分隊,地上,仁武區,京吉一路143號對面（171號斜右前方對面40M）,120.341611111111,22.6821388888889
5205,仁武分隊,地上,仁武區,京吉一路38號旁,120.344111111111,22.68325
5206,仁武分隊,地上,仁武區,京吉七路與八德東路（公園旁）,120.340922400355,22.6850422985722
5207,仁武分隊,地上,仁武區,京吉二路53號對面（飛鳥觀止對面）,120.343416666667,22.684
5208,仁武分隊,地上,仁武區,京吉二路與京吉七路口(北向10M),120.341819599271,22.6832914299837
5209,仁武分隊,地上,仁武區,京吉三路170號前,120.341388888889,22.6840277777778
5210,仁武分隊,地上,仁武區,京吉五路148號斜對面,120.34475,22.6828055555556
5211,仁武分隊,地上,仁武區,京吉五路往南過京吉一路轉東向120M(八得停車場後方),120.341972222222,22.6815833333333
5212,仁武分隊,地上,仁武區,京吉五路與京吉二路（台銀後方）天山斜對面,120.340456366539,22.6826127303856
5213,仁武分隊,地上,仁武區,京吉五路與京吉二路口北向10M（較靠近澄德路）,120.344222222222,22.6846388888889
5214,仁武分隊,地上,仁武區,京吉六路163號前(近澄觀路),120.343861111111,22.6821666666667
5215,仁武分隊,地上,仁武區,京吉六路5號（遠見繽麗前）,120.342333333333,22.6851111111111
5216,仁武分隊,地上,仁武區,京富路139號邊,120.337184663194,22.6801565398224
5217,仁武分隊,地上,仁武區,京富路187號邊,120.336601423401,22.6797816948762
5218,仁武分隊,地上,仁武區,京富路218號前,120.336289144566,22.679675565708
5219,仁武分隊,地上,仁武區,京富路297號邊,120.334577696699,22.6788189923198
5220,仁武分隊,地上,仁武區,京富路310號後側公園邊(合邦公司旁進入),120.333652777778,22.6795
5221,仁武分隊,地上,仁武區,京富路311號旁,120.333746882456,22.6785783156246
5222,仁武分隊,地上,仁武區,京富路33號邊,120.3387506,22.6810393
5223,仁武分隊,地上,仁武區,京富路400號邊,120.332922473125,22.6783587321945
5224,仁武分隊,地上,仁武區,京富路428號對面,120.332353844813,22.6781533210871
5225,仁武分隊,地上,仁武區,京富路476號前,120.331202506594,22.6776738210697
5226,仁武分隊,地上,仁武區,京富路95號邊,120.3381987,22.6807776
5227,仁武分隊,地上,仁武區,林森巷4-3號前,120.373778808032,22.6967984203314
5228,仁武分隊,地上,仁武區,南亞街14號前,120.335812709193,22.709278411628
5229,仁武分隊,地上,仁武區,南亞街50-1號斜對面,120.335563960084,22.7104481682349
5230,仁武分隊,地上,仁武區,南昌巷201號斜對面,120.377217016808,22.6950711162956
5231,仁武分隊,地上,仁武區,南昌巷227號邊,120.378027768301,22.694237411942
5232,仁武分隊,地上,仁武區,南昌巷53號斜對面,120.376431361988,22.69562094458
5233,仁武分隊,地上,仁武區,後庄巷122號前,120.34321599951,22.7111060658404
5234,仁武分隊,地上,仁武區,後庄巷147弄19號前,120.343260926511,22.7122058607899
5235,仁武分隊,地上,仁武區,後庄巷54號前,120.342267838623,22.7102376050927
5236,仁武分隊,地上,仁武區,後庄巷與興昌巷口,120.34128212681,22.7104800818673
5237,仁武分隊,地上,仁武區,後港巷139號對面（福德祠斜對面）,120.325359746497,22.6803681565811
5238,仁武分隊,地上,仁武區,後港巷145-1號旁,120.325174328311,22.6815977319873
5239,仁武分隊,地上,仁武區,後港巷151-12號斜對面,120.322093821746,22.6817583653405
5240,仁武分隊,地上,仁武區,後港巷167號旁（碧湖城堡內）,120.326722222222,22.6823888888889
5241,仁武分隊,地上,仁武區,後港巷86-8號前(小五角),120.329194737479,22.6818941793829
5242,仁武分隊,地上,仁武區,高楠七街70號對面,120.324965986508,22.6925696423664
5243,仁武分隊,地上,仁武區,高楠九街47號前,120.325358381597,22.6929054627159
5244,仁武分隊,地上,仁武區,高楠三街15號前（小五角）,120.323319331283,22.6927440912295
5245,仁武分隊,地上,仁武區,高楠五街16號邊（城堭廟對面）,120.323662103041,22.6929652163658
5246,仁武分隊,地上,仁武區,高楠六街11號前,120.323868773611,22.6931727693267
5247,仁武分隊,地上,仁武區,高楠公路28號邊,120.322207932541,22.6921035083567
5248,仁武分隊,地上,仁武區,高楠公路30-1號,120.322813,22.696933
5249,仁武分隊,地上,仁武區,高楠公路36號邊（台灣時報旁）,120.323151,22.698671
5250,仁武分隊,地上,仁武區,高楠公路62號旁（八德二路上）,120.323673612846,22.701282725666
5251,仁武分隊,地上,仁武區,高楠四街58號前,120.324254804619,22.6919870496697
5252,仁武分隊,地上,仁武區,善德街16號前,120.331476592117,22.692341907827
5253,仁武分隊,地上,仁武區,善德街58號旁,120.3308912,22.693002
5254,仁武分隊,地上,仁武區,慈惠三街與赤勇路口,120.349965468049,22.6758960835697
5255,仁武分隊,地上,仁武區,新中街與新祥街口,120.351815820918,22.6922658007998
5256,仁武分隊,地上,仁武區,新吉街11號邊,120.352342142293,22.6927948950298
5257,仁武分隊,地上,仁武區,新庄路100號前,120.351257147514,22.6937952369135
5258,仁武分隊,地上,仁武區,新庄路137號斜對面,120.352797776569,22.6944028515317
5259,仁武分隊,地上,仁武區,新庄路142號前,120.352209702243,22.6942203540053
5260,仁武分隊,地上,仁武區,新庄路56號對面,120.350644633283,22.6935287171056
5261,仁武分隊,地上,仁武區,新祥街49號對面,120.352425195805,22.69240234588
5262,仁武分隊,地上,仁武區,新瑞街66號旁（近溪邊）,120.350954515869,22.6918598387945
5263,仁武分隊,地上,仁武區,新鳳街56號邊,120.351017824537,22.6928140981913
5264,仁武分隊,地上,仁武區,新鳳街81號邊,120.351438248531,22.6929742485699
5265,仁武分隊,地上,仁武區,新鳳街與新瑞街口(新鳳街39號旁),120.350585306065,22.6926024443909
5266,仁武分隊,地上,仁武區,新鴻街88號斜對面,120.351471157672,22.6918799305267
5267,仁武分隊,地上,仁武區,新寶街43號對面,120.352336341087,22.6938066744606
5268,仁武分隊,地上,仁武區,新寶街67號對面,120.3524443,22.693386
5269,仁武分隊,地上,仁武區,新寶街往溪邊公園廁所旁,120.352750071828,22.6918499086115
5270,仁武分隊,地上,仁武區,綠園新村159號門口對面電線桿旁,120.364728,22.681736
5271,仁武分隊,地上,仁武區,鳳仁路101-1號對面中?橋旁,120.350071415305,22.691965743922
5272,仁武分隊,地上,仁武區,鳳仁路110號邊(砂石場綠皮圍牆),120.349423961325,22.6933356984333
5273,仁武分隊,地上,仁武區,鳳仁路13-3號前(小五角),120.358285313186,22.6764408548071
5274,仁武分隊,地上,仁武區,鳳仁路1-53號前,120.361128651404,22.6712907393931
5275,仁武分隊,地上,仁武區,鳳仁路160號邊(鳳屏交通公司),120.348366534019,22.6955997417385
5276,仁武分隊,地上,仁武區,鳳仁路162號前(加油站),120.348057744705,22.6962669324248
5277,仁武分隊,地上,仁武區,鳳仁路177號加油站前,120.348464772105,22.6951356507656
5278,仁武分隊,地上,仁武區,鳳仁路17-7號前,120.3577031,22.677493
5279,仁武分隊,地上,仁武區,鳳仁路21-36號前,120.356559998673,22.679519699178
5280,仁武分隊,地上,仁武區,鳳仁路21-46號前,120.356832477927,22.6791210742978
5281,仁武分隊,地上,仁武區,鳳仁路21-67號前,120.357292059938,22.6783001153536
5282,仁武分隊,地上,仁武區,鳳仁路21-8號-丁丁藥局,120.356076530497,22.6804582675858
5283,仁武分隊,地上,仁武區,鳳仁路220-1號前（通法寺旁）,120.346591316227,22.6990255163789
5284,仁武分隊,地上,仁武區,鳳仁路227號前,120.346766955191,22.69871607739
5285,仁武分隊,地上,仁武區,鳳仁路236號前,120.346024435871,22.6999475480603
5286,仁武分隊,地上,仁武區,鳳仁路255號前,120.346326075394,22.699206893903
5287,仁武分隊,地上,仁武區,鳳仁路269號,120.34535785385,22.7010199214124
5288,仁武分隊,地上,仁武區,鳳仁路270-2號,120.345514433511,22.7007834860634
5289,仁武分隊,地上,仁武區,鳳仁路279號前（中油加油站對面變電所前）,120.344018,22.702832
5290,仁武分隊,地上,仁武區,鳳仁路280-36號前（近仁信巷口）,120.34405147106,22.7031175988439
5291,仁武分隊,地上,仁武區,鳳仁路281號前,120.34347,22.703723
5292,仁武分隊,地上,仁武區,鳳仁路287-18號前（大高雄鵝肉店往南80M安全島上）,120.342645,22.705075
5293,仁武分隊,地上,仁武區,鳳仁路291號前（293-2斜前）,120.341564,22.706716
5294,仁武分隊,地上,仁武區,鳳仁路295-1號斜前,120.340116573016,22.7090454397289
5295,仁武分隊,地上,仁武區,鳳仁路299-3號前,120.340213691788,22.7090574986806
5296,仁武分隊,地上,仁武區,鳳仁路308號前,120.340291410685,22.7094568506051
5297,仁武分隊,地上,仁武區,鳳仁路309號前,120.339740265607,22.7097351705987
5298,仁武分隊,地上,仁武區,鳳仁路3-11號斜前,120.360385534199,22.672599183964
5299,仁武分隊,地上,仁武區,鳳仁路315號邊(台灣松下倉儲物流),120.33966730318,22.7099195087735
5300,仁武分隊,地上,仁武區,鳳仁路319號邊,120.338693,22.711452
5301,仁武分隊,地上,仁武區,鳳仁路325號前(賀安鋼鐵),120.337688997388,22.7130506793047
5302,仁武分隊,地上,仁武區,鳳仁路329-18號對面,120.33482439816,22.713320985841
5303,仁武分隊,地上,仁武區,鳳仁路329-2號旁,120.335883165676,22.7130774215481
5304,仁武分隊,地上,仁武區,鳳仁路3-32號前,120.359923622893,22.6734343004703
5305,仁武分隊,地上,仁武區,鳳仁路333號前,120.3371537,22.7140984
5306,仁武分隊,地上,仁武區,鳳仁路364號邊,120.33408295363,22.718639472936
5307,仁武分隊,地上,仁武區,鳳仁路371-3號前,120.335986013031,22.7153803901817
5308,仁武分隊,地上,仁武區,鳳仁路379號前,120.334971865082,22.7168728277011
5309,仁武分隊,地上,仁武區,鳳仁路397號前(物流中心前),120.334464722222,22.7179297222222
5310,仁武分隊,地上,仁武區,鳳仁路400號前,120.33346229046,22.7193394818915
5311,仁武分隊,地上,仁武區,鳳仁路402號牌樓邊,120.333091292974,22.7204103748685
5312,仁武分隊,地上,仁武區,鳳仁路402號邊,120.333367624606,22.720602699564
5313,仁武分隊,地上,仁武區,鳳仁路4之26號對面(4-38前),120.363488369082,22.6743072285816
5314,仁武分隊,地上,仁武區,鳳仁路4之46號,120.362493932541,22.6733846085059
5315,仁武分隊,地上,仁武區,鳳仁路5-13號前,120.35915018338,22.6748584975216
5316,仁武分隊,地上,仁武區,鳳仁路5-1號前,120.359501217485,22.6742072895083
5317,仁武分隊,地上,仁武區,鳳仁路53號前,120.355249915428,22.6819211242109
5318,仁武分隊,地上,仁武區,鳳仁路72-1號邊,120.354833418097,22.6827146992007
5319,仁武分隊,地上,仁武區,鳳仁路77-7號前,120.354839962705,22.6827005742142
5320,仁武分隊,地上,仁武區,鳳仁路7號前,120.358773574205,22.6755453080694
5321,仁武分隊,地上,仁武區,鳳仁路81-25號旁,120.354288124607,22.6836651705494
5322,仁武分隊,地上,仁武區,鳳仁路81-45號前,120.35388445215,22.6844212
5323,仁武分隊,地上,仁武區,鳳仁路81-68號斜前,120.353131,22.685294
5324,仁武分隊,地上,仁武區,鳳仁路86號巷口邊,120.353887931508,22.6844410350325
5325,仁武分隊,地上,仁武區,鳳仁路92-1號前,120.352629842328,22.6869992130444
5326,仁武分隊,地上,仁武區,鳳仁路95-11號邊（7-11前）,120.352367806516,22.6872231802507
5327,仁武分隊,地上,仁武區,鳳仁路95-1號往鳥松10公尺（未過澄觀路）,120.352724,22.68624
5328,仁武分隊,地上,仁武區,鳳仁路95-68號前,120.351273720033,22.6893862285957
5329,仁武分隊,地上,仁武區,鳳仁路97-1號前,120.350981439732,22.6900049912629
5330,仁武分隊,地上,仁武區,鳳仁路和新庄路口南下側（對面小巷口.汽車商行前）,120.34958840262,22.69304297217
5331,仁武分隊,地上,仁武區,鳳仁路與八德一路口（鳳仁路183-1號前）,120.347844631485,22.6967037338136
5332,仁武分隊,地上,仁武區,鳳仁路與工業一路口,120.344519,22.702054
5333,仁武分隊,地上,仁武區,鳳仁路與工業二路口,120.34535453569,22.7010293999964
5334,仁武分隊,地上,仁武區,鳳仁路與水管路口（西北側行道樹）,120.342036187649,22.7060608741451
5335,仁武分隊,地上,仁武區,鳳仁路與水管路口（東南側公園前人行道上）,120.342622250319,22.7057132302723
5336,仁武分隊,地上,仁武區,鳳仁路與水管路口（東南側鳳仁路行道樹旁）,120.342502892017,22.7057268391238
5337,仁武分隊,地上,仁武區,鳳仁路與永宏巷口南側(興昌巷口陸橋下),120.338307917118,22.712617692894
5338,仁武分隊,地上,仁武區,鳳仁路與竹楠口路（台塑加油站前行道樹旁）,120.337982,22.712632
5339,仁武分隊,地上,仁武區,鳳仁路與新庄路口,120.349577338508,22.6930364764349
5340,仁武分隊,地上,仁武區,德新街138號前,120.330594755104,22.6851280393113
5341,仁武分隊,地上,仁武區,德新街27號對面,120.332635109401,22.6851029435704
5342,仁武分隊,地上,仁武區,德新街92號旁側,120.33130319356,22.6851094789955
5343,仁武分隊,地上,仁武區,澄仁西街112號前,120.343028606152,22.677556166861
5344,仁武分隊,地上,仁武區,澄仁西街196號（195號斜對面）,120.342137774799,22.6786363227324
5345,仁武分隊,地上,仁武區,澄仁西街239號斜對面(雪美養護中心),120.341909373016,22.6797077648028
5346,仁武分隊,地上,仁武區,澄仁西街280號前,120.342807180287,22.6801928171542
5347,仁武分隊,地上,仁武區,澄仁西街315號對面,120.343748259525,22.6806023
5348,仁武分隊,地上,仁武區,澄仁西街41號對面,120.344746190491,22.6777530538125
5349,仁武分隊,地上,仁武區,澄仁西街82號前,120.343699674239,22.6775656883528
5350,仁武分隊,地上,仁武區,澄仁東街118號前,120.3484416,22.6798978
5351,仁武分隊,地上,仁武區,澄仁東街187號邊,120.347692346696,22.6812885866749
5352,仁武分隊,地上,仁武區,澄仁東街324號斜對面路口處(赤東五街195號),120.347390453967,22.6819918767419
5353,仁武分隊,地上,仁武區,澄仁東街442號前(319斜前),120.346331758266,22.6817838766312
5354,仁武分隊,地上,仁武區,澄仁東街454號對面,120.345790441105,22.6815324765868
5355,仁武分隊,地上,仁武區,澄仁東街71號前,120.347853506187,22.6793407678421
5356,仁武分隊,地上,仁武區,澄仁東街與赤東一街口,120.346672159034,22.6784640026304
5357,仁武分隊,地上,仁武區,澄仁路201號前,120.34493034785,22.6798058000001
5358,仁武分隊,地上,仁武區,澄仁路236號前(轉角超商邊),120.344389172387,22.6808781104623
5359,仁武分隊,地上,仁武區,澄仁路36號前,120.345621,22.678601
5360,仁武分隊,地上,仁武區,澄仁路與澄仁東街口(小五角),120.345900636961,22.6781328218529
5361,仁武分隊,地上,仁武區,澄仁路與澄觀路上,120.343916,22.681432
5362,仁武分隊,地上,仁武區,澄德路23號旁（遠見微笑前）,120.345666666667,22.6832777777778
5363,仁武分隊,地上,仁武區,澄觀路1002號(金匱福金香舖前),120.345541834831,22.6821592309692
5364,仁武分隊,地上,仁武區,澄觀路1389號,120.346871006746,22.6830848793086
5365,仁武分隊,地上,仁武區,澄觀路1440巷1396號前,120.349030474652,22.6831871727422
5366,仁武分隊,地上,仁武區,澄觀路1440巷3號鐵皮屋-赤東四街42巷35號,120.349071997623,22.6816611889732
5367,仁武分隊,地上,仁武區,澄觀路1440巷8號斜對面,120.349087510048,22.6823790178057
5368,仁武分隊,地上,仁武區,澄觀路205號前,120.33457159996,22.6773593457317
5369,仁武分隊,地上,仁武區,澄觀路280號,120.335722267628,22.6775783696759
5370,仁武分隊,地上,仁武區,澄觀路488號旁,120.339083075523,22.6791845345764
5371,仁武分隊,地上,仁武區,澄觀路880-7號（皇家廚俱）,120.343149102551,22.6810659619687
5372,仁武分隊,地上,仁武區,澄觀路一段80號旁,120.355196,22.686858
5373,仁武分隊,地上,仁武區,澄觀路二段246號旁,120.360628146085,22.7075848028158
5374,仁武分隊,地上,仁武區,澄觀路二段476號前,120.360399709683,22.7114181696047
5375,仁武分隊,地上,仁武區,澄觀路二段520-1號前,120.360191310555,22.7134003984551
5376,仁武分隊,地上,仁武區,澄觀路八德大型車停車場前,120.341150647128,22.6804832009527
5377,仁武分隊,地上,仁武區,橫山一巷14-3號前,120.37406280741,22.7088962222621
5378,仁武分隊,地上,仁武區,橫山三巷15弄13-1號旁,120.381151859369,22.7179815372854
5379,仁武分隊,地上,仁武區,橫山三巷1號前(後方),120.379205916728,22.7133350704193
5380,仁武分隊,地上,仁武區,興昌巷10號斜對面（鳳仁路326-1號旁）,120.339357087033,22.712159507959
5381,仁武分隊,地上,仁武區,興昌巷6號前,120.340393760817,22.7112304351001
5382,仁武分隊,地上,仁武區,環湖路117-1號斜對面,120.362757319192,22.7050952769468
5383,仁武分隊,地上,仁武區,環湖路161號邊,120.363516384343,22.7059464499862
5384,仁武分隊,地上,仁武區,灣內一巷4號前,120.356601241655,22.6832864469541
5385,楠梓分隊,地上,楠梓區,土庫一路160號（路口）,120.329568,22.736358
5386,楠梓分隊,地上,楠梓區,土庫一路241號,120.327721238136,22.7362981821443
5387,楠梓分隊,地上,楠梓區,土庫一路6號前,120.332168,22.735748
5388,楠梓分隊,地上,楠梓區,土庫一路土庫二路口,120.327365364247,22.7367230375444
5389,楠梓分隊,地上,楠梓區,土庫一路台糖量販店前,120.3304,22.736182
5390,楠梓分隊,地上,楠梓區,土庫一路近土庫二路口（大樓停車出入口）,120.327968,22.736614
5391,楠梓分隊,地上,楠梓區,土庫一路楠梓路口（兒童之家旁）,120.32592340659,22.7366218406153
5392,楠梓分隊,地上,楠梓區,土庫一路與清豐一路口保養場旁,120.331144407392,22.7356791163627
5393,楠梓分隊,地上,楠梓區,土庫一路與楠梓路口（學校旁）,120.325955674052,22.7361478996997
5394,楠梓分隊,地上,楠梓區,土庫一路與旗楠路口,120.3329518545,22.7351606596859
5395,楠梓分隊,地上,楠梓區,土庫一路與旗楠路口(1),120.332511663437,22.735158999988
5396,楠梓分隊,地上,楠梓區,土庫一路警察局靶場旁,120.331831052899,22.7354583299864
5397,楠梓分隊,地上,楠梓區,土庫七街246號（楠梓高中側門）,120.33221796155,22.7449345068134
5398,楠梓分隊,地上,楠梓區,土庫七街上公園旁,120.333347842097,22.7430613395892
5399,楠梓分隊,地上,楠梓區,土庫七街公園橋旁30公尺,120.332796648145,22.744125628243
5400,楠梓分隊,地上,楠梓區,土庫二路112巷口,120.326789524663,22.7380664460779
5401,楠梓分隊,地上,楠梓區,土庫二路222號,120.325374975801,22.7395592086635
5402,楠梓分隊,地上,楠梓區,土庫二路清豐三路口公園旁,120.32714700698,22.7375275366808
5403,楠梓分隊,地上,楠梓區,土庫八街251巷口,120.334163233638,22.7399327405875
5404,楠梓分隊,地上,楠梓區,土庫八街385巷與土庫八街口,120.334189385176,22.7432400615052
5405,楠梓分隊,地上,楠梓區,土庫八街439號旁10公尺,120.334338918328,22.7436432671839
5406,楠梓分隊,地上,楠梓區,土庫八街467巷口,120.334353670478,22.7445449099345
5407,楠梓分隊,地上,楠梓區,土庫八街505號,120.334396585822,22.7455553858936
5408,楠梓分隊,地上,楠梓區,土庫八街土庫七街口,120.33427732612,22.7424344538835
5409,楠梓分隊,地上,楠梓區,土庫八街清豐一路口,120.333791077137,22.7371813200859
5410,楠梓分隊,地上,楠梓區,土庫八街與土庫六路口,120.33411629498,22.7415907400032
5411,楠梓分隊,地上,楠梓區,土庫三路159號-1,120.328832,22.738612
5412,楠梓分隊,地上,楠梓區,土庫三路200號,120.328384,22.73916
5413,楠梓分隊,地上,楠梓區,土庫三路269號對面,120.326687766865,22.7407609996514
5414,楠梓分隊,地上,楠梓區,土庫三路27號旁10公尺（10號對面）,120.330312,22.737212
5415,楠梓分隊,地上,楠梓區,土庫三路76號旁,120.3296,22.738014
5416,楠梓分隊,地上,楠梓區,土庫三路與清豐三路口,120.328872,22.738954
5417,楠梓分隊,地上,楠梓區,土庫三路與清豐路交叉口,120.327813641895,22.7396042450346
5418,楠梓分隊,地上,楠梓區,土庫五路222號前,120.333236530423,22.7417737927902
5419,楠梓分隊,地上,楠梓區,土庫五路28巷口公園,120.332943499088,22.7375066201591
5420,楠梓分隊,地上,楠梓區,土庫五路29號前,120.332692041993,22.7377842996472
5421,楠梓分隊,地上,楠梓區,土庫五路79號旁,120.332584753633,22.7390490019857
5422,楠梓分隊,地上,楠梓區,土庫六路楠梓高中公車站牌旁,120.331133678555,22.7430656684965
5423,楠梓分隊,地上,楠梓區,土庫六路楠梓高中旁,120.331488400698,22.7428986962584
5424,楠梓分隊,地上,楠梓區,土庫六路與土庫六路262巷,120.329604819417,22.7439339208464
5425,楠梓分隊,地上,楠梓區,土庫六路與清豐路口,120.330413505435,22.742963011515
5426,楠梓分隊,地上,楠梓區,土庫北路14-1號,120.32979,22.748426
5427,楠梓分隊,地上,楠梓區,土庫北路26號旁,120.331232,22.74887
5428,楠梓分隊,地上,楠梓區,土庫路117號對面（大內製麵旁）,120.330714555244,22.7389319362882
5429,楠梓分隊,地上,楠梓區,土庫路118巷11號前,120.331696942449,22.7383730525091
5430,楠梓分隊,地上,楠梓區,土庫路118巷99號前,120.332732945681,22.7397966860314
5431,楠梓分隊,地上,楠梓區,土庫路143號,120.330396,22.739287
5432,楠梓分隊,地上,楠梓區,土庫路255號前,120.329667180777,22.7403606931268
5433,楠梓分隊,地上,楠梓區,土庫路318巷公園前,120.329755693674,22.7406859856347
5434,楠梓分隊,地上,楠梓區,土庫路上清豐路與創新路之間,120.328419953585,22.7424812647708
5435,楠梓分隊,地上,楠梓區,土庫路近清豐六路口（遙控飛機）,120.325380317749,22.7455362717024
5436,楠梓分隊,地上,楠梓區,土庫路與清豐一路交叉口,120.331831511941,22.7368436445332
5437,楠梓分隊,地上,楠梓區,土庫路與清豐六路口,120.32458640635,22.7459319934433
5438,楠梓分隊,地上,楠梓區,水管路6號,120.324957595904,22.706396126823
5439,楠梓分隊,地上,楠梓區,水管路9號,120.326162791416,22.7067413494687
5440,楠梓分隊,地上,楠梓區,加昌路18巷籃球場對面,120.321163618264,22.7257088236419
5441,楠梓分隊,地上,楠梓區,加昌路237號,120.313945398936,22.7212008071628
5442,楠梓分隊,地上,楠梓區,加昌路250號巷口國小前,120.313424,22.721252
5443,楠梓分隊,地上,楠梓區,加昌路夜市旁（近農會301號）,120.311628,22.720204
5444,楠梓分隊,地上,楠梓區,加昌路後勁國小前,120.314592,22.721738
5445,楠梓分隊,地上,楠梓區,外環東路近加昌路口,120.31076,22.720446
5446,楠梓分隊,地上,楠梓區,玉田街45號,120.331289727731,22.7302038896257
5447,楠梓分隊,地上,楠梓區,立仁街110巷1號,120.335612265379,22.7413548625324
5448,楠梓分隊,地上,楠梓區,立仁街110巷31號旁,120.335135858861,22.7418023106249
5449,楠梓分隊,地上,楠梓區,立仁街148巷2號,120.334941074252,22.7410533302357
5450,楠梓分隊,地上,楠梓區,立仁街2號前（靠近安民街口）,120.337392,22.743212
5451,楠梓分隊,地上,楠梓區,立仁街87號,120.336299131877,22.7419672847554
5452,楠梓分隊,地上,楠梓區,立仁街96巷130號對面,120.334880900499,22.7432184191517
5453,楠梓分隊,地上,楠梓區,立仁街96巷192號,120.334916,22.7444
5454,楠梓分隊,地上,楠梓區,立仁街96巷76號,120.33518597057,22.7424990784274
5455,楠梓分隊,地上,楠梓區,立仁街與立民街,120.336536924279,22.7421886598471
5456,楠梓分隊,地上,楠梓區,立民路177號對面,120.33544573626,22.7440640959328
5457,楠梓分隊,地上,楠梓區,立民路17號前,120.337386,22.741394
5458,楠梓分隊,地上,楠梓區,立民路與立安路口,120.335769240107,22.7427364997918
5459,楠梓分隊,地上,楠梓區,立民路與安泰街,120.335532224906,22.7450296938759
5460,楠梓分隊,地上,楠梓區,立安路128號對面（公車站）,120.336733444465,22.7437791972572
5461,楠梓分隊,地上,楠梓區,立安路92巷公園,120.336232,22.743184
5462,楠梓分隊,地上,楠梓區,立安路92巷與立仁街,120.336899381615,22.7427468413934
5463,楠梓分隊,地上,楠梓區,立安路與立民路口（公園）,120.335804642743,22.7427171503156
5464,楠梓分隊,地上,楠梓區,立安路與安泰街（安泰117號旁）,120.337394302469,22.7443415863407
5465,楠梓分隊,地上,楠梓區,安民街156號,120.336222543482,22.744348297085
5466,楠梓分隊,地上,楠梓區,安民街30號,120.337987718183,22.7429059345574
5467,楠梓分隊,地上,楠梓區,安泰街132巷26號,120.337579404947,22.7451971713783
5468,楠梓分隊,地上,楠梓區,安泰街138號對面（125號旁）,120.337195548536,22.7445608377707
5469,楠梓分隊,地上,楠梓區,安泰街205號對面,120.336156488944,22.7450578961564
5470,楠梓分隊,地上,楠梓區,安泰街32巷2號右側旁,120.338859647504,22.7433420813128
5471,楠梓分隊,地上,楠梓區,安泰街53號前,120.338399101852,22.7435373676786
5472,楠梓分隊,地上,楠梓區,安通街66號對面,120.337662686787,22.7422439151049
5473,楠梓分隊,地上,楠梓區,芎林三街42號斜對面,120.330252572894,22.7492843114607
5474,楠梓分隊,地上,楠梓區,芎林六街115號,120.334125182244,22.7494676045004
5475,楠梓分隊,地上,楠梓區,芎林路與芎林二街口,120.326238128853,22.7498255428982
5476,楠梓分隊,地上,楠梓區,芎林路與卓越路口,120.326329171658,22.7515395508902
5477,楠梓分隊,地上,楠梓區,芎蕉三街與芎林六街口,120.332377152288,22.7488946249606
5478,楠梓分隊,地上,楠梓區,芎蕉路103號對面,120.328901410103,22.7496052540297
5479,楠梓分隊,地上,楠梓區,芎蕉路與卓越路口,120.328925549984,22.7515945864297
5480,楠梓分隊,地上,楠梓區,卓越路51巷2號,120.332847610116,22.7516663181107
5481,楠梓分隊,地上,楠梓區,卓越路與芎蕉一街口,120.327542871237,22.7515500632984
5482,楠梓分隊,地上,楠梓區,岳陽街興楠路353號千葉,120.331555537407,22.7289412136253
5483,楠梓分隊,地上,楠梓區,東寧路與清豐二路口,120.329370126128,22.7345634302944
5484,楠梓分隊,地上,楠梓區,東寧路與旗楠路口(東寧路上),120.330799743533,22.7334724734736
5485,楠梓分隊,地上,楠梓區,金和街168巷80號（兩棟大樓之間）,120.318672,22.724258
5486,楠梓分隊,地上,楠梓區,金和街海科大後方,120.318376458429,22.7251639595438
5487,楠梓分隊,地上,楠梓區,金富街111號對面（後勁溪堤岸）,120.319922403983,22.7256604789581
5488,楠梓分隊,地上,楠梓區,青埔街38號前,120.323328,22.727953
5489,楠梓分隊,地上,楠梓區,青埔街50巷94號前,120.323776,22.7298921
5490,楠梓分隊,地上,楠梓區,青埔街6巷口,120.323629769943,22.7276343912772
5491,楠梓分隊,地上,楠梓區,青農路21號,120.320574101852,22.7286701179144
5492,楠梓分隊,地上,楠梓區,青農路64號,120.320057,22.729296
5493,楠梓分隊,地上,楠梓區,建楠路141號高銀,120.326661095023,22.7268789261734
5494,楠梓分隊,地上,楠梓區,建楠路19號前,120.329437181354,22.7270316927553
5495,楠梓分隊,地上,楠梓區,建楠路70號前,120.328391119838,22.7269747918621
5496,楠梓分隊,地上,楠梓區,建楠橫路二號代天府,120.328368991613,22.7262276561997
5497,楠梓分隊,地上,楠梓區,後昌路169號,120.310168,22.717388
5498,楠梓分隊,地上,楠梓區,後昌路215號,120.309944361436,22.7164441133899
5499,楠梓分隊,地上,楠梓區,後昌路259號,120.309585079547,22.7154725140499
5500,楠梓分隊,地上,楠梓區,後昌路59號對面,120.311567634344,22.7197184970619
5501,楠梓分隊,地上,楠梓區,後昌路79號對面,120.311381439472,22.7195090191168
5502,楠梓分隊,地上,楠梓區,後昌路9號,120.312761887908,22.7205782384147
5503,楠梓分隊,地上,楠梓區,後勁中街111號,120.3147091,22.717103
5504,楠梓分隊,地上,楠梓區,後勁中街128號,120.314829329833,22.7171152677075
5505,楠梓分隊,地上,楠梓區,後勁中街54巷口,120.316592752934,22.7166196722572
5506,楠梓分隊,地上,楠梓區,後勁北路150巷50號,120.315032509921,22.7199140346895
5507,楠梓分隊,地上,楠梓區,後勁西路135-1號（後勁北路口）,120.3136111,22.7193839
5508,楠梓分隊,地上,楠梓區,後勁西路236號,120.314763988895,22.7215314231184
5509,楠梓分隊,地上,楠梓區,後勁西路28號前,120.312678935269,22.7175163369025
5510,楠梓分隊,地上,楠梓區,後勁西路56巷18號,120.313340592032,22.7178133649479
5511,楠梓分隊,地上,楠梓區,後勁西路90號,120.313357,22.718565
5512,楠梓分隊,地上,楠梓區,後勁東路3號對面,120.314188,22.71518
5513,楠梓分隊,地上,楠梓區,後勁東路後勁中街口,120.315732996136,22.7169371051962
5514,楠梓分隊,地上,楠梓區,後勁東路與後勁北口,120.316511,22.717851
5515,楠梓分隊,地上,楠梓區,後勁南路124號,120.312808156013,22.7162906112905
5516,楠梓分隊,地上,楠梓區,後勁南路62號,120.313856229186,22.7154054828467
5517,楠梓分隊,地上,楠梓區,後勁南路7巷對面鳳屏宮旁,120.314725264907,22.7148011675462
5518,楠梓分隊,地上,楠梓區,海專路205巷對面,120.313427843825,22.7248197048292
5519,楠梓分隊,地上,楠梓區,海專路235巷口北側,120.312648365935,22.7250401090405
5520,楠梓分隊,地上,楠梓區,海專路與瑞屏路口,120.3116692,22.7255373
5521,楠梓分隊,地上,楠梓區,高峰街109巷35弄20號,120.315333588709,22.7208762639751
5522,楠梓分隊,地上,楠梓區,高峰街113號,120.31621,22.721073
5523,楠梓分隊,地上,楠梓區,高峰街13號,120.315286,22.718828
5524,楠梓分隊,地上,楠梓區,高峰街147號,120.317068889563,22.7215694345777
5525,楠梓分隊,地上,楠梓區,高峰街與金田街口,120.315917388453,22.7200516540303
5526,楠梓分隊,地上,楠梓區,高楠公路1017號（竹仔門橋往南100公尺）,120.325488,22.716254
5527,楠梓分隊,地上,楠梓區,高楠公路1118號,120.325838,22.716073
5528,楠梓分隊,地上,楠梓區,高楠公路1200號,120.325387313958,22.7185640662298
5529,楠梓分隊,地上,楠梓區,高楠公路1742巷與青埔街27巷口,120.3226,22.72703
5530,楠梓分隊,地上,楠梓區,高楠公路1746號前（代天府）,120.321623235941,22.7278604639508
5531,楠梓分隊,地上,楠梓區,高楠公路1868巷100號（惠民里中心）,120.322832,22.732082
5532,楠梓分隊,地上,楠梓區,高楠公路1868巷81弄8號對面,120.322378277779,22.7322256550208
5533,楠梓分隊,地上,楠梓區,高楠公路1868巷口,120.320966791263,22.7306408839347
5534,楠梓分隊,地上,楠梓區,高楠公路1870巷17弄32號後側,120.321460962296,22.7324656189795
5535,楠梓分隊,地上,楠梓區,高楠公路1870巷17弄76號,120.321372449398,22.7332646711876
5536,楠梓分隊,地上,楠梓區,高楠公路1870巷1號,120.321165919304,22.7312676503817
5537,楠梓分隊,地上,楠梓區,高楠公路1870巷29弄28號,120.321860696924,22.7331082459573
5538,楠梓分隊,地上,楠梓區,高楠公路1870巷57弄1號,120.322257542416,22.7324492135137
5539,楠梓分隊,地上,楠梓區,高楠公路1870巷57弄23號,120.32169431448,22.7333438340005
5540,楠梓分隊,地上,楠梓區,高楠公路1872巷126號邊,120.321072041988,22.7336060604907
5541,楠梓分隊,地上,楠梓區,高楠公路1872巷140號對面,120.321305394173,22.7338082961433
5542,楠梓分隊,地上,楠梓區,高楠公路1872巷58號對面,120.321038936176,22.7324223234689
5543,楠梓分隊,地上,楠梓區,高楠公路816-1號,120.32477080822,22.7072242622703
5544,楠梓分隊,地上,楠梓區,高楠公路900之1號高楠紙業,120.326728820801,22.7112281312697
5545,楠梓分隊,地上,楠梓區,高楠公路900之2號（高鐵大鎮牌坊前）,120.328136712296,22.7107024291027
5546,楠梓分隊,地上,楠梓區,高楠公路905號前(百泉工業),120.32474668596,22.7087169661253
5547,楠梓分隊,地上,楠梓區,高楠公路938-1號前,120.325719505499,22.7120911424539
5548,楠梓分隊,地上,楠梓區,高楠公路中華社區牌樓往北（游鐵高空對面）,120.325217760036,22.7096509796592
5549,楠梓分隊,地上,楠梓區,高楠公路北上機車道入口,120.324893385164,22.7215624006036
5550,楠梓分隊,地上,楠梓區,高楠公路台糖加油站前,120.325309932232,22.7118080912377
5551,楠梓分隊,地上,楠梓區,高楠公路金屬中心圍牆（轉角處）,120.32567352472,22.7148379896845
5552,楠梓分隊,地上,楠梓區,高楠公路南下都會公園站旁,120.320896,22.729022
5553,楠梓分隊,地上,楠梓區,高楠公路楠梓加油站前,120.325208008289,22.719776372055
5554,楠梓分隊,地上,楠梓區,高楠公路與水管路口安全島,120.324786767355,22.7066748593225
5555,楠梓分隊,地上,楠梓區,區東路與後昌路口,120.310716592073,22.7190701054314
5556,楠梓分隊,地上,楠梓區,常德路240巷23弄60號前,120.337908267975,22.7363242620057
5557,楠梓分隊,地上,楠梓區,常德路240巷23弄公園出入口,120.337571784842,22.7356579468541
5558,楠梓分隊,地上,楠梓區,常德路315號前,120.337098509069,22.7370782690637
5559,楠梓分隊,地上,楠梓區,常德路331號前,120.337233021855,22.7374339966707
5560,楠梓分隊,地上,楠梓區,常德路379號對面,120.337608128782,22.738684230872
5561,楠梓分隊,地上,楠梓區,常德路386巷58號,120.338651105753,22.7383708075814
5562,楠梓分隊,地上,楠梓區,常德路86號對面,120.33619728682,22.7331129876826
5563,楠梓分隊,地上,楠梓區,常德路與常盛路口,120.336505204433,22.7348304598157
5564,楠梓分隊,地上,楠梓區,常德路與清安街叉口處,120.33734513818,22.737991087007
5565,楠梓分隊,地上,楠梓區,常德路與興楠路口,120.336204931132,22.7313627522811
5566,楠梓分隊,地上,楠梓區,常興街與興楠路26巷口,120.338062,22.732805
5567,楠梓分隊,地上,楠梓區,御宿汽車旅館前,120.333129532155,22.7283718332848
5568,楠梓分隊,地上,楠梓區,捷運R20北上,120.317136,22.722472
5569,楠梓分隊,地上,楠梓區,捷運R20南下,120.317024,22.722748
5570,楠梓分隊,地上,楠梓區,捷運R21北上,120.32092,22.730174
5571,楠梓分隊,地上,楠梓區,清平街12號前,120.338464289912,22.7351222454395
5572,楠梓分隊,地上,楠梓區,清平街33號前,120.338752895588,22.7361920382244
5573,楠梓分隊,地上,楠梓區,清平街36號前,120.338695496321,22.7357567749528
5574,楠梓分隊,地上,楠梓區,清平街66號前,120.339138060808,22.7369269979639
5575,楠梓分隊,地上,楠梓區,清安街48號前,120.338358648611,22.7376713541353
5576,楠梓分隊,地上,楠梓區,清安街75號前,120.337231010199,22.7379426199937
5577,楠梓分隊,地上,楠梓區,清成街74號前,120.335704833269,22.7371449371501
5578,楠梓分隊,地上,楠梓區,清泰路181巷口,120.329123033834,22.7400068606997
5579,楠梓分隊,地上,楠梓區,清豐一路27號旁,120.333011895418,22.7371429766803
5580,楠梓分隊,地上,楠梓區,清豐一路52號旁,120.33277451992,22.7372091499704
5581,楠梓分隊,地上,楠梓區,清豐一路台糖量販店前,120.331636857418,22.7363681226212
5582,楠梓分隊,地上,楠梓區,清豐二路162號對面台糖量販店前,120.330209572302,22.7365546316343
5583,楠梓分隊,地上,楠梓區,清豐二路306巷50號,120.328722372651,22.7357737389863
5584,楠梓分隊,地上,楠梓區,清豐二路308旁,120.329313799739,22.7355084244056
5585,楠梓分隊,地上,楠梓區,清豐二路與土庫路交叉口,120.331396009078,22.7376494422308
5586,楠梓分隊,地上,楠梓區,清豐三路105號前,120.331428050995,22.7401671251644
5587,楠梓分隊,地上,楠梓區,清豐三路158號巷口,120.331104844809,22.7400817820141
5588,楠梓分隊,地上,楠梓區,清豐三路1號前,120.332683995366,22.7420588846495
5589,楠梓分隊,地上,楠梓區,清豐三路258號旁,120.329561991857,22.7392179488898
5590,楠梓分隊,地上,楠梓區,清豐三路377號對面巷口,120.327744,22.738016
5591,楠梓分隊,地上,楠梓區,清豐三路397號,120.327344,22.737504
5592,楠梓分隊,地上,楠梓區,清豐三路41號前,120.332274287939,22.7413291472503
5593,楠梓分隊,地上,楠梓區,清豐五路土庫路口,120.326860919595,22.7442796123765
5594,楠梓分隊,地上,楠梓區,清豐五路創新公園旁,120.326001942158,22.7431262731843
5595,楠梓分隊,地上,楠梓區,清豐六路口與台糖花卉中心旁,120.323241949081,22.744225810711
5596,楠梓分隊,地上,楠梓區,清豐六路寶溪南街口（上）,120.326542407274,22.7478218179559
5597,楠梓分隊,地上,楠梓區,清豐路125號,120.3290643543,22.7407261833243
5598,楠梓分隊,地上,楠梓區,清豐路612號,120.326888,22.739102
5599,楠梓分隊,地上,楠梓區,清豐路61巷56號前,120.331653356552,22.740741643971
5600,楠梓分隊,地上,楠梓區,清豐路61巷6號,120.330640822649,22.7412784365404
5601,楠梓分隊,地上,楠梓區,清豐路78巷18號前,120.33048056066,22.7446593154824
5602,楠梓分隊,地上,楠梓區,清豐路土庫七街口,120.331531316042,22.7449332699997
5603,楠梓分隊,地上,楠梓區,清豐路楠梓分隊旁,120.325241486352,22.73708285714
5604,楠梓分隊,地上,楠梓區,創新公園對面,120.326359346509,22.7420508451909
5605,楠梓分隊,地上,楠梓區,創新路1號,120.323391482234,22.7396080647182
5606,楠梓分隊,地上,楠梓區,創新路46號,120.3241822,22.7399744
5607,楠梓分隊,地上,楠梓區,創新路652號,120.331091433764,22.7475491060191
5608,楠梓分隊,地上,楠梓區,創新路與土庫六路口,120.32887391746,22.7446982751876
5609,楠梓分隊,地上,楠梓區,創新路與土庫北路口,120.331433415413,22.7487308538147
5610,楠梓分隊,地上,楠梓區,創新路與卓越路口,120.331279858947,22.751647148441
5611,楠梓分隊,地上,楠梓區,創新路與清豐路12巷口對面,120.330034643412,22.7459462166966
5612,楠梓分隊,地上,楠梓區,創新路與寶溪北街口,120.330510735512,22.746902881683
5613,楠梓分隊,地上,楠梓區,惠春街31號,120.320736823783,22.7264345292755
5614,楠梓分隊,地上,楠梓區,惠豐街46號,120.320330176459,22.7271794440217
5615,楠梓分隊,地上,楠梓區,惠豐街與青田街口（西側2超商）,120.319409064709,22.7278005201524
5616,楠梓分隊,地上,楠梓區,朝仁路231號,120.330456,22.719708
5617,楠梓分隊,地上,楠梓區,朝明路114之2號,120.327953249216,22.7239027269857
5618,楠梓分隊,地上,楠梓區,朝明路130巷7弄8號,120.328831672668,22.7240449823688
5619,楠梓分隊,地上,楠梓區,朝明路133號,120.327613262566,22.7243844561129
5620,楠梓分隊,地上,楠梓區,朝明路77之1號,120.326818674803,22.7249127370024
5621,楠梓分隊,地上,楠梓區,朝明路與朝陽路口,120.325709581375,22.7255398919496
5622,楠梓分隊,地上,楠梓區,朝明路與楠都東街,120.326007977128,22.7253487769892
5623,楠梓分隊,地上,楠梓區,朝陽路171號,120.326250046492,22.7265065955709
5624,楠梓分隊,地上,楠梓區,朝新路135號,120.325231477618,22.7243981461804
5625,楠梓分隊,地上,楠梓區,朝新路與建楠?路口,120.3261,22.723904
5626,楠梓分隊,地上,楠梓區,朝新路與楠陽路180巷口,120.327509343624,22.723208147491
5627,楠梓分隊,地上,楠梓區,朝新路與楠陽路口（朝新路36號對面）,120.327035933733,22.7231023830734
5628,楠梓分隊,地上,楠梓區,楠梓國中前,120.326714068651,22.7348912104052
5629,楠梓分隊,地上,楠梓區,楠梓新路140號,120.324358418584,22.7255219556054
5630,楠梓分隊,地上,楠梓區,楠梓新路201號前,120.325295180082,22.7273774270212
5631,楠梓分隊,地上,楠梓區,楠梓新路264號區公所,120.326191037893,22.7284022549434
5632,楠梓分隊,地上,楠梓區,楠梓新路281號前,120.326401746033,22.7288820317444
5633,楠梓分隊,地上,楠梓區,楠梓新路284號前,120.326721444726,22.7291970015461
5634,楠梓分隊,地上,楠梓區,楠梓新路303號（慈雲寺前）,120.326798558235,22.7297431165737
5635,楠梓分隊,地上,楠梓區,楠梓新路326號前,120.327227041125,22.7300146270839
5636,楠梓分隊,地上,楠梓區,楠梓新路337巷口,120.327326836093,22.7304019998165
5637,楠梓分隊,地上,楠梓區,楠梓新路9號對面,120.324290692806,22.7239998317632
5638,楠梓分隊,地上,楠梓區,楠梓新路與朝明路口,120.324754714966,22.7261361194306
5639,楠梓分隊,地上,楠梓區,楠梓新路與朝新路交叉路口處,120.324296727777,22.7250754017274
5640,楠梓分隊,地上,楠梓區,楠梓路135號,120.328591614962,22.7304184902397
5641,楠梓分隊,地上,楠梓區,楠梓路269巷口,120.327310860157,22.7337111983291
5642,楠梓分隊,地上,楠梓區,楠梓路430號旁（劉家）,120.325048416853,22.7373575759251
5643,楠梓分隊,地上,楠梓區,楠梓路49號前,120.329428464174,22.7287152062969
5644,楠梓分隊,地上,楠梓區,楠梓路79號,120.32907910645,22.7292922471326
5645,楠梓分隊,地上,楠梓區,楠梓路楠梓分隊前,120.32535413913,22.7367340551902
5646,楠梓分隊,地上,楠梓區,楠梓衛生所旁,120.328228551786,22.7323905391585
5647,楠梓分隊,地上,楠梓區,楠盛街131巷與楠泰街(公園旁),120.331974765537,22.7313940695855
5648,楠梓分隊,地上,楠梓區,楠都東街118巷7號對面,120.325888618827,22.7248168698685
5649,楠梓分隊,地上,楠梓區,楠陽路136號,120.329204499722,22.7236868696219
5650,楠梓分隊,地上,楠梓區,楠陽路137號,120.329379274222,22.7235043776202
5651,楠梓分隊,地上,楠梓區,楠陽路75號,120.33127784729,22.7245082390911
5652,楠梓分隊,地上,楠梓區,楠陽路楠陽國小,120.331976,22.725222
5653,楠梓分隊,地上,楠梓區,楠陽路與朝新路,120.32791569829,22.7229638377476
5654,楠梓分隊,地上,楠梓區,瑞仁路76巷口,120.312672033906,22.7232341247039
5655,楠梓分隊,地上,楠梓區,瑞屏路17號前,120.312176,22.721704
5656,楠梓分隊,地上,楠梓區,瑞屏路27巷29號對面,120.311025828123,22.7215493066836
5657,楠梓分隊,地上,楠梓區,瑞屏路30巷15號,120.31324,22.722686
5658,楠梓分隊,地上,楠梓區,瑞屏路82巷31號,120.311888,22.72441
5659,楠梓分隊,地上,楠梓區,瑞屏路82巷45號對面,120.3120749,22.7247171
5660,楠梓分隊,地上,楠梓區,瑞屏路與瑞仁路口（圍牆旁）,120.311708450317,22.7226069591865
5661,楠梓分隊,地上,楠梓區,經建路5之1巷5號,120.334335565567,22.723022595827
5662,楠梓分隊,地上,楠梓區,聖雲街124巷對面（聖雲宮旁）,120.313552816301,22.7168532619187
5663,楠梓分隊,地上,楠梓區,聖雲街36巷11號,120.315776445345,22.715820951868
5664,楠梓分隊,地上,楠梓區,旗楠路25號派出所停車場前,120.328990593553,22.7314389661004
5665,楠梓分隊,地上,楠梓區,旗楠路2之6號前,120.328278467059,22.7308687374975
5666,楠梓分隊,地上,楠梓區,旗楠路526號前,120.334854651682,22.7374271336689
5667,楠梓分隊,地上,楠梓區,旗楠路67號前,120.330042690039,22.7323555324734
5668,楠梓分隊,地上,楠梓區,旗楠路785巷口,120.335616990924,22.7388305525424
5669,楠梓分隊,地上,楠梓區,旗楠路837巷8號前,120.336109176278,22.7405735371722
5670,楠梓分隊,地上,楠梓區,旗楠路875號前,120.337803659095,22.7409893842093
5671,楠梓分隊,地上,楠梓區,旗楠路88號,120.330144,22.732192
5672,楠梓分隊,地上,楠梓區,旗楠路907-1號前,120.339075431211,22.7424702383864
5673,楠梓分隊,地上,楠梓區,旗楠路925號前,120.339661493902,22.7430526632225
5674,楠梓分隊,地上,楠梓區,旗楠路979號前,120.340453013778,22.7438491799081
5675,楠梓分隊,地上,楠梓區,旗楠路長安巷5號,120.330202975609,22.7314461951275
5676,楠梓分隊,地上,楠梓區,旗楠路與清安街口,120.335911,22.738537
5677,楠梓分隊,地上,楠梓區,旗楠路與新安街口（檳榔攤前）,120.327884852886,22.7309008979592
5678,楠梓分隊,地上,楠梓區,旗楠路體育場游泳池前,120.331324785948,22.7333469262969
5679,楠梓分隊,地上,楠梓區,鳳楠路103號,120.330472514033,22.7234734859333
5680,楠梓分隊,地上,楠梓區,鳳楠路146號前,120.330655,22.723971
5681,楠梓分隊,地上,楠梓區,鳳楠路187號,120.329836159945,22.7244482446507
5682,楠梓分隊,地上,楠梓區,鳳楠路238號前,120.329577997327,22.7259660340552
5683,楠梓分隊,地上,楠梓區,鳳楠路279號,120.32902546227,22.7266698768901
5684,楠梓分隊,地上,楠梓區,鳳楠路98號前,120.331281200051,22.722906316656
5685,楠梓分隊,地上,楠梓區,鳳楠路與朝明路口,120.3293171525,22.7254891753842
5686,楠梓分隊,地上,楠梓區,鳳楠路與經建路口,120.330994874239,22.7225191310443
5687,楠梓分隊,地上,楠梓區,鳳楠路與興西路口,120.332061052322,22.7217800116987
5688,楠梓分隊,地上,楠梓區,德民路120號前,120.311178,22.727273
5689,楠梓分隊,地上,楠梓區,德民路202號,120.3091258,22.7262046
5690,楠梓分隊,地上,楠梓區,德民路20號,120.318108434936,22.7322430390113
5691,楠梓分隊,地上,楠梓區,德民路292號,120.307368858504,22.725816558524
5692,楠梓分隊,地上,楠梓區,德民路336之3號,120.306218953373,22.7257212026897
5693,楠梓分隊,地上,楠梓區,德民路356巷36弄2號,120.304858,22.727736
5694,楠梓分隊,地上,楠梓區,德民路356巷46弄2號旁,120.304821,22.728122
5695,楠梓分隊,地上,楠梓區,德民路356巷48號,120.304869,22.728033
5696,楠梓分隊,地上,楠梓區,德民路356巷60弄1號,120.304971,22.728571
5697,楠梓分隊,地上,楠梓區,德民路66號旁空地,120.311924973056,22.7277346662485
5698,楠梓分隊,地上,楠梓區,德民路都會公園前,120.316932459634,22.7314879236552
5699,楠梓分隊,地上,楠梓區,德民路都會公園停車場入口,120.31580945636,22.7307855640963
5700,楠梓分隊,地上,楠梓區,德民路監理站外側停車場,120.31877027001,22.732300556177
5701,楠梓分隊,地上,楠梓區,德民路與海專路口7-11,120.310328,22.726728
5702,楠梓分隊,地上,楠梓區,德民路與德民路356巷口（東側）,120.304672014715,22.7255909792605
5703,楠梓分隊,地上,楠梓區,德民路德民陸橋邊,120.314682,22.730272
5704,楠梓分隊,地上,楠梓區,德祥路130號,120.309048206222,22.7266803076455
5705,楠梓分隊,地上,楠梓區,德祥路187巷口,120.307828889024,22.726648673556
5706,楠梓分隊,地上,楠梓區,德賢路166號,120.307792141786,22.7271239764744
5707,楠梓分隊,地上,楠梓區,德賢路220巷59號,120.306193,22.727814
5708,楠梓分隊,地上,楠梓區,德賢路220巷74號,120.306027,22.72873
5709,楠梓分隊,地上,楠梓區,學專路137號,120.312424060475,22.7137431365892
5710,楠梓分隊,地上,楠梓區,學專路15號,120.309805020665,22.7146685332838
5711,楠梓分隊,地上,楠梓區,學專路309-2號旁,120.313560758332,22.7136664914075
5712,楠梓分隊,地上,楠梓區,學專路527號右側,120.317832290251,22.7162316521772
5713,楠梓分隊,地上,楠梓區,學專路611號,120.317883700141,22.7176459229746
5714,楠梓分隊,地上,楠梓區,學專路715-6號,120.317952,22.718938
5715,楠梓分隊,地上,楠梓區,學專路737-1號,120.317777,22.720086
5716,楠梓分隊,地上,楠梓區,學專路792號,120.317665,22.721957
5717,楠梓分隊,地上,楠梓區,學專路後勁南路鳳屏宮後方,120.315368882509,22.7147252100647
5718,楠梓分隊,地上,楠梓區,學專路後勁南路議員服務處,120.314714133715,22.714438558522
5719,楠梓分隊,地上,楠梓區,學專路後勁活動中心前,120.317371934652,22.7221833672571
5720,楠梓分隊,地上,楠梓區,學專路高峰街136巷口,120.317685624159,22.7212441678899
5721,楠梓分隊,地上,楠梓區,學專路聖雲街36巷40弄口,120.316808158244,22.7156034606707
5722,楠梓分隊,地上,楠梓區,學專路與後昌路(後昌路上中油圍牆),120.309121996156,22.7140399676987
5723,楠梓分隊,地上,楠梓區,學專路與後勁北路口(1),120.317880347379,22.7180353490697
5724,楠梓分隊,地上,楠梓區,學專路駕訓班對面,120.311448591823,22.7140933214228
5725,楠梓分隊,地上,楠梓區,興西路121巷2號,120.333321064474,22.7277019653477
5726,楠梓分隊,地上,楠梓區,興楠路151巷58號旁,120.336949801835,22.7296543059668
5727,楠梓分隊,地上,楠梓區,興楠路151巷74號,120.33728,22.729102
5728,楠梓分隊,地上,楠梓區,興楠路263號前,120.333597958088,22.7299719523469
5729,楠梓分隊,地上,楠梓區,興楠路342號,120.331716,22.72926
5730,楠梓分隊,地上,楠梓區,興楠路355巷37弄口,120.331861227751,22.7284251387623
5731,楠梓分隊,地上,楠梓區,興楠路355巷37弄與309巷口,120.332698076963,22.7288945654455
5732,楠梓分隊,地上,楠梓區,興楠路355巷76號,120.3322776407,22.727781297964
5733,楠梓分隊,地上,楠梓區,興楠路73巷17號前,120.338292201516,22.7308869264883
5734,楠梓分隊,地上,楠梓區,興楠路73號,120.338061414681,22.7313499173558
5735,楠梓分隊,地上,楠梓區,興楠路與常興街口（全聯旁）,120.338048,22.731663
5736,楠梓分隊,地上,楠梓區,興楠路與興西路口（法院前）,120.334750169842,22.7308856467809
5737,楠梓分隊,地上,楠梓區,興楠路與興楠路309巷口,120.332353879616,22.7293502343408
5738,楠梓分隊,地上,楠梓區,興楠橫巷16之6號前,120.331119596958,22.7279952934167
5739,楠梓分隊,地上,楠梓區,錦屏路28號,120.312452360984,22.7142588093103
5740,楠梓分隊,地上,楠梓區,錦屏路87號對面,120.313101321447,22.7154418344541
5741,楠梓分隊,地上,楠梓區,寶溪北街（西北底）與芎林路口,120.326009988785,22.7487494055039
5742,楠梓分隊,地上,楠梓區,寶溪南街195號,120.33040612936,22.7459270462244
5743,右昌分隊,地上,楠梓區,三山街112號右側5公尺,120.2865023911,22.7120597569567
5744,右昌分隊,地上,楠梓區,三山街131號,120.28502382338,22.7131218126555
5745,右昌分隊,地上,楠梓區,三山街201號,120.284277498722,22.7142283954126
5746,右昌分隊,地上,楠梓區,三山街249號,120.283710211515,22.7150962122996
5747,右昌分隊,地上,楠梓區,三山街24號,120.288318246603,22.7112989315593
5748,右昌分隊,地上,楠梓區,三山街72號,120.287189036608,22.7118741901765
5749,右昌分隊,地上,楠梓區,久昌街128巷54號,120.28469055891,22.7120226436208
5750,右昌分隊,地上,楠梓區,久昌街180巷2號,120.282689630985,22.7129950097
5751,右昌分隊,地上,楠梓區,久昌街23巷28號（啟昌街72號旁）,120.283879190683,22.7088395190721
5752,右昌分隊,地上,楠梓區,久昌街302號前,120.281163454056,22.7154320800811
5753,右昌分隊,地上,楠梓區,久昌街413對面,120.281453132629,22.714881578129
5754,右昌分隊,地上,楠梓區,久昌街495號旁,120.280314534903,22.7166332800245
5755,右昌分隊,地上,楠梓區,久昌街598號旁,120.280095934868,22.7174744848305
5756,右昌分隊,地上,楠梓區,大學18街口,120.277987718582,22.7254539211752
5757,右昌分隊,地上,楠梓區,大學21街423號,120.281040742993,22.7257662607805
5758,右昌分隊,地上,楠梓區,大學21街481號,120.281736776233,22.727032929731
5759,右昌分隊,地上,楠梓區,大學21街與大學10街口,120.280061736703,22.7246059619376
5760,右昌分隊,地上,楠梓區,大學29路10號前,120.277390927076,22.7232403097538
5761,右昌分隊,地上,楠梓區,大學29路76巷口斜對面,120.277481451631,22.7244309266631
5762,右昌分隊,地上,楠梓區,大學西路184號旁,120.281578525901,22.7244327821618
5763,右昌分隊,地上,楠梓區,大學西路200號對面,120.281139984727,22.7250129335479
5764,右昌分隊,地上,楠梓區,大學西路276號對面,120.280360803008,22.7260940619756
5765,右昌分隊,地上,楠梓區,大學西路528巷口（巷子轉角）,120.279562175274,22.7278419094268
5766,右昌分隊,地上,楠梓區,大學西路528巷口斜對面,120.279344245791,22.7277893382616
5767,右昌分隊,地上,楠梓區,大學西路60號與大學二街口,120.282263830304,22.7230726948011
5768,右昌分隊,地上,楠梓區,大學西路與大學26街口,120.279310047626,22.7281703241305
5769,右昌分隊,地上,楠梓區,大學東與大學南路口,120.290797948837,22.7323419262699
5770,右昌分隊,地上,楠梓區,大學南路1188號前,120.277894511819,22.7296565299651
5771,右昌分隊,地上,楠梓區,大學南路120號-132號,120.293698757887,22.7318347849908
5772,右昌分隊,地上,楠梓區,大學南路150公尺右側,120.275170728564,22.7277565585837
5773,右昌分隊,地上,楠梓區,大學南路175號前（206號對面）,120.292904153466,22.7320580510783
5774,右昌分隊,地上,楠梓區,大學南路272號前,120.291537567973,22.7324402619831
5775,右昌分隊,地上,楠梓區,大學南路623號,120.285077467561,22.7320698019149
5776,右昌分隊,地上,楠梓區,大學南路72號,120.294563770294,22.7315960568597
5777,右昌分隊,地上,楠梓區,大學南路77號前,120.294396132231,22.7316164662758
5778,右昌分隊,地上,楠梓區,大學南路951號往大學17街50公尺,120.280486866832,22.7311204547553
5779,右昌分隊,地上,楠梓區,大學南路與大學11街口,120.287614837289,22.732199061051
5780,右昌分隊,地上,楠梓區,大學南路與大學17街往東100公尺,120.281810536981,22.7318452989145
5781,右昌分隊,地上,楠梓區,大學南路與大學29路口,120.275893583894,22.7283960701268
5782,右昌分隊,地上,楠梓區,大學南路與大學36街口,120.276753231883,22.7287393270237
5783,右昌分隊,地上,楠梓區,大學南路與高雄大學路口,120.283639803529,22.7319968230186
5784,右昌分隊,地上,楠梓區,中昌街1019號,120.285912975669,22.7181721860703
5785,右昌分隊,地上,楠梓區,中泰街122號,120.286099389195,22.7166054459535
5786,右昌分隊,地上,楠梓區,中泰街74號,120.285383239388,22.7157629987284
5787,右昌分隊,地上,楠梓區,仁昌街40巷10號,120.283931493759,22.721211598373
5788,右昌分隊,地上,楠梓區,加工區站4號出口,120.307953357697,22.7188773060497
5789,右昌分隊,地上,楠梓區,加工區站左側50公尺,120.306553244591,22.7185841250259
5790,右昌分隊,地上,楠梓區,加仁路72號,120.301458388567,22.7280348763539
5791,右昌分隊,地上,楠梓區,加仁路80巷14號前,120.301835381615,22.7274437915527
5792,右昌分隊,地上,楠梓區,加仁路8號,120.299488306046,22.7271578642166
5793,右昌分隊,地上,楠梓區,加仁路與德惠路,120.303296372294,22.7283131935578
5794,右昌分隊,地上,楠梓區,加宏路195號,120.293995141983,22.7168800752057
5795,右昌分隊,地上,楠梓區,加宏路233巷38號,120.293588787317,22.7156597027131
5796,右昌分隊,地上,楠梓區,加宏路8號旁,120.298310145736,22.7189131804778
5797,右昌分隊,地上,楠梓區,加昌路631號東側（榮民之家旁）,120.302693623274,22.71682158831
5798,右昌分隊,地上,楠梓區,加昌路633之1號（現代汽車旁）,120.299904549495,22.7157772219859
5799,右昌分隊,地上,楠梓區,加昌路665號,120.297463238239,22.714965699919
5800,右昌分隊,地上,楠梓區,加昌路700巷口西側,120.295914933085,22.7146762217776
5801,右昌分隊,地上,楠梓區,加昌路781號,120.295068860119,22.7141458641548
5802,右昌分隊,地上,楠梓區,加昌路845號,120.293427854776,22.713595003135
5803,右昌分隊,地上,楠梓區,加昌路899之一號,120.292348265648,22.7132795429971
5804,右昌分隊,地上,楠梓區,加昌路910號（右昌國小正門西側）,120.292637944221,22.7136902595827
5805,右昌分隊,地上,楠梓區,加昌路910號（右昌國小正門東側）,120.292050540447,22.7134972724249
5806,右昌分隊,地上,楠梓區,加昌路外環西路口,120.300495940168,22.7163751900209
5807,右昌分隊,地上,楠梓區,加昌路與左楠路口（測速相機下方）,120.304239667259,22.7174888342848
5808,右昌分隊,地上,楠梓區,加昌路樂群路西側（加昌路628號）,120.29769256711,22.7152805376298
5809,右昌分隊,地上,楠梓區,加昌路樂群路東側,120.298361778259,22.7154803262141
5810,右昌分隊,地上,楠梓區,北昌街1號前,120.281789079309,22.7196312855869
5811,右昌分隊,地上,楠梓區,右昌一巷148弄24號旁,120.286902710795,22.7103104707844
5812,右昌分隊,地上,楠梓區,右昌一巷148弄51號西側10公尺,120.286307930946,22.7106630514792
5813,右昌分隊,地上,楠梓區,右昌一巷155巷8號前,120.287409,22.709286
5814,右昌分隊,地上,楠梓區,右昌一巷191號對面,120.286476,22.708778
5815,右昌分隊,地上,楠梓區,右昌街、裕昌街口,120.287596732378,22.7168151291485
5816,右昌分隊,地上,楠梓區,右昌街、德民路口（右昌街620號）,120.284569859505,22.7185828879738
5817,右昌分隊,地上,楠梓區,右昌街143巷57號,120.289176553488,22.7095743783371
5818,右昌分隊,地上,楠梓區,右昌街22號對面,120.292481705546,22.709046739887
5819,右昌分隊,地上,楠梓區,右昌街301號,120.289538651705,22.7140106671478
5820,右昌分隊,地上,楠梓區,右昌街389號之2,120.288223028183,22.7154166165734
5821,右昌分隊,地上,楠梓區,右昌街421號,120.287627577782,22.7163537019883
5822,右昌分隊,地上,楠梓區,右昌街496號旁,120.286653935909,22.7173136666644
5823,右昌分隊,地上,楠梓區,右昌街505號,120.287185013294,22.7168324481001
5824,右昌分隊,地上,楠梓區,右昌街568號,120.285648107529,22.7179266302772
5825,右昌分隊,地上,楠梓區,右昌街575號前,120.286045074463,22.7175196375893
5826,右昌分隊,地上,楠梓區,右昌街617號,120.285127088428,22.7180657992317
5827,右昌分隊,地上,楠梓區,右昌街726號（近智昌街口）,120.283706188202,22.719088841335
5828,右昌分隊,地上,楠梓區,右昌街731號,120.28397038579,22.7187975163396
5829,右昌分隊,地上,楠梓區,右昌街746之10號（近仁昌街口）,120.282656103373,22.7198941568853
5830,右昌分隊,地上,楠梓區,右昌街767號,120.283199250698,22.7192521315071
5831,右昌分隊,地上,楠梓區,右昌街80號對面,120.291214874834,22.7097905552521
5832,右昌分隊,地上,楠梓區,外環西路121號（中華電信前）,120.3002612,22.7176734
5833,右昌分隊,地上,楠梓區,左楠路89號前,120.3033367,22.714443
5834,右昌分隊,地上,楠梓區,左楠路與外環西路,120.302726757308,22.7127833166676
5835,右昌分隊,地上,楠梓區,民昌街308號,120.286446735263,22.7214101412719
5836,右昌分隊,地上,楠梓區,吉昌街123號,120.289165824652,22.7160221662317
5837,右昌分隊,地上,楠梓區,吉昌街42號向東十公尺,120.29146514833,22.7154710481129
5838,右昌分隊,地上,楠梓區,秀昌街16號,120.294817239046,22.7128496500701
5839,右昌分隊,地上,楠梓區,秀群路499巷6號前,120.299167,22.716989
5840,右昌分隊,地上,楠梓區,和光街109巷口,120.294873565435,22.7075906204149
5841,右昌分隊,地上,楠梓區,和光街153巷口,120.29559507966,22.7083069292103
5842,右昌分隊,地上,楠梓區,和光街173巷口,120.295896157622,22.7086378650824
5843,右昌分隊,地上,楠梓區,和光街203號,120.296312570572,22.7091475666179
5844,右昌分隊,地上,楠梓區,忠義6巷巷口,120.287127344688,22.7060086862322
5845,右昌分隊,地上,楠梓區,忠義9巷口,120.286908745766,22.7050637153337
5846,右昌分隊,地上,楠梓區,油廠國小站2號出口,120.302100777626,22.7088976646459
5847,右昌分隊,地上,楠梓區,油廠國小站3號出口,120.302511155605,22.7082073390062
5848,右昌分隊,地上,楠梓區,信昌街17號對面電線桿旁,120.29299467802,22.7171751154775
5849,右昌分隊,地上,楠梓區,勇昌街38號,120.287482067943,22.7214045746525
5850,右昌分隊,地上,楠梓區,南昌街233號,120.287054926157,22.717678599923
5851,右昌分隊,地上,楠梓區,南昌街34號,120.289741158485,22.7194277919291
5852,右昌分隊,地上,楠梓區,後昌新路130號,120.291404128075,22.7205337051823
5853,右昌分隊,地上,楠梓區,後昌新路1之1號,120.291991531849,22.7181128073799
5854,右昌分隊,地上,楠梓區,後昌新路52號,120.29173605144,22.7191630641646
5855,右昌分隊,地上,楠梓區,後昌新路55號,120.291610658169,22.7192855317455
5856,右昌分隊,地上,楠梓區,後昌路1083號,120.292283892632,22.7171219216809
5857,右昌分隊,地上,楠梓區,後昌路108號,120.31039208102,22.7183013624752
5858,右昌分隊,地上,楠梓區,後昌路1132號,120.291795730591,22.7179773496459
5859,右昌分隊,地上,楠梓區,後昌路1133號前（右昌分隊）,120.291606634855,22.7176711775614
5860,右昌分隊,地上,楠梓區,後昌路1196號,120.289994627237,22.7170848097176
5861,右昌分隊,地上,楠梓區,後昌路1285號,120.288296788931,22.715778462197
5862,右昌分隊,地上,楠梓區,後昌路1292號,120.288400053978,22.7161866971366
5863,右昌分隊,地上,楠梓區,後昌路512號國光中學前,120.305128991604,22.7080440356576
5864,右昌分隊,地上,楠梓區,後昌路546巷5之7弄間,120.300865620375,22.7088512719028
5865,右昌分隊,地上,楠梓區,後昌路546巷9之11弄間,120.300833433867,22.7097333498982
5866,右昌分隊,地上,楠梓區,後昌路546巷口,120.301116406918,22.7079580538921
5867,右昌分隊,地上,楠梓區,後昌路590巷口,120.299971103668,22.7079326923538
5868,右昌分隊,地上,楠梓區,後昌路618號,120.2987409,22.7082367
5869,右昌分隊,地上,楠梓區,後昌路670號,120.297707989812,22.7088494161928
5870,右昌分隊,地上,楠梓區,後昌路718巷25弄19號旁,120.297735482454,22.7097754123815
5871,右昌分隊,地上,楠梓區,後昌路769號,120.296183153987,22.7101731496366
5872,右昌分隊,地上,楠梓區,後昌路797巷19號,120.295304730535,22.7101644897397
5873,右昌分隊,地上,楠梓區,後昌路821號,120.295088812709,22.7114455299526
5874,右昌分隊,地上,楠梓區,後昌路876巷11號,120.295585691929,22.7133042849949
5875,右昌分隊,地上,楠梓區,後昌路891號,120.294069573283,22.7128267636462
5876,右昌分隊,地上,楠梓區,後昌路922之8號旁,120.293718874454,22.7143236514196
5877,右昌分隊,地上,楠梓區,後昌路995號（右昌國小網球場）,120.293055027723,22.7153615664716
5878,右昌分隊,地上,楠梓區,後昌路後勁加油站前,120.309993916377,22.7170766681929
5879,右昌分隊,地上,楠梓區,後昌路後勁派出所前,120.309270992875,22.715193941868
5880,右昌分隊,地上,楠梓區,後昌路與左楠路口東北側,120.302942991257,22.7079877454431
5881,右昌分隊,地上,楠梓區,軍校780號,120.29298274107,22.7095039263719
5882,右昌分隊,地上,楠梓區,軍校路1023號,120.290397629142,22.7133673770693
5883,右昌分隊,地上,楠梓區,軍校路694號,120.292908847332,22.707550412988
5884,右昌分隊,地上,楠梓區,軍校路748號,120.293046981096,22.7087523006652
5885,右昌分隊,地上,楠梓區,軍校路759號旁,120.292817250332,22.7096358970638
5886,右昌分隊,地上,楠梓區,軍校路782巷口與和光街109巷72弄,120.294213742018,22.7108399600471
5887,右昌分隊,地上,楠梓區,軍校路834號,120.292492912863,22.7108803090827
5888,右昌分隊,地上,楠梓區,軍校路880巷36弄14號,120.293059311411,22.7120408090837
5889,右昌分隊,地上,楠梓區,軍校路930號,120.29079861939,22.7134626336754
5890,右昌分隊,地上,楠梓區,軍校路975號,120.291975947256,22.7119754226709
5891,右昌分隊,地上,楠梓區,軍校路與右昌街口北側,120.292944681615,22.7090055863222
5892,右昌分隊,地上,楠梓區,軍校路與萬昌街口,120.292099785775,22.7114501504284
5893,右昌分隊,地上,楠梓區,益群路14號前,120.297553092241,22.723796963105
5894,右昌分隊,地上,楠梓區,益群路9巷39號旁（惠民路172巷進）,120.29501,22.723759
5895,右昌分隊,地上,楠梓區,益群路9巷口,120.297136008739,22.7245509155327
5896,右昌分隊,地上,楠梓區,高大路100公尺右側,120.284370034933,22.7307506095829
5897,右昌分隊,地上,楠梓區,高大路100公尺左側（靠大學南路）,120.284856855869,22.7315131822297
5898,右昌分隊,地上,楠梓區,高大路上（大學10街往南約10公尺）,120.285765454173,22.7254631985995
5899,右昌分隊,地上,楠梓區,高大路上（靠16街往南約20公尺）,120.285346359015,22.7269216018754
5900,右昌分隊,地上,楠梓區,高大路上（靠26街往北20公尺）,120.284848809242,22.7303263378022
5901,右昌分隊,地上,楠梓區,高大路上（靠藍田路往北10公尺）,120.284879654646,22.7286682017915
5902,右昌分隊,地上,楠梓區,高大路上往南方向右側（10街與援中路中間）,120.285823792219,22.7235446138665
5903,右昌分隊,地上,楠梓區,高大路上與10街路口（往南方向左側約30公尺）,120.285454317927,22.7248174883664
5904,右昌分隊,地上,楠梓區,高大路口5公尺右側,120.284382104874,22.7319028162472
5905,右昌分隊,地上,楠梓區,高大路與大學20街前10公尺（學院建設前）,120.284347236156,22.7296330278761
5906,右昌分隊,地上,楠梓區,高大路與藍田路往南20公尺,120.284528285265,22.7280855919755
5907,右昌分隊,地上,楠梓區,高大路靠援中路往北方向右側第1 支,120.286240875721,22.7238340732479
5908,右昌分隊,地上,楠梓區,高雄大學路與大學10街前20公尺（停車場前）,120.285149216652,22.7258701676595
5909,右昌分隊,地上,楠梓區,啟昌街255號,120.281738787889,22.712469240095
5910,右昌分隊,地上,楠梓區,啟昌街361號前,120.281134,22.713488
5911,右昌分隊,地上,楠梓區,啟昌街391號對面,120.2808047086,22.7140972636582
5912,右昌分隊,地上,楠梓區,啟昌街福興街口,120.280531123281,22.7147770443621
5913,右昌分隊,地上,楠梓區,盛昌街75號,120.284678725778,22.711098154017
5914,右昌分隊,地上,楠梓區,富昌街89號,120.287241339684,22.7204223720379
5915,右昌分隊,地上,楠梓區,惠民路159號,120.295506566763,22.7234456532537
5916,右昌分隊,地上,楠梓區,惠民路171巷9弄23號,120.295082107186,22.7229434270404
5917,右昌分隊,地上,楠梓區,惠民路171巷9弄口（惠民路189號旁）,120.295007675886,22.7233652477031
5918,右昌分隊,地上,楠梓區,惠民路174號前,120.295085459948,22.7234017394588
5919,右昌分隊,地上,楠梓區,惠民路63號前,120.298226326704,22.7244414411558
5920,右昌分隊,地上,楠梓區,惠民路9巷口,120.299455448985,22.7250611763029
5921,右昌分隊,地上,楠梓區,援中國小正門,120.278809815645,22.7287671586262
5922,右昌分隊,地上,楠梓區,援中路2巷口,120.296170413494,22.7289044611158
5923,右昌分隊,地上,楠梓區,援中路500號前,120.292247108068,22.7255885321007
5924,右昌分隊,地上,楠梓區,援中路68巷口,120.296441987157,22.727527719104
5925,右昌分隊,地上,楠梓區,援中路西側,120.276940315962,22.7198545715926
5926,右昌分隊,地上,楠梓區,援中路往西約100公尺（餐廳：海洋微光前）,120.290686828764,22.7251465287899
5927,右昌分隊,地上,楠梓區,援中路高雄大學路口（植物園前方）,120.286547318101,22.7235402843411
5928,右昌分隊,地上,楠梓區,援中路與大學11街口,120.287681221962,22.7239719991907
5929,右昌分隊,地上,楠梓區,援中路與大學17街口,120.284934639931,22.7229137387337
5930,右昌分隊,地上,楠梓區,援中路與大學27街口,120.281681120396,22.7216779572494
5931,右昌分隊,地上,楠梓區,援中路與大學七街口,120.288691744208,22.7243004231854
5932,右昌分隊,地上,楠梓區,援中路與大學西路口（援中路1036巷9號前）,120.282831788063,22.7221096779754
5933,右昌分隊,地上,楠梓區,援中路與大學東路口,120.289617776871,22.7246517308418
5934,右昌分隊,地上,楠梓區,援中路與高雄大學路南側,120.285851284862,22.7230157922612
5935,右昌分隊,地上,楠梓區,援中路與藍田路三角處,120.295294672251,22.7262434029912
5936,右昌分隊,地上,楠梓區,援港路轉彎處（右）,120.27333676815,22.7268313025482
5937,右昌分隊,地上,楠梓區,援港路轉彎處（左）,120.27341388166,22.7266871945943
5938,右昌分隊,地上,楠梓區,智昌街、元昌街口,120.288709178567,22.7217756821175
5939,右昌分隊,地上,楠梓區,智昌街、國昌街口,120.285588428378,22.7203518609996
5940,右昌分隊,地上,楠梓區,智昌街與啟昌街口,120.279322117567,22.7171151178217
5941,右昌分隊,地上,楠梓區,智群路57號對面,120.297718048096,22.7198149862885
5942,右昌分隊,地上,楠梓區,新昌街112號,120.299060493708,22.7110762501552
5943,右昌分隊,地上,楠梓區,新昌街122巷15號前,120.298796,22.711467
5944,右昌分隊,地上,楠梓區,新昌街154號前,120.298274606466,22.7116032622257
5945,右昌分隊,地上,楠梓區,新昌街46號,120.298902243376,22.7094778818909
5946,右昌分隊,地上,楠梓區,楠梓區援中路108號前,120.296333432179,22.727064051719
5947,右昌分隊,地上,楠梓區,萬昌街140號前,120.289638580357,22.7120583093382
5948,右昌分隊,地上,楠梓區,萬昌街63號旁,120.290620845404,22.7114700178136
5949,右昌分隊,地上,楠梓區,裕昌街、民昌街口,120.288814455271,22.7175214931818
5950,右昌分隊,地上,楠梓區,裕昌街29號,120.289802849293,22.7181400226162
5951,右昌分隊,地上,楠梓區,裕昌街302號,120.287868976593,22.7169363617637
5952,右昌分隊,地上,楠梓區,壽民路16巷12號前,120.297697931528,22.7226811801078
5953,右昌分隊,地上,楠梓區,壽民路16巷口,120.297943353653,22.7221764770491
5954,右昌分隊,地上,楠梓區,壽民路30巷口,120.29714580741,22.7218328110994
5955,右昌分隊,地上,楠梓區,壽民路93號,120.295341610909,22.7202343425218
5956,右昌分隊,地上,楠梓區,壽民路與外環西路口,120.298192799091,22.722355844771
5957,右昌分隊,地上,楠梓區,壽豐路320號,120.298574352761,22.7254294283613
5958,右昌分隊,地上,楠梓區,壽豐路433巷口（壽豐路431號旁）,120.295607149601,22.724719765671
5959,右昌分隊,地上,楠梓區,壽豐路448號,120.295528024435,22.7248015448789
5960,右昌分隊,地上,楠梓區,翠屏路80號前,120.299350842834,22.7261045763406
5961,右昌分隊,地上,楠梓區,廣昌街141巷43號前,120.28579428792,22.707366077249
5962,右昌分隊,地上,楠梓區,廣昌街175巷37號前（楠梓區聯合辦公大樓）,120.284902453423,22.7077304184534
5963,右昌分隊,地上,楠梓區,廣昌街182巷61弄1號前,120.285844712925,22.7102893162461
5964,右昌分隊,地上,楠梓區,廣昌街29巷10弄口,120.286875165676,22.7057486309788
5965,右昌分隊,地上,楠梓區,廣昌街63巷口對面,120.287247374654,22.7064697566453
5966,右昌分隊,地上,楠梓區,德中路111巷口,120.277262851596,22.7227733376956
5967,右昌分隊,地上,楠梓區,德中路16號,120.27993902564,22.7215381734559
5968,右昌分隊,地上,楠梓區,德中路41號南5公尺處,120.279054567218,22.7218393887978
5969,右昌分隊,地上,楠梓區,德中路78號,120.278111100197,22.7225525304853
5970,右昌分隊,地上,楠梓區,德中路889號,120.272790268064,22.7289044611158
5971,右昌分隊,地上,楠梓區,德中路999號往南20公尺處（585號園藝北20公尺）,120.272137820721,22.7297882652836
5972,右昌分隊,地上,楠梓區,德中路與大學26街口,120.275111719966,22.7258225436831
5973,右昌分隊,地上,楠梓區,德中路與大學29路路口,120.27718372643,22.7234567863262
5974,右昌分隊,地上,楠梓區,德中路與大學南路口,120.27430973947,22.7274244319702
5975,右昌分隊,地上,楠梓區,德中路與大學南路口左邊,120.273944288492,22.7273780455075
5976,右昌分隊,地上,楠梓區,德中路與藍田路口上,120.276216119528,22.7250358179338
5977,右昌分隊,地上,楠梓區,德中路橋頭區交界處右邊,120.271700620651,22.7307611235899
5978,右昌分隊,地上,楠梓區,德中路橋頭區交界處左邊,120.271433740854,22.7307209229705
5979,右昌分隊,地上,楠梓區,德民路、民昌街（德民路1010之5號）,120.287329852581,22.7198162233295
5980,右昌分隊,地上,楠梓區,德民路、東昌街（德民加油站）,120.290099903941,22.7212672646354
5981,右昌分隊,地上,楠梓區,德民路、藍昌路口（燦坤前）,120.290950164199,22.7216253837155
5982,右昌分隊,地上,楠梓區,德民路1010號（國昌國中）,120.28584189713,22.7188476168607
5983,右昌分隊,地上,楠梓區,德民路356巷口（西側）,120.30440479517,22.7256128742912
5984,右昌分隊,地上,楠梓區,德民路400巷口,120.301125794649,22.7251545692802
5985,右昌分隊,地上,楠梓區,德民路460號之4,120.299810171127,22.7244129901735
5986,右昌分隊,地上,楠梓區,德民路522號（名流花園廣場前）,120.298316180706,22.7235996606763
5987,右昌分隊,地上,楠梓區,德民路581號旁,120.297828018665,22.7230844464096
5988,右昌分隊,地上,楠梓區,德民路609號前,120.297392593918,22.7229561299207
5989,右昌分隊,地上,楠梓區,德民路640號前,120.295801597553,22.7226718179951
5990,右昌分隊,地上,楠梓區,德民路711號西側50公尺,120.294105112553,22.7218053706712
5991,右昌分隊,地上,楠梓區,德民路797號（濟德養護中心）,120.293007418513,22.7215845618988
5992,右昌分隊,地上,楠梓區,德民路946號,120.289188623428,22.7208262635132
5993,右昌分隊,地上,楠梓區,德民路979號,120.288172066212,22.7202844425168
5994,右昌分隊,地上,楠梓區,德民路997之10號,120.286581516266,22.7193214060667
5995,右昌分隊,地上,楠梓區,德民路與外環西路東側,120.298227667809,22.7231302158228
5996,右昌分隊,地上,楠梓區,德民路與德惠路,120.303192436695,22.7255188631321
5997,右昌分隊,地上,楠梓區,德民路與德惠路西側,120.302819609642,22.725526285068
5998,右昌分隊,地上,楠梓區,德富街往東直行約100公尺,120.29846952255,22.7277480730122
5999,右昌分隊,地上,楠梓區,德惠路與加仁路口往北100公尺（西側）,120.303066372871,22.729195146112
6000,右昌分隊,地上,楠梓區,德惠路與加仁路口往北100公尺（東側）,120.303361415863,22.7291629852492
6001,右昌分隊,地上,楠梓區,德惠路與德信街口,120.302855819464,22.7271912625251
6002,右昌分隊,地上,楠梓區,德惠路與德賢路口,120.302825644612,22.7262864128772
6003,右昌分隊,地上,楠梓區,德賢路255號對面公園旁,120.304304882884,22.7264138220072
6004,右昌分隊,地上,楠梓區,德賢路531號前,120.301829874516,22.7260291202918
6005,右昌分隊,地上,楠梓區,德賢路588號前,120.300656408072,22.7256623538227
6006,右昌分隊,地上,楠梓區,德豐街301號右邊約30公尺,120.297871389939,22.7293544907151
6007,右昌分隊,地上,楠梓區,慶昌街17號,120.297070965171,22.7104471732318
6008,右昌分隊,地上,楠梓區,慶昌街20巷26旁號,120.297718048096,22.7097500511799
6009,右昌分隊,地上,楠梓區,慶昌街28巷9號旁,120.297818630934,22.7102733569743
6010,右昌分隊,地上,楠梓區,慶昌街與泰良街口,120.297335162759,22.7109036718179
6011,右昌分隊,地上,楠梓區,樂群路192號前,120.297082652779,22.7188504555817
6012,右昌分隊,地上,楠梓區,樂群路86號,120.297750234604,22.7169388358976
6013,右昌分隊,地上,楠梓區,樂群路加昌國小正門,120.296486914158,22.7201898091775
6014,右昌分隊,地上,楠梓區,樂群路智群路口,120.296712219715,22.7195663408354
6015,右昌分隊,地上,楠梓區,樂群路壽民路口（加昌國小旁）,120.296103358269,22.7212091243163
6016,右昌分隊,地上,楠梓區,藍田路1059號,120.278081595898,22.7260049990871
6017,右昌分隊,地上,楠梓區,藍田路1080巷口公園前,120.278183072751,22.7262405607817
6018,右昌分隊,地上,楠梓區,藍田路11號旁,120.295400619507,22.7264589718161
6019,右昌分隊,地上,楠梓區,藍田路275號,120.293032765257,22.7268697107544
6020,右昌分隊,地上,楠梓區,藍田路745巷與大學16街251巷口,120.284183621407,22.7272364120773
6021,右昌分隊,地上,楠梓區,藍田路950號旁,120.280156284571,22.7271813667308
6022,右昌分隊,地上,楠梓區,藍田路西側（右）,120.274780467153,22.7245230830723
6023,右昌分隊,地上,楠梓區,藍田路西側（左）,120.274805277586,22.7242756831756
6024,右昌分隊,地上,楠梓區,藍田路與大學11街口右邊,120.287471339107,22.7279080872177
6025,右昌分隊,地上,楠梓區,藍田路與大學11街口左邊,120.286307930946,22.7282903097202
6026,右昌分隊,地上,楠梓區,藍田路與大學17街口,120.282957181334,22.7283434991747
6027,右昌分隊,地上,楠梓區,藍田路與大學23街口,120.281553715467,22.7278035634024
6028,右昌分隊,地上,楠梓區,藍田路與大學29路口（旨龍宮對面）,120.277567282319,22.7260303572766
6029,右昌分隊,地上,楠梓區,藍田路與大學7街口右邊,120.288973376155,22.727592041591
6030,右昌分隊,地上,楠梓區,藍田路與大學7街口附近左邊（中華電信箱）,120.288429558277,22.7279544735007
6031,右昌分隊,地上,楠梓區,藍田路與大學一街口,120.294486656785,22.7269067581545
6032,右昌分隊,地上,楠梓區,藍田路與高大路口附近,120.285459011793,22.7281400184753
6033,右昌分隊,地上,楠梓區,藍昌路（7-11）旁,120.291392728686,22.7256116373027
6034,右昌分隊,地上,楠梓區,藍昌路338號前,120.291213691235,22.7230671282493
6035,右昌分隊,地上,楠梓區,藍昌路349巷6號,120.290779173374,22.7231673261465
6036,右昌分隊,地上,楠梓區,藍昌路367巷153號,120.286168456078,22.7221350368869
6037,右昌分隊,地上,楠梓區,藍昌路367巷206號,120.28503254056,22.7216680610563
6038,右昌分隊,地上,楠梓區,藍昌路367巷56號,120.288036614656,22.7227677711317
6039,右昌分隊,地上,楠梓區,藍昌路416號（中山高中側門前）,120.292105525732,22.7290454743401
6040,右昌分隊,地上,楠梓區,藍昌路431號（學儒幼稚園旁）往西約20公尺,120.291187779183,22.7271976240636
6041,右昌分隊,地上,楠梓區,藍昌路433號前（學儒幼稚園附設才藝中心前）,120.291383724177,22.7273695634421
6042,右昌分隊,地上,楠梓區,藍昌路483號,120.292195379734,22.7318100463437
6043,右昌分隊,地上,楠梓區,藍昌路496號前,120.2925273031,22.732321516962
6044,右昌分隊,地上,楠梓區,藍昌路598號（歌林）南約10公尺,120.292721092701,22.7337532534418
6045,右昌分隊,地上,楠梓區,藍昌路598號（歌林）對面,120.292502492666,22.7338231391152
6046,右昌分隊,地上,楠梓區,藍昌路與藍田路往東約50公尺（北側）,120.292340219021,22.7272506372756
6047,路竹分隊,地上,路竹區,一甲路111號對面(道隆寺前),120.27142368257,22.8686772269825
6048,路竹分隊,地上,路竹區,一甲路32之2號前,120.271579921246,22.8695996671866
6049,路竹分隊,地上,路竹區,大仁路123之2號左50公尺(偉銓汽修場對面左側50公尺),120.275462418795,22.8705678210653
6050,路竹分隊,地上,路竹區,大仁路363號(大仁路與大智路口對面),120.270752459764,22.870931108679
6051,路竹分隊,地上,路竹區,大仁路369巷25號(欣榮工程行對面) 金平路304號前,120.270579457283,22.8695422079328
6052,路竹分隊,地上,路竹區,大仁路387之5號前,120.27001619339,22.8700562511455
6053,路竹分隊,地上,路竹區,大仁路485號前,120.267956256866,22.8708075415725
6054,路竹分隊,地上,路竹區,大仁路490號(舊一甲派出所前),120.268661,22.87075
6055,路竹分隊,地上,路竹區,大仁路553號前協展公司前),120.265778303146,22.8715094012434
6056,路竹分隊,地上,路竹區,大仁路561號前(冠宗公司前),120.26470541954,22.8719641252913
6057,路竹分隊,地上,路竹區,大仁路56號對面(大仁路與金平路口),120.27655005455,22.8709063952667
6058,路竹分隊,地上,路竹區,大仁路668號墘,120.256106257439,22.8737928914153
6059,路竹分隊,地上,路竹區,大仁路716號前(三爺埤高幹17-2前),120.25493,22.873833
6060,路竹分隊,地上,路竹區,大仁路717號對面(農會供銷部斜對面),120.261725817071,22.8727506887493
6061,路竹分隊,地上,路竹區,大仁路837號前(和宏教練場前),120.257753133774,22.8733579438663
6062,路竹分隊,地上,路竹區,大仁路857號前(中連貨運前),120.256722457672,22.8736509761145
6063,路竹分隊,地上,路竹區,大仁路887號前(前麥可木業公司前),120.255591046627,22.8737075237448
6064,路竹分隊,地上,路竹區,大仁路89巷口,120.274460613728,22.8716267893907
6065,路竹分隊,地上,路竹區,大公路135-6號,120.227488428354,22.8617670671469
6066,路竹分隊,地上,路竹區,大公路213號對面,120.227830410004,22.8580844707668
6067,路竹分隊,地上,路竹區,大公路361-1號旁,120.228493954644,22.8536823441996
6068,路竹分隊,地上,路竹區,大同路113號對面,120.266177311674,22.8637077470134
6069,路竹分隊,地上,路竹區,大同路170-3號前(全宏汽車維護廠前),120.266272851521,22.862697125098
6070,路竹分隊,地上,路竹區,大同路204號前,120.266394046627,22.8615813261974
6071,路竹分隊,地上,路竹區,大同路224號前,120.266473,22.860973
6072,路竹分隊,地上,路竹區,大同路531號對面,120.267443,22.853461
6073,路竹分隊,地上,路竹區,大同路550號右側5公尺,120.266983,22.855273
6074,路竹分隊,地上,路竹區,大同路550號左側30公尺,120.26689,22.856241
6075,路竹分隊,地上,路竹區,大同路558號前,120.267166,22.85439
6076,路竹分隊,地上,路竹區,大同路561號對面,120.267841,22.852816
6077,路竹分隊,地上,路竹區,大社路126巷112號前,120.264656,22.86326
6078,路竹分隊,地上,路竹區,大社路234號(精神堡壘左轉雞寮旁),120.263752,22.869567
6079,路竹分隊,地上,路竹區,大社路241巷口(大社國小旁),120.264944,22.866396
6080,路竹分隊,地上,路竹區,大社路573巷35弄7號左側20公尺前,120.268452465534,22.8679382817511
6081,路竹分隊,地上,路竹區,大社路與信義路60巷巷口,120.265704,22.86746
6082,路竹分隊,地上,路竹區,大智路105號,120.267371535301,22.8723496510091
6083,路竹分隊,地上,路竹區,大智路159巷71號前,120.267286,22.871758
6084,路竹分隊,地上,路竹區,大智路41號前(觀音亭前),120.270361332563,22.8731088847294
6085,路竹分隊,地上,路竹區,大智路71號,120.268524052167,22.872168649615
6086,路竹分隊,地上,路竹區,大德路132號前,120.292351707375,22.8649639566725
6087,路竹分隊,地上,路竹區,大德路283號前,120.294335324602,22.8616098765899
6088,路竹分隊,地上,路竹區,中山南路100號之1號榮成紙業,120.266587709573,22.8256715516728
6089,路竹分隊,地上,路竹區,中山南路立大農畜公司,120.264721512794,22.8365627667735
6090,路竹分隊,地上,路竹區,中山南路味全公司前,120.266660902149,22.8267806519585
6091,路竹分隊,地上,路竹區,中山路1185號(新光銀行前),120.261320471805,22.854567923764
6092,路竹分隊,地上,路竹區,中山路1457號,120.262396037579,22.849116478206
6093,路竹分隊,地上,路竹區,中山路488號前,120.258788055225,22.8613820648467
6094,路竹分隊,地上,路竹區,中山路931號前(中山路與忠孝路口),120.259451333139,22.8602141637935
6095,路竹分隊,地上,路竹區,中山路高苑大門前,120.263801442901,22.8410577819213
6096,路竹分隊,地上,路竹區,中山路與平等街口(中油加油站前),120.25653809309,22.8661386820417
6097,路竹分隊,地上,路竹區,中山路與延平路路口,120.260281,22.85867
6098,路竹分隊,地上,路竹區,中正路151號對面,120.263209898781,22.8552150294396
6099,路竹分隊,地上,路竹區,中正路230號旁,120.264826765468,22.8538373212503
6100,路竹分隊,地上,路竹區,中正路29號側邊(萊爾富對面),120.261157098777,22.857149157959
6101,路竹分隊,地上,路竹區,中正路2號與中山路路口,120.260679233588,22.857511591276
6102,路竹分隊,地上,路竹區,中正路349號前,120.265697836876,22.85458961924
6103,路竹分隊,地上,路竹區,中和街(文化高分電幹旁),120.257493088812,22.8586218003419
6104,路竹分隊,地上,路竹區,中和街278號,120.256890803576,22.8606394370766
6105,路竹分隊,地上,路竹區,中和街300號前,120.256872214442,22.8611054736666
6106,路竹分隊,地上,路竹區,中和街與中山路474巷口對面,120.25685780207,22.8610783749859
6107,路竹分隊,地上,路竹區,中興路123巷巷口,120.261725375498,22.8590861045117
6108,路竹分隊,地上,路竹區,中興路230號前,120.262752381597,22.8573069389253
6109,路竹分隊,地上,路竹區,中興路270號前,120.263205915956,22.8568577727774
6110,路竹分隊,地上,路竹區,中興路81號前,120.261378271164,22.8597935959401
6111,路竹分隊,地上,路竹區,太平路262巷口(牌樓下),120.288432763806,22.8671285285899
6112,路竹分隊,地上,路竹區,太平路382-1號前,120.2904868,22.8694409
6113,路竹分隊,地上,路竹區,文化路203號前,120.255523,22.858105
6114,路竹分隊,地上,路竹區,文化路262號前,120.253798,22.85886
6115,路竹分隊,地上,路竹區,民有路(古安宮前),120.272413,22.821381
6116,路竹分隊,地上,路竹區,民有路626號（玉錡企業）,120.280795991421,22.8206448476657
6117,路竹分隊,地上,路竹區,民強街(第一銀行前),120.261705,22.854263
6118,路竹分隊,地上,路竹區,民族路202之1號前,120.279085,22.833295
6119,路竹分隊,地上,路竹區,民富街28號對面,120.26242017746,22.8532648146945
6120,路竹分隊,地上,路竹區,民富街88-3對面,120.263351,22.854481
6121,路竹分隊,地上,路竹區,民富街與民強街路口,120.26281,22.854095
6122,路竹分隊,地上,路竹區,成功路125號對面,120.226312279701,22.8618041397574
6123,路竹分隊,地上,路竹區,成功路74號,120.226950645447,22.8618609844073
6124,路竹分隊,地上,路竹區,竹南街31號對面,120.260451,22.853363
6125,路竹分隊,地上,路竹區,延平路(中山堂前),120.258105,22.85802
6126,路竹分隊,地上,路竹區,延平路368號前,120.25216,22.857158
6127,路竹分隊,地上,路竹區,延平路393號前,120.251165628433,22.85695742804
6128,路竹分隊,地上,路竹區,延平路456號前,120.250205,22.85717
6129,路竹分隊,地上,路竹區,延平路490號對面,120.249303,22.857131
6130,路竹分隊,地上,路竹區,延平路741-1號(王豐木業前),120.2440673,22.8574004
6131,路竹分隊,地上,路竹區,忠孝路43號前(農會前),120.260215401649,22.8611145875455
6132,路竹分隊,地上,路竹區,東安路227-22號對面(宏泰保養場對面),120.268935263157,22.8639703984055
6133,路竹分隊,地上,路竹區,東安路2號前,120.269039274049,22.8655401207697
6134,路竹分隊,地上,路竹區,金平路273巷47-1號對面,120.270016,22.868388
6135,路竹分隊,地上,路竹區,金平路273巷9號對面,120.27001619339,22.8693939258754
6136,路竹分隊,地上,路竹區,信義路154號前,120.266432,22.869372
6137,路竹分隊,地上,路竹區,信義路510號面,120.2688,22.869522
6138,路竹分隊,地上,路竹區,信義路543號,120.269710421562,22.8696435339123
6139,路竹分隊,地上,路竹區,建國路105巷6號前,120.256118734146,22.8597597610983
6140,路竹分隊,地上,路竹區,建國路155號前,120.255699902773,22.8595921229594
6141,路竹分隊,地上,路竹區,建國路211號前,120.254502498703,22.8596390690953
6142,路竹分隊,地上,路竹區,建國路與中和街口,120.257047712803,22.8599752122453
6143,路竹分隊,地上,路竹區,海安路135號旁,120.225148014542,22.8527338948919
6144,路竹分隊,地上,路竹區,國昌路110號斜對面,120.257630459,22.8544514218612
6145,路竹分隊,地上,路竹區,國昌路119巷口旁,120.252906,22.857045
6146,路竹分隊,地上,路竹區,國昌路143號前,120.252914841942,22.8581732608633
6147,路竹分隊,地上,路竹區,國昌路188號對面,120.255961418152,22.8545945625164
6148,路竹分隊,地上,路竹區,國昌路292號前,120.253588333726,22.8559904129882
6149,路竹分隊,地上,路竹區,國昌路329號前,120.255681739048,22.8615795287754
6150,路竹分隊,地上,路竹區,國昌路383號對面,120.25663,22.86174
6151,路竹分隊,地上,路竹區,國昌路390巷旁(自強街口對面),120.253226025734,22.8587144468966
6152,路竹分隊,地上,路竹區,國昌路528號前,120.254809488729,22.861355975942
6153,路竹分隊,地上,路竹區,國昌路582號對面,120.257656,22.861983
6154,路竹分隊,地上,路竹區,國昌路65號,120.259553,22.854246
6155,路竹分隊,地上,路竹區,國昌路78號,120.258866250515,22.8546860130967
6156,路竹分隊,地上,路竹區,國昌路與中華路口,120.254038,22.85529
6157,路竹分隊,地上,路竹區,莊敬街31之1號前(華南銀行後方),120.262496,22.863204
6158,路竹分隊,地上,路竹區,復興路(立大飼料公司前),120.272028,22.848938
6159,路竹分隊,地上,路竹區,復興路1號前,120.267856,22.85257
6160,路竹分隊,地上,路竹區,復興路642巷對面,120.278949290514,22.843338256498
6161,路竹分隊,地上,路竹區,復興路909號,120.284755602479,22.8348904715854
6162,路竹分隊,地上,路竹區,智仁街140號前,120.263240933418,22.8599727407049
6163,路竹分隊,地上,路竹區,華山路111號前,120.229064896703,22.8590452920274
6164,路竹分隊,地上,路竹區,華山路155號前,120.229133963585,22.8580579013364
6165,路竹分隊,地上,路竹區,華山路31號前(竹滬派出所前),120.228992,22.861776
6166,路竹分隊,地上,路竹區,華山路75號前,120.228995829821,22.8607698101275
6167,路竹分隊,地上,路竹區,華山路7號對面(華山殿旁對面),120.228940844536,22.862449819436
6168,路竹分隊,地上,路竹區,華正路166之1號面,120.235477387905,22.8586467528434
6169,路竹分隊,地上,路竹區,華正路231-11號旁,120.230884775519,22.8597608059554
6170,路竹分隊,地上,路竹區,順安路124號對面,120.242186,22.840993
6171,路竹分隊,地上,路竹區,順安路14巷對面,120.244695,22.844021
6172,路竹分隊,地上,路竹區,順安路275巷152號,120.24334,22.834716
6173,路竹分隊,地上,路竹區,順安路275巷200號,120.242911,22.831815
6174,路竹分隊,地上,路竹區,順安路275巷248號,120.242615,22.833803
6175,路竹分隊,地上,路竹區,順安路275巷361號對面,120.241327285767,22.8348793476018
6176,路竹分隊,地上,路竹區,順安路275號對面,120.239695832133,22.8388011134563
6177,路竹分隊,地上,路竹區,順安路323號前,120.242361,22.835221
6178,路竹分隊,地上,路竹區,新民路128號(右測5公尺),120.269108,22.849445
6179,路竹分隊,地上,路竹區,新民路128號(左側30公尺),120.268866,22.849955
6180,路竹分隊,地上,路竹區,新民路48號前,120.26668,22.853145
6181,路竹分隊,地上,路竹區,新民路80號前,120.267931,22.851788
6182,路竹分隊,地上,路竹區,新民路與保民路路口,120.269755,22.848095
6183,路竹分隊,地上,路竹區,新民路與保安路口,120.268416,22.850826
6184,路竹分隊,地上,路竹區,新生路200之1號對面,120.291911736131,22.8742111564234
6185,路竹分隊,地上,路竹區,新生路382號對面,120.29216,22.878103
6186,路竹分隊,地上,路竹區,路科001,120.247657299042,22.8470304967866
6187,路竹分隊,地上,路竹區,路科002,120.247493684292,22.8470379121133
6188,路竹分隊,地上,路竹區,路科003,120.24875164032,22.8464662881206
6189,路竹分隊,地上,路竹區,路科004,120.248515605927,22.846402021672
6190,路竹分隊,地上,路竹區,路科005,120.249462425709,22.8458687572705
6191,路竹分隊,地上,路竹區,路科006,120.250044465065,22.8467042220098
6192,路竹分隊,地上,路竹區,路科007,120.249668955803,22.8460689726608
6193,路竹分隊,地上,路竹區,路科008,120.249942541122,22.8456443675669
6194,路竹分隊,地上,路竹區,路科009,120.250425338745,22.8470199670355
6195,路竹分隊,地上,路竹區,路科010,120.251079797745,22.8472424266789
6196,路竹分隊,地上,路竹區,路科011,120.251643061638,22.8467734318764
6197,路竹分隊,地上,路竹區,路科012,120.252093672752,22.8466343694392
6198,路竹分隊,地上,路竹區,路科013,120.251889824867,22.8458087914814
6199,路竹分隊,地上,路竹區,路科014,120.252281427383,22.846065858215
6200,路竹分隊,地上,路竹區,路科015,120.251476764679,22.8449189413434
6201,路竹分隊,地上,路竹區,路科016,120.251109302044,22.844637796912
6202,路竹分隊,地上,路竹區,路科017,120.250752568245,22.8447854633206
6203,路竹分隊,地上,路竹區,路科018,120.250328779221,22.8449486031085
6204,路竹分隊,地上,路竹區,路科019,120.250945687294,22.844413182515
6205,路竹分隊,地上,路竹區,路科020,120.25054872036,22.8439531012882
6206,路竹分隊,地上,路竹區,路科021,120.25109320879,22.844454882173
6207,路竹分隊,地上,路竹區,路科022,120.251240730286,22.8442169443485
6208,路竹分隊,地上,路竹區,路科023,120.25171816349,22.8440834656367
6209,路竹分隊,地上,路竹區,路科024,120.252420902252,22.8433801789989
6210,路竹分隊,地上,路竹區,路科025,120.252249240875,22.8437423528535
6211,路竹分隊,地上,路竹區,路科026,120.253102183342,22.8430354060139
6212,路竹分隊,地上,路竹區,路科027,120.253509879112,22.842971137944
6213,路竹分隊,地上,路竹區,路科028,120.254244804382,22.8422938495154
6214,路竹分隊,地上,路竹區,路科029,120.254743695259,22.8421850875557
6215,路竹分隊,地上,路竹區,路科030,120.254749059677,22.841997225784
6216,路竹分隊,地上,路竹區,路科031,120.255309641361,22.8417803440138
6217,路竹分隊,地上,路竹區,路科032,120.255406200886,22.8415974253943
6218,路竹分隊,地上,路竹區,路科033,120.255687832832,22.8412507199397
6219,路竹分隊,地上,路竹區,路科034,120.255899727345,22.8403219322675
6220,路竹分隊,地上,路竹區,路科035,120.256004333496,22.8401667464527
6221,路竹分隊,地上,路竹區,路科036,120.25558590889,22.8403015144433
6222,路竹分隊,地上,路竹區,路科037,120.255650281906,22.8397181452037
6223,路竹分隊,地上,路竹區,路科038,120.255470573902,22.8401686744943
6224,路竹分隊,地上,路竹區,路科039,120.255247950554,22.8402174698121
6225,路竹分隊,地上,路竹區,路科040,120.254201889038,22.8398862349559
6226,路竹分隊,地上,路竹區,路科041,120.253182649612,22.8398071339575
6227,路竹分隊,地上,路竹區,路科042,120.252892971039,22.8395797183306
6228,路竹分隊,地上,路竹區,路科043,120.252007842064,22.8395352239244
6229,路竹分隊,地上,路竹區,路科044,120.251632332802,22.8393028640109
6230,路竹分隊,地上,路竹區,路科045,120.250414609909,22.8391743243138
6231,路竹分隊,地上,路竹區,路科046,120.249674320221,22.83887769378
6232,路竹分隊,地上,路竹區,路科047,120.248971581459,22.8388579183127
6233,路竹分隊,地上,路竹區,路科048,120.248816013336,22.8386440474435
6234,路竹分隊,地上,路竹區,路科049,120.248365402222,22.8387392659763
6235,路竹分隊,地上,路竹區,路科050,120.248089134693,22.8393405853938
6236,路竹分隊,地上,路竹區,路科051,120.247802138329,22.8399208416283
6237,路竹分隊,地上,路竹區,路科052,120.24804353714,22.8401878070907
6238,路竹分隊,地上,路竹區,路科053,120.247893333435,22.8403509523177
6239,路竹分隊,地上,路竹區,路科054,120.248638987541,22.8409689252493
6240,路竹分隊,地上,路竹區,路科055,120.248687267303,22.8414435264968
6241,路竹分隊,地上,路竹區,路科056,120.249180793762,22.8416511640219
6242,路竹分隊,地上,路竹區,路科057,120.249084234238,22.8420849276284
6243,路竹分隊,地上,路竹區,路科058,120.249615311623,22.8422196937186
6244,路竹分隊,地上,路竹區,路科059,120.250049829483,22.8426583992224
6245,路竹分隊,地上,路竹區,路科060,120.250736474991,22.8436273631243
6246,路竹分隊,地上,路竹區,路科061,120.249674320221,22.8427635025093
6247,路竹分隊,地上,路竹區,路科062,120.248955488205,22.8426781742127
6248,路竹分隊,地上,路竹區,路科063,120.248563885689,22.8427091217281
6249,路竹分隊,地上,路竹區,路科064,120.248295664787,22.8430354060139
6250,路竹分隊,地上,路竹區,路科065,120.247410535812,22.8433307421501
6251,路竹分隊,地上,路竹區,路科066,120.247142314911,22.8437756732933
6252,路竹分隊,地上,路竹區,路科067,120.246710479259,22.8439209674738
6253,路竹分隊,地上,路竹區,路科068,120.246418118477,22.8441922260785
6254,路竹分隊,地上,路竹區,路科069,120.245924592018,22.8443751411707
6255,路竹分隊,地上,路竹區,路科070,120.248172283173,22.8376651604121
6256,路竹分隊,地上,路竹區,路科071,120.248472690582,22.8383573034869
6257,路竹分隊,地上,路竹區,路科072,120.248665809631,22.8375761703327
6258,路竹分隊,地上,路竹區,路科073,120.248472690582,22.8366084487977
6259,路竹分隊,地上,路竹區,路科074,120.248982310295,22.8358915770475
6260,路竹分隊,地上,路竹區,路科075,120.248558521271,22.8357542341847
6261,路竹分隊,地上,路竹區,路科076,120.249094963074,22.8356678135116
6262,路竹分隊,地上,路竹區,路科077,120.248794555664,22.8341670160598
6263,路竹分隊,地上,路竹區,路科078,120.249727964401,22.8330573753426
6264,路竹分隊,地上,路竹區,路科079,120.249234437943,22.8326816263318
6265,路竹分隊,地上,路竹區,路科080,120.249845981598,22.8322366590561
6266,路竹分隊,地上,路竹區,路科081,120.249599218369,22.8316298199751
6267,路竹分隊,地上,路竹區,路科082,120.24994790554,22.8314913849484
6268,路竹分隊,地上,路竹區,路科083,120.249760150909,22.8310760784199
6269,路竹分隊,地上,路竹區,路科084,120.250028371811,22.82948771755
6270,路竹分隊,地上,路竹區,路科085,120.250296592712,22.8277770174787
6271,路竹分隊,地上,路竹區,路科086,120.250307321548,22.8266200578444
6272,路竹分隊,地上,路竹區,路科087,120.250790119171,22.8260662959073
6273,路竹分隊,地上,路竹區,路科088,120.250779390335,22.8270947091404
6274,路竹分隊,地上,路竹區,路科089,120.250650644302,22.8284988762003
6275,路竹分隊,地上,路竹區,路科090,120.250296592712,22.8303875569348
6276,路竹分隊,地上,路竹區,路科091,120.250173211098,22.8312244022717
6277,路竹分隊,地上,路竹區,路科092,120.250650644302,22.8315741495277
6278,路竹分隊,地上,路竹區,路科093,120.251498222351,22.8310028072466
6279,路竹分隊,地上,路竹區,路科094,120.251755714417,22.8318334191817
6280,路竹分隊,地上,路竹區,路科095,120.252313613892,22.8311610182275
6281,路竹分隊,地上,路竹區,路科096,120.253590345383,22.8319696779923
6282,路竹分隊,地上,路竹區,路科097,120.254180431366,22.8317323610515
6283,路竹分隊,地上,路竹區,路科098,120.255210399628,22.8322663235864
6284,路竹分隊,地上,路竹區,路科099,120.25533914566,22.831870795984
6285,路竹分隊,地上,路竹區,路科100,120.255972146988,22.8323269379873
6286,路竹分隊,地上,路竹區,路科101,120.256208181381,22.8320388950537
6287,路竹分隊,地上,路竹區,路科102,120.25664806366,22.8316137024259
6288,路竹分隊,地上,路竹區,路科103,120.256808996201,22.8302985621713
6289,路竹分隊,地上,路竹區,路科104,120.256948471069,22.8289636325294
6290,路竹分隊,地上,路竹區,路科105,120.257227420807,22.8299129171216
6291,路竹分隊,地上,路竹區,路科106,120.257045030594,22.8311588431009
6292,路竹分隊,地上,路竹區,路科107,120.257066488266,22.8322168823972
6293,路竹分隊,地上,路竹區,路科108,120.256497859955,22.8327310667486
6294,路竹分隊,地上,路竹區,路科109,120.257592201233,22.8285693808747
6295,路竹分隊,地上,路竹區,路科110,120.256787538528,22.8329584941246
6296,路竹分隊,地上,路竹區,路科111,120.256446897984,22.8340135033449
6297,路竹分隊,地上,路竹區,路科112,120.256776809692,22.8344834328945
6298,路竹分隊,地上,路竹區,路科113,120.255832672119,22.8353931271957
6299,路竹分隊,地上,路竹區,路科114,120.256519317627,22.8359915438097
6300,路竹分隊,地上,路竹區,路科115,120.25629401207,22.8365774998945
6301,路竹分隊,地上,路竹區,路科116,120.255918502808,22.8370817799428
6302,路竹分隊,地上,路竹區,路科117,120.256154537201,22.8378629159356
6303,路竹分隊,地上,路竹區,路科118,120.255661010742,22.8388615769384
6304,路竹分隊,地上,路竹區,路科119,120.255907773972,22.839603152148
6305,路竹分隊,地上,路竹區,路科120,120.256819725037,22.8403249479855
6306,路竹分隊,地上,路竹區,路科121,120.257645845413,22.8407204511633
6307,路竹分隊,地上,路竹區,路科122,120.258289575577,22.8406512382166
6308,路竹分隊,地上,路竹區,路科123,120.258772373199,22.8409874147547
6309,路竹分隊,地上,路竹區,路科124,120.259684324265,22.8411567884411
6310,路竹分隊,地上,路竹區,路科125,120.261025428772,22.841413863892
6311,路竹分隊,地上,路竹區,路科126,120.262291431427,22.8416894285687
6312,路竹分隊,地上,路竹區,路科127,120.262988805771,22.8416498785995
6313,路竹分隊,地上,路竹區,路科128,120.261556506157,22.8414039764561
6314,路竹分隊,地上,路竹區,路科129,120.260590910912,22.8411913947148
6315,路竹分隊,地上,路竹區,路科130,120.25953412056,22.8409182022456
6316,路竹分隊,地上,路竹區,路科131,120.259244441986,22.8407204511633
6317,路竹分隊,地上,路竹區,路科132,120.259373188019,22.839405399154
6318,路竹分隊,地上,路竹區,路科133,120.25964140892,22.8376157214863
6319,路竹分隊,地上,路竹區,路科134,120.259619951248,22.8400579829431
6320,路竹分隊,地上,路竹區,路科135,120.259780883789,22.838831913846
6321,路竹分隊,地上,路竹區,路科136,120.259893536568,22.8371572239299
6322,路竹分隊,地上,路竹區,路科137,120.259609222412,22.8355117825257
6323,路竹分隊,地上,路竹區,路科138,120.25994181633,22.8367715983925
6324,路竹分隊,地上,路竹區,路科139,120.260156393051,22.8355887100605
6325,路竹分隊,地上,路竹區,路科140,120.259780883789,22.8343252245691
6326,路竹分隊,地上,路竹區,路科141,120.260338783264,22.834016519429
6327,路竹分隊,地上,路竹區,路科142,120.260113477707,22.8333737947576
6328,路竹分隊,地上,路竹區,路科143,120.260424613953,22.8331958089272
6329,路竹分隊,地上,路竹區,路科144,120.25882601738,22.8328299481319
6330,路竹分隊,地上,路竹區,路科145,120.260016918182,22.8329202269713
6331,路竹分隊,地上,路竹區,路科146,120.258074998856,22.8322663232847
6332,路竹分隊,地上,路竹區,路科147,120.259448289871,22.8325036395961
6333,路竹分隊,地上,路竹區,路科148,120.260220766068,22.8323948698097
6334,路竹分隊,地上,路竹區,路科149,120.260381698608,22.8308523068147
6335,路竹分隊,地上,路竹區,路科150,120.260537266731,22.8327175200418
6336,路竹分隊,地上,路竹區,路科151,120.260617733002,22.8320586717385
6337,路竹分隊,地上,路竹區,路科152,120.261025428772,22.8305281683719
6338,路竹分隊,地上,路竹區,路科153,120.260381698608,22.8297371019143
6339,路竹分隊,地上,路竹區,路科154,120.261046886444,22.8292899498548
6340,路竹分隊,地上,路竹區,路科155,120.260145664215,22.8289043020226
6341,路竹分隊,地上,路竹區,路科156,120.258600711823,22.8287361987794
6342,路竹分隊,地上,路竹區,路科157,120.257452726364,22.8285977606586
6343,路竹分隊,地上,路竹區,路科158,120.260617733002,22.8285384299922
6344,路竹分隊,地上,路竹區,路科159,120.258976221085,22.8284408310381
6345,路竹分隊,地上,路竹區,路科160,120.257946252823,22.8282516647404
6346,路竹分隊,地上,路竹區,路科161,120.257163047791,22.8278385239585
6347,路竹分隊,地上,路竹區,路科162,120.252656936646,22.8281403204556
6348,路竹分隊,地上,路竹區,路科163,120.25133728981,22.827836348477
6349,路竹分隊,地上,路竹區,路科164,120.251905918121,22.8274679030666
6350,路竹分隊,地上,路竹區,路科165,120.253257751465,22.8277176864547
6351,路竹分隊,地上,路竹區,路科166,120.253676176071,22.8266101692582
6352,路竹分隊,地上,路竹區,路科167,120.253837108612,22.8276385783823
6353,路竹分隊,地上,路竹區,路科168,120.254051685333,22.8258388573162
6354,路竹分隊,地上,路竹區,路科169,120.253804922104,22.8256311956621
6355,路竹分隊,地上,路竹區,路科170,120.253086090088,22.8253444242856
6356,路竹分隊,地上,路竹區,路科171,120.253794193268,22.8248401007443
6357,路竹分隊,地上,路竹區,路科172,120.253643989563,22.8237299889528
6358,路竹分隊,地上,路竹區,路科173,120.254030227661,22.8236732273494
6359,路竹分隊,地上,路竹區,路科174,120.253987312317,22.8227746291796
6360,路竹分隊,地上,路竹區,路科175,120.253847837448,22.8225063439532
6361,路竹分隊,地上,路竹區,路科176,120.25411605835,22.8219723431313
6362,路竹分隊,地上,路竹區,路科177,120.253901481628,22.8216262303688
6363,路竹分隊,地上,路竹區,路科178,120.254207253456,22.8206534510645
6364,路竹分隊,地上,路竹區,路科179,120.254673957825,22.8200857209454
6365,路竹分隊,地上,路竹區,路科180,120.255392789841,22.8205977758262
6366,路竹分隊,地上,路竹區,路科181,120.256154537201,22.8203901061778
6367,路竹分隊,地上,路竹區,路科182,120.256487131119,22.8207065550394
6368,路竹分隊,地上,路竹區,路科183,120.256605148315,22.821250449802
6369,路竹分隊,地上,路竹區,路科184,120.257045030594,22.8218833430925
6370,路竹分隊,地上,路竹區,路科185,120.257270336151,22.8226559627451
6371,路竹分隊,地上,路竹區,路科186,120.257506370544,22.8228326767578
6372,路竹分隊,地上,路竹區,路科187,120.257184505463,22.8235644505063
6373,路竹分隊,地上,路竹區,路科188,120.257495641708,22.8242467765391
6374,路竹分隊,地上,路竹區,路科189,120.255714654922,22.8246621037542
6375,路竹分隊,地上,路竹區,路科190,120.254727602005,22.8248005458777
6376,路竹分隊,地上,路竹區,路科191,120.257340073586,22.8246584449731
6377,路竹分隊,地上,路竹區,路科192,120.257474184036,22.824826553403
6378,路竹分隊,地上,路竹區,路科193,120.257259607315,22.825809191385
6379,路竹分隊,地上,路竹區,路科194,120.257560014725,22.8262541796742
6380,路竹分隊,地上,路竹區,路科195,120.257077217102,22.8273294630523
6381,路竹分隊,地上,路竹區,路科196,120.257388353348,22.8279055679422
6382,路竹分隊,地上,路竹區,路科197,120.261502861977,22.8287374844747
6383,路竹分隊,地上,路竹區,路科198,120.26247382164,22.8288845251812
6384,路竹分隊,地上,路竹區,路科199,120.261980295181,22.8292207310935
6385,路竹分隊,地上,路竹區,路科200,120.263031721115,22.829655819865
6386,路竹分隊,地上,路竹區,路科201,120.263750553131,22.8296323844853
6387,路竹分隊,地上,路竹區,路科202,120.263696908951,22.8302392324728
6388,路竹分隊,地上,路竹區,路科203,120.263310670853,22.8309808546753
6389,路竹分隊,地上,路竹區,路科204,120.262795686722,22.8323553168368
6390,路竹分隊,地上,路竹區,路科205,120.261787176132,22.832780507751
6391,路竹分隊,地上,路竹區,路科206,120.26105761528,22.8331958089272
6392,路竹分隊,地上,路竹區,路科207,120.262259244919,22.833363906662
6393,路竹分隊,地上,路竹區,路科208,120.263686180115,22.8308819719485
6394,路竹分隊,地上,路竹區,路科209,120.26318192482,22.8321872181579
6395,路竹分隊,地上,路竹區,路科210,120.263149738312,22.8329683819478
6396,路竹分隊,地上,路竹區,路科211,120.263192653656,22.8334825637615
6397,路竹分隊,地上,路竹區,路科212,120.26282787323,22.8340930531082
6398,路竹分隊,地上,路竹區,路科213,120.26242017746,22.8345504730013
6399,路竹分隊,地上,路竹區,路科214,120.262548923492,22.8356579255828
6400,路竹分隊,地上,路竹區,路科215,120.26217341423,22.8360929937737
6401,路竹分隊,地上,路竹區,路科216,120.262151956558,22.8367554813014
6402,路竹分隊,地上,路竹區,路科217,120.260692834854,22.8371411068845
6403,路竹分隊,地上,路竹區,路科218,120.262135863304,22.8373203727158
6404,路竹分隊,地上,路竹區,路科219,120.261958837509,22.8378134770817
6405,路竹分隊,地上,路竹區,路科220,120.261647701263,22.8392867472197
6406,路竹分隊,地上,路竹區,路科221,120.261229276657,22.8410071901388
6407,路竹分隊,地上,路竹區,路科222,120.261744260788,22.8401766342048
6408,路竹分隊,地上,路竹區,路科223,120.261926651001,22.8393856238388
6409,路竹分隊,地上,路竹區,路科224,120.262291431427,22.8377838137607
6410,路竹分隊,地上,路竹區,路科225,120.26225656271,22.8372567447533
6411,路竹分隊,地上,路竹區,路科226,120.262087583542,22.8369334624756
6412,路竹分隊,地上,路竹區,路科227,120.264126062393,22.833116704039
6413,路竹分隊,地上,路竹區,路科228,120.264162272215,22.8298385320978
6414,路竹分隊,地上,路竹區,路科229,120.265247225761,22.8294988914645
6415,路竹分隊,地上,路竹區,路科230,120.265531539917,22.8295977751962
6416,路竹分隊,地上,路竹區,路科231,120.264641046524,22.8336865547474
6417,路竹分隊,地上,路竹區,路科232,120.265864133835,22.8337594299247
6418,路竹分隊,地上,路竹區,路科233,120.266582965851,22.8334232352247
6419,路竹分隊,地上,路竹區,路科234,120.267044305801,22.8336209969135
6420,路竹分隊,地上,路竹區,路科235,120.267312526703,22.8331265921525
6421,路竹分隊,地上,路竹區,路科236,120.266813635826,22.8310118047006
6422,路竹分隊,地上,路竹區,路科237,120.26642203331,22.82957305427
6423,路竹分隊,地上,路竹區,路科238,120.266926288605,22.8299722474905
6424,路竹分隊,地上,路竹區,路科239,120.267108678818,22.8305556581384
6425,路竹分隊,地上,路竹區,路科240,120.267189145088,22.8295779984556
6426,路竹分隊,地上,路竹區,路科241,120.267602205276,22.831643367092
6427,路竹分隊,地上,路竹區,路科242,120.267693400383,22.8320204041813
6428,路竹分隊,地上,路竹區,路科243,120.268369317055,22.8324060431837
6429,路竹分隊,地上,路竹區,路科244,120.268412232399,22.8326192813307
6430,路竹分隊,地上,路竹區,路科245,120.268396139145,22.8322237548295
6431,路竹分隊,地上,路竹區,路科246,120.269396603107,22.8328862611955
6432,路竹分隊,地上,路竹區,路科247,120.270273685455,22.8333584185393
6433,路竹分隊,地上,路竹區,路科248,120.270134210587,22.8329894437001
6434,路竹分隊,地上,路竹區,路科249,120.269275903702,22.8318213549528
6435,路竹分隊,地上,路竹區,路科250,120.269447565079,22.8311786196118
6436,路竹分隊,地上,路竹區,路科251,120.270574092865,22.8304382840152
6437,路竹分隊,地上,路竹區,路科252,120.270262956619,22.8303183387318
6438,路竹分隊,地上,路竹區,路科253,120.271276831627,22.82972632394
6439,路竹分隊,地上,路竹區,路科254,120.271196365356,22.8294283872716
6440,路竹分隊,地上,路竹區,路科255,120.271668434143,22.8293196153291
6441,路竹分隊,地上,路竹區,路科256,120.271877646446,22.8288067033308
6442,路竹分隊,地上,路竹區,路科257,120.272033214569,22.8290130745987
6443,路竹分隊,地上,路竹區,路科258,120.272338986397,22.8293209005663
6444,路竹分隊,地上,路竹區,路科259,120.273328721523,22.8307652405676
6445,路竹分隊,地上,路竹區,路科260,120.274082422256,22.8309722516275
6446,路竹分隊,地上,路竹區,路科261,120.274948775768,22.831242349471
6447,路竹分隊,地上,路竹區,路科262,120.2751070261,22.8311848492604
6448,路竹分隊,地上,路竹區,路科263,120.273782014847,22.830565546438
6449,路竹分隊,地上,路竹區,路科264,120.271282196045,22.8334430114065
6450,路竹分隊,地上,路竹區,路科265,120.272322893143,22.8290229630104
6451,路竹分隊,地上,路竹區,路科266,120.272462368011,22.828696645045
6452,路竹分隊,地上,路竹區,路科267,120.273191928864,22.8281798743517
6453,路竹分隊,地上,路竹區,路科268,120.274629592896,22.8273913653599
6454,路竹分隊,地上,路竹區,路科269,120.275530815125,22.8269364922257
6455,路竹分隊,地上,路竹區,路科270,120.277365446091,22.826115739029
6456,路竹分隊,地上,路竹區,路科271,120.278234481812,22.825742146067
6457,路竹分隊,地上,路竹區,路科272,120.278695821762,22.8250180975016
6458,路竹分隊,地上,路竹區,路科273,120.278105735779,22.8238907807747
6459,路竹分隊,地上,路竹區,路科274,120.277719497681,22.823097104548
6460,路竹分隊,地上,路竹區,路科275,120.277622938156,22.822120676903
6461,路竹分隊,地上,路竹區,路科276,120.277483463287,22.821705341935
6462,路竹分隊,地上,路竹區,路科277,120.277343988419,22.8229018987673
6463,路竹分隊,地上,路竹區,路科278,120.276979207993,22.8236930049479
6464,路竹分隊,地上,路竹區,路科279,120.277751684189,22.8237721153131
6465,路竹分隊,地上,路竹區,路科280,120.278416872025,22.8248957742478
6466,路竹分隊,地上,路竹區,路科281,120.278170108795,22.8253147582466
6467,路竹分隊,地上,路竹區,路科282,120.277386903763,22.8256509729761
6468,路竹分隊,地上,路竹區,路科283,120.276131629944,22.8262640682863
6469,路竹分隊,地上,路竹區,路科284,120.275171399117,22.8268092264097
6470,路竹分隊,地上,路竹區,路科285,120.274683237076,22.8260465186536
6471,路竹分隊,地上,路竹區,路科286,120.274661779404,22.825107095793
6472,路竹分隊,地上,路竹區,路科287,120.275455713272,22.824701658661
6473,路竹分隊,地上,路竹區,路科288,120.276732444763,22.8240490012294
6474,路竹分隊,地上,路竹區,路科289,120.275820493698,22.8242863315665
6475,路竹分隊,地上,路竹區,路科290,120.274790525436,22.8247807684401
6476,路竹分隊,地上,路竹區,路科291,120.274082422256,22.8252023239486
6477,路竹分隊,地上,路竹區,路科292,120.274178981781,22.8256410843195
6478,路竹分隊,地上,路竹區,路科293,120.271475315094,22.8283999916702
6479,路竹分隊,地上,路竹區,路科294,120.271024703979,22.8292624598327
6480,路竹分隊,地上,路竹區,路科295,120.270112752914,22.8274803620997
6481,路竹分隊,地上,路竹區,路科296,120.273084640503,22.8255297378993
6482,路竹分隊,地上,路竹區,路科297,120.272312164307,22.8263010521963
6483,路竹分隊,地上,路竹區,路科298,120.271400213242,22.8264717291259
6484,路竹分隊,地上,路竹區,路科299,120.270949602127,22.8269364922257
6485,路竹分隊,地上,路竹區,路科300,120.272784233093,22.8278832198507
6486,路竹分隊,地上,路竹區,路科301,120.271968841553,22.8286373144217
6487,路竹分隊,地上,路竹區,路科302,120.271722078323,22.8283011070683
6488,路竹分隊,地上,路竹區,路科303,120.271089076996,22.8275100276667
6489,路竹分隊,地上,路竹區,路科304,120.271046161652,22.8278264599791
6490,路竹分隊,地上,路竹區,路科305,120.270541906357,22.8271207160765
6491,路竹分隊,地上,路竹區,路科306,120.270209312439,22.8266372638863
6492,路竹分隊,地上,路竹區,路科307,120.27012348175,22.8262563548792
6493,路竹分隊,地上,路竹區,路科308,120.270466804504,22.8245555029335
6494,路竹分隊,地上,路竹區,路科309,120.271024703979,22.8249114969596
6495,路竹分隊,地上,路竹區,路科310,120.270574092865,22.8266497235989
6496,路竹分隊,地上,路竹區,路科311,120.270767211914,22.8267881637011
6497,路竹分隊,地上,路竹區,路科312,120.270059108734,22.8272232602483
6498,路竹分隊,地上,路竹區,路科313,120.268728733063,22.8287065334796
6499,路竹分隊,地上,路竹區,路科314,120.268278121948,22.8286940739552
6500,路竹分隊,地上,路竹區,路科315,120.267988443375,22.8293196150274
6501,路竹分隊,地上,路竹區,路科316,120.267301797867,22.8293196150274
6502,路竹分隊,地上,路竹區,路科317,120.273814201355,22.8274012538895
6503,路竹分隊,地上,路竹區,路科318,120.255918502808,22.8278041118746
6504,路竹分隊,地上,路竹區,路科319,120.256626605988,22.8285556357915
6505,路竹分隊,地上,路竹區,路科320,120.255349874496,22.8283604378381
6506,路竹分隊,地上,路竹區,路科321,120.254319906235,22.828221999335
6507,路竹分隊,地上,路竹區,路科322,120.254673957825,22.8278857909557
6508,路竹分隊,地上,路竹區,潭漧路246號前,120.26699334383,22.8638202566638
6509,路竹分隊,地上,路竹區,潭漧路84巷63弄4號對面,120.2653183043,22.8637819488678
6510,路竹分隊,地上,路竹區,潭漧路84巷64弄20號對面,120.264752358198,22.8638826612762
6511,路竹分隊,地上,路竹區,環球路127高幹前,120.29535,22.878448
6512,路竹分隊,地上,路竹區,環球路130高幹前,120.296368,22.878352
6513,路竹分隊,地上,路竹區,環球路15號前,120.302048,22.877542
6514,路竹分隊,地上,路竹區,環球路19號前,120.300272,22.877928
6515,路竹分隊,地上,路竹區,環球路27號前,120.298384,22.878222
6516,路竹分隊,地上,路竹區,環球路305號(統一精工加油站),120.269205,22.880043
6517,路竹分隊,地上,路竹區,環球路452號(樹人醫專前),120.260597616434,22.8812893394775
6518,路竹分隊,地上,路竹區,環球路9巷202號,120.302107884314,22.8699350645143
6519,路竹分隊,地上,路竹區,環球路9巷270號,120.301904,22.868224
6520,路竹分隊,地上,路竹區,環球路9巷電線杆高新分灌7前,120.302464,22.8752
6521,路竹分隊,地上,路竹區,環球路果菜市場前,120.27337,22.879935
6522,路竹分隊,地上,路竹區,環球路高幹112對面,120.290475,22.87887
6523,路竹分隊,地上,路竹區,環球路高幹115對面,120.291376,22.878702
6524,路竹分隊,地上,路竹區,環球路湖中高幹133前(原古土雞城15公尺前),120.297365,22.878313
6525,路竹分隊,地上,路竹區,環球路湖中高幹146號,120.3014,22.877916
6526,路竹分隊,地上,路竹區,環球路湖中高幹152號,120.3034,22.877218
6527,阿蓮分隊,地上,阿蓮區,大崗山龍眼故事館旁,120.332144,22.844156
6528,阿蓮分隊,地上,阿蓮區,中山路222號(阿蓮農田水利會),120.327416,22.876416
6529,阿蓮分隊,地上,阿蓮區,中山路351號(阿蓮中油公司前),120.3262528,22.873657
6530,阿蓮分隊,地上,阿蓮區,中山路463號(光德寺牌樓),120.325194,22.871444
6531,阿蓮分隊,地上,阿蓮區,中山路521巷98號(燁祈公司右前),120.330611,22.870305
6532,阿蓮分隊,地上,阿蓮區,中山路72巷口對面,120.32868,22.879132
6533,阿蓮分隊,地上,阿蓮區,中正路100號,120.34008,22.881803
6534,阿蓮分隊,地上,阿蓮區,中正路142號,120.339053,22.881511
6535,阿蓮分隊,地上,阿蓮區,中正路259號,120.336265,22.881236
6536,阿蓮分隊,地上,阿蓮區,中正路269號,120.335855,22.881058
6537,阿蓮分隊,地上,阿蓮區,中正路326號,120.334841,22.881068
6538,阿蓮分隊,地上,阿蓮區,中正路381巷30號(培幼幼稚園旁),120.333173,22.87985
6539,阿蓮分隊,地上,阿蓮區,中正路40號,120.342073,22.881785
6540,阿蓮分隊,地上,阿蓮區,中正路415號與和平路口(7-11商店前),120.332166,22.880638
6541,阿蓮分隊,地上,阿蓮區,中正路685號(祥安診所旁),120.326241,22.880835
6542,阿蓮分隊,地上,阿蓮區,中正路72號,120.34124,22.881681
6543,阿蓮分隊,地上,阿蓮區,中正路839-3號,120.320805,22.880166
6544,阿蓮分隊,地上,阿蓮區,中正路897號對面（7-11商店前）,120.321611,22.880277
6545,阿蓮分隊,地上,阿蓮區,中正路978號對面(全勇保養廠對面),120.320893559525,22.8801443837313
6546,阿蓮分隊,地上,阿蓮區,中路里9之1號,120.296805,22.88904
6547,阿蓮分隊,地上,阿蓮區,中路里中路59號,120.294463,22.895211
6548,阿蓮分隊,地上,阿蓮區,中路里活動中心,120.296263,22.894753
6549,阿蓮分隊,地上,阿蓮區,仁愛路251號,120.334713,22.87512
6550,阿蓮分隊,地上,阿蓮區,民生路1003號前（舊石安里238之1號）,120.310383,22.893895
6551,阿蓮分隊,地上,阿蓮區,民生路105號(阿蓮代表會),120.326928,22.883321
6552,阿蓮分隊,地上,阿蓮區,民生路133號與民生路135巷口(國泰人壽對面),120.326651,22.88397
6553,阿蓮分隊,地上,阿蓮區,民生路178號(阿蓮國中門口旁),120.325861,22.885
6554,阿蓮分隊,地上,阿蓮區,民生路94之1號(阿蓮衛生所),120.327416,22.882694
6555,阿蓮分隊,地上,阿蓮區,民族路163號(阿蓮國小),120.330043,22.88258
6556,阿蓮分隊,地上,阿蓮區,民族路318號,120.331972,22.886
6557,阿蓮分隊,地上,阿蓮區,民族路321號(土地公廟埕旁),120.331583,22.885472
6558,阿蓮分隊,地上,阿蓮區,民族路400號,120.33475,22.887194
6559,阿蓮分隊,地上,阿蓮區,民族路與文學一路3號,120.332888,22.885861
6560,阿蓮分隊,地上,阿蓮區,民權路120巷11弄54號,120.324543,22.881795
6561,阿蓮分隊,地上,阿蓮區,民權路120巷11弄8號,120.32565,22.882085
6562,阿蓮分隊,地上,阿蓮區,民權路182號前（奇美裝潢門窗前）,120.324205,22.880841
6563,阿蓮分隊,地上,阿蓮區,民權路92巷114號路口,120.324626,22.884543
6564,阿蓮分隊,地上,阿蓮區,民權路92巷66號路口,120.324915,22.883863
6565,阿蓮分隊,地上,阿蓮區,民權路與中正路口(台電服務所斜對面),120.323838,22.880638
6566,阿蓮分隊,地上,阿蓮區,玉庫里24之1號,120.312481,22.84443
6567,阿蓮分隊,地上,阿蓮區,玉庫里34之1號,120.310913,22.843918
6568,阿蓮分隊,地上,阿蓮區,玉庫里4號,120.32306,22.845443
6569,阿蓮分隊,地上,阿蓮區,玉庫里57號,120.309972,22.843638
6570,阿蓮分隊,地上,阿蓮區,玉庫里玉庫路60-1號旁（利豐公司對面）,120.3098483,22.842352
6571,阿蓮分隊,地上,阿蓮區,玉庫里長老教會右斜對面,120.3116091138,22.8441511412033
6572,阿蓮分隊,地上,阿蓮區,玉庫里與岡山區潭底交接處,120.310228,22.837053
6573,阿蓮分隊,地上,阿蓮區,石安里民生路1021號旁（心美商店對面）,120.309878,22.893856
6574,阿蓮分隊,地上,阿蓮區,成功街29號,120.334973,22.882333
6575,阿蓮分隊,地上,阿蓮區,和平路148號(滿福羊肉旁),120.332305,22.882833
6576,阿蓮分隊,地上,阿蓮區,和平路154號對面,120.332194,22.882944
6577,阿蓮分隊,地上,阿蓮區,和平路15號對面,120.332222,22.879638
6578,阿蓮分隊,地上,阿蓮區,和平路200號,120.33275,22.884027
6579,阿蓮分隊,地上,阿蓮區,和平路202號對面（玫瑰藤斜對面）,120.332777,22.884444
6580,阿蓮分隊,地上,阿蓮區,和平路287號對面（永豐餘大馬路口）,120.333305,22.885583
6581,阿蓮分隊,地上,阿蓮區,和平路42號對面,120.33217095,22.8799170415
6582,阿蓮分隊,地上,阿蓮區,忠孝路115號（台灣之星電信旁）,120.3315604,22.8790721
6583,阿蓮分隊,地上,阿蓮區,忠孝路200號(阿蓮消防隊前),120.329441,22.87901
6584,阿蓮分隊,地上,阿蓮區,忠孝路263號,120.327753,22.878661
6585,阿蓮分隊,地上,阿蓮區,忠孝路317號,120.325706,22.878315
6586,阿蓮分隊,地上,阿蓮區,忠孝路358號對面,120.326386,22.87832
6587,阿蓮分隊,地上,阿蓮區,忠孝路363號,120.325065,22.87861
6588,阿蓮分隊,地上,阿蓮區,忠孝路418號與信義路口,120.32462,22.87889
6589,阿蓮分隊,地上,阿蓮區,忠孝路470巷79號,120.325528,22.880343
6590,阿蓮分隊,地上,阿蓮區,花季度假飯店停車場對面,120.356308,22.87556
6591,阿蓮分隊,地上,阿蓮區,青旗里民生路635號,120.316536,22.8911
6592,阿蓮分隊,地上,阿蓮區,青旗里成功街698號旁（民生路620巷標示牌下）,120.318222,22.892527
6593,阿蓮分隊,地上,阿蓮區,峰山里峰山路299號,120.348833,22.878944
6594,阿蓮分隊,地上,阿蓮區,峰山里峰山路529號,120.344888,22.880961
6595,阿蓮分隊,地上,阿蓮區,峰山里峰北路20之10號(阿雲檳榔旁),120.353448,22.876403
6596,阿蓮分隊,地上,阿蓮區,峰山里峰北路27之1號,120.352625,22.87676
6597,阿蓮分隊,地上,阿蓮區,峰山里峰北路28之6號(紫微殿旁),120.351122,22.877436
6598,阿蓮分隊,地上,阿蓮區,峰山里峰南路萱萱檳榔,120.347666,22.87957
6599,阿蓮分隊,地上,阿蓮區,崙頂路1之1號斜左對面(亞細亞公司斜對面西側),120.315083,22.879527
6600,阿蓮分隊,地上,阿蓮區,崙頂路1之62號斜對面(格奈美廚具對面),120.31975,22.880027
6601,阿蓮分隊,地上,阿蓮區,崙頂路2之5號對面(尚宏汽車修護廠對面),120.314055,22.879333
6602,阿蓮分隊,地上,阿蓮區,崙頂路70之15號,120.310624,22.878408
6603,阿蓮分隊,地上,阿蓮區,崙頂路70之7號,120.311352,22.878676
6604,阿蓮分隊,地上,阿蓮區,崙頂路90之1號,120.313333,22.879166
6605,阿蓮分隊,地上,阿蓮區,崙頂路台北氧氣公司,120.308648,22.87798
6606,阿蓮分隊,地上,阿蓮區,崙頂路永三種苗場對面,120.318805,22.879944
6607,阿蓮分隊,地上,阿蓮區,崙頂路高鐵橋下,120.307632,22.877872
6608,阿蓮分隊,地上,阿蓮區,崙頂路崙頂橋,120.304271,22.877233
6609,阿蓮分隊,地上,阿蓮區,崙頂路第一號公墓(汽車回收場地磅前),120.317805,22.879833
6610,阿蓮分隊,地上,阿蓮區,崙頂路第二公墓對面,120.305784,22.877488
6611,阿蓮分隊,地上,阿蓮區,崙頂路豬哥標檳榔斜對面,120.316861,22.87975
6612,阿蓮分隊,地上,阿蓮區,崙頂路養雞場對面左側,120.309448,22.878166
6613,阿蓮分隊,地上,阿蓮區,崗山里111之21號,120.324395,22.859466
6614,阿蓮分隊,地上,阿蓮區,崗山里5之1號(觀風聽月餐廳),120.341152,22.853236
6615,阿蓮分隊,地上,阿蓮區,復安里13-6號（舜倡發公司旁）,120.334706,22.838676
6616,阿蓮分隊,地上,阿蓮區,復安里148之3號(大崗山風景區牌樓),120.325176,22.850932
6617,阿蓮分隊,地上,阿蓮區,復安里165號(復安國小旁),120.324165,22.848485
6618,阿蓮分隊,地上,阿蓮區,復安里175號(精美不鏽鋼門窗店),120.324701,22.850318
6619,阿蓮分隊,地上,阿蓮區,復安里211號（如意公園停車場旁）,120.335312,22.852438
6620,阿蓮分隊,地上,阿蓮區,復安里213號(大崗山福全堂入口),120.339432,22.850882
6621,阿蓮分隊,地上,阿蓮區,復安里68之1號,120.320976,22.843056
6622,阿蓮分隊,地上,阿蓮區,復安里70之16號,120.322448,22.844488
6623,阿蓮分隊,地上,阿蓮區,復安里78之20號(穎源橋田野土雞庭園對面),120.329784,22.843996
6624,阿蓮分隊,地上,阿蓮區,復安里79號電線桿旁,120.32348,22.846446
6625,阿蓮分隊,地上,阿蓮區,復安里89號,120.324088,22.847722
6626,阿蓮分隊,地上,阿蓮區,港後里19之5號對面,120.315903,22.87205
6627,阿蓮分隊,地上,阿蓮區,港後里中甲路159之15號,120.32129,22.86592
6628,阿蓮分隊,地上,阿蓮區,港後里中甲路162之12號對面,120.318565,22.865803
6629,阿蓮分隊,地上,阿蓮區,港後里港後20-10號（福德祠電線桿旁）,120.316466,22.871683
6630,茄萣分隊,地上,茄萣區,大德路20號近陞豊造船廠,120.199489324472,22.8667065650804
6631,茄萣分隊,地上,茄萣區,中正路三段與莒光路三段叉口,120.186925423891,22.913475106821
6632,茄萣分隊,地上,茄萣區,仁愛路2段12號前,120.185615779762,22.8945733619371
6633,茄萣分隊,地上,茄萣區,仁愛路3段68號前,120.184231411045,22.9005726992458
6634,茄萣分隊,地上,茄萣區,仁愛路一段102號前,120.1863773,22.8929817502895
6635,茄萣分隊,地上,茄萣區,仁愛路二段與港東街87號叉口,120.185272117232,22.8953434777052
6636,茄萣分隊,地上,茄萣區,仁愛路二段與港埔路叉口7-11對面,120.184876491402,22.8979626028347
6637,茄萣分隊,地上,茄萣區,仁愛路三段226號靠近白砂路消防隊後方,120.183767460118,22.9039002103009
6638,茄萣分隊,地上,茄萣區,仁愛路三段2巷嘉樂電子遊戲場,120.185208784378,22.8994163838008
6639,茄萣分隊,地上,茄萣區,仁愛路三段二巷75號前,120.188470607969,22.8997494424952
6640,茄萣分隊,地上,茄萣區,公園路116號旁,120.18578857057,22.9118323647711
6641,茄萣分隊,地上,茄萣區,公園路83號旁,120.185322888955,22.9099119308543
6642,茄萣分隊,地上,茄萣區,文化路與文化路79巷口,120.182868540287,22.9125272890887
6643,茄萣分隊,地上,茄萣區,正大路A01,120.201071205458,22.875986531253
6644,茄萣分隊,地上,茄萣區,正大路A02,120.201993885359,22.8767550875224
6645,茄萣分隊,地上,茄萣區,正大路A03,120.203149917444,22.8774692725677
6646,茄萣分隊,地上,茄萣區,正大路A04,120.203790965398,22.8782402916529
6647,茄萣分隊,地上,茄萣區,正大路A05,120.213430824598,22.8805360244768
6648,茄萣分隊,地上,茄萣區,正大路A06,120.213868024667,22.8802098301443
6649,茄萣分隊,地上,茄萣區,正大路A07,120.213900211175,22.8791941745904
6650,茄萣分隊,地上,茄萣區,正大路A08,120.213980677446,22.8784033912829
6651,茄萣分隊,地上,茄萣區,正大路A09,120.213999452909,22.8774742150117
6652,茄萣分隊,地上,茄萣區,正大路A10,120.214018228372,22.8768712355189
6653,茄萣分隊,地上,茄萣區,正大路A13,120.214093330225,22.8739897473676
6654,茄萣分隊,地上,茄萣區,正大路A14,120.214136245569,22.8734757190415
6655,茄萣分隊,地上,茄萣區,正大路A15,120.21416038545,22.8725316811828
6656,茄萣分隊,地上,茄萣區,正大路A16,120.214136245569,22.8717507443824
6657,茄萣分隊,地上,茄萣區,正大路A24,120.212577,22.876213
6658,茄萣分隊,地上,茄萣區,正大路A25,120.212462547144,22.8766191695275
6659,茄萣分隊,地上,茄萣區,正大路A26,120.212467911562,22.8774396179001
6660,茄萣分隊,地上,茄萣區,正大路A27,120.212392809709,22.8786752235643
6661,茄萣分隊,地上,茄萣區,正大路A28,120.212408902964,22.8796389881769
6662,茄萣分隊,地上,茄萣區,正大路A29,120.21230697902,22.8802221860046
6663,茄萣分隊,地上,茄萣區,正大路A30,120.212183597406,22.8808671603459
6664,茄萣分隊,地上,茄萣區,正大路A31,120.211153629144,22.8808251506162
6665,茄萣分隊,地上,茄萣區,正大路A32,120.209774973711,22.8807757273882
6666,茄萣分隊,地上,茄萣區,正大路A33,120.208809378465,22.8807658427404
6667,茄萣分隊,地上,茄萣區,正大路A34,120.208042266687,22.8807510157674
6668,茄萣分隊,地上,茄萣區,正大路A35,120.207259061655,22.8806818232052
6669,茄萣分隊,地上,茄萣區,正大路A36,120.205907228311,22.8803902255917
6670,茄萣分隊,地上,茄萣區,正大路A37,120.204877260049,22.8795351984704
6671,茄萣分隊,地上,茄萣區,正大路A38,120.204351547083,22.8791299236185
6672,茄萣分隊,地上,茄萣區,正大路A39,120.203868749459,22.8786949931636
6673,茄萣分隊,地上,茄萣區,正大路A40,120.202463271936,22.8775186969994
6674,茄萣分隊,地上,茄萣區,正大路A41,120.200811031183,22.8761941160117
6675,茄萣分隊,地上,茄萣區,民有路166號前,120.193203830994,22.8712592120538
6676,茄萣分隊,地上,茄萣區,民有路與民族路叉口,120.19468983366,22.8717250329995
6677,茄萣分隊,地上,茄萣區,民治路129號前,120.195172917791,22.8748954814164
6678,茄萣分隊,地上,茄萣區,民族路170號與四維街交叉口,120.193438478233,22.8750742627061
6679,茄萣分隊,地上,茄萣區,民族路與富強路201-20號叉口變電所前,120.1930913723,22.8760775934422
6680,茄萣分隊,地上,茄萣區,民眾服務站前,120.187685586083,22.8964607010966
6681,茄萣分隊,地上,茄萣區,民權路74號前,120.197093236211,22.8704473205263
6682,茄萣分隊,地上,茄萣區,民權路96號前,120.196723706152,22.8714640020524
6683,茄萣分隊,地上,茄萣區,民權路與大智路叉口,120.197209787137,22.8701180572886
6684,茄萣分隊,地上,茄萣區,民權路與建民街叉口,120.196301859385,22.8727599109456
6685,茄萣分隊,地上,茄萣區,白砂路100號 電信局前,120.18453088345,22.9095866974694
6686,茄萣分隊,地上,茄萣區,白砂路145號旁,120.18474357791,22.9111102878217
6687,茄萣分隊,地上,茄萣區,白砂路201號加水站前,120.1849943,22.9122098
6688,茄萣分隊,地上,茄萣區,白砂路443號前,120.185267095089,22.9160728833571
6689,茄萣分隊,地上,茄萣區,和平路3段80號前,120.188176073016,22.901342898909
6690,茄萣分隊,地上,茄萣區,尚義街71號旁,120.19151294418,22.8758947812814
6691,茄萣分隊,地上,茄萣區,金鑾路168號前,120.186048750926,22.8969622369981
6692,茄萣分隊,地上,茄萣區,金鑾路91號前,120.187939113492,22.8974680903164
6693,茄萣分隊,地上,茄萣區,金鑾路與仁愛路二段叉口農會前,120.185099073756,22.8964674725989
6694,茄萣分隊,地上,茄萣區,金鑾路與信義路二段叉口,120.187257246184,22.8972569152296
6695,茄萣分隊,地上,茄萣區,茄萣區崎漏里 1-1道路,120.1907315,22.8788826
6696,茄萣分隊,地上,茄萣區,茄萣區崎漏里正順廟香爐旁,120.1907475,22.8789166
6697,茄萣分隊,地上,茄萣區,茄萣區濱海路二段1號衛生所旁,120.185413347885,22.8879545214464
6698,茄萣分隊,地上,茄萣區,茄萣路二段1號分駐所旁,120.183360878487,22.8972600598048
6699,茄萣分隊,地上,茄萣區,茄萣路二段422號消防分隊前,120.183205682838,22.9037468607541
6700,茄萣分隊,地上,茄萣區,茄萣濱海路四段37號旁,120.180297008459,22.9072675135971
6701,茄萣分隊,地上,茄萣區,健康路與尚禮街叉口,120.192674538029,22.8724692820397
6702,茄萣分隊,地上,茄萣區,莒光路一段底,120.191879749104,22.8914918997973
6703,茄萣分隊,地上,茄萣區,莒光路三段107號前,120.188867590877,22.9024270125304
6704,茄萣分隊,地上,茄萣區,莒光路三段31號旁,120.189500629708,22.9003772053019
6705,茄萣分隊,地上,茄萣區,莒光路三段61號前,120.189259230897,22.9012493966371
6706,茄萣分隊,地上,茄萣區,莒光路三段與新庄路叉口,120.190332114503,22.8975209247323
6707,茄萣分隊,地上,茄萣區,頂漁路賜福宮旁,120.182749628905,22.8986665750569
6708,茄萣分隊,地上,茄萣區,港東一街48號前,120.18674144851,22.8960097654288
6709,茄萣分隊,地上,茄萣區,港埔路一街16號前,120.187974594104,22.8983861177638
6710,茄萣分隊,地上,茄萣區,濱海路2段133-2號,120.181695041445,22.895625803539
6711,茄萣分隊,地上,茄萣區,濱海路2段42號前,120.183699034988,22.8906383067056
6712,茄萣分隊,地上,茄萣區,濱海路2段61號前,120.183228274869,22.8917705805812
6713,茄萣分隊,地上,茄萣區,濱海路3段102號前,120.179701521993,22.9006988544339
6714,茄萣分隊,地上,茄萣區,濱海路3段121號前,120.179351995107,22.9017107493709
6715,茄萣分隊,地上,茄萣區,濱海路3段45號前,120.180563477315,22.8983827667315
6716,茄萣分隊,地上,茄萣區,濱海路一段華榮海產店對面,120.192978291536,22.8675514922426
6717,茄萣分隊,地上,茄萣區,濱海路一段與健康路叉口,120.19126570108,22.872107446335
6718,茄萣分隊,地上,茄萣區,濱海路二段27號前,120.184073841734,22.8897224229905
6719,茄萣分隊,地上,茄萣區,濱海路二段76號大定涼亭斜對面,120.183089461377,22.8921973804957
6720,茄萣分隊,地上,茄萣區,濱海路二段96-1號與合和路叉口,120.182479281615,22.8936267604243
6721,茄萣分隊,地上,茄萣區,濱海路二段與成功路叉口,120.184444373225,22.8888086667887
6722,茄萣分隊,地上,茄萣區,濱海路三段大覺天聖廟前,120.180967197237,22.8973928606688
6723,茄萣分隊,地上,茄萣區,濱海路三段海巡署頂茄萣安檢所前,120.180280551728,22.899176809345
6724,茄萣分隊,地上,茄萣區,濱海路三段與四段叉口,120.17775903286,22.9077294868599
6725,茄萣分隊,地上,茄萣區,濱海路四段27號,120.182556769555,22.9068289672955
6726,茄萣分隊,地上,茄萣區,濱海路四段29號 前側門右,120.181313565676,22.9070575056858
6727,茄萣分隊,地上,茄萣區,濱海路與民治路叉口,120.190764127994,22.8734617227255
6728,茄萣分隊,地上,茄萣區,濱海路與富強路叉口,120.18968856218,22.8764927321712
6729,茄萣分隊,地上,茄萣區,濱海路與港東街叉口,120.18202660333,22.8947798536956
6730,湖內分隊,地上,湖內區,中山路一段168-1號旁,120.2486337626,22.8825426071256
6731,湖內分隊,地上,湖內區,中山路一段177號旁,120.250887,22.879288
6732,湖內分隊,地上,湖內區,中山路一段301巷23號,120.248243076686,22.881094311055
6733,湖內分隊,地上,湖內區,中山路一段301巷24弄15號,120.247886536194,22.8815145134456
6734,湖內分隊,地上,湖內區,中山路一段301巷5號東側,120.248715062496,22.8813550404275
6735,湖內分隊,地上,湖內區,中山路一段385巷38號,120.246500638046,22.8823952819808
6736,湖內分隊,地上,湖內區,中山路一段385巷9號,120.247350442328,22.8829277288777
6737,湖內分隊,地上,湖內區,中山路一段72號(大湖加油站)旁,120.252118950314,22.8781159524726
6738,湖內分隊,地上,湖內區,中山路一段946號(東台精機湖內廠前),120.234395292226,22.8996013319128
6739,湖內分隊,地上,湖內區,中山路一段與民權路,120.243978188343,22.8871431664226
6740,湖內分隊,地上,湖內區,中山路二段174號(湖內國中對面),120.228066048007,22.9081028552044
6741,湖內分隊,地上,湖內區,中山路二段296號(陳明澤議員服務處),120.22684185893,22.9106986038615
6742,湖內分隊,地上,湖內區,中山路二段2巷17弄(益菱工業旁),120.235844357147,22.9005042785831
6743,湖內分隊,地上,湖內區,中山路二段2巷17弄32號,120.234732977316,22.9022657492254
6744,湖內分隊,地上,湖內區,中山路二段2巷53弄(路口),120.236742897167,22.9011145654553
6745,湖內分隊,地上,湖內區,中山路二段2巷53弄37號,120.235635144844,22.9028218716326
6746,湖內分隊,地上,湖內區,中山路二段42號(富樂夢文具旁),120.231630034845,22.9027616021882
6747,湖內分隊,地上,湖內區,中山路與忠孝街口,120.241003,22.893057
6748,湖內分隊,地上,湖內區,中正路一段373號對面,120.218122086439,22.9090619696587
6749,湖內分隊,地上,湖內區,中正路二段29號(湖內農會前),120.214607,22.908683
6750,湖內分隊,地上,湖內區,中正路二段420巷24號前,120.206435935582,22.909158223388
6751,湖內分隊,地上,湖內區,中正路二段420巷2號前,120.2059668,22.9083085
6752,湖內分隊,地上,湖內區,中正路二段420巷78號,120.206956113708,22.9100725132834
6753,湖內分隊,地上,湖內區,中正路二段480巷32號(健丞飼料前),120.203787517977,22.9086826065389
6754,湖內分隊,地上,湖內區,中正路二段488號(台茂公司前),120.2032587,22.9087728
6755,湖內分隊,地上,湖內區,中正路二段560巷口右側3m,120.196882360049,22.911395885876
6756,湖內分隊,地上,湖內區,中正路二段598號旁,120.195152072508,22.9126148083865
6757,湖內分隊,地上,湖內區,中正路二段614號前,120.1957651549,22.9132813876581
6758,湖內分隊,地上,湖內區,中正路二段652號前,120.194935681762,22.9123228031863
6759,湖內分隊,地上,湖內區,中正路二段93號（湖內消防隊前）,120.211121461307,22.908339174834
6760,湖內分隊,地上,湖內區,中華街169號,120.2250543,22.907585
6761,湖內分隊,地上,湖內區,中華街186號,120.2256756,22.9081148
6762,湖內分隊,地上,湖內區,中華街18巷11號前,120.222746499076,22.8995926892298
6763,湖內分隊,地上,湖內區,中華街251號,120.226592094641,22.9090920585856
6764,湖內分隊,地上,湖內區,中華街三興宮前,120.223012445508,22.8988503655828
6765,湖內分隊,地上,湖內區,仁愛街劉家村社區前,120.219536,22.895348
6766,湖內分隊,地上,湖內區,正義一路105巷（仲鼎社區入口）,120.2372221,22.8718011
6767,湖內分隊,地上,湖內區,正義一路210號（全家超商）,120.23685059259,22.8736444116612
6768,湖內分隊,地上,湖內區,民生街245號,120.246396034324,22.8781370496593
6769,湖內分隊,地上,湖內區,民生街78號對面,120.249821191471,22.8784322078698
6770,湖內分隊,地上,湖內區,民族路345號健彰煤氣罐裝行,120.232679288361,22.8758569720843
6771,湖內分隊,地上,湖內區,民權路198號對面,120.242830958266,22.8919138679532
6772,湖內分隊,地上,湖內區,和平路91號,120.2238751,22.8939447
6773,湖內分隊,地上,湖內區,東方路105巷1弄20號對面,120.248558870778,22.8792160914404
6774,湖內分隊,地上,湖內區,東方路110號（東方設計學院校門旁）,120.247119568123,22.8795686209257
6775,湖內分隊,地上,湖內區,東方路與和平路口,120.226760082852,22.8769210860759
6776,湖內分隊,地上,湖內區,長春四街53號前,120.24226038712,22.8855077533069
6777,湖內分隊,地上,湖內區,長春四街67號前,120.2419672,22.8859012
6778,湖內分隊,地上,湖內區,長壽路142號對面,120.241931164025,22.8847584816207
6779,湖內分隊,地上,湖內區,長壽路162號旁,120.241394722222,22.8846880555556
6780,湖內分隊,地上,湖內區,長壽路與長春四街口,120.2428846,22.8852263
6781,湖內分隊,地上,湖內區,信義路169-3號前,120.219376087189,22.9017798247187
6782,湖內分隊,地上,湖內區,信義路255號（慈濟宮前）,120.214372469491,22.9067502642954
6783,湖內分隊,地上,湖內區,信義路62巷口,120.223426,22.897431
6784,湖內分隊,地上,湖內區,信義路與保生路口(彩卷行旁),120.214678555789,22.9065154589268
6785,湖內分隊,地上,湖內區,保生路12號前,120.226396596365,22.9057825121987
6786,湖內分隊,地上,湖內區,保生路30號,120.225568621565,22.9061149078432
6787,湖內分隊,地上,湖內區,建國街66巷31號前,120.21287777469,22.907172266772
6788,湖內分隊,地上,湖內區,湖中路140號前,120.225020865676,22.9055629091986
6789,湖內分隊,地上,湖內區,湖中路189號前,120.223005472353,22.9053368572068
6790,湖內分隊,地上,湖內區,湖中路200號旁,120.222925441734,22.9055129110882
6791,湖內分隊,地上,湖內區,湖中路246號旁,120.221765386334,22.9055845616988
6792,湖內分隊,地上,湖內區,湖中路288號旁,120.220549004546,22.9055141464439
6793,湖內分隊,地上,湖內區,湖中路30號,120.227696722684,22.9055550232238
6794,湖內分隊,地上,湖內區,湖中路378巷口(清潔隊門口),120.218495090824,22.9055731351203
6795,湖內分隊,地上,湖內區,湖中路45號前,120.227605579646,22.9054163482896
6796,湖內分隊,地上,湖內區,湖中路460巷口,120.216700490738,22.9055146965564
6797,湖內分隊,地上,湖內區,湖中路512號前,120.215770233513,22.905528591853
6798,湖內分隊,地上,湖內區,湖中路公墓對面,120.213489113601,22.905588062743
6799,湖內分隊,地上,湖內區,湖中路與自強街口,120.209486587197,22.9055581053811
6800,湖內分隊,地上,湖內區,湖中路與信義路口,120.215039987638,22.9055825625534
6801,湖內分隊,地上,湖內區,湖中路與保生路口,120.211921362431,22.9055794152581
6802,湖內分隊,地上,湖內區,湖中路與福生三街口,120.226175962241,22.9054212897161
6803,岡山分隊,地上,岡山區,三和里山隙路49號前,120.340328,22.82876
6804,岡山分隊,地上,岡山區,三和里中崙寮路51號前,120.335912,22.833082
6805,岡山分隊,地上,岡山區,三和里中崙寮路71巷2號前,120.33624,22.834314
6806,岡山分隊,地上,岡山區,三和里中崙寮路75巷3號旁(昇達鑫、昇達貴公司旁),120.336376,22.83656
6807,岡山分隊,地上,岡山區,三和里中崙寮路守望相助隊旁,120.336752,22.834796
6808,岡山分隊,地上,岡山區,大莊里大莊路266號旁,120.319084,22.803886
6809,岡山分隊,地上,岡山區,大莊里大莊路60巷永慶駕訓班門口,120.326846,22.81146
6810,岡山分隊,地上,岡山區,大莊里大莊路60巷西方佛寺前,120.32717,22.812753
6811,岡山分隊,地上,岡山區,大莊里大莊路66號(通信營區)對面,120.323992,22.807634
6812,岡山分隊,地上,岡山區,大莊里大莊路72號皇信汽車電機東側,120.323256,22.807072
6813,岡山分隊,地上,岡山區,大莊里大莊路7巷口,120.33236,22.806876
6814,岡山分隊,地上,岡山區,大莊里大莊路83之2號,120.320793,22.806995
6815,岡山分隊,地上,岡山區,大莊里聖得路15號毅鋼鋼鐵圍牆旁,120.31504,22.805504
6816,岡山分隊,地上,岡山區,大莊里聖得路朝友公司側門旁,120.315328,22.80354
6817,岡山分隊,地上,岡山區,大莊里嘉新東路二段120號清水公司前,120.3292,22.824732
6818,岡山分隊,地上,岡山區,大莊里嘉新東路二段12號前(接大莊路60巷),120.327485,22.81619
6819,岡山分隊,地上,岡山區,大莊里嘉新東路二段陸軍炮兵營前,120.328072,22.819726
6820,岡山分隊,地上,岡山區,大莊里嘉新東路與聖森路口,120.310984,22.807396
6821,岡山分隊,地上,岡山區,大莊里關帝宮牌樓右側,120.317488,22.807562
6822,岡山分隊,地上,岡山區,大莊路80巷路口往前30公尺,120.319454669952,22.8077341202327
6823,岡山分隊,地上,岡山區,大遼里大遼七路佛光寺前,120.315418,22.773696
6824,岡山分隊,地上,岡山區,大遼里大遼三路84號旁,120.317001,22.775296
6825,岡山分隊,地上,岡山區,大遼里大遼三路85之7號前,120.31613,22.775625
6826,岡山分隊,地上,岡山區,大遼里大遼五路116號東側,120.315985,22.774522
6827,岡山分隊,地上,岡山區,大遼里大遼五路117之1號前,120.31512,22.774983
6828,岡山分隊,地上,岡山區,大遼里大遼四路77號前與大遼中路口,120.315201,22.775475
6829,岡山分隊,地上,岡山區,大遼里大遼四路底,120.316633,22.774821
6830,岡山分隊,地上,岡山區,大遼里大遼路26之2號前(大遼中路頭),120.316175,22.777285
6831,岡山分隊,地上,岡山區,大遼里大遼路60之3號前（大遼三路內）,120.315121,22.775993
6832,岡山分隊,地上,岡山區,大遼里中山南路28-1號右側,120.299604,22.782306
6833,岡山分隊,地上,岡山區,大遼里中山南路28-1號左側,120.299971,22.784171
6834,岡山分隊,地上,岡山區,大遼里中山南路文化中心後方南側,120.299421,22.782741
6835,岡山分隊,地上,岡山區,大遼里中山南路文化中心游泳池後方,120.2996,22.783693
6836,岡山分隊,地上,岡山區,大遼里介壽東路與友情路口,120.313296318054,22.7863668411935
6837,岡山分隊,地上,岡山區,大遼里友情路與下庄路口,120.314095,22.778858
6838,岡山分隊,地上,岡山區,大遼里友情路與大遼一路口,120.314073,22.77781
6839,岡山分隊,地上,岡山區,大遼里友情路與大遼三路口,120.314216,22.776411
6840,岡山分隊,地上,岡山區,大遼里淨覺寺前(由下庄路進入),120.315791,22.780043
6841,岡山分隊,地上,岡山區,仁義里仁義路42號黃氏珠算前,120.29508,22.78742
6842,岡山分隊,地上,岡山區,仁義里仁義路與河堤路二段交叉口,120.295221,22.78572
6843,岡山分隊,地上,岡山區,仁壽里仁壽路稅捐處車庫門前,120.289009560852,22.7914655525353
6844,岡山分隊,地上,岡山區,仁壽里民族路與阿公店路二段路口,120.29007,22.793635
6845,岡山分隊,地上,岡山區,仁壽里柳橋西路60號對面,120.287795,22.790489
6846,岡山分隊,地上,岡山區,仁壽里柳橋西路一段34號,120.282442,22.79006
6847,岡山分隊,地上,岡山區,仁壽里通校路和協仁街口,120.281438,22.787326
6848,岡山分隊,地上,岡山區,台上里大成街44號對面,120.299915,22.806435
6849,岡山分隊,地上,岡山區,台上里大成街與成功路交叉口,120.298019,22.806463
6850,岡山分隊,地上,岡山區,台上里大新街33號旁,120.302304,22.807024
6851,岡山分隊,地上,岡山區,台上里大新街99號對面,120.303248,22.806568
6852,岡山分隊,地上,岡山區,台上里台上路10號旁,120.298303,22.805251
6853,岡山分隊,地上,岡山區,台上里台上路與大富街口,120.300553,22.803935
6854,岡山分隊,地上,岡山區,台上里成功路168號對面,120.297464,22.805602
6855,岡山分隊,地上,岡山區,台上里成功路451巷皇國社區活動中心前,120.299832,22.812268
6856,岡山分隊,地上,岡山區,台上里成功路456號(協明公司)旁,120.299685,22.80985
6857,岡山分隊,地上,岡山區,台上里成功路460巷14號旁（萬有國際公司）,120.300736,22.810534
6858,岡山分隊,地上,岡山區,台上里成功路460巷口大森木型有限公司前,120.300256,22.811212
6859,岡山分隊,地上,岡山區,台上里成功路470號(偉立公司)旁,120.300968,22.812948
6860,岡山分隊,地上,岡山區,台上里成功路台塑加油站南側,120.298496,22.807966
6861,岡山分隊,地上,岡山區,台上里成功路清水化工路口,120.301512,22.814468
6862,岡山分隊,地上,岡山區,台上里忠誠街137巷口,120.297873,22.800738
6863,岡山分隊,地上,岡山區,台上里忠誠街159巷口（2號附近）,120.297616,22.801163
6864,岡山分隊,地上,岡山區,台上里忠誠街179巷1號前,120.296552,22.801326
6865,岡山分隊,地上,岡山區,台上里忠誠街179巷41號,120.296584,22.801404
6866,岡山分隊,地上,岡山區,台上里忠誠街188巷7號側面,120.298744,22.800304
6867,岡山分隊,地上,岡山區,台上里忠誠街206巷6號側面,120.298736,22.800956
6868,岡山分隊,地上,岡山區,台上里忠誠街318號對面,120.296714901924,22.8025022323718
6869,岡山分隊,地上,岡山區,台上里忠誠街332號前,120.295992,22.803362
6870,岡山分隊,地上,岡山區,台上里忠誠街99巷6號（廣緣寺前）,120.298336,22.799136
6871,岡山分隊,地上,岡山區,台上里富貴西街70號斜對面,120.29757,22.805118
6872,岡山分隊,地上,岡山區,平安里維新路15號前,120.29521,22.79335
6873,岡山分隊,地上,岡山區,本洲里本工一路27號正門前,120.266845,22.81773
6874,岡山分隊,地上,岡山區,本洲里本工一路31號將運螺絲前,120.265574,22.817968
6875,岡山分隊,地上,岡山區,本洲里本工一路39號台橡公司正門前,120.263072,22.81471
6876,岡山分隊,地上,岡山區,本洲里本工一路43號長亨精密正門對面,120.262494,22.814222
6877,岡山分隊,地上,岡山區,本洲里本工一路8862前150公尺,120.272652,22.815342
6878,岡山分隊,地上,岡山區,本洲里本工一路8號正門斜對面,120.271872,22.815857
6879,岡山分隊,地上,岡山區,本洲里本工一路中法興南台灣物流圍牆旁,120.263478,22.815367
6880,岡山分隊,地上,岡山區,本洲里本工一路世鎧精密工業公司正門對面,120.273481088669,22.8148098592505
6881,岡山分隊,地上,岡山區,本洲里本工一路朔元公司圍牆旁,120.263897,22.815731
6882,岡山分隊,地上,岡山區,本洲里本工一路第二公有停車場對面,120.270079,22.816834
6883,岡山分隊,地上,岡山區,本洲里本工一路電塔正對面,120.26897,22.817456
6884,岡山分隊,地上,岡山區,本洲里本工七路10080前約100公尺（本工七路10號旁）,120.266944,22.808334
6885,岡山分隊,地上,岡山區,本洲里本工七路10082斜對面,120.26624,22.808278
6886,岡山分隊,地上,岡山區,本洲里本工七路10083前約50公尺（蝦億公司大門對面）,120.26704,22.80798
6887,岡山分隊,地上,岡山區,本洲里本工七路20號正門旁,120.265968,22.808682
6888,岡山分隊,地上,岡山區,本洲里本工七路3號大門旁,120.268016,22.80748
6889,岡山分隊,地上,岡山區,本洲里本工七路與本工路口前約50公尺,120.268192,22.807982
6890,岡山分隊,地上,岡山區,本洲里本工二路18號正門左邊,120.271406,22.814745
6891,岡山分隊,地上,岡山區,本洲里本工二路1號正門旁,120.274595,22.812559
6892,岡山分隊,地上,岡山區,本洲里本工二路5號旁,120.271873,22.81429
6893,岡山分隊,地上,岡山區,本洲里本工二路8號正門前,120.274062,22.81309
6894,岡山分隊,地上,岡山區,本洲里本工二路ALEX公司側門旁,120.269348,22.815949
6895,岡山分隊,地上,岡山區,本洲里本工二路和本工西一路口,120.271107,22.81462
6896,岡山分隊,地上,岡山區,本洲里本工二路高力熱處理公司圍牆旁,120.273498,22.813263
6897,岡山分隊,地上,岡山區,本洲里本工二路與本工西二路口,120.270006,22.815613
6898,岡山分隊,地上,岡山區,本洲里本工二路與本工西三路口前10公尺,120.268672,22.816854
6899,岡山分隊,地上,岡山區,本洲里本工二路與本工西路口前50公尺,120.268048,22.816784
6900,岡山分隊,地上,岡山區,本洲里本工二路與本工路口前約30公尺,120.272832,22.814086
6901,岡山分隊,地上,岡山區,本洲里本工三路11號翔程對面,120.272125,22.81129
6902,岡山分隊,地上,岡山區,本洲里本工三路25號門旁,120.263168,22.816534
6903,岡山分隊,地上,岡山區,本洲里本工三路5號正對面,120.274151,22.809903
6904,岡山分隊,地上,岡山區,本洲里本工三路5號門口前,120.274304,22.809726
6905,岡山分隊,地上,岡山區,本洲里本工三路9號門口旁,120.272336,22.81109
6906,岡山分隊,地上,岡山區,本洲里本工三路ADIVA公司圍牆旁,120.269333,22.813101
6907,岡山分隊,地上,岡山區,本洲里本工三路大榮貨運停車場旁,120.261468,22.816356
6908,岡山分隊,地上,岡山區,本洲里本工三路中法興南台灣物流圍牆旁,120.263168,22.816356
6909,岡山分隊,地上,岡山區,本洲里本工三路焚化爐後門旁,120.269922,22.812469
6910,岡山分隊,地上,岡山區,本洲里本工三路焚化爐圍牆旁（近本工西一路）,120.2704,22.812169
6911,岡山分隊,地上,岡山區,本洲里本工三路焚化爐圍牆旁（近本工路）,120.271068,22.811778
6912,岡山分隊,地上,岡山區,本洲里本工三路與本工西二路口前約50公尺,120.26784,22.814074
6913,岡山分隊,地上,岡山區,本洲里本工三路與本工西二路前約50公尺,120.268992,22.81332
6914,岡山分隊,地上,岡山區,本洲里本工三路與本工西三路口前約30公尺,120.266616,22.814848
6915,岡山分隊,地上,岡山區,本洲里本工三路與本工西三路口前約50公尺,120.267688,22.814106
6916,岡山分隊,地上,岡山區,本洲里本工三路與本工西路口前約50公尺（西側）,120.265094,22.815882
6917,岡山分隊,地上,岡山區,本洲里本工三路與本工西路口前約50公尺（東側）,120.266493,22.814905
6918,岡山分隊,地上,岡山區,本洲里本工三路與本工東一路口,120.275286,22.809309
6919,岡山分隊,地上,岡山區,本洲里本工三路與本工東一路口前80公尺,120.275506,22.808952
6920,岡山分隊,地上,岡山區,本洲里本工三路與本工東一路口前約50公尺（楓墅出口旁）,120.27581,22.80898
6921,岡山分隊,地上,岡山區,本洲里本工三路與本工東二路口前約50公尺,120.273656,22.810172
6922,岡山分隊,地上,岡山區,本洲里本工三路與本工路口前約100公尺,120.270712,22.812174
6923,岡山分隊,地上,岡山區,本洲里本工五路1-1號正門旁,120.273114774097,22.8076759778883
6924,岡山分隊,地上,岡山區,本洲里本工五路11號門口旁,120.267500343655,22.8111730090927
6925,岡山分隊,地上,岡山區,本洲里本工五路13號門口旁,120.266275,22.811778
6926,岡山分隊,地上,岡山區,本洲里本工五路17號門口旁,120.264531,22.813015
6927,岡山分隊,地上,岡山區,本洲里本工五路26號正門旁變電箱前,120.269621,22.80961
6928,岡山分隊,地上,岡山區,本洲里本工五路30號正門旁,120.268886,22.810078
6929,岡山分隊,地上,岡山區,本洲里本工五路34號正門旁,120.268346,22.810464
6930,岡山分隊,地上,岡山區,本洲里本工五路3號正門右側,120.272621076196,22.8079083027874
6931,岡山分隊,地上,岡山區,本洲里本工五路46號側門圍牆旁,120.267468,22.81099
6932,岡山分隊,地上,岡山區,本洲里本工五路60號正門旁,120.265603,22.81215
6933,岡山分隊,地上,岡山區,本洲里本工五路60號側門旁,120.266263,22.811723
6934,岡山分隊,地上,岡山區,本洲里本工五路68號門口旁,120.264531,22.812875
6935,岡山分隊,地上,岡山區,本洲里本工五路9829前50公尺,120.27081880318,22.8091594640425
6936,岡山分隊,地上,岡山區,本洲里本工五路9832前50公尺,120.268308255542,22.8107813904195
6937,岡山分隊,地上,岡山區,本洲里本工五路世界資源亞太公司側門,120.271140668262,22.8089616668219
6938,岡山分隊,地上,岡山區,本洲里本工五路和本工東二路口（鍵財機械企業對面）,120.271784398425,22.8079408090579
6939,岡山分隊,地上,岡山區,本洲里本工五路焚化爐正門左側,120.268458459247,22.8106033750532
6940,岡山分隊,地上,岡山區,本洲里本工五路焚化爐門口右側,120.26929530846,22.8101088867041
6941,岡山分隊,地上,岡山區,本洲里本工五路與本工東二路口,120.27116,22.808661
6942,岡山分隊,地上,岡山區,本洲里本工五路與本工東二路口（近環保科技大樓）,120.27176,22.808144
6943,岡山分隊,地上,岡山區,本洲里本工五路與本工路口前50公尺,120.269893,22.809475
6944,岡山分隊,地上,岡山區,本洲里本工五路環保科技大樓後門,120.272788,22.807578
6945,岡山分隊,地上,岡山區,本洲里本工六路12號正門前,120.26809,22.809051
6946,岡山分隊,地上,岡山區,本洲里本工六路16號正門前,120.267465,22.80946
6947,岡山分隊,地上,岡山區,本洲里本工六路16號正對面,120.267686973016,22.8088774040933
6948,岡山分隊,地上,岡山區,本洲里本工六路19號正門旁（9815斜對面）,120.264866785706,22.8106033292153
6949,岡山分隊,地上,岡山區,本洲里本工六路26號正門前,120.266855,22.809885
6950,岡山分隊,地上,岡山區,本洲里本工六路26號正對面,120.266736634393,22.8095385667172
6951,岡山分隊,地上,岡山區,本洲里本工六路29號正門旁（9817斜對面）,120.264048,22.811462
6952,岡山分隊,地上,岡山區,本洲里本工六路32號側門旁變電箱前,120.265633,22.810648
6953,岡山分隊,地上,岡山區,本洲里本工六路3號正門旁,120.268238258197,22.808600577851
6954,岡山分隊,地上,岡山區,本洲里本工六路46號側門旁,120.264905,22.811143
6955,岡山分隊,地上,岡山區,本洲里本工六路52號正門旁,120.263906,22.811765
6956,岡山分隊,地上,岡山區,本洲里本工六路62號正門旁,120.262435,22.812988
6957,岡山分隊,地上,岡山區,本洲里本工六路6號正門前,120.268595,22.808735
6958,岡山分隊,地上,岡山區,本洲里本工六路9821前50公尺（9816斜對面）,120.264322230441,22.8111147107412
6959,岡山分隊,地上,岡山區,本洲里本工六路大榮貨運卸貨區旁,120.260988,22.815189
6960,岡山分隊,地上,岡山區,本洲里本工六路寶薰公司側門旁,120.261686,22.81413
6961,岡山分隊,地上,岡山區,本洲里本工西一路10160前約50公尺,120.270792,22.81349
6962,岡山分隊,地上,岡山區,本洲里本工西一路10162正對面,120.270368,22.81386
6963,岡山分隊,地上,岡山區,本洲里本工西一路11號正門旁,120.270454,22.815235
6964,岡山分隊,地上,岡山區,本洲里本工西一路11號正門對面,120.271152,22.814176
6965,岡山分隊,地上,岡山區,本洲里本工西一路ADIVA正門旁,120.269784,22.813016
6966,岡山分隊,地上,岡山區,本洲里本工西一路ADIVA正門對面,120.270272,22.812982
6967,岡山分隊,地上,岡山區,本洲里本工西二路10120約前50公尺,120.268288,22.812632
6968,岡山分隊,地上,岡山區,本洲里本工西二路12號圍牆旁,120.265976,22.808644
6969,岡山分隊,地上,岡山區,本洲里本工西二路1號正門旁,120.26532,22.808054
6970,岡山分隊,地上,岡山區,本洲里本工西二路1號正門對面,120.265824,22.807812
6971,岡山分隊,地上,岡山區,本洲里本工西二路20號正門旁,120.268744,22.813578
6972,岡山分隊,地上,岡山區,本洲里本工西二路21號正門旁,120.267344,22.81227
6973,岡山分隊,地上,岡山區,本洲里本工西二路21號正門對面,120.267448,22.811824
6974,岡山分隊,地上,岡山區,本洲里本工西二路21號側門旁,120.267944,22.81313
6975,岡山分隊,地上,岡山區,本洲里本工西二路21號側門對面,120.267824,22.812456
6976,岡山分隊,地上,岡山區,本洲里本工西二路25號圍牆旁,120.267936,22.813074
6977,岡山分隊,地上,岡山區,本洲里本工西二路26號正門旁,120.26916,22.814024
6978,岡山分隊,地上,岡山區,本洲里本工西二路27號正門旁,120.268432,22.81396
6979,岡山分隊,地上,岡山區,本洲里本工西二路28號正門旁,120.269872,22.814774
6980,岡山分隊,地上,岡山區,本洲里本工西二路31號正門旁,120.268936,22.81456
6981,岡山分隊,地上,岡山區,本洲里本工西二路35號正門旁,120.269248,22.815074
6982,岡山分隊,地上,岡山區,本洲里本工西二路彤駿公司側門旁,120.266112,22.810628
6983,岡山分隊,地上,岡山區,本洲里本工西二路和本工七路口,120.265368,22.808628
6984,岡山分隊,地上,岡山區,本洲里本工西二路與本工六路口前80公尺,120.266048,22.8107
6985,岡山分隊,地上,岡山區,本洲里本工西二路與本工六路口前約50公尺,120.265696,22.80961
6986,岡山分隊,地上,岡山區,本洲里本工西三路10141前約50公尺,120.266944,22.81374
6987,岡山分隊,地上,岡山區,本洲里本工西三路10144前約50公尺前,120.267976,22.815248
6988,岡山分隊,地上,岡山區,本洲里本工西三路10150前約80公尺,120.26789,22.815552
6989,岡山分隊,地上,岡山區,本洲里本工西三路18號正門旁,120.267568,22.814666
6990,岡山分隊,地上,岡山區,本洲里本工西三路18號正門斜對面,120.26732,22.814736
6991,岡山分隊,地上,岡山區,本洲里本工西三路1號正門旁,120.266488,22.813194
6992,岡山分隊,地上,岡山區,本洲里本工西三路1號正門對面,120.266456,22.813248
6993,岡山分隊,地上,岡山區,本洲里本工西三路30號正門前,120.268216,22.816008
6994,岡山分隊,地上,岡山區,本洲里本工西三路30號正門旁,120.268424,22.815794
6995,岡山分隊,地上,岡山區,本洲里本工西三路與本工三路口前約30公尺,120.2668,22.814134
6996,岡山分隊,地上,岡山區,本洲里本工西三路錦德氣體側門旁,120.265936,22.812368
6997,岡山分隊,地上,岡山區,本洲里本工西三路錦德氣體側門對面,120.265848,22.81283
6998,岡山分隊,地上,岡山區,本洲里本工西路10號正門旁,120.262851,22.809468
6999,岡山分隊,地上,岡山區,本洲里本工西路17號正門前,120.263651322754,22.8125864258461
7000,岡山分隊,地上,岡山區,本洲里本工西路21號正門旁,120.2642024,22.8131877
7001,岡山分隊,地上,岡山區,本洲里本工西路23號正門右側20公尺,120.265274515869,22.8148148863693
7002,岡山分隊,地上,岡山區,本洲里本工西路25號正門左側30公尺,120.266250939951,22.8160312824597
7003,岡山分隊,地上,岡山區,本洲里本工西路26號正門正對面,120.262845051312,22.811551491665
7004,岡山分隊,地上,岡山區,本洲里本工西路26號正門旁,120.262784,22.810668
7005,岡山分隊,地上,岡山區,本洲里本工西路27號正門旁,120.266873746558,22.8168282501562
7006,岡山分隊,地上,岡山區,本洲里本工西路28號正門左側50公尺,120.263112,22.812602
7007,岡山分隊,地上,岡山區,本洲里本工西路30號正門左側,120.263904,22.812602
7008,岡山分隊,地上,岡山區,本洲里本工西路36號正門前,120.264990818524,22.8138162096054
7009,岡山分隊,地上,岡山區,本洲里本工西路46號正門右側,120.265555790213,22.8146803683624
7010,岡山分隊,地上,岡山區,本洲里本工西路8463前50公尺,120.265551475671,22.8145601316842
7011,岡山分隊,地上,岡山區,本洲里本工西路上與本工三路口前30公尺,120.266495613245,22.8157270831735
7012,岡山分隊,地上,岡山區,本洲里本工西路上與本洲路口,120.263096,22.80809
7013,岡山分隊,地上,岡山區,本洲里本工西路協茂公司正門斜對面,120.262815622476,22.8083395181979
7014,岡山分隊,地上,岡山區,本洲里本工西路芳生螺絲公司正門左側50公尺,120.267278818277,22.8167654638039
7015,岡山分隊,地上,岡山區,本洲里本工西路芳生螺絲公司正門前,120.266839211887,22.8163195722003
7016,岡山分隊,地上,岡山區,本洲里本工西路與本工二路口,120.267192987589,22.817279706518
7017,岡山分隊,地上,岡山區,本洲里本工東一路1號力大螺絲門口旁,120.274267,22.808288
7018,岡山分隊,地上,岡山區,本洲里本工東一路1號門口旁（近本工三路口）,120.274664,22.808856
7019,岡山分隊,地上,岡山區,本洲里本工東一路2號正門對面,120.273744,22.807756
7020,岡山分隊,地上,岡山區,本洲里本工東一路3號正門前,120.273973,22.807636
7021,岡山分隊,地上,岡山區,本洲里本工東一路3號正門對面,120.274096,22.807542
7022,岡山分隊,地上,岡山區,本洲里本工東一路全聯圍牆旁（近本洲路）,120.273596,22.806441
7023,岡山分隊,地上,岡山區,本洲里本工東一路全聯圍牆對面（近本洲路）,120.273321,22.806431
7024,岡山分隊,地上,岡山區,本洲里本工東二路10100前約50公尺,120.272726,22.809404
7025,岡山分隊,地上,岡山區,本洲里本工東二路10110前50公尺,120.272698,22.809669
7026,岡山分隊,地上,岡山區,本洲里本工東二路10111前約50公尺,120.272328,22.80896
7027,岡山分隊,地上,岡山區,本洲里本工東二路12號正門旁,120.273784,22.81076
7028,岡山分隊,地上,岡山區,本洲里本工東二路12號正門斜對面,120.274096,22.810836
7029,岡山分隊,地上,岡山區,本洲里本工東二路18號正門旁,120.272944,22.810108
7030,岡山分隊,地上,岡山區,本洲里本工東二路18號正門對面,120.273264,22.810026
7031,岡山分隊,地上,岡山區,本洲里本工東二路20號正門旁,120.271853,22.808153
7032,岡山分隊,地上,岡山區,本洲里本工東二路38號正門旁,120.271448,22.806476
7033,岡山分隊,地上,岡山區,本洲里本工東二路38號正門對面,120.271303,22.806675
7034,岡山分隊,地上,岡山區,本洲里本工東二路8號正門旁,120.274776,22.812136
7035,岡山分隊,地上,岡山區,本洲里本工東二路8號正門斜對面,120.27464,22.811678
7036,岡山分隊,地上,岡山區,本洲里本工東二路8號側門旁,120.274352,22.8115
7037,岡山分隊,地上,岡山區,本洲里本工東二路EPOCH停車場旁,120.27239,22.808858
7038,岡山分隊,地上,岡山區,本洲里本工東二路與本工五路口前約50公尺,120.272448,22.808782
7039,岡山分隊,地上,岡山區,本洲里本工南一路1號(億昇鴻公司)旁,120.273152,22.805068
7040,岡山分隊,地上,岡山區,本洲里本工南一路1號(億昇鴻公司)對面,120.273424,22.805234
7041,岡山分隊,地上,岡山區,本洲里本工南一路3號旁,120.272056,22.80477
7042,岡山分隊,地上,岡山區,本洲里本工南一路5號前50公尺,120.268792,22.805032
7043,岡山分隊,地上,岡山區,本洲里本工南一路5號旁,120.270352,22.804912
7044,岡山分隊,地上,岡山區,本洲里本工南一路汙水處理廠大門前50公尺,120.27068,22.804628
7045,岡山分隊,地上,岡山區,本洲里本工南一路汙水處理廠大門旁,120.272808,22.804568
7046,岡山分隊,地上,岡山區,本洲里本工南一路汙水處理廠圍牆旁,120.269376,22.804688
7047,岡山分隊,地上,岡山區,本洲里本工南一路崧成公司旁,120.267912,22.806234
7048,岡山分隊,地上,岡山區,本洲里本工南一路崧成公司對面,120.268288,22.805972
7049,岡山分隊,地上,岡山區,本洲里本工路13號正門前,120.269486,22.808911
7050,岡山分隊,地上,岡山區,本洲里本工路20號正門旁,120.27068,22.809934
7051,岡山分隊,地上,岡山區,本洲里本工路22號門口前,120.269736,22.80811
7052,岡山分隊,地上,岡山區,本洲里本工路25號正門旁,120.274384,22.815364
7053,岡山分隊,地上,岡山區,本洲里本工路36號正門右側,120.272116,22.81194
7054,岡山分隊,地上,岡山區,本洲里本工路36號正門左側,120.27252,22.812408
7055,岡山分隊,地上,岡山區,本洲里本工路50號正門旁,120.273632,22.813918
7056,岡山分隊,地上,岡山區,本洲里本工路66號正門前,120.274608,22.81522
7057,岡山分隊,地上,岡山區,本洲里本工路6號正門旁,120.268808,22.807466
7058,岡山分隊,地上,岡山區,本洲里本工路7號正門前,120.268865,22.808113
7059,岡山分隊,地上,岡山區,本洲里本工路8384前50公尺,120.271064,22.810606
7060,岡山分隊,地上,岡山區,本洲里本工路8385前50公尺,120.271448,22.811074
7061,岡山分隊,地上,岡山區,本洲里本工路8388前50公尺,120.272992,22.812928
7062,岡山分隊,地上,岡山區,本洲里本工路上世鎧精密公司圍牆旁,120.273512,22.81423
7063,岡山分隊,地上,岡山區,本洲里本工路上本洲工業區服務中心正門右側,120.272841,22.813233
7064,岡山分隊,地上,岡山區,本洲里本工路上本洲工業區服務中心正門左側,120.271988,22.812151
7065,岡山分隊,地上,岡山區,本洲里本工路上本洲工業區服務中心停車場前,120.27288,22.813298
7066,岡山分隊,地上,岡山區,本洲里本工路上岡山焚化爐圍牆旁,120.27128,22.811233
7067,岡山分隊,地上,岡山區,本洲里本工路上岡山焚化爐圍牆旁8398前50公尺,120.27084,22.810675
7068,岡山分隊,地上,岡山區,本洲里本工路上岡山焚化爐圍牆旁8399前50公尺,120.27032,22.810033
7069,岡山分隊,地上,岡山區,本洲里本工路上與本工六路路口,120.2692008,22.80811
7070,岡山分隊,地上,岡山區,本洲里本工路與本工一路路口,120.274016,22.8144
7071,岡山分隊,地上,岡山區,本洲里本工路與本工七路路口前20公尺,120.268323,22.80739
7072,岡山分隊,地上,岡山區,本洲里本洲一街110斜對面,120.25984,22.809236
7073,岡山分隊,地上,岡山區,本洲里本洲一街62號前,120.260576,22.808852
7074,岡山分隊,地上,岡山區,本洲里本洲五街活動中心旁,120.261576,22.81004
7075,岡山分隊,地上,岡山區,本洲里本洲五街與本工西路口,120.262336,22.8107
7076,岡山分隊,地上,岡山區,本洲里本洲路179號正門旁,120.272416,22.806158
7077,岡山分隊,地上,岡山區,本洲里本洲路180號正門旁,120.268836,22.806973
7078,岡山分隊,地上,岡山區,本洲里本洲路183號正門左側,120.27176,22.806302
7079,岡山分隊,地上,岡山區,本洲里本洲路186號正門旁,120.267693,22.807133
7080,岡山分隊,地上,岡山區,本洲里本洲路187號正門右側,120.270248,22.806538
7081,岡山分隊,地上,岡山區,本洲里本洲路188號正門旁,120.266808,22.807132
7082,岡山分隊,地上,岡山區,本洲里本洲路189號正門旁,120.268936,22.806752
7083,岡山分隊,地上,岡山區,本洲里本洲路192號正門旁,120.265704,22.807306
7084,岡山分隊,地上,岡山區,本洲里本洲路197之1號正門旁,120.267304,22.80683
7085,岡山分隊,地上,岡山區,本洲里本洲路199號正門前,120.266424,22.806974
7086,岡山分隊,地上,岡山區,本洲里本洲路200號正門右側,120.26488,22.807422
7087,岡山分隊,地上,岡山區,本洲里本洲路200號正門左側,120.263696,22.807608
7088,岡山分隊,地上,岡山區,本洲里本洲路8408前50公尺,120.274035,22.805946
7089,岡山分隊,地上,岡山區,本洲里本洲路上國聯機械側門旁50公尺,120.270406,22.806731
7090,岡山分隊,地上,岡山區,本洲里本洲路上與本工東二路口,120.27155,22.806501
7091,岡山分隊,地上,岡山區,本洲里本洲路上與本工環東路口,120.27504,22.805986
7092,岡山分隊,地上,岡山區,本洲里本洲路興和鑫公司大門正對面,120.272596,22.80621
7093,岡山分隊,地上,岡山區,白米里白米路260巷,120.281512873016,22.7760080019088
7094,岡山分隊,地上,岡山區,白米里白米路78號圍牆旁,120.281296,22.769346
7095,岡山分隊,地上,岡山區,白米里白米路92號(鹽埔農村社區活動中心)前,120.281392,22.77066
7096,岡山分隊,地上,岡山區,白米里白米路與鹽埔路口,120.281464,22.771562
7097,岡山分隊,地上,岡山區,白米里光潭路143號前,120.27442,22.776709
7098,岡山分隊,地上,岡山區,白米里光潭路81號前,120.274998,22.775407
7099,岡山分隊,地上,岡山區,白米里寶米路188巷口,120.279175,22.7763
7100,岡山分隊,地上,岡山區,白米里寶米路351號大峰汽車對面,120.275512621674,22.7722421265764
7101,岡山分隊,地上,岡山區,白米里寶米路369號(燁興企業股份有限公司旁),120.273624346527,22.7705010298969
7102,岡山分隊,地上,岡山區,白米里寶米路380-1號國華保養廠斜對面,120.276387,22.773354
7103,岡山分隊,地上,岡山區,白米里寶米路53號對面,120.281294,22.779006
7104,岡山分隊,地上,岡山區,石潭里石潭路117巷前28旁,120.266203,22.772801
7105,岡山分隊,地上,岡山區,石潭里石潭路159巷19之1號旁,120.266123,22.773708
7106,岡山分隊,地上,岡山區,石潭里石潭路239巷3弄11號對面,120.26798,22.775153
7107,岡山分隊,地上,岡山區,石潭里石潭路77號旁,120.268313,22.771671
7108,岡山分隊,地上,岡山區,石潭里石潭路79巷26號,120.266958,22.772102
7109,岡山分隊,地上,岡山區,石潭里理想國守衛室旁,120.268752,22.774392
7110,岡山分隊,地上,岡山區,竹圍里大仁北路竹圍國小側門對面,120.301731,22.8034239
7111,岡山分隊,地上,岡山區,竹圍里大仁北路與大全街（大全街內）,120.3019657,22.7981173
7112,岡山分隊,地上,岡山區,竹圍里大仁路175巷31號前（竹圍國小圍牆旁、竹圍東街口）,120.303267,22.804445
7113,岡山分隊,地上,岡山區,竹圍里竹圍中街(竹圍活動中心旁),120.302175,22.801403
7114,岡山分隊,地上,岡山區,竹圍里竹圍北街與大仁北路口（立體停車場旁）,120.3019141,22.8025188
7115,岡山分隊,地上,岡山區,竹圍里竹圍東街165巷16號右側10公尺（近東街182巷）,120.30451,22.798646
7116,岡山分隊,地上,岡山區,竹圍里竹圍南街與大仁北路,120.3021474,22.7998599
7117,岡山分隊,地上,岡山區,竹圍里新莊路70之2號(大暐公司)旁,120.305353,22.806103
7118,岡山分隊,地上,岡山區,竹圍里嘉新東路2號旁（慧鋼公司前）,120.3090658,22.8077548
7119,岡山分隊,地上,岡山區,竹圍里嘉新東路32號旁（三多鋼鐵附近）,120.306709,22.807823
7120,岡山分隊,地上,岡山區,竹圍里嘉新東路廣德宮旁,120.303888,22.807335
7121,岡山分隊,地上,岡山區,協和里巨輪路（麟翔汽修廠前）,120.278998,22.797012
7122,岡山分隊,地上,岡山區,協和里巨輪路前峰路口（安全島上）,120.283112,22.798471
7123,岡山分隊,地上,岡山區,協和里巨輪路後勤組大門前,120.277642787064,22.7965681478854
7124,岡山分隊,地上,岡山區,協和里巨輪路與通校路交叉口,120.278288,22.79704
7125,岡山分隊,地上,岡山區,協和里巨輪路與博仁街口（機車道安全島上）,120.282261,22.798141
7126,岡山分隊,地上,岡山區,協和里巨輪路轉通校路15公尺（道路左側）,120.278651,22.796371
7127,岡山分隊,地上,岡山區,協和里育英路轉通校路5公尺,120.280378,22.793931
7128,岡山分隊,地上,岡山區,協和里協和宮正後方,120.281712,22.796052
7129,岡山分隊,地上,岡山區,協和里協和街與吉安街口,120.28216,22.79494
7130,岡山分隊,地上,岡山區,協和里空軍技校對面,120.280376,22.797464
7131,岡山分隊,地上,岡山區,協和里致遠路100號大門旁,120.26846545802,22.7972332644492
7132,岡山分隊,地上,岡山區,協和里致遠路上(協和高幹73號),120.265409525804,22.7968782694074
7133,岡山分隊,地上,岡山區,協和里致遠路統美家具批發倉庫旁,120.272591,22.794719
7134,岡山分隊,地上,岡山區,協和里致遠路與山霸煙路口,120.275406,22.795035
7135,岡山分隊,地上,岡山區,協和里通校路231號(源盛公司)前,120.280757,22.79294
7136,岡山分隊,地上,岡山區,協和里通校路302號前(樂安醫院)旁,120.281176,22.792414
7137,岡山分隊,地上,岡山區,協和里通校路與柳橋西路二段口,120.281152,22.789896
7138,岡山分隊,地上,岡山區,協榮里久和路2號前（台灣第一鹹酥雞）,120.281393,22.784124
7139,岡山分隊,地上,岡山區,協榮里久和路68號旁,120.281418,22.782518
7140,岡山分隊,地上,岡山區,協榮里介壽西路359巷路口,120.27734,22.78427
7141,岡山分隊,地上,岡山區,協榮里協榮路17號旁,120.281782,22.781859
7142,岡山分隊,地上,岡山區,協榮里協榮路18號對面,120.282727,22.78188
7143,岡山分隊,地上,岡山區,和平里和平國小前,120.303464,22.78161
7144,岡山分隊,地上,岡山區,和平里和平路100號前,120.302896,22.782602
7145,岡山分隊,地上,岡山區,和平里和平路112號前,120.302464,22.783362
7146,岡山分隊,地上,岡山區,和平里和平路127號圍牆旁,120.303424,22.783898
7147,岡山分隊,地上,岡山區,和平里和平路54號旁,120.30392,22.78313
7148,岡山分隊,地上,岡山區,岡山里中山北路（銓富中古汽車）旁,120.295438,22.798923
7149,岡山分隊,地上,岡山區,岡山里中山北路280之2號前,120.294740796089,22.7996405981582
7150,岡山分隊,地上,岡山區,岡山里中山北路麥當勞停車場入口,120.298456,22.796518
7151,岡山分隊,地上,岡山區,岡山里中山北路與平和東街口,120.298696,22.794778
7152,岡山分隊,地上,岡山區,岡山里岡山路186巷口（國家康庭旁）,120.296422,22.790523
7153,岡山分隊,地上,岡山區,岡山里岡山路55號前（杏生婦產科）,120.296376,22.788838
7154,岡山分隊,地上,岡山區,岡山里岡山路9號對前（宗明藥局）,120.296448,22.786234
7155,岡山分隊,地上,岡山區,岡山里岡山路自來水公司前,120.295328,22.7978808
7156,岡山分隊,地上,岡山區,岡山里岡山路岡山農會旁,120.295872,22.796254
7157,岡山分隊,地上,岡山區,岡山里岡山路南國電視公司對面,120.296216,22.789814
7158,岡山分隊,地上,岡山區,岡山里岡山路與大德三路口,120.296568,22.788848
7159,岡山分隊,地上,岡山區,岡山里岡山路與文化街口,120.296803,22.787751
7160,岡山分隊,地上,岡山區,岡山里岡山路與平和東街口,120.295912,22.79441
7161,岡山分隊,地上,岡山區,岡山里岡山路與河堤路口,120.296754,22.785817
7162,岡山分隊,地上,岡山區,岡山里岡山路與維新東街口,120.296256,22.79336
7163,岡山分隊,地上,岡山區,岡山里岡山漁市場前,120.292978,22.802071
7164,岡山分隊,地上,岡山區,岡山里忠誠街18號旁,120.29838,22.797804
7165,岡山分隊,地上,岡山區,岡山里後紅路37巷8弄與河堤路路口,120.300852,22.786843
7166,岡山分隊,地上,岡山區,岡山里省岡農工大門前,120.290376,22.803052
7167,岡山分隊,地上,岡山區,岡山里省岡農工宿舍旁(岡農新村50號圍牆旁),120.289629846811,22.8015688286171
7168,岡山分隊,地上,岡山區,岡山里晉禾公司對面（新樂街107號）,120.293663,22.807615
7169,岡山分隊,地上,岡山區,岡山里新樂街92號前,120.294717,22.803588
7170,岡山分隊,地上,岡山區,岡山里嘉新陸橋下清潔隊旁,120.294988,22.804008
7171,岡山分隊,地上,岡山區,忠孝里忠孝路與河堤路二段口,120.291487,22.790125
7172,岡山分隊,地上,岡山區,忠孝里忠孝路與樂群路口,120.29269,22.79016
7173,岡山分隊,地上,岡山區,忠孝里樂群村12號前（與忠孝路保全室聯絡進入）,120.29195,22.789276
7174,岡山分隊,地上,岡山區,忠孝里樂群村15之2號前,120.29271,22.78907
7175,岡山分隊,地上,岡山區,忠孝里勵志二路20號前,120.294306,22.789456
7176,岡山分隊,地上,岡山區,忠孝里勵志二路38之1號前,120.294845,22.788657
7177,岡山分隊,地上,岡山區,忠孝里勵志二路38號對面,120.295116,22.788593
7178,岡山分隊,地上,岡山區,忠孝里勵志路112號前,120.29414,22.79084
7179,岡山分隊,地上,岡山區,信義里大義二路277號前,120.288242,22.785341
7180,岡山分隊,地上,岡山區,信義里大義二路兆湘國小圍牆對面,120.28742,22.78598
7181,岡山分隊,地上,岡山區,信義里介壽路66之21號對面,120.29338,22.78497
7182,岡山分隊,地上,岡山區,信義里空醫院路49號斜對面,120.289472576721,22.7876866969944
7183,岡山分隊,地上,岡山區,信義里阿公店路二段（國宅南側對岸花圃旁）,120.294948,22.784846
7184,岡山分隊,地上,岡山區,信義里阿公店路二段65號前,120.29125,22.78625
7185,岡山分隊,地上,岡山區,信義里健鷹南路81號前,120.29043,22.7866
7186,岡山分隊,地上,岡山區,前峰里公園西路三段160號前,120.284728,22.792451
7187,岡山分隊,地上,岡山區,前峰里公園西路三段81號前,120.284733,22.794835
7188,岡山分隊,地上,岡山區,前峰里公園西路三段甲益汽車修護場前,120.284856,22.79527
7189,岡山分隊,地上,岡山區,前峰里民族路119號(ㄧ安金香舖)對面,120.28644,22.793191
7190,岡山分隊,地上,岡山區,前峰里民族路185號前,120.285025,22.793038
7191,岡山分隊,地上,岡山區,前峰里育英路58號(萊恩補習班對面),120.28296,22.793426
7192,岡山分隊,地上,岡山區,前峰里前峰路111巷44號對面,120.284105,22.796276
7193,岡山分隊,地上,岡山區,前峰里前峰路161號中華電信旁,120.281167,22.801286
7194,岡山分隊,地上,岡山區,前峰里前峰路183號之1後圍牆旁,120.279384,22.802478
7195,岡山分隊,地上,岡山區,前峰里前鋒路111巷14號對面,120.284573,22.796948
7196,岡山分隊,地上,岡山區,前峰里前鋒路與中華路口,120.288268,22.79507
7197,岡山分隊,地上,岡山區,後協里大義二路16之1號前,120.284824,22.789944
7198,岡山分隊,地上,岡山區,後協里大義二路324號前,120.285896,22.787196
7199,岡山分隊,地上,岡山區,後協里大義二路92號前,120.28504,22.788178
7200,岡山分隊,地上,岡山區,後協里介壽西路1號天主堂圍牆旁,120.284616,22.78437
7201,岡山分隊,地上,岡山區,後協里介壽西路後協代天府旁（介壽西路106號）,120.281536,22.784316
7202,岡山分隊,地上,岡山區,後協里協仁街39號前,120.284316,22.786555
7203,岡山分隊,地上,岡山區,後協里協仁街52巷1號對面,120.284389,22.786755
7204,岡山分隊,地上,岡山區,後協里協德街2號旁,120.282848,22.787554
7205,岡山分隊,地上,岡山區,後協里後協路85號(協和廟門牌旁),120.282304,22.785296
7206,岡山分隊,地上,岡山區,後協里通校路與協仁街交叉口,120.281192,22.79082
7207,岡山分隊,地上,岡山區,後紅里大仁北路和岡燕路口（櫻花廚藝旁）,120.302351,22.792037
7208,岡山分隊,地上,岡山區,後紅里大仁南路137巷6號前,120.302952,22.788864
7209,岡山分隊,地上,岡山區,後紅里大仁南路152號前,120.302592,22.787978
7210,岡山分隊,地上,岡山區,後紅里大仁南路180之1號旁,120.302008,22.787128
7211,岡山分隊,地上,岡山區,後紅里大仁南路201號旁,120.302688,22.787324
7212,岡山分隊,地上,岡山區,後紅里大仁南路76號社區活動中心前,120.302288,22.790096
7213,岡山分隊,地上,岡山區,後紅里大德一路482號旁,120.3064,22.792766
7214,岡山分隊,地上,岡山區,後紅里大德一路保五總隊旁,120.306416,22.792144
7215,岡山分隊,地上,岡山區,後紅里大德二路與岡燕路口（7-11對面）,120.306730270386,22.7914938427342
7216,岡山分隊,地上,岡山區,後紅里中山南路308號旁,120.299562,22.787255
7217,岡山分隊,地上,岡山區,後紅里中山南路凱麗賓館前,120.299056,22.792238
7218,岡山分隊,地上,岡山區,後紅里中山南路與大德三路口,120.29932,22.789258
7219,岡山分隊,地上,岡山區,後紅里岡山火車站旁7-11前,120.299022378878,22.7930523006947
7220,岡山分隊,地上,岡山區,後紅里岡山國中大門西側,120.303368,22.79167
7221,岡山分隊,地上,岡山區,後紅里岡山國中大門東側,120.30383,22.791652
7222,岡山分隊,地上,岡山區,後紅里後紅路2號前,120.301048,22.791834
7223,岡山分隊,地上,岡山區,柳橋西路110巷10弄與公園西路三段巷口（吳記鴨肉飯店前方）,120.28493,22.79094
7224,岡山分隊,地上,岡山區,為隨里為隨西路169號前,120.285712,22.820508
7225,岡山分隊,地上,岡山區,為隨里為隨西路69巷口,120.28964,22.815674
7226,岡山分隊,地上,岡山區,為隨里為隨東路48號對面,120.28964,22.818195
7227,岡山分隊,地上,岡山區,為隨里為隨東路60之1號對面,120.289708116568,22.8192577299864
7228,岡山分隊,地上,岡山區,為隨里為隨東路與為隨路路口,120.28968,22.816926
7229,岡山分隊,地上,岡山區,為隨里為隨路13號前,120.291888,22.816636
7230,岡山分隊,地上,岡山區,為隨里為隨路86之1號前,120.2924,22.817316
7231,岡山分隊,地上,岡山區,為隨里為隨路清水寺旁,120.293144,22.818348
7232,岡山分隊,地上,岡山區,為隨東路68號瑞宏保養場前,120.289733,22.820611
7233,岡山分隊,地上,岡山區,程香里4375前300公尺（果菜市場旁、福德路82號）,120.3114,22.788667
7234,岡山分隊,地上,岡山區,程香里岡燕路455號旁,120.309088,22.791174
7235,岡山分隊,地上,岡山區,程香里岡燕路485巷36號前(安拓),120.310536,22.7939
7236,岡山分隊,地上,岡山區,程香里岡燕路617號旁,120.314344,22.788158
7237,岡山分隊,地上,岡山區,程香里岡燕路與介壽東路交界,120.31507,22.786689
7238,岡山分隊,地上,岡山區,程香里岡燕路與國豐帆布旁,120.311664,22.790116
7239,岡山分隊,地上,岡山區,程香里河堤路一段128號,120.306704,22.788126
7240,岡山分隊,地上,岡山區,程香里華園一路82號前,120.30624,22.788618
7241,岡山分隊,地上,岡山區,程香里華園二路15號前(程香活動中心),120.308976,22.789874
7242,岡山分隊,地上,岡山區,程香里華園二路與懷德路交界(圖書室及辦公處),120.309656,22.789904
7243,岡山分隊,地上,岡山區,程香里華園路111號前,120.305353,22.789191
7244,岡山分隊,地上,岡山區,程香里華園路133巷31弄3號（華園路133巷和河堤路一段路口）,120.30492,22.787866
7245,岡山分隊,地上,岡山區,程香里華園路153號前,120.30424,22.788894
7246,岡山分隊,地上,岡山區,程香里華園路19巷口,120.30784,22.78957
7247,岡山分隊,地上,岡山區,程香里聖森路與岡燕路口,120.312609672546,22.7907025495781
7248,岡山分隊,地上,岡山區,華崗里大埔一街68巷2號對面,120.32403,22.823482
7249,岡山分隊,地上,岡山區,華崗里大埔一街86號後門,120.323449,22.823685
7250,岡山分隊,地上,岡山區,華崗里大埔二街78-1號（高鐵橋下）,120.320612,22.820472
7251,岡山分隊,地上,岡山區,華崗里大埔二街與華崗路口,120.322264,22.82452
7252,岡山分隊,地上,岡山區,華崗里陀子三街口,120.319656,22.82425
7253,岡山分隊,地上,岡山區,華崗里陀子中街134號前,120.320024,22.82631
7254,岡山分隊,地上,岡山區,華崗里陀子中街48號前,120.322175,22.825644
7255,岡山分隊,地上,岡山區,華崗里陀子中街71號前,120.32147,22.825825
7256,岡山分隊,地上,岡山區,華崗里陀子中街86號前,120.32128,22.825902
7257,岡山分隊,地上,岡山區,華崗里華崗路105巷9號前,120.32343,22.824218
7258,岡山分隊,地上,岡山區,華崗里嘉華路135-8號（瑞力公司路口）,120.31129,22.8225
7259,岡山分隊,地上,岡山區,華崗里嘉華路17-5號前,120.31669,22.823049
7260,岡山分隊,地上,岡山區,嘉峰里田厝二路65巷口（三叉路口）,120.31964,22.836844
7261,岡山分隊,地上,岡山區,嘉峰里嘉峰里活動中心嘉峰路60巷內,120.31312,22.82739
7262,岡山分隊,地上,岡山區,嘉峰里嘉峰路嘉峰高幹線13號前（近嘉峰路60巷）,120.312118,22.827871
7263,岡山分隊,地上,岡山區,嘉峰里嘉峰路嘉峰高幹線26號前（眾合巷口）,120.314535,22.830904
7264,岡山分隊,地上,岡山區,嘉興里嘉華路春雨工廠旁,120.307292,22.822392
7265,岡山分隊,地上,岡山區,嘉興里嘉興國中前,120.311632,22.816582
7266,岡山分隊,地上,岡山區,嘉興里嘉興路130號前,120.30247092247,22.8186966968064
7267,岡山分隊,地上,岡山區,嘉興里嘉興路254號前,120.303192,22.82143
7268,岡山分隊,地上,岡山區,嘉興里嘉興路316號前(嘉興農會),120.304736,22.82187
7269,岡山分隊,地上,岡山區,壽天里中華路岡山高中側門對面（衛生所旁）,120.290597,22.796173
7270,岡山分隊,地上,岡山區,壽天里公園北路43號前,120.289248,22.80037
7271,岡山分隊,地上,岡山區,壽天里公園東路154號（7-11超商）前,120.290032,22.799252
7272,岡山分隊,地上,岡山區,壽天里公園東路口116巷口對面,120.290896,22.799242
7273,岡山分隊,地上,岡山區,壽天里公園路與公園路56巷口,120.290219,22.798341
7274,岡山分隊,地上,岡山區,壽天里平和路99號前,120.293962,22.794428
7275,岡山分隊,地上,岡山區,壽天里岡山路公園東路口（七叉路口紅綠燈下）,120.294008,22.799826
7276,岡山分隊,地上,岡山區,壽天里開元街25號對面,120.293786,22.793882
7277,岡山分隊,地上,岡山區,壽天里壽天路19號（消防隊）前,120.294424,22.796292
7278,岡山分隊,地上,岡山區,壽天里壽天路66之11號（7-11對面）,120.29309,22.796513
7279,岡山分隊,地上,岡山區,壽天里壽天路秀傳醫院前,120.294648,22.79647
7280,岡山分隊,地上,岡山區,壽天里壽天路與平和路口玉山銀行旁,120.291707,22.795505
7281,岡山分隊,地上,岡山區,壽天里壽天路與維仁路口,120.293236,22.796608
7282,岡山分隊,地上,岡山區,壽天里壽華路131號（全聯超市）旁,120.291999,22.800374
7283,岡山分隊,地上,岡山區,壽天里壽華路155號前,120.291424,22.80111
7284,岡山分隊,地上,岡山區,壽天里壽華路與公園東路口,120.292673,22.799555
7285,岡山分隊,地上,岡山區,壽峰里公園西路二段165號前,120.286005,22.796617
7286,岡山分隊,地上,岡山區,壽峰里公園西路二段96巷2號旁,120.286896,22.797918
7287,岡山分隊,地上,岡山區,壽峰里公園西路二段96巷62號前,120.285828,22.798455
7288,岡山分隊,地上,岡山區,壽峰里阿公店路二段152號前,120.288836,22.795712
7289,岡山分隊,地上,岡山區,壽峰里阿公店路二段191號前,120.288072,22.797013
7290,岡山分隊,地上,岡山區,壽峰里阿公店路二段202號前,120.287648,22.797803
7291,岡山分隊,地上,岡山區,壽峰里阿公店路二段212號前,120.287243,22.798527
7292,岡山分隊,地上,岡山區,壽峰里前峰路152之1號前,120.284555,22.797688
7293,岡山分隊,地上,岡山區,碧紅里大德一路155號斜對面,120.305633,22.796541
7294,岡山分隊,地上,岡山區,碧紅里大德一路196號前,120.304696,22.797275
7295,岡山分隊,地上,岡山區,碧紅里大德一路和大仁北路口,120.302593,22.797096
7296,岡山分隊,地上,岡山區,碧紅里大德一路長欣木業後側338號,120.30618,22.794501
7297,岡山分隊,地上,岡山區,碧紅里平和東街23號前,120.297917,22.794591
7298,岡山分隊,地上,岡山區,碧紅里永樂街2巷45之1號前,120.30694,22.79638
7299,岡山分隊,地上,岡山區,碧紅里永樂街97號前,120.301304,22.79509
7300,岡山分隊,地上,岡山區,碧紅里岡燕路31巷3弄1號前,120.297032,22.795206
7301,岡山分隊,地上,岡山區,碧紅里站東街21號旁,120.300864,22.79343
7302,岡山分隊,地上,岡山區,碧紅里站東街52號旁,120.30074,22.79501
7303,岡山分隊,地上,岡山區,碧紅里頂紅街與站東街交叉口,120.300704,22.795724
7304,岡山分隊,地上,岡山區,碧紅里華夏新村39號前,120.304638,22.79349
7305,岡山分隊,地上,岡山區,碧紅里碧紅街50巷巷口,120.304201,22.796213
7306,岡山分隊,地上,岡山區,碧紅里維新東街與後興北路口,120.298112,22.793616
7307,岡山分隊,地上,岡山區,福興里頂潭北路111號前,120.266193,22.776843
7308,岡山分隊,地上,岡山區,福興里頂潭北路65號前,120.267956,22.778358
7309,岡山分隊,地上,岡山區,福興里頂潭北路68巷1之6號對面,120.268295,22.778657
7310,岡山分隊,地上,岡山區,福興里頂潭路63巷63號對面,120.267688,22.776891
7311,岡山分隊,地上,岡山區,福興里頂潭路與頂潭北路口,120.269893,22.779181
7312,岡山分隊,地上,岡山區,維仁里仁壽橋旁,120.290676,22.793941
7313,岡山分隊,地上,岡山區,維仁里溪東路10號前,120.290988,22.793611
7314,岡山分隊,地上,岡山區,維仁里溪東路38號（德昌藥局）前,120.29131,22.7925
7315,岡山分隊,地上,岡山區,維仁里維仁路145號（新光銀行）前,120.29267,22.79475
7316,岡山分隊,地上,岡山區,維仁里維仁路85號前,120.29232,22.793615
7317,岡山分隊,地上,岡山區,維仁里維仁路與柳橋東路口（大大五金）旁,120.29258,22.79106
7318,岡山分隊,地上,岡山區,維新路121號水果攤前,120.292356,22.793064
7319,岡山分隊,地上,岡山區,劉厝里國軒路295號旁電線杆,120.287502,22.781939
7320,岡山分隊,地上,岡山區,劉厝里國軒路317號對面,120.286745,22.782019
7321,岡山分隊,地上,岡山區,劉厝里國軒路A區滯洪池停車場西側50公尺,120.285324,22.782
7322,岡山分隊,地上,岡山區,劉厝里國軒路上欣欣市場東南側出口旁10公尺,120.284281,22.782002
7323,岡山分隊,地上,岡山區,劉厝里國軒路滯洪池A區停車場對面,120.285992,22.782012
7324,岡山分隊,地上,岡山區,劉厝里登科街106號,120.290464,22.780266
7325,岡山分隊,地上,岡山區,劉厝里登科街與國軒路路口,120.291351714294,22.7819701886584
7326,岡山分隊,地上,岡山區,劉厝里登科街與劉厝路140巷口,120.291584,22.780588
7327,岡山分隊,地上,岡山區,劉厝里劉厝路40巷19號（國軒路上）,120.28857,22.781912
7328,岡山分隊,地上,岡山區,醒村菜市場後方靠近國軒路路口,120.28433,22.782157
7329,岡山分隊,地上,岡山區,醒村菜市場停車場後方,120.284653,22.783059
7330,岡山分隊,地上,岡山區,灣裡里育才路15號前,120.279136,22.80677
7331,岡山分隊,地上,岡山區,灣裡里育才路38巷1弄2號旁(花都社區),120.280624,22.809662
7332,岡山分隊,地上,岡山區,灣裡里育才路與正氣路口,120.280888,22.808634
7333,岡山分隊,地上,岡山區,灣裡里岡山北路2巷49號前方,120.288264,22.810231
7334,岡山分隊,地上,岡山區,灣裡里岡山北路車之輪汽車百貨圍牆旁,120.28452,22.808186
7335,岡山分隊,地上,岡山區,灣裡里灣裡路130號對面,120.281512,22.810908
7336,岡山分隊,地上,岡山區,灣裡里灣裡路71號前,120.28248,22.812286
7337,田寮分隊,地上,田寮區,七星里七星路70之號1（蔡華僑附近）,120.389916666667,22.8329444444444
7338,田寮分隊,地上,田寮區,七星里田仔埔與進安宮路口之1,120.407666666667,22.8176666666667
7339,田寮分隊,地上,田寮區,七星路11號（蛙潭派出所前）,120.406583333333,22.8305
7340,田寮分隊,地上,田寮區,七星路51之1號田寮消防隊前,120.405638888889,22.8249166666667
7341,田寮分隊,地上,田寮區,七星路高分尾103與104號電線桿旁,120.382583333333,22.83375
7342,田寮分隊,地上,田寮區,七星路高分尾25號電線桿（七星幹85號）旁,120.398833333333,22.8250555555556
7343,田寮分隊,地上,田寮區,七星路高分尾29號電線桿旁（28與29號電桿中間）,120.397388888889,22.8250833333333
7344,田寮分隊,地上,田寮區,七星路高分尾81號電線桿旁（往石頭廟叉路，附近有黃色石頭）,120.388416666667,22.8336944444444
7345,田寮分隊,地上,田寮區,七星路高分尾88號電線桿旁,120.386305555556,22.8330833333333
7346,田寮分隊,地上,田寮區,大同里大同路24-10號（明心園靜心養生中心）前100公尺處,120.389611111111,22.849
7347,田寮分隊,地上,田寮區,大同路36號（大同里活動中心前）,120.386611111111,22.8498888888889
7348,田寮分隊,地上,田寮區,大安橋前右轉約100公尺處,120.414861111111,22.8440555555556
7349,田寮分隊,地上,田寮區,古亭里水庫巷口,120.399388888889,22.8942777777778
7350,田寮分隊,地上,田寮區,古亭路七號（古亭國小斜對面）,120.403416666667,22.8935833333333
7351,田寮分隊,地上,田寮區,平安路聖母宮前,120.369933333333,22.8433722222222
7352,田寮分隊,地上,田寮區,田仔埔金山高幹135號電線桿對 面,120.408638888889,22.8198611111111
7353,田寮分隊,地上,田寮區,田寮普唵宮前,120.41125,22.8451944444444
7354,田寮分隊,地上,田寮區,田寮路20號（田?里活動中心前）,120.407111111111,22.8398055555556
7355,田寮分隊,地上,田寮區,田?路1號（星星兒之家）斜對面,120.406555555556,22.8380555555556
7356,田寮分隊,地上,田寮區,西德里西德路與糖廠巷口,120.374592515562,22.8784873189124
7357,田寮分隊,地上,田寮區,西德里長山路1號（大岡山高爾夫球場路口）,120.364666666667,22.8806388888889
7358,田寮分隊,地上,田寮區,西德里新路52號前,120.351166666667,22.8851111111111
7359,田寮分隊,地上,田寮區,西德里新路仔清水廟前,120.357416666667,22.8882777777778
7360,田寮分隊,地上,田寮區,西德里糖廠前,120.374611111111,22.8738888888889
7361,田寮分隊,地上,田寮區,西德路47-6號,120.366216,22.875634
7362,田寮分隊,地上,田寮區,南安里南安社區前,120.378472222222,22.8589722222222
7363,田寮分隊,地上,田寮區,南安里南安路107號,120.370972222222,22.8631388888889
7364,田寮分隊,地上,田寮區,南安里南安路58號旁,120.379583333333,22.8580277777778
7365,田寮分隊,地上,田寮區,南安里南安路與內外安路口,120.379833333333,22.8564722222222
7366,田寮分隊,地上,田寮區,南安里崗安路14號（朝元寺前）,120.357833333333,22.8544722222222
7367,田寮分隊,地上,田寮區,南安里崗安路48號 （田寮國中前）,120.360166666667,22.8628333333333
7368,田寮分隊,地上,田寮區,南安里崗安路99號（田寮分駐所前）,120.357388888889,22.8740555555556
7369,田寮分隊,地上,田寮區,南安里崗安路與南安路口,120.360444444444,22.8667678838333
7370,田寮分隊,地上,田寮區,南安里崗安路與崗北路口,120.359305555556,22.8713333333333
7371,田寮分隊,地上,田寮區,南安里崗安橋前500公尺,120.369416666667,22.8642222222222
7372,田寮分隊,地上,田寮區,南安里零售市場前,120.359722222222,22.8727777777778
7373,田寮分隊,地上,田寮區,南安路與珍珠山入口處,120.373169444444,22.8548638888889
7374,田寮分隊,地上,田寮區,崇德里崇德路與北勢巷口,120.383831843256,22.8793814092286
7375,田寮分隊,地上,田寮區,崇德路101號（崇德國小前）,120.379549,22.878035
7376,田寮分隊,地上,田寮區,崇德路49號（崇德派出所前）,120.3805622,22.8774307
7377,田寮分隊,地上,田寮區,崇德路91號（老人活動中心前）,120.382527777778,22.8774444444444
7378,田寮分隊,地上,田寮區,崗安路71號（區公所前）,120.359888888889,22.8700277777778
7379,田寮分隊,地上,田寮區,鹿北巷1號,120.415233333333,22.8914638888889
7380,田寮分隊,地上,田寮區,鹿南巷4號（清安宮對面）,120.4235256,22.8801123
7381,田寮分隊,地上,田寮區,鹿埔里台28線22.5公里處,120.42025,22.88925
7382,田寮分隊,地上,田寮區,鹿埔里台28線23公里處,120.4245,22.88675
7383,田寮分隊,地上,田寮區,新興里新興路183號,120.357944444444,22.8403055555556
7384,田寮分隊,地上,田寮區,新興路38號（新興路與大新路口）,120.369751156251,22.8357907236771
7385,田寮分隊,地上,田寮區,新興路93號（田寮農會新興分部旁）,120.365861111111,22.8364166666667
7386,彌陀分隊,地上,彌陀區,二高新村前-台17線.中正東路上,120.254239,22.774277
7387,彌陀分隊,地上,彌陀區,山頂路上（往納骨塔）,120.25333,22.77117
7388,彌陀分隊,地上,彌陀區,山霸煙路506之15號,120.253717,22.794586
7389,彌陀分隊,地上,彌陀區,山霸煙路509號（元之寧公司）,120.252292,22.794361
7390,彌陀分隊,地上,彌陀區,山霸煙路77號前,120.247919,22.792948
7391,彌陀分隊,地上,彌陀區,山霸煙路-皮影戲雕像旁-516號,120.255127,22.794653
7392,彌陀分隊,地上,彌陀區,中山路與中正西路口,120.247456,22.778989
7393,彌陀分隊,地上,彌陀區,中正西路163號前,120.247069,22.781804
7394,彌陀分隊,地上,彌陀區,中正東路523號北側,120.247044,22.789206
7395,彌陀分隊,地上,彌陀區,中正東路中華路口（中正東路125之1號）旁,120.251519,22.781701
7396,彌陀分隊,地上,彌陀區,中正南路77之5號前,120.252726,22.775701
7397,彌陀分隊,地上,彌陀區,中正南路與忠孝路口（中正南路61號旁）,120.250958,22.777252
7398,彌陀分隊,地上,彌陀區,中正路6巷口-原中正路.中華路口,120.249195889549,22.7809718378236
7399,彌陀分隊,地上,彌陀區,中正路自由巷口（中正路2號旁）,120.250082,22.779202
7400,彌陀分隊,地上,彌陀區,中正路與中山路口,120.249713,22.779718
7401,彌陀分隊,地上,彌陀區,中正路與中正北路口,120.247684,22.784613
7402,彌陀分隊,地上,彌陀區,中華路4號(鄉公所)前,120.250706179237,22.7813333241118
7403,彌陀分隊,地上,彌陀區,仁愛街與光和北路口,120.243018,22.783819
7404,彌陀分隊,地上,彌陀區,公園路101號前-果菜市場旁小路,120.241685,22.761633
7405,彌陀分隊,地上,彌陀區,文安路東段148號社區牌板旁,120.243461,22.794906
7406,彌陀分隊,地上,彌陀區,文安路與產業路口,120.240479,22.794299
7407,彌陀分隊,地上,彌陀區,四維路53號前,120.24865,22.76251
7408,彌陀分隊,地上,彌陀區,民生街209號旁,120.24878,22.785237
7409,彌陀分隊,地上,彌陀區,光和路166號對面-原168-1,120.239963,22.782084
7410,彌陀分隊,地上,彌陀區,光和路38號前,120.24321,22.78321
7411,彌陀分隊,地上,彌陀區,光和路3號對面,120.24563,22.783916
7412,彌陀分隊,地上,彌陀區,光和路88號旁,120.241868,22.782799
7413,彌陀分隊,地上,彌陀區,光和路8號旁,120.244236,22.783513
7414,彌陀分隊,地上,彌陀區,忠孝路68巷30號前,120.248795,22.777595
7415,彌陀分隊,地上,彌陀區,南寮路116號對面-福德宮,120.236752,22.760244
7416,彌陀分隊,地上,彌陀區,南寮路與公園路口,120.243045,22.763821
7417,彌陀分隊,地上,彌陀區,南寮路與漁港路口,120.239228788885,22.7610826533003
7418,彌陀分隊,地上,彌陀區,南寮廟前-南寮路中山巷,120.238362,22.76056
7419,彌陀分隊,地上,彌陀區,海尾路30號前,120.246085,22.777772
7420,彌陀分隊,地上,彌陀區,海尾路齊天宮旁,120.237469,22.775256
7421,彌陀分隊,地上,彌陀區,產業路.鹽埕北路口,120.243071,22.789094
7422,彌陀分隊,地上,彌陀區,產業路186號（順彬木業前）,120.240968,22.793182
7423,彌陀分隊,地上,彌陀區,產業路與安樂路口,120.24305,22.788506
7424,彌陀分隊,地上,彌陀區,進學路與忠孝路口,120.247008,22.776611
7425,彌陀分隊,地上,彌陀區,新庄活動中心前-新庄路1號,120.24504,22.75407
7426,彌陀分隊,地上,彌陀區,新莊路4巷口,120.24623,22.75489
7427,彌陀分隊,地上,彌陀區,壽齡國小前往抽水站產業路上-國校路1號,120.234118,22.794801
7428,彌陀分隊,地上,彌陀區,漯底路61巷口,120.244597,22.768957
7429,彌陀分隊,地上,彌陀區,樂安路87號旁,120.24347,22.765726
7430,彌陀分隊,地上,彌陀區,彌陀分隊旁-中正北路7號,120.246196,22.783929
7431,彌陀分隊,地上,彌陀區,彌陀區漁會前-漁港ㄧ路60號,120.23579,22.76205
7432,彌陀分隊,地上,彌陀區,舊港路1之16號旁,120.23088,22.796894
7433,彌陀分隊,地上,彌陀區,舊港路5號旁,120.230219,22.797651
7434,彌陀分隊,地上,彌陀區,舊港橫路1號前（舊港派出所旁）,120.231209,22.799576
7435,彌陀分隊,地上,彌陀區,鹽埕大路138號加油站前,120.245353,22.790523
7436,彌陀分隊,地上,彌陀區,鹽埕中路與鹽港一路口,120.244656,22.786858
7437,彌陀分隊,地上,彌陀區,鹽港一路3號前,120.246841,22.786732
7438,彌陀分隊,地上,彌陀區,鹽港二路與過港路成功巷口（慈善會旁）,120.243299,22.785785
7439,永安分隊,地上,永安區,永工一路10號聚惠公司對面,120.2543551,22.8139196
7440,永安分隊,地上,永安區,永工一路12號台灣端板鋼鐵公司對面,120.2543668,22.8147025
7441,永安分隊,地上,永安區,永工一路17號璟茂公司右前,120.2543328,22.815486
7442,永安分隊,地上,永安區,永工一路18號勝一公司二廠對面,120.254333,22.816878
7443,永安分隊,地上,永安區,永工一路3號左側,120.254253,22.809841
7444,永安分隊,地上,永安區,永工一路3號前,120.254252,22.810721
7445,永安分隊,地上,永安區,永工一路5號勝一化工公司右側,120.254274,22.812527
7446,永安分隊,地上,永安區,永工一路6號高興昌鋼鐵公司對面,120.254255,22.811806
7447,永安分隊,地上,永安區,永工一路9號盷辰公司右側,120.254257,22.813254
7448,永安分隊,地上,永安區,永工七路21號慈陽倉庫對面,120.253896,22.817057
7449,永安分隊,地上,永安區,永工七路3號慈陽科技公司左側,120.253366,22.817039
7450,永安分隊,地上,永安區,永工九、三路18號轉角立洲油脂公司旁,120.250073,22.815897
7451,永安分隊,地上,永安區,永工九路1號大州公司右側,120.251207,22.815894
7452,永安分隊,地上,永安區,永工九路高力熱處理公司前對面,120.252065,22.815961
7453,永安分隊,地上,永安區,永工二路11號春星工業右側,120.252093,22.814035
7454,永安分隊,地上,永安區,永工二路17號金蜂公司左側,120.25217,22.815203
7455,永安分隊,地上,永安區,永工二路23號信元公司前,120.252185,22.816916
7456,永安分隊,地上,永安區,永工二路2號中日國際企業有限公司前,120.252163,22.808517
7457,永安分隊,地上,永安區,永工二路6號關西塗料公司左側（永工五路上）,120.252549,22.809371
7458,永安分隊,地上,永安區,永工二路6號鶴壽瓦楞紙器公司左側,120.25206,22.8104
7459,永安分隊,地上,永安區,永工二路7號卜蜂公司右側,120.252063,22.812118
7460,永安分隊,地上,永安區,永工二路7號卜蜂公司左側,120.2520736,22.81187
7461,永安分隊,地上,永安區,永工二路9號見龍機構左側,120.252061,22.81296
7462,永安分隊,地上,永安區,永工十路2號有益鋼鐵公司前,120.249575,22.81342
7463,永安分隊,地上,永安區,永工三路11號力大螺絲公司斜對面,120.249953,22.814186
7464,永安分隊,地上,永安區,永工三路18美和公司對面,120.2498,22.814953
7465,永安分隊,地上,永安區,永工三路2號慶圖公司右側,120.249948,22.810131
7466,永安分隊,地上,永安區,永工三路4號衛普實業公司右側,120.24997,22.810998
7467,永安分隊,地上,永安區,永工三路4號衛普實業公司左側,120.249993,22.811751
7468,永安分隊,地上,永安區,永工三路5號有益鋼鐵公司斜對面,120.2498,22.812188
7469,永安分隊,地上,永安區,永工三路7號鈄對面,120.249985,22.813378
7470,永安分隊,地上,永安區,永工五路2號國精公司左側,120.253906,22.809339
7471,永安分隊,地上,永安區,永工五路3號信元公司對面,120.25497,22.809324
7472,永安分隊,地上,永安區,永工五路6號鶴壽瓦楞紙器公司右側,120.25153,22.8093971
7473,永安分隊,地上,永安區,永工五路7號海華鋼鐵對面,120.250399,22.809294
7474,永安分隊,地上,永安區,永工六路2號原本生技公司前,120.255344,22.813943
7475,永安分隊,地上,永安區,永安路32號永安區公所前,120.22428,22.818281
7476,永安分隊,地上,永安區,永安路43號中正堂前,120.225697752115,22.81861416741
7477,永安分隊,地上,永安區,永安路7號永安消防隊前,120.23683,22.8234
7478,永安分隊,地上,永安區,永華路2號與永安路口,120.226312,22.818749
7479,永安分隊,地上,永安區,永華路47號永安國小前,120.224374,22.8159156
7480,永安分隊,地上,永安區,永新路64-2號與新興路口,120.21073,22.81779
7481,永安分隊,地上,永安區,永達路2號與永華路口,120.222263460327,22.8144730517187
7482,永安分隊,地上,永安區,光明9巷69-10號維新國小前,120.247023,22.804573
7483,永安分隊,地上,永安區,光明9巷69-12號前,120.250205,22.805115
7484,永安分隊,地上,永安區,忠孝街92號前,120.222162561127,22.818453983269
7485,永安分隊,地上,永安區,保安路130巷52號（都市大地）,120.2372703,22.8317388
7486,永安分隊,地上,永安區,保安路213-3號前（福德祠旁）,120.235041688361,22.8310852091029
7487,永安分隊,地上,永安區,保安路248號福記加油站前,120.234704,22.83793
7488,永安分隊,地上,永安區,保安路47號永安加油站前,120.242029214264,22.8140955776845
7489,永安分隊,地上,永安區,保安路4號金隍宮前,120.246266,22.79837
7490,永安分隊,地上,永安區,保安路6巷永安大鎮前,120.245001,22.816437
7491,永安分隊,地上,永安區,保安路71-4號與永安路口,120.23793,22.82383
7492,永安分隊,地上,永安區,保寧路8-10號,120.2374585,22.837114
7493,永安分隊,地上,永安區,新興路1-21號遠東氣體公司右側,120.211091,22.814036
7494,永安分隊,地上,永安區,新興路132號對面新港國小前,120.2093205,22.8213613
7495,永安分隊,地上,永安區,新興路196之1號旁,120.2075339,22.8238178
7496,永安分隊,地上,永安區,新興路87號前,120.206308,22.829003
7497,永安分隊,地上,永安區,新興路99號鹽田活動中心前,120.208656,22.833612
7498,永安分隊,地上,永安區,維新村光明7巷5-2號前,120.248971,22.810031
7499,永安分隊,地上,永安區,維新里復興路13號對面,120.23492,22.80226
7500,永安分隊,地上,永安區,維新路35之8號,120.243776,22.810832
7501,永安分隊,地上,永安區,維新路7號,120.259744,22.807864
7502,永安分隊,地上,永安區,維新路-本洲路423號前,120.243776,22.810832
7503,永安分隊,地上,永安區,興達路7之1號(烏林投社區標誌下),120.20543,22.83798
7504,內門分隊,地上,內門區,內東里長潭高分6號前（往西門國小）,120.4333,22.920086
7505,內門分隊,地上,內門區,內東里茄苳崙182縣道福龍宮路口,120.43208,22.924878
7506,內門分隊,地上,內門區,內東里第七公墓前,120.437844,22.91599
7507,內門分隊,地上,內門區,內門里三崁店往二埔（內門高幹188-1號前）,120.464471,22.949551
7508,內門分隊,地上,內門區,內門里墩仔腳30-10號前,120.467306,22.938976
7509,內門分隊,地上,內門區,內門里墩仔腳3號前,120.46532,22.937005
7510,內門分隊,地上,內門區,內門里墩仔腳5號前,120.46614,22.937398
7511,內門分隊,地上,內門區,內門里墩仔腳謝府元帥後,120.46689435582,22.9454866003606
7512,內門分隊,地上,內門區,內門國小前,120.461272,22.939365
7513,內門分隊,地上,內門區,內南里大坑跳橋前（番仔路到底）,120.451553,22.910728
7514,內門分隊,地上,內門區,內南里竹戈寮（埔尾幹112）高136縣8KM處,120.45092,22.894656
7515,內門分隊,地上,內門區,內南里菜園頂14號旁（油庫前）,120.465585,22.911533
7516,內門分隊,地上,內門區,內南里腳帛寮3-1號前,120.447268,22.905401
7517,內門分隊,地上,內門區,內南里腳帛寮7號前,120.449103,22.906348
7518,內門分隊,地上,內門區,內豐里十三甲輪胎行前,120.461448,22.936644
7519,內門分隊,地上,內門區,內豐里大份田6號後,120.45939,22.938575
7520,內門分隊,地上,內門區,內豐里內埔55-55號旁（鴨母寮方向）,120.457945,22.940498
7521,內門分隊,地上,內門區,內豐里內埔57-1號商店前,120.460345,22.940671
7522,內門分隊,地上,內門區,內豐里內埔往頂厝方向（頂厝幹10號、分幹7）,120.457922,22.942991
7523,內門分隊,地上,內門區,內豐里內埔往頂厝方向（頂厝幹7號）,120.458775,22.942163
7524,內門分隊,地上,內門區,內豐里頂厝23號前,120.456531,22.944268
7525,內門分隊,地上,內門區,內豐里頂厝4號商店前,120.455608,22.94537
7526,內門分隊,地上,內門區,內豐里頂厝9號豬舍前,120.4548321,22.947155
7527,內門分隊,地上,內門區,木柵里口湖幹1號旁（台三線中新三叉路口）,120.46682,22.967521
7528,內門分隊,地上,內門區,木柵里內湖15號前（台三線）,120.471653,22.959845
7529,內門分隊,地上,內門區,台三線順賢宮大門入口,120.47052,22.909332
7530,內門分隊,地上,內門區,永吉里信義幹135號前（高121）,120.485443,22.985011
7531,內門分隊,地上,內門區,永吉里信義幹142號前（高121）,120.488773,22.986785
7532,內門分隊,地上,內門區,永吉里新生18號前（高114）,120.497328,22.978293
7533,內門分隊,地上,內門區,永興里二彈庫前（高114）,120.510726,22.980381
7534,內門分隊,地上,內門區,永興里藤坑幹16號前（高114）,120.506606,22.981253
7535,內門分隊,地上,內門區,永興里藤坑幹39號（高114）,120.51368,22.974986
7536,內門分隊,地上,內門區,永興里藤坑幹4號（高114）,120.501441,22.981738
7537,內門分隊,地上,內門區,石坑里內份子11-6號前（高121）,120.475268,22.952115
7538,內門分隊,地上,內門區,石坑里信義幹21號前（高121）,120.469916,22.951171
7539,內門分隊,地上,內門區,石坑里信義幹27號前（高121）,120.471713,22.951493
7540,內門分隊,地上,內門區,石坑里信義幹29-1號前（高121）,120.47251,22.951123
7541,內門分隊,地上,內門區,石坑里信義幹34-1號前（高121）,120.474698,22.951521
7542,內門分隊,地上,內門區,石坑里信義幹53號前（高121）,120.477402,22.957262
7543,內門分隊,地上,內門區,石坑里隘寮19號對面（高121信義幹15-1）,120.468546,22.949491
7544,內門分隊,地上,內門區,光興里牛稠崙10號後（高124）,120.452459,22.946671
7545,內門分隊,地上,內門區,光興里烏山坑（鴨寮分45右1）,120.449228,22.946019
7546,內門分隊,地上,內門區,光興里菜公坑50號（消防隊前）,120.45857,22.929561
7547,內門分隊,地上,內門區,光興里鴨母寮13號前（鴨寮幹13）,120.453946,22.9397
7548,內門分隊,地上,內門區,光興里鴨母寮19號前（筷子加工旁）,120.455801,22.940156
7549,內門分隊,地上,內門區,光興里鴨母寮1號前,120.452631,22.938103
7550,內門分隊,地上,內門區,東埔里東勢埔10-6號（東埔幹34）,120.469926,22.929258
7551,內門分隊,地上,內門區,東埔里東勢埔5號前（東埔幹23號）,120.46914,22.925493
7552,內門分隊,地上,內門區,東埔里龍潭26號旁（東埔幹5-1號）,120.462706,22.920568
7553,內門分隊,地上,內門區,東埔里龍潭天后宮旁,120.464451,22.922131
7554,內門分隊,地上,內門區,金竹里安定19號（高117）,120.523913,23.013787
7555,內門分隊,地上,內門區,溝坪里溝坪幹10號前（高117）,120.50169,22.996288
7556,內門分隊,地上,內門區,溝坪里溝坪幹211號前（高117）,120.502808,22.999311
7557,內門分隊,地上,內門區,溝坪里溝坪橋前（高121）,120.500871,22.991844
7558,內門分隊,地上,內門區,瑞山里下崁子1號後面（高136）,120.4446,22.900398
7559,內門分隊,地上,內門區,瑞山里活動中心前,120.436815,22.903546
7560,內門分隊,地上,內門區,觀亭里中正路227號旁（內門托兒所）,120.453351,22.91857
7561,內門分隊,地上,內門區,觀亭里中正路229巷28號旁（觀亭國小操場圍牆）,120.452763,22.917253
7562,內門分隊,地上,內門區,觀亭里中正路256號斜對面（往中埔派出所方向）,120.451827,22.918969
7563,內門分隊,地上,內門區,觀亭里內門加油站前（台三線）,120.45553,22.920915
7564,內門分隊,地上,內門區,觀亭里內門國中前,120.453358,22.922508
7565,內門分隊,地上,內門區,觀亭里南屏路78號旁,120.456179,22.919322
7566,內門分隊,地上,內門區,觀亭里南屏路一本煤氣行前,120.45543,22.918665
7567,內門分隊,地上,內門區,觀亭里埔尾（高120埔尾幹35號靠近觀音橋）,120.444933,22.909243
7568,內門分隊,地上,內門區,觀亭里番仔路25-1號前,120.452963,22.913661
7569,內門分隊,地上,內門區,觀亭里番仔路9號對面,120.453498,22.915078
7570,內門分隊,地上,內門區,觀亭里番仔路養護院旁,120.454646,22.912493
7571,內門分隊,地上,內門區,觀亭里紫竹寺停車場前,120.454803,22.916441
7572,內門分隊,地上,內門區,觀亭里觀亭國小宿舍前（進牌樓內）,120.45438,22.917573
7573,旗山分隊,地上,旗山區,力行巷5號前,120.472288834324,22.8712921087524
7574,旗山分隊,地上,旗山區,大坑巷往十方山,120.4511093,22.8663043
7575,旗山分隊,地上,旗山區,中山路158號  陽信銀行右邊,120.482147222222,22.89005
7576,旗山分隊,地上,旗山區,中山路與永褔街交叉口(旗山農會),120.482003558895,22.8871323359059
7577,旗山分隊,地上,旗山區,中正路269號(中正路與義德街交叉口),120.480090857095,22.8913385502296
7578,旗山分隊,地上,旗山區,中正路306號與308中間,120.479972597842,22.8919716024331
7579,旗山分隊,地上,旗山區,中正路313巷1號前,120.478745,22.892513
7580,旗山分隊,地上,旗山區,中正路390號前,120.479655417162,22.8936327063917
7581,旗山分隊,地上,旗山區,中正路462號前,120.479987,22.894828
7582,旗山分隊,地上,旗山區,中正路560號前,120.480583799354,22.8963428097799
7583,旗山分隊,地上,旗山區,中正路639號(博仁會館後面),120.481186961971,22.8974682611366
7584,旗山分隊,地上,旗山區,中正路690號(正福機車行旁 ),120.481608798777,22.8982124103567
7585,旗山分隊,地上,旗山區,中正路與仁和街交叉口-靠旗山國小圍牆,120.480131760783,22.8904329368675
7586,旗山分隊,地上,旗山區,中正路與平和街交叉口,120.480028495735,22.8891739636403
7587,旗山分隊,地上,旗山區,中正路與旗甲路口（鼓山國小）,120.482114344163,22.8985796092543
7588,旗山分隊,地上,旗山區,中宅巷2號--排氣用,120.477710366249,22.8794124861772
7589,旗山分隊,地上,旗山區,中宅巷3號--排氣用,120.47907024622,22.8780459130737
7590,旗山分隊,地上,旗山區,中宅巷6號--排氣用,120.478670597076,22.8789182479445
7591,旗山分隊,地上,旗山區,中洲路瑞士山莊內側,120.472335,22.85848
7592,旗山分隊,地上,旗山區,中華路1006-26號（署立旗山醫院急診右側）,120.48351935582,22.8797931904699
7593,旗山分隊,地上,旗山區,中華路583-1號（霸味薑母鴨店對面公園走道旁）,120.48453,22.88998
7594,旗山分隊,地上,旗山區,中華路618號（廣聖醫院前）,120.4856188,22.8848491
7595,旗山分隊,地上,旗山區,中華路大都會餐廳前,120.48555945215,22.886177913191
7596,旗山分隊,地上,旗山區,中華路麥當勞速食店（面對大門）右側,120.485568437712,22.8843879625838
7597,旗山分隊,地上,旗山區,中華路與大同路交叉口右側,120.485450420515,22.883408787223
7598,旗山分隊,地上,旗山區,中華路與華中街交叉口,120.48534782602,22.8879518541453
7599,旗山分隊,地上,旗山區,中學路與中山南街口,120.480210038202,22.8820999295723
7600,旗山分隊,地上,旗山區,六張犁巷22號,120.4878,22.9187944444444
7601,旗山分隊,地上,旗山區,公園路花旗公園入口右側貨櫃屋旁,120.463482,22.878493
7602,旗山分隊,地上,旗山區,文中路132號前,120.480921498759,22.893879
7603,旗山分隊,地上,旗山區,文中路39號(中山路與文中路交叉口),120.480993707201,22.8917660860665
7604,旗山分隊,地上,旗山區,文中路與仁和街交叉口,120.480992159507,22.8904648354928
7605,旗山分隊,地上,旗山區,民裕巷9號前（仁心幼稚園）,120.4626361,22.843538
7606,旗山分隊,地上,旗山區,永平街31號前（台電後門口）,120.48103394785,22.8849704512012
7607,旗山分隊,地上,旗山區,永平街4號,120.480750918403,22.8848214528131
7608,旗山分隊,地上,旗山區,光復一街20號（中華路交接口）,120.484501058284,22.8817212932832
7609,旗山分隊,地上,旗山區,延平一路104-1號(振裕加油站對面)(宏順跑山雞),120.482992836805,22.8978735829985
7610,旗山分隊,地上,旗山區,延平一路147號前(一麟中醫診所),120.483540939234,22.8973481725333
7611,旗山分隊,地上,旗山區,延平一路148號金桃理容院旁,120.483398460154,22.8972622354309
7612,旗山分隊,地上,旗山區,延平一路183號(客運北站入口旁),120.483555055802,22.8955422580881
7613,旗山分隊,地上,旗山區,延平一路200號國泰大樓前,120.483410501241,22.8960441872906
7614,旗山分隊,地上,旗山區,延平一路268號前,120.483217,22.893761
7615,旗山分隊,地上,旗山區,延平一路30-2號(東亞汽車保養廠),120.480953364418,22.8991393239482
7616,旗山分隊,地上,旗山區,延平一路303號(大眾電機前),120.483575,22.89328
7617,旗山分隊,地上,旗山區,延平一路430巷38號前（竹峰寺內）,120.482465,22.892378
7618,旗山分隊,地上,旗山區,延平一路434號(延平一路與竹峰寺巷口),120.48323,22.892298
7619,旗山分隊,地上,旗山區,延平一路78-1號（旗甲一路與延平一路口）（7-11）,120.482165057134,22.8983126338288
7620,旗山分隊,地上,旗山區,延平二路193巷41號（雅典宮廷社區內）,120.502743175428,22.8859382045636
7621,旗山分隊,地上,旗山區,延平二路21號（旗尾派出所前）,120.49318005572,22.8819358102704
7622,旗山分隊,地上,旗山區,東山巷4-8號（旗美高中東邊圍牆）,120.495946,22.886738
7623,旗山分隊,地上,旗山區,花旗二路106號左側前,120.465363,22.882661
7624,旗山分隊,地上,旗山區,花旗二路146號前,120.464738,22.88315
7625,旗山分隊,地上,旗山區,花旗二路148巷35號,120.4650106,22.88382
7626,旗山分隊,地上,旗山區,花旗二路148巷73號,120.4654075,22.8843682
7627,旗山分隊,地上,旗山區,花旗二路170巷34號前,120.4644408,22.8836978
7628,旗山分隊,地上,旗山區,花旗二路170巷98號前,120.46537127791,22.8850244957833
7629,旗山分隊,地上,旗山區,花旗二路230巷34號前左側,120.462737,22.883359
7630,旗山分隊,地上,旗山區,信義街87-1號前,120.493069,22.879471
7631,旗山分隊,地上,旗山區,南站至誠巷25弄2號（鄉親理容院前）,120.484350096312,22.8839984623548
7632,旗山分隊,地上,旗山區,南寮巷30號（面對大門左側電線桿旁）,120.489455555556,22.8686694444444
7633,旗山分隊,地上,旗山區,崙北巷1-1號,120.502931177616,22.8889262214673
7634,旗山分隊,地上,旗山區,得勝巷27-3號前--排氣用,120.449063512898,22.7940559816024
7635,旗山分隊,地上,旗山區,復新街32號(中山路與復新街交叉口),120.481915522073,22.8849736629386
7636,旗山分隊,地上,旗山區,復新街與永平街口,120.4814312,22.8853237
7637,旗山分隊,地上,旗山區,華中街消防隊前,120.483743842345,22.888042872875
7638,旗山分隊,地上,旗山區,溝坪路107巷1-1號(大衛營前),120.51515285706,22.9685991999732
7639,旗山分隊,地上,旗山區,溝坪路內門鄉界線牌附近（114線4k200公尺）,120.514541131283,22.9719426266325
7640,旗山分隊,地上,旗山區,義德街31巷福德宮前（牌樓右側邊上）,120.478461111111,22.8913833333333
7641,旗山分隊,地上,旗山區,義德街37巷2號附近,120.468771,22.897173
7642,旗山分隊,地上,旗山區,旗文路125-8號(和春技術學院大門前50公尺),120.476285376075,22.9004183220731
7643,旗山分隊,地上,旗山區,旗文路143號前（天山寺）,120.479053437417,22.902190617693
7644,旗山分隊,地上,旗山區,旗文路154巷14號,120.479482361937,22.9002196686501
7645,旗山分隊,地上,旗山區,旗文路169號佳樟磚廠旁,120.479147883432,22.9040500585242
7646,旗山分隊,地上,旗山區,旗文路256號   後門（靠實踐大學大馬路）,120.475055555556,22.9082194444444
7647,旗山分隊,地上,旗山區,旗甲路一段195號(旗山農工東側門對面),120.483207186508,22.9017324107094
7648,旗山分隊,地上,旗山區,旗甲路一段215巷10弄1號（往慈心安養院）,120.482495813492,22.9036262313707
7649,旗山分隊,地上,旗山區,旗甲路一段467號(六張犁公墓前),120.490125113509,22.9085321167993
7650,旗山分隊,地上,旗山區,旗甲路一段585巷3弄2號（龍山林三代）,120.492040886202,22.9117400002608
7651,旗山分隊,地上,旗山區,旗甲路一段585巷7弄1號（龍山林三代）,120.49141457147,22.9119875588352
7652,旗山分隊,地上,旗山區,旗甲路一段62巷41弄2號（五六建設）,120.481851,22.895325
7653,旗山分隊,地上,旗山區,旗甲路一段71號(旗甲一路與志航街口),120.481401889549,22.8960584708837
7654,旗山分隊,地上,旗山區,旗亭巷57號前（台28線往馬頭山阿彌佗佛牌下）,120.450151,22.8868795
7655,旗山分隊,地上,旗山區,旗南一路121號(旗南一路中學路交叉口),120.478619577298,22.8827438487747
7656,旗山分隊,地上,旗山區,旗南一路168號(和昌巷其山頂美社區),120.477338,22.880731
7657,旗山分隊,地上,旗山區,旗南一路226-1號(旗美灌裝場對面),120.474804795718,22.8752856695693
7658,旗山分隊,地上,旗山區,旗南一路283號(三益汽車保養場旁),120.476209738011,22.8785056859209
7659,旗山分隊,地上,旗山區,旗南一路313號(清銀汽車保養場對面),120.475705,22.877438
7660,旗山分隊,地上,旗山區,旗南一路329號(旗南一路與中華路口),120.474207416585,22.8725357848826
7661,旗山分隊,地上,旗山區,旗南一路47號(李純一診所)右側,120.480040708581,22.8856711983188
7662,旗山分隊,地上,旗山區,旗南一路97-3號(永平街口)(瓢蟲),120.479250755104,22.8842634696684
7663,旗山分隊,地上,旗山區,旗南一路與永平街交叉口,120.479283180525,22.8843191437847
7664,旗山分隊,地上,旗山區,旗南二路102號對面(TOYOTA),120.466217166253,22.8489024717417
7665,旗山分隊,地上,旗山區,旗南二路136巷37號前（電線桿旁）,120.463623294477,22.8459046076837
7666,旗山分隊,地上,旗山區,旗南二路15-4號,120.467100743551,22.8509674717041
7667,旗山分隊,地上,旗山區,旗南二路178-7號(溪洲美林加油站旁),120.463606102429,22.8408589211879
7668,旗山分隊,地上,旗山區,旗南二路214號對面(柏葳生物科技公司看板)(鋼鐵),120.463106585608,22.8390896852461
7669,旗山分隊,地上,旗山區,旗南二路21號(旗南二路與黃厝巷口),120.466069577298,22.8485326179375
7670,旗山分隊,地上,旗山區,旗南二路4號(旗南二路與大里街口),120.468014673611,22.8534418208525
7671,旗山分隊,地上,旗山區,旗南二路53號(信宏機車行旁)(舊大洲所對面),120.465467588955,22.8468080000001
7672,旗山分隊,地上,旗山區,旗南二路85-6號前(台鈴汽車),120.464276,22.842991
7673,旗山分隊,地上,旗山區,旗南二路合作農場（二號加壓站旁）--排氣用,120.465209352761,22.8598454390293
7674,旗山分隊,地上,旗山區,旗南二路合作農場（早安亭旁）--排氣用,120.461371323331,22.8558782707373
7675,旗山分隊,地上,旗山區,旗南二路合作農場入口（一號加壓站旁）--排氣用,120.468684790178,22.8584269840706
7676,旗山分隊,地上,旗山區,旗南三路106-4號（合信興旁）,120.46232864418,22.8283217639423
7677,旗山分隊,地上,旗山區,旗南三路11-1號(福德國術館旁)(盛儀貿易公司),120.462461093254,22.8351167640041
7678,旗山分隊,地上,旗山區,旗南三路116號(大竹圍站牌左側40公尺)(合信興對面),120.462428405505,22.8276005278714
7679,旗山分隊,地上,旗山區,旗南三路120-2號(新光加油站左側10公尺處),120.462394990807,22.8249837082644
7680,旗山分隊,地上,旗山區,旗南三路132號前,120.461671326389,22.8163130000001
7681,旗山分隊,地上,旗山區,旗南三路136號前,120.461552620867,22.8155112914779
7682,旗山分隊,地上,旗山區,旗南三路148-1號前,120.461673419643,22.8143865628295
7683,旗山分隊,地上,旗山區,旗南三路152號（禾大企業正大公司前）,120.461844938658,22.8131379447826
7684,旗山分隊,地上,旗山區,旗南三路153之26號,120.461651442957,22.8102236181111
7685,旗山分隊,地上,旗山區,旗南三路153號前,120.461730524554,22.8111561456797
7686,旗山分隊,地上,旗山區,旗南三路156號前,120.461557594495,22.809169818842
7687,旗山分隊,地上,旗山區,旗南三路162之1號前,120.46141418345,22.8076549093867
7688,旗山分隊,地上,旗山區,旗南三路164-5號(同興棺木葬儀社左側10公尺處),120.459293714121,22.800751618154
7689,旗山分隊,地上,旗山區,旗南三路175-1號(得勝巷車牌前),120.458125769346,22.7970454364629
7690,旗山分隊,地上,旗山區,旗南三路20號對面,120.462475,22.833973
7691,旗山分隊,地上,旗山區,旗南三路225號嶺口農會對面,120.448859868717,22.7734758762747
7692,旗山分隊,地上,旗山區,旗南三路227-14號(山河旅社對面),120.447932507358,22.7733394622697
7693,旗山分隊,地上,旗山區,旗南三路6-2號（右側橋頭前）,120.462508333333,22.8371972222222
7694,旗山分隊,地上,旗山區,旗南三路64-1號對面（福德祠前電桿旁）,120.462712755208,22.8319387639751
7695,旗山分隊,地上,旗山區,旗南三路復興巷162之1號斜對面,120.447367096313,22.7740707258763
7696,旗山分隊,地上,旗山區,德昌路68號前,120.482471982226,22.8825033949791
7697,旗山分隊,地上,旗山區,德昌路94號前,120.482216906746,22.881922266779
7698,旗山分隊,地上,旗山區,德昌路與延平一路口（鞋全家福）,120.483110679727,22.8834884680273
7699,旗山分隊,地上,旗山區,樂和街66-1號（清岩寺右側10公尺）--排氣用,120.471376712967,22.8852374973564
7700,旗山分隊,地上,旗山區,樂和街清岩寺150公尺簡易加壓站旁--排氣用,120.4681154,22.8851077
7701,旗山分隊,地上,旗山區,樹人路59號左側10公尺（家具行）,120.501645081597,22.887514378409
7702,旗山分隊,地上,旗山區,樹人路98號對面（站牌旁）,120.505232810433,22.8893270236694
7703,旗山分隊,地上,旗山區,磚廠巷17號（欣榮食品公司前）,120.473104,22.867936
7704,旗山分隊,地上,旗山區,嶺口國道十號出口高橋下,120.458407346644,22.7979609478688
7705,旗山分隊,地上,旗山區,環湖三街23號(皇龍宮),120.46093583107,22.8801093590287
7706,美濃分隊,地上,美濃區,八德街16號前,120.524077979168,22.8612538248087
7707,美濃分隊,地上,美濃區,上竹圍2號旁,120.545012559525,22.8834644364015
7708,美濃分隊,地上,美濃區,上竹圍50號旁,120.544454460327,22.8787969682296
7709,美濃分隊,地上,美濃區,中山路一段166號與水圳旁,120.5372421024,22.9018339841873
7710,美濃分隊,地上,美濃區,中山路一段63號土地銀行旁,120.539700833135,22.9014204584283
7711,美濃分隊,地上,美濃區,中山路一段85號與美興街路口,120.539217107969,22.9013594809866
7712,美濃分隊,地上,美濃區,中山路二段252號對面,120.522472894439,22.8980189232829
7713,美濃分隊,地上,美濃區,中山路二段312號對面,120.52131283904,22.8974061516231
7714,美濃分隊,地上,美濃區,中山路二段364號對面,120.519998556622,22.89663524141
7715,美濃分隊,地上,美濃區,中山路二段387號前,120.519311911115,22.8963585033419
7716,美濃分隊,地上,美濃區,中山路二段428號斜對面,120.518598443516,22.8960175217316
7717,美濃分隊,地上,美濃區,中山路二段550號斜對面,120.51572847987,22.8945844012458
7718,美濃分隊,地上,美濃區,中山路二段635號,120.51391,22.893631
7719,美濃分隊,地上,美濃區,中山路二段653號美立儂陶坊巷口,120.513110643872,22.8929782999537
7720,美濃分隊,地上,美濃區,中山路二段779號前,120.510259626984,22.8918041869276
7721,美濃分隊,地上,美濃區,中山路二段782巷43號丁字路口,120.509516000748,22.8938681584291
7722,美濃分隊,地上,美濃區,中山路二段855巷8號大門前,120.508658519643,22.8900153343399
7723,美濃分隊,地上,美濃區,中山路二段855巷口,120.508722549923,22.8911349664246
7724,美濃分隊,地上,美濃區,中正路一段191號美濃國中大門旁,120.54336271164,22.894934708859
7725,美濃分隊,地上,美濃區,中正路一段191號美濃國中體育館前,120.542843,22.8943450922063
7726,美濃分隊,地上,美濃區,中正路一段24號前,120.541390504299,22.9013794741673
7727,美濃分隊,地上,美濃區,中正路一段40號美濃郵局對面,120.541661954275,22.9006135619773
7728,美濃分隊,地上,美濃區,中正路一段80號前,120.541930186508,22.8997589494121
7729,美濃分隊,地上,美濃區,中正路二段100號對面,120.538210212581,22.8902980781345
7730,美濃分隊,地上,美濃區,中正路二段151號左側,120.537021983992,22.8892629074033
7731,美濃分隊,地上,美濃區,中正路二段169巷8號對面,120.537249076406,22.8884212444011
7732,美濃分隊,地上,美濃區,中正路二段180之5號前,120.535963796295,22.8884306501944
7733,美濃分隊,地上,美濃區,中正路二段18號對面,120.541008591572,22.8927857183078
7734,美濃分隊,地上,美濃區,中正路二段234號旁,120.534923991401,22.8874616218226
7735,美濃分隊,地上,美濃區,中正路二段276號旁,120.53414364418,22.8866665789904
7736,美濃分隊,地上,美濃區,中華路47號旁,120.568317566795,22.8787142053706
7737,美濃分隊,地上,美濃區,中華路49-2號旁,120.568957201047,22.8790806416033
7738,美濃分隊,地上,美濃區,中華路7之71號斜對面,120.561462,22.878875
7739,美濃分隊,地上,美濃區,中興路一段148號斜對面,120.546616927578,22.883232173298
7740,美濃分隊,地上,美濃區,中興路一段235巷35號,120.54005,22.883938
7741,美濃分隊,地上,美濃區,中興路一段465號與復興街交叉口,120.53629964418,22.8856178842952
7742,美濃分隊,地上,美濃區,中興路一段499之1號前,120.535483330025,22.8857487107156
7743,美濃分隊,地上,美濃區,中興路一段663號前,120.533433535057,22.8860288518536
7744,美濃分隊,地上,美濃區,中興路一段729號前,120.53185764418,22.8864647684678
7745,美濃分隊,地上,美濃區,中興路一段832號對面,120.530589339287,22.8865996946729
7746,美濃分隊,地上,美濃區,中興路二段275號旗美商工大門前,120.519704449074,22.8848580511633
7747,美濃分隊,地上,美濃區,五福街71-2號五穀廟大門旁,120.542376821843,22.8656036705922
7748,美濃分隊,地上,美濃區,民生路1號旁,120.549217847885,22.8978360582977
7749,美濃分隊,地上,美濃區,民生路36之6號對面,120.546832735852,22.8989622371204
7750,美濃分隊,地上,美濃區,民生路54號前,120.546018744312,22.8995297436357
7751,美濃分隊,地上,美濃區,民生路67之1號前,120.544879403033,22.9001121948205
7752,美濃分隊,地上,美濃區,民生路70號前,120.544131269165,22.9006194794338
7753,美濃分隊,地上,美濃區,民生路75號前,120.542410025795,22.9008111823343
7754,美濃分隊,地上,美濃區,民族路139巷20號對面,120.566285576722,22.9143561352387
7755,美濃分隊,地上,美濃區,民族路40號旁,120.55322394841,22.9008978622627
7756,美濃分隊,地上,美濃區,民族路55之7號旁,120.558541521674,22.9068038434995
7757,美濃分隊,地上,美濃區,民族路62號斜對面,120.559769677246,22.9081603204295
7758,美濃分隊,地上,美濃區,民族路63巷口旁,120.56107889682,22.9094737199037
7759,美濃分隊,地上,美濃區,永安路370號,120.535299553937,22.8995260657786
7760,美濃分隊,地上,美濃區,光復街28號旁,120.537089878296,22.8704183362951
7761,美濃分隊,地上,美濃區,吉頂街19號吉東國小對面,120.546825252809,22.8532252336343
7762,美濃分隊,地上,美濃區,成功路133號美濃加油站前,120.546946230827,22.8941078698697
7763,美濃分隊,地上,美濃區,成功路265巷150號前,120.5462759,22.8915063
7764,美濃分隊,地上,美濃區,成功路309號高美醫專前,120.551343144844,22.8880203689283
7765,美濃分隊,地上,美濃區,成功路37巷口美濃國中旁,120.544718197839,22.8952183708732
7766,美濃分隊,地上,美濃區,自強一街630號高屏預拌混泥土公司前,120.545866424962,22.9045641515565
7767,美濃分隊,地上,美濃區,自強街一段145號往東60公尺水圳橋東側,120.537717884101,22.9038613599362
7768,美濃分隊,地上,美濃區,自強街一段280號旁,120.53868482045,22.9039379528997
7769,美濃分隊,地上,美濃區,自強街一段320號對面,120.539477413215,22.9041380826968
7770,美濃分隊,地上,美濃區,自強街一段368號前,120.540587847746,22.9042122047688
7771,美濃分隊,地上,美濃區,自強街一段496號旁,120.543098395384,22.9045309292174
7772,美濃分隊,地上,美濃區,和興路11之5號前,120.533126828034,22.8574483181485
7773,美濃分隊,地上,美濃區,和興路16號吉和社區往西10公尺,120.523162,22.857593
7774,美濃分隊,地上,美濃區,忠孝路一段32號與信義街口旁,120.529594072167,22.8813136294735
7775,美濃分隊,地上,美濃區,美中路117號對面,120.542429875988,22.8957637729595
7776,美濃分隊,地上,美濃區,美興街188號左側,120.5368,22.907733
7777,美濃分隊,地上,美濃區,美興街223號對面﹝隧道前250公尺﹞,120.537490279763,22.9114411582596
7778,美濃分隊,地上,美濃區,美興街29號與博愛街交叉口,120.539392262566,22.9002795329131
7779,美濃分隊,地上,美濃區,泰中路148號旁,120.548857012581,22.9025572429057
7780,美濃分隊,地上,美濃區,泰中路299號對面,120.544597664666,22.9020532058653
7781,美濃分隊,地上,美濃區,泰中路896號李樹榮診所旁,120.541993239712,22.9016850599808
7782,美濃分隊,地上,美濃區,泰安路157號與雙峰街口,120.541190616533,22.9023160092299
7783,美濃分隊,地上,美濃區,泰安路25號前,120.538280621951,22.9018138721006
7784,美濃分隊,地上,美濃區,泰安路285號旁,120.544312707827,22.9031165362203
7785,美濃分隊,地上,美濃區,泰安路346號與自強街十字路口旁,120.546372744111,22.9036247483917
7786,美濃分隊,地上,美濃區,泰安路589號與民權路口,120.550318273572,22.9046451625537
7787,美濃分隊,地上,美濃區,泰安路789號對面往西30公尺﹝弘名汽車前﹞,120.553457992729,22.9038925649696
7788,美濃分隊,地上,美濃區,泰安路789號與環湖路口東側,120.554723995384,22.9036850225764
7789,美濃分隊,地上,美濃區,泰和15號斜對面路口,120.56795,22.883185
7790,美濃分隊,地上,美濃區,圓山街24號前,120.5474211138,22.91796560693
7791,美濃分隊,地上,美濃區,圓山街38號福德嗣前,120.5442455,22.9163958
7792,美濃分隊,地上,美濃區,新興街2之3號旁,120.539577199722,22.8870901168167
7793,美濃分隊,地上,美濃區,獅山街35號旁,120.568092564141,22.8721119583343
7794,美濃分隊,地上,美濃區,獅山街53之2號旁,120.567194975533,22.8692194585911
7795,美濃分隊,地上,美濃區,福安街1號與中山路二段丁字路口,120.525551944775,22.8996137440681
7796,美濃分隊,地上,美濃區,福美路214號紫林寺路口,120.534379597145,22.9086147149889
7797,美濃分隊,地上,美濃區,福美路241號後方,120.53326,22.907154
7798,美濃分隊,地上,美濃區,福美路75號斜對面,120.546206718277,22.9115303618075
7799,美濃分隊,地上,美濃區,福義街18號前,120.50536,22.880809
7800,美濃分隊,地上,美濃區,福義街20-2號右前方,120.50654,22.882673
7801,美濃分隊,地上,美濃區,福義街23號右側,120.50745,22.884292
7802,美濃分隊,地上,美濃區,精忠新村2-1號旁,120.53585,22.830943
7803,美濃分隊,地上,美濃區,精忠新村70號前,120.53711,22.832364
7804,美濃分隊,地上,美濃區,廣福街226號前,120.578987330025,22.9209900645753
7805,美濃分隊,地上,美濃區,廣福街81巷51號,120.57678,22.911466
7806,美濃分隊,地上,美濃區,廣興街511號前,120.560004282001,22.9152822531868
7807,美濃分隊,地上,美濃區,廣興街535號左側50公尺處,120.559011429222,22.9148855411059
7808,美濃分隊,地上,美濃區,廣興街55號圓環前,120.565140355819,22.9153858194498
7809,美濃分隊,地上,美濃區,廣興街73號前,120.564188720238,22.915642587379
7810,美濃分隊,地上,美濃區,廣興街99號對面,120.562898677246,22.9158375262166
7811,美濃分隊,地上,美濃區,興隆一街95號對面,120.562698,22.916767
7812,美濃分隊,地上,美濃區,龍山街130號對面,120.553205949738,22.8623853159281
7813,美濃分隊,地上,美濃區,龍山街39之1號前側,120.556726940089,22.8774014079564
7814,美濃分隊,地上,美濃區,龍山街39號活動中心後側,120.557143105774,22.875746493279
7815,美濃分隊,地上,美濃區,龍山街62號龍山國小前,120.55576230423,22.8646584756185
7816,美濃分隊,地上,美濃區,龍東街22號前,120.576887926251,22.8835981891429
7817,甲仙分隊,地上,甲仙區,中興林道附近,120.5964762,23.0882016
7818,甲仙分隊,地上,甲仙區,田寮巷22號旁,120.577805555556,23.0641944444444
7819,甲仙分隊,地上,甲仙區,甲仙消防分隊左側,120.590361111111,23.0831944444444
7820,甲仙分隊,地上,甲仙區,和安里竹山巷25號，竹山橋、三安宮附近,120.59063,23.08525
7821,甲仙分隊,地上,甲仙區,忠孝路市外桃源大樓前,120.587305555556,23.0855
7822,甲仙分隊,地上,甲仙區,油礦巷3號（龍鳳寺上方斜坡右方）,120.6008432,23.0849955
7823,甲仙分隊,地上,甲仙區,新興路42巷11號前路口旁,120.583416666667,23.0757777777778
7824,甲仙分隊,地上,甲仙區,新興路與仁愛路42巷口,120.58225,23.0775277777778
7825,那瑪夏分隊,地上,那瑪夏區,那瑪夏區達卡努瓦里大光巷150號旁,120.720697,23.276805
7826,那瑪夏分隊,地上,那瑪夏區,那瑪夏區達卡努瓦里大光巷21號前,120.718642,23.278037
7827,那瑪夏分隊,地上,那瑪夏區,那瑪夏區達卡努瓦里大光巷97號旁,120.718937,23.279663
7828,那瑪夏分隊,地上,那瑪夏區,那瑪夏區達卡努瓦里大光巷真耶穌教會前,120.717894,23.277889
7829,那瑪夏分隊,地上,那瑪夏區,那瑪夏區達卡努瓦里秀嶺巷105號旁,120.719956,23.268735
7830,那瑪夏分隊,地上,那瑪夏區,那瑪夏區達卡努瓦里秀嶺巷141號旁,120.720147,23.26788
7831,那瑪夏分隊,地上,那瑪夏區,那瑪夏區達卡努瓦里秀嶺巷173號,120.7196134,23.26983594
7832,那瑪夏分隊,地上,那瑪夏區,那瑪夏區達卡努瓦里辦處前,120.71984,23.27898
7833,杉林分隊,地上,杉林區,月眉里清水路118號（朝雲宮牌樓旁）,120.533866666667,22.9671861111111
7834,杉林分隊,地上,杉林區,月眉里清水路43號（對面是賀買超巿）,120.531566666667,22.9637527777778
7835,杉林分隊,地上,杉林區,月眉里清水路64號（三叉路口11053）,120.533375,22.966
7836,杉林分隊,地上,杉林區,月眉里清水路中學巷6-1號（消防隊）,120.542391666667,22.9680138888889
7837,杉林分隊,地上,杉林區,月眉里清水路象寮巷39號（月美國小旁）,120.535683333333,22.9578583333333
7838,杉林分隊,地上,杉林區,合森巷62號,120.549702777778,22.9987777777778
7839,杉林分隊,地上,杉林區,杉林里合森巷129號（杉林角客運站牌旁10929）,120.558008333333,23.0028055555556
7840,杉林分隊,地上,杉林區,杉林里合森巷144號,120.569802777778,23.0064277777778
7841,杉林分隊,地上,杉林區,杉林里合森巷148號,120.569669444444,23.0074583333333
7842,杉林分隊,地上,杉林區,杉林里合森巷152-2號,120.5691,23.0086555555556
7843,杉林分隊,地上,杉林區,和氣街190號前,120.545730555556,22.9685
7844,杉林分隊,地上,杉林區,桐竹路10號前,120.534119444444,22.955775
7845,杉林分隊,地上,杉林區,清水路58號前,120.533288888889,22.9652527777778
7846,杉林分隊,地上,杉林區,清水路合興巷2-2號,120.532427777778,22.9626083333333
7847,杉林分隊,地上,杉林區,集來里通仙巷397號（紫林寺指引看板前）,120.552344444444,23.0382416666667
7848,杉林分隊,地上,杉林區,新庄里司馬路45巷5號（新庄國小前）,120.559530555556,22.9888972222222
7849,六龜分隊,地上,六龜區,三民路94之1號（法師宮進入跟著地上黃色箭頭到盡頭）,120.609727,22.891931
7850,六龜分隊,地上,六龜區,土?43之1號,120.649957,23.006617
7851,六龜分隊,地上,六龜區,山城招牌前,120.641474,23.001193
7852,六龜分隊,地上,六龜區,中庄216之22號對面,120.646887,22.994346
7853,六龜分隊,地上,六龜區,中庄245號（地上式）,120.643188,22.997732
7854,六龜分隊,地上,六龜區,中興里地藏精舍旁,120.649609,22.989821
7855,六龜分隊,地上,六龜區,六龜國中後側圍牆旁,120.634279,22.992233
7856,六龜分隊,地上,六龜區,太平路76號（志明煤氣行前）,120.636749,22.99538
7857,六龜分隊,地上,六龜區,民治路15巷2之5號,120.632921,22.99777
7858,六龜分隊,地上,六龜區,光華、平和巷口,120.635502,22.996885
7859,六龜分隊,地上,六龜區,尾庄57號（芒果樹旁）,120.651819,22.984068
7860,六龜分隊,地上,六龜區,忠孝街42號,120.637059,22.991698
7861,六龜分隊,地上,六龜區,忠義街76之2號（藏在電線桿旁的花圃裡）,120.638056,22.991756
7862,六龜分隊,地上,六龜區,忠義街與長春街口,120.637837,22.990429
7863,六龜分隊,地上,六龜區,法師宮旁,120.603827,22.8788
7864,六龜分隊,地上,六龜區,消防隊前,120.6336,22.9979627485448
7865,六龜分隊,地上,六龜區,新威161-1號旁,120.625548,22.896051
7866,六龜分隊,地上,六龜區,新發里和平路104號,120.663689,23.031159
7867,六龜分隊,地上,六龜區,獅山62號前,120.657264,23.022183
7868,寶來分隊,地上,六龜區,荖濃里南橫路72號(荖濃國小前),120.672812157425,23.0729724544682
7869,寶來分隊,地上,六龜區,寶來里中正路137-3號（寶來分隊前）,120.703640269153,23.1107551015206
7870,寶來分隊,地上,六龜區,寶來里中正路89號(寶來國小前),120.701038526408,23.1092403820336
7871,寶來分隊,地上,六龜區,寶來里寶來二巷35號對面（福龍宮對面）,120.701784180515,23.1079180722253
7872,桃源分隊,地上,桃源區,台20線與建山路路口,120.684110568149,23.101169893134
7873,桃源分隊,地上,桃源區,建山里建山巷64號前,120.68386633253,23.1073563841681
7874,桃源分隊,地上,桃源區,桃源消防分隊前方,120.764059300594,23.1584257682752
7875,桃源分隊,地上,桃源區,梅蘭派出所前,120.812600137131,23.2400605744972
7876,桃源分隊,地上,桃源區,復興里南橫公路復興巷口,120.804043663685,23.2192622785659
7877,桃源分隊,地上,桃源區,復興里復興國小前,120.8047172,23.2180726
7878,桃源分隊,地上,桃源區,復興里復興教會前,120.804735,23.2188275
7879,茂林分隊,地上,茂林區,民眾服務站旁,120.66359,22.88597
7880,茂林分隊,地上,茂林區,多納活動中心前,120.71546,22.910366
7881,茂林分隊,地上,茂林區,茂林消防隊前,120.670103,22.893674
7882,茂林分隊,地上,茂林區,萬山里大轉彎處（蓄水池旁）,120.681158,22.910428
